po_id,sku_id,warehouse_id,supplier_id,order_date,expected_delivery_date,actual_delivery_date,order_quantity,received_quantity,contracted_lead_time_days,actual_lead_time_days,lead_time_variance_days,is_on_time,unit_cost,total_po_cost,status
PO-10001,SKU-001,WH-CA1,SUP-002,2014-05-05,2014-05-09,2014-05-08,96,96,4,3,-1,1,1.21,116.16,Delivered
PO-10002,SKU-001,WH-CA1,SUP-002,2014-05-20,2014-05-24,2014-05-24,96,96,4,4,0,1,1.21,116.16,Delivered
PO-10003,SKU-001,WH-CA1,SUP-002,2014-06-07,2014-06-11,2014-06-11,96,96,4,4,0,1,1.21,116.16,Delivered
PO-10004,SKU-001,WH-CA1,SUP-002,2014-06-22,2014-06-26,2014-06-26,96,96,4,4,0,1,1.21,116.16,Delivered
PO-10005,SKU-001,WH-CA1,SUP-002,2014-07-08,2014-07-12,2014-07-12,96,96,4,4,0,1,1.21,116.16,Delivered
PO-10006,SKU-001,WH-CA1,SUP-002,2014-07-23,2014-07-27,2014-07-26,96,96,4,3,-1,1,1.21,116.16,Delivered
PO-10007,SKU-001,WH-CA1,SUP-002,2014-08-08,2014-08-12,2014-08-12,96,96,4,4,0,1,1.21,116.16,Delivered
PO-10008,SKU-001,WH-CA1,SUP-002,2014-08-24,2014-08-28,2014-08-28,96,96,4,4,0,1,1.21,116.16,Delivered
PO-10009,SKU-001,WH-CA1,SUP-002,2014-09-08,2014-09-12,2014-09-12,96,96,4,4,0,1,1.21,116.16,Delivered
PO-10010,SKU-001,WH-CA1,SUP-002,2014-09-23,2014-09-27,2014-09-27,96,96,4,4,0,1,1.21,116.16,Delivered
PO-10011,SKU-001,WH-CA1,SUP-002,2014-10-09,2014-10-13,2014-10-13,96,96,4,4,0,1,1.21,116.16,Delivered
PO-10012,SKU-001,WH-CA1,SUP-002,2014-10-27,2014-10-31,2014-10-31,96,96,4,4,0,1,1.21,116.16,Delivered
PO-10013,SKU-001,WH-CA1,SUP-002,2014-11-13,2014-11-17,2014-11-17,96,96,4,4,0,1,1.21,116.16,Delivered
PO-10014,SKU-001,WH-CA1,SUP-002,2014-11-28,2014-12-02,2014-12-02,96,96,4,4,0,1,1.21,116.16,Delivered
PO-10015,SKU-001,WH-CA1,SUP-002,2014-12-15,2014-12-19,2014-12-19,96,96,4,4,0,1,1.21,116.16,Delivered
PO-10016,SKU-001,WH-CA1,SUP-002,2015-01-02,2015-01-06,2015-01-06,96,96,4,4,0,1,1.21,116.16,Delivered
PO-10017,SKU-001,WH-CA1,SUP-002,2015-01-17,2015-01-21,2015-01-20,96,96,4,3,-1,1,1.21,116.16,Delivered
PO-10018,SKU-001,WH-CA1,SUP-002,2015-02-02,2015-02-06,2015-02-05,96,96,4,3,-1,1,1.21,116.16,Delivered
PO-10019,SKU-001,WH-CA1,SUP-002,2015-02-18,2015-02-22,2015-02-21,96,96,4,3,-1,1,1.21,116.16,Delivered
PO-10020,SKU-001,WH-CA1,SUP-002,2015-03-08,2015-03-12,2015-03-12,96,96,4,4,0,1,1.21,116.16,Delivered
PO-10021,SKU-001,WH-CA1,SUP-002,2015-03-26,2015-03-30,2015-03-30,96,96,4,4,0,1,1.21,116.16,Delivered
PO-10022,SKU-001,WH-CA1,SUP-002,2015-04-12,2015-04-16,2015-04-16,96,96,4,4,0,1,1.21,116.16,Delivered
PO-10023,SKU-001,WH-CA1,SUP-002,2015-04-27,2015-05-01,2015-04-30,96,96,4,3,-1,1,1.21,116.16,Delivered
PO-10024,SKU-001,WH-CA1,SUP-002,2015-05-12,2015-05-16,2015-05-16,96,96,4,4,0,1,1.21,116.16,Delivered
PO-10025,SKU-001,WH-CA1,SUP-002,2015-05-28,2015-06-01,2015-06-01,96,96,4,4,0,1,1.21,116.16,Delivered
PO-10026,SKU-001,WH-CA1,SUP-002,2015-06-13,2015-06-17,2015-06-17,96,96,4,4,0,1,1.21,116.16,Delivered
PO-10027,SKU-001,WH-CA1,SUP-002,2015-06-30,2015-07-04,2015-07-04,96,96,4,4,0,1,1.21,116.16,Delivered
PO-10028,SKU-001,WH-CA1,SUP-002,2015-07-16,2015-07-20,2015-07-20,96,96,4,4,0,1,1.21,116.16,Delivered
PO-10029,SKU-001,WH-CA1,SUP-002,2015-08-01,2015-08-05,2015-08-04,96,96,4,3,-1,1,1.21,116.16,Delivered
PO-10030,SKU-001,WH-CA1,SUP-002,2015-08-17,2015-08-21,2015-08-21,96,96,4,4,0,1,1.21,116.16,Delivered
PO-10031,SKU-001,WH-CA1,SUP-002,2015-09-02,2015-09-06,2015-09-06,96,96,4,4,0,1,1.21,116.16,Delivered
PO-10032,SKU-001,WH-CA1,SUP-002,2015-09-17,2015-09-21,2015-09-21,96,96,4,4,0,1,1.21,116.16,Delivered
PO-10033,SKU-001,WH-CA1,SUP-002,2015-10-02,2015-10-06,2015-10-06,96,96,4,4,0,1,1.21,116.16,Delivered
PO-10034,SKU-001,WH-CA1,SUP-002,2015-10-20,2015-10-24,2015-10-24,96,96,4,4,0,1,1.21,116.16,Delivered
PO-10035,SKU-001,WH-CA1,SUP-002,2015-11-04,2015-11-08,2015-11-08,96,96,4,4,0,1,1.21,116.16,Delivered
PO-10036,SKU-001,WH-CA1,SUP-002,2015-11-22,2015-11-26,2015-11-26,96,96,4,4,0,1,1.21,116.16,Delivered
PO-10037,SKU-001,WH-CA1,SUP-002,2015-12-07,2015-12-11,2015-12-11,96,96,4,4,0,1,1.21,116.16,Delivered
PO-10038,SKU-001,WH-CA1,SUP-002,2015-12-25,2015-12-29,2015-12-29,96,96,4,4,0,1,1.21,116.16,Delivered
PO-10039,SKU-001,WH-CA1,SUP-002,2016-01-10,2016-01-14,2016-01-14,96,96,4,4,0,1,1.21,116.16,Delivered
PO-10040,SKU-001,WH-CA1,SUP-002,2016-01-26,2016-01-30,2016-01-30,96,96,4,4,0,1,1.21,116.16,Delivered
PO-10041,SKU-001,WH-CA1,SUP-002,2016-02-11,2016-02-15,2016-02-14,96,96,4,3,-1,1,1.21,116.16,Delivered
PO-10042,SKU-001,WH-CA1,SUP-002,2016-02-29,2016-03-04,2016-03-04,96,96,4,4,0,1,1.21,116.16,Delivered
PO-10043,SKU-001,WH-CA1,SUP-002,2016-03-16,2016-03-20,2016-03-19,96,96,4,3,-1,1,1.21,116.16,Delivered
PO-10044,SKU-001,WH-CA1,SUP-002,2016-03-31,2016-04-04,2016-04-03,96,96,4,3,-1,1,1.21,116.16,Delivered
PO-10045,SKU-001,WH-TX1,SUP-002,2014-04-29,2014-05-03,2014-05-03,96,96,4,4,0,1,1.21,116.16,Delivered
PO-10046,SKU-001,WH-TX1,SUP-002,2014-05-11,2014-05-15,2014-05-16,96,96,4,5,1,0,1.21,116.16,Delivered
PO-10047,SKU-001,WH-TX1,SUP-002,2014-05-24,2014-05-28,2014-05-28,96,96,4,4,0,1,1.21,116.16,Delivered
PO-10048,SKU-001,WH-TX1,SUP-002,2014-06-05,2014-06-09,2014-06-09,96,96,4,4,0,1,1.21,116.16,Delivered
PO-10049,SKU-001,WH-TX1,SUP-002,2014-06-18,2014-06-22,2014-06-21,96,96,4,3,-1,1,1.21,116.16,Delivered
PO-10050,SKU-001,WH-TX1,SUP-002,2014-06-29,2014-07-03,2014-07-02,96,96,4,3,-1,1,1.21,116.16,Delivered
PO-10051,SKU-001,WH-TX1,SUP-002,2014-07-10,2014-07-14,2014-07-14,96,96,4,4,0,1,1.21,116.16,Delivered
PO-10052,SKU-001,WH-TX1,SUP-002,2014-07-23,2014-07-27,2014-07-26,96,96,4,3,-1,1,1.21,116.16,Delivered
PO-10053,SKU-001,WH-TX1,SUP-002,2014-08-05,2014-08-09,2014-08-09,96,96,4,4,0,1,1.21,116.16,Delivered
PO-10054,SKU-001,WH-TX1,SUP-002,2014-08-18,2014-08-22,2014-08-22,96,96,4,4,0,1,1.21,116.16,Delivered
PO-10055,SKU-001,WH-TX1,SUP-002,2014-09-01,2014-09-05,2014-09-05,96,96,4,4,0,1,1.21,116.16,Delivered
PO-10056,SKU-001,WH-TX1,SUP-002,2014-09-13,2014-09-17,2014-09-17,96,96,4,4,0,1,1.21,116.16,Delivered
PO-10057,SKU-001,WH-TX1,SUP-002,2014-09-25,2014-09-29,2014-09-29,96,96,4,4,0,1,1.21,116.16,Delivered
PO-10058,SKU-001,WH-TX1,SUP-002,2014-10-06,2014-10-10,2014-10-10,96,96,4,4,0,1,1.21,116.16,Delivered
PO-10059,SKU-001,WH-TX1,SUP-002,2014-10-18,2014-10-22,2014-10-22,96,96,4,4,0,1,1.21,116.16,Delivered
PO-10060,SKU-001,WH-TX1,SUP-002,2014-10-31,2014-11-04,2014-11-04,96,96,4,4,0,1,1.21,116.16,Delivered
PO-10061,SKU-001,WH-TX1,SUP-002,2014-11-13,2014-11-17,2014-11-17,96,96,4,4,0,1,1.21,116.16,Delivered
PO-10062,SKU-001,WH-TX1,SUP-002,2014-11-24,2014-11-28,2014-11-28,96,96,4,4,0,1,1.21,116.16,Delivered
PO-10063,SKU-001,WH-TX1,SUP-002,2014-12-05,2014-12-09,2014-12-09,96,96,4,4,0,1,1.21,116.16,Delivered
PO-10064,SKU-001,WH-TX1,SUP-002,2014-12-17,2014-12-21,2014-12-20,96,96,4,3,-1,1,1.21,116.16,Delivered
PO-10065,SKU-001,WH-TX1,SUP-002,2014-12-30,2015-01-03,2015-01-03,96,96,4,4,0,1,1.21,116.16,Delivered
PO-10066,SKU-001,WH-TX1,SUP-002,2015-01-11,2015-01-15,2015-01-15,96,96,4,4,0,1,1.21,116.16,Delivered
PO-10067,SKU-001,WH-TX1,SUP-002,2015-01-24,2015-01-28,2015-01-28,96,96,4,4,0,1,1.21,116.16,Delivered
PO-10068,SKU-001,WH-TX1,SUP-002,2015-02-04,2015-02-08,2015-02-08,96,96,4,4,0,1,1.21,116.16,Delivered
PO-10069,SKU-001,WH-TX1,SUP-002,2015-02-18,2015-02-22,2015-02-22,96,96,4,4,0,1,1.21,116.16,Delivered
PO-10070,SKU-001,WH-TX1,SUP-002,2015-03-04,2015-03-08,2015-03-08,96,96,4,4,0,1,1.21,116.16,Delivered
PO-10071,SKU-001,WH-TX1,SUP-002,2015-03-16,2015-03-20,2015-03-20,96,96,4,4,0,1,1.21,116.16,Delivered
PO-10072,SKU-001,WH-TX1,SUP-002,2015-03-27,2015-03-31,2015-03-30,96,96,4,3,-1,1,1.21,116.16,Delivered
PO-10073,SKU-001,WH-TX1,SUP-002,2015-04-10,2015-04-14,2015-04-14,96,96,4,4,0,1,1.21,116.16,Delivered
PO-10074,SKU-001,WH-TX1,SUP-002,2015-04-24,2015-04-28,2015-04-28,96,96,4,4,0,1,1.21,116.16,Delivered
PO-10075,SKU-001,WH-TX1,SUP-002,2015-05-08,2015-05-12,2015-05-12,96,96,4,4,0,1,1.21,116.16,Delivered
PO-10076,SKU-001,WH-TX1,SUP-002,2015-05-20,2015-05-24,2015-05-24,96,96,4,4,0,1,1.21,116.16,Delivered
PO-10077,SKU-001,WH-TX1,SUP-002,2015-05-31,2015-06-04,2015-06-04,96,96,4,4,0,1,1.21,116.16,Delivered
PO-10078,SKU-001,WH-TX1,SUP-002,2015-06-14,2015-06-18,2015-06-18,96,96,4,4,0,1,1.21,116.16,Delivered
PO-10079,SKU-001,WH-TX1,SUP-002,2015-06-27,2015-07-01,2015-07-02,96,96,4,5,1,0,1.21,116.16,Delivered
PO-10080,SKU-001,WH-TX1,SUP-002,2015-07-09,2015-07-13,2015-07-13,96,96,4,4,0,1,1.21,116.16,Delivered
PO-10081,SKU-001,WH-TX1,SUP-002,2015-07-22,2015-07-26,2015-07-25,96,96,4,3,-1,1,1.21,116.16,Delivered
PO-10082,SKU-001,WH-TX1,SUP-002,2015-08-03,2015-08-07,2015-08-07,96,96,4,4,0,1,1.21,116.16,Delivered
PO-10083,SKU-001,WH-TX1,SUP-002,2015-08-17,2015-08-21,2015-08-21,96,96,4,4,0,1,1.21,116.16,Delivered
PO-10084,SKU-001,WH-TX1,SUP-002,2015-08-29,2015-09-02,2015-09-02,96,96,4,4,0,1,1.21,116.16,Delivered
PO-10085,SKU-001,WH-TX1,SUP-002,2015-09-11,2015-09-15,2015-09-15,96,96,4,4,0,1,1.21,116.16,Delivered
PO-10086,SKU-001,WH-TX1,SUP-002,2015-09-23,2015-09-27,2015-09-27,96,96,4,4,0,1,1.21,116.16,Delivered
PO-10087,SKU-001,WH-TX1,SUP-002,2015-10-04,2015-10-08,2015-10-08,96,96,4,4,0,1,1.21,116.16,Delivered
PO-10088,SKU-001,WH-TX1,SUP-002,2015-10-16,2015-10-20,2015-10-20,96,96,4,4,0,1,1.21,116.16,Delivered
PO-10089,SKU-001,WH-TX1,SUP-002,2015-10-28,2015-11-01,2015-10-31,96,96,4,3,-1,1,1.21,116.16,Delivered
PO-10090,SKU-001,WH-TX1,SUP-002,2015-11-09,2015-11-13,2015-11-13,96,96,4,4,0,1,1.21,116.16,Delivered
PO-10091,SKU-001,WH-TX1,SUP-002,2015-11-21,2015-11-25,2015-11-25,96,96,4,4,0,1,1.21,116.16,Delivered
PO-10092,SKU-001,WH-TX1,SUP-002,2015-12-04,2015-12-08,2015-12-08,96,96,4,4,0,1,1.21,116.16,Delivered
PO-10093,SKU-001,WH-TX1,SUP-002,2015-12-18,2015-12-22,2015-12-22,96,96,4,4,0,1,1.21,116.16,Delivered
PO-10094,SKU-001,WH-TX1,SUP-002,2015-12-30,2016-01-03,2016-01-03,96,96,4,4,0,1,1.21,116.16,Delivered
PO-10095,SKU-001,WH-TX1,SUP-002,2016-01-10,2016-01-14,2016-01-14,96,96,4,4,0,1,1.21,116.16,Delivered
PO-10096,SKU-001,WH-TX1,SUP-002,2016-01-21,2016-01-25,2016-01-25,96,96,4,4,0,1,1.21,116.16,Delivered
PO-10097,SKU-001,WH-TX1,SUP-002,2016-02-02,2016-02-06,2016-02-06,96,96,4,4,0,1,1.21,116.16,Delivered
PO-10098,SKU-001,WH-TX1,SUP-002,2016-02-14,2016-02-18,2016-02-18,96,96,4,4,0,1,1.21,116.16,Delivered
PO-10099,SKU-001,WH-TX1,SUP-002,2016-02-27,2016-03-02,2016-03-01,96,96,4,3,-1,1,1.21,116.16,Delivered
PO-10100,SKU-001,WH-TX1,SUP-002,2016-03-10,2016-03-14,2016-03-14,96,96,4,4,0,1,1.21,116.16,Delivered
PO-10101,SKU-001,WH-TX1,SUP-002,2016-03-23,2016-03-27,2016-03-27,96,96,4,4,0,1,1.21,116.16,Delivered
PO-10102,SKU-001,WH-TX1,SUP-002,2016-04-03,2016-04-07,2016-04-07,96,96,4,4,0,1,1.21,116.16,Delivered
PO-10103,SKU-001,WH-WI1,SUP-002,2014-04-30,2014-05-04,2014-05-04,96,96,4,4,0,1,1.21,116.16,Delivered
PO-10104,SKU-001,WH-WI1,SUP-002,2014-05-13,2014-05-17,2014-05-17,96,96,4,4,0,1,1.21,116.16,Delivered
PO-10105,SKU-001,WH-WI1,SUP-002,2014-05-28,2014-06-01,2014-06-01,96,96,4,4,0,1,1.21,116.16,Delivered
PO-10106,SKU-001,WH-WI1,SUP-002,2014-06-10,2014-06-14,2014-06-14,96,96,4,4,0,1,1.21,116.16,Delivered
PO-10107,SKU-001,WH-WI1,SUP-002,2014-06-25,2014-06-29,2014-06-29,96,96,4,4,0,1,1.21,116.16,Delivered
PO-10108,SKU-001,WH-WI1,SUP-002,2014-07-09,2014-07-13,2014-07-13,96,96,4,4,0,1,1.21,116.16,Delivered
PO-10109,SKU-001,WH-WI1,SUP-002,2014-07-24,2014-07-28,2014-07-28,96,96,4,4,0,1,1.21,116.16,Delivered
PO-10110,SKU-001,WH-WI1,SUP-002,2014-08-07,2014-08-11,2014-08-11,96,96,4,4,0,1,1.21,116.16,Delivered
PO-10111,SKU-001,WH-WI1,SUP-002,2014-08-23,2014-08-27,2014-08-27,96,96,4,4,0,1,1.21,116.16,Delivered
PO-10112,SKU-001,WH-WI1,SUP-002,2014-09-06,2014-09-10,2014-09-10,96,96,4,4,0,1,1.21,116.16,Delivered
PO-10113,SKU-001,WH-WI1,SUP-002,2014-09-19,2014-09-23,2014-09-23,96,96,4,4,0,1,1.21,116.16,Delivered
PO-10114,SKU-001,WH-WI1,SUP-002,2014-10-04,2014-10-08,2014-10-08,96,96,4,4,0,1,1.21,116.16,Delivered
PO-10115,SKU-001,WH-WI1,SUP-002,2014-10-20,2014-10-24,2014-10-24,96,96,4,4,0,1,1.21,116.16,Delivered
PO-10116,SKU-001,WH-WI1,SUP-002,2014-11-02,2014-11-06,2014-11-06,96,96,4,4,0,1,1.21,116.16,Delivered
PO-10117,SKU-001,WH-WI1,SUP-002,2014-11-18,2014-11-22,2014-11-24,96,96,4,6,2,0,1.21,116.16,Delivered
PO-10118,SKU-001,WH-WI1,SUP-002,2014-12-02,2014-12-06,2014-12-06,96,96,4,4,0,1,1.21,116.16,Delivered
PO-10119,SKU-001,WH-WI1,SUP-002,2014-12-18,2014-12-22,2014-12-22,96,96,4,4,0,1,1.21,116.16,Delivered
PO-10120,SKU-001,WH-WI1,SUP-002,2015-01-02,2015-01-06,2015-01-06,96,96,4,4,0,1,1.21,116.16,Delivered
PO-10121,SKU-001,WH-WI1,SUP-002,2015-01-16,2015-01-20,2015-01-20,96,96,4,4,0,1,1.21,116.16,Delivered
PO-10122,SKU-001,WH-WI1,SUP-002,2015-01-30,2015-02-03,2015-02-03,96,96,4,4,0,1,1.21,116.16,Delivered
PO-10123,SKU-001,WH-WI1,SUP-002,2015-02-15,2015-02-19,2015-02-19,96,96,4,4,0,1,1.21,116.16,Delivered
PO-10124,SKU-001,WH-WI1,SUP-002,2015-03-02,2015-03-06,2015-03-05,96,96,4,3,-1,1,1.21,116.16,Delivered
PO-10125,SKU-001,WH-WI1,SUP-002,2015-03-17,2015-03-21,2015-03-20,96,96,4,3,-1,1,1.21,116.16,Delivered
PO-10126,SKU-001,WH-WI1,SUP-002,2015-04-01,2015-04-05,2015-04-05,96,96,4,4,0,1,1.21,116.16,Delivered
PO-10127,SKU-001,WH-WI1,SUP-002,2015-04-14,2015-04-18,2015-04-17,96,96,4,3,-1,1,1.21,116.16,Delivered
PO-10128,SKU-001,WH-WI1,SUP-002,2015-04-28,2015-05-02,2015-05-02,96,96,4,4,0,1,1.21,116.16,Delivered
PO-10129,SKU-001,WH-WI1,SUP-002,2015-05-11,2015-05-15,2015-05-15,96,96,4,4,0,1,1.21,116.16,Delivered
PO-10130,SKU-001,WH-WI1,SUP-002,2015-05-26,2015-05-30,2015-05-30,96,96,4,4,0,1,1.21,116.16,Delivered
PO-10131,SKU-001,WH-WI1,SUP-002,2015-06-08,2015-06-12,2015-06-12,96,96,4,4,0,1,1.21,116.16,Delivered
PO-10132,SKU-001,WH-WI1,SUP-002,2015-06-23,2015-06-27,2015-06-26,96,96,4,3,-1,1,1.21,116.16,Delivered
PO-10133,SKU-001,WH-WI1,SUP-002,2015-07-09,2015-07-13,2015-07-12,96,96,4,3,-1,1,1.21,116.16,Delivered
PO-10134,SKU-001,WH-WI1,SUP-002,2015-07-25,2015-07-29,2015-07-29,96,96,4,4,0,1,1.21,116.16,Delivered
PO-10135,SKU-001,WH-WI1,SUP-002,2015-08-09,2015-08-13,2015-08-13,96,96,4,4,0,1,1.21,116.16,Delivered
PO-10136,SKU-001,WH-WI1,SUP-002,2015-08-23,2015-08-27,2015-08-27,96,96,4,4,0,1,1.21,116.16,Delivered
PO-10137,SKU-001,WH-WI1,SUP-002,2015-09-05,2015-09-09,2015-09-08,96,96,4,3,-1,1,1.21,116.16,Delivered
PO-10138,SKU-001,WH-WI1,SUP-002,2015-09-18,2015-09-22,2015-09-22,96,96,4,4,0,1,1.21,116.16,Delivered
PO-10139,SKU-001,WH-WI1,SUP-002,2015-10-03,2015-10-07,2015-10-07,96,96,4,4,0,1,1.21,116.16,Delivered
PO-10140,SKU-001,WH-WI1,SUP-002,2015-10-19,2015-10-23,2015-10-23,96,96,4,4,0,1,1.21,116.16,Delivered
PO-10141,SKU-001,WH-WI1,SUP-002,2015-11-02,2015-11-06,2015-11-06,96,96,4,4,0,1,1.21,116.16,Delivered
PO-10142,SKU-001,WH-WI1,SUP-002,2015-11-15,2015-11-19,2015-11-19,96,96,4,4,0,1,1.21,116.16,Delivered
PO-10143,SKU-001,WH-WI1,SUP-002,2015-11-28,2015-12-02,2015-12-02,96,96,4,4,0,1,1.21,116.16,Delivered
PO-10144,SKU-001,WH-WI1,SUP-002,2015-12-14,2015-12-18,2015-12-18,96,96,4,4,0,1,1.21,116.16,Delivered
PO-10145,SKU-001,WH-WI1,SUP-002,2015-12-28,2016-01-01,2016-01-01,96,96,4,4,0,1,1.21,116.16,Delivered
PO-10146,SKU-001,WH-WI1,SUP-002,2016-01-11,2016-01-15,2016-01-15,96,96,4,4,0,1,1.21,116.16,Delivered
PO-10147,SKU-001,WH-WI1,SUP-002,2016-01-25,2016-01-29,2016-01-29,96,96,4,4,0,1,1.21,116.16,Delivered
PO-10148,SKU-001,WH-WI1,SUP-002,2016-02-08,2016-02-12,2016-02-12,96,96,4,4,0,1,1.21,116.16,Delivered
PO-10149,SKU-001,WH-WI1,SUP-002,2016-02-24,2016-02-28,2016-03-03,96,96,4,8,4,0,1.21,116.16,Delivered
PO-10150,SKU-001,WH-WI1,SUP-002,2016-03-09,2016-03-13,2016-03-13,96,96,4,4,0,1,1.21,116.16,Delivered
PO-10151,SKU-001,WH-WI1,SUP-002,2016-03-25,2016-03-29,2016-03-29,96,96,4,4,0,1,1.21,116.16,Delivered
PO-10152,SKU-001,WH-WI1,SUP-002,2016-04-08,2016-04-12,2016-04-12,96,96,4,4,0,1,1.21,116.16,Delivered
PO-10153,SKU-002,WH-CA1,SUP-003,2014-04-27,2014-05-04,2014-05-04,96,96,7,7,0,1,0.68,65.28,Delivered
PO-10154,SKU-002,WH-CA1,SUP-003,2014-05-09,2014-05-16,2014-05-22,96,96,7,13,6,0,0.68,65.28,Delivered
PO-10155,SKU-002,WH-CA1,SUP-003,2014-05-23,2014-05-30,2014-05-29,96,96,7,6,-1,1,0.68,65.28,Delivered
PO-10156,SKU-002,WH-CA1,SUP-003,2014-06-04,2014-06-11,2014-06-11,96,96,7,7,0,1,0.68,65.28,Delivered
PO-10157,SKU-002,WH-CA1,SUP-003,2014-06-17,2014-06-24,2014-06-30,96,96,7,13,6,0,0.68,65.28,Delivered
PO-10158,SKU-002,WH-CA1,SUP-003,2014-06-29,2014-07-06,2014-07-06,96,96,7,7,0,1,0.68,65.28,Delivered
PO-10159,SKU-002,WH-CA1,SUP-003,2014-07-10,2014-07-17,2014-07-20,96,96,7,10,3,0,0.68,65.28,Delivered
PO-10160,SKU-002,WH-CA1,SUP-003,2014-07-22,2014-07-29,2014-07-27,96,96,7,5,-2,1,0.68,65.28,Delivered
PO-10161,SKU-002,WH-CA1,SUP-003,2014-08-02,2014-08-09,2014-08-09,96,96,7,7,0,1,0.68,65.28,Delivered
PO-10162,SKU-002,WH-CA1,SUP-003,2014-08-14,2014-08-21,2014-08-21,96,96,7,7,0,1,0.68,65.28,Delivered
PO-10163,SKU-002,WH-CA1,SUP-003,2014-08-26,2014-09-02,2014-09-02,96,96,7,7,0,1,0.68,65.28,Delivered
PO-10164,SKU-002,WH-CA1,SUP-003,2014-09-09,2014-09-16,2014-09-16,96,96,7,7,0,1,0.68,65.28,Delivered
PO-10165,SKU-002,WH-CA1,SUP-003,2014-09-22,2014-09-29,2014-09-29,96,96,7,7,0,1,0.68,65.28,Delivered
PO-10166,SKU-002,WH-CA1,SUP-003,2014-10-03,2014-10-10,2014-10-10,96,96,7,7,0,1,0.68,65.28,Delivered
PO-10167,SKU-002,WH-CA1,SUP-003,2014-10-15,2014-10-22,2014-10-20,96,96,7,5,-2,1,0.68,65.28,Delivered
PO-10168,SKU-002,WH-CA1,SUP-003,2014-10-29,2014-11-05,2014-11-05,96,96,7,7,0,1,0.68,65.28,Delivered
PO-10169,SKU-002,WH-CA1,SUP-003,2014-11-10,2014-11-17,2014-11-17,96,96,7,7,0,1,0.68,65.28,Delivered
PO-10170,SKU-002,WH-CA1,SUP-003,2014-11-24,2014-12-01,2014-12-02,96,96,7,8,1,0,0.68,65.28,Delivered
PO-10171,SKU-002,WH-CA1,SUP-003,2014-12-08,2014-12-15,2014-12-15,96,96,7,7,0,1,0.68,65.28,Delivered
PO-10172,SKU-002,WH-CA1,SUP-003,2014-12-22,2014-12-29,2014-12-27,96,96,7,5,-2,1,0.68,65.28,Delivered
PO-10173,SKU-002,WH-CA1,SUP-003,2015-01-03,2015-01-10,2015-01-10,96,96,7,7,0,1,0.68,65.28,Delivered
PO-10174,SKU-002,WH-CA1,SUP-003,2015-01-14,2015-01-21,2015-01-21,96,96,7,7,0,1,0.68,65.28,Delivered
PO-10175,SKU-002,WH-CA1,SUP-003,2015-01-25,2015-02-01,2015-01-31,96,96,7,6,-1,1,0.68,65.28,Delivered
PO-10176,SKU-002,WH-CA1,SUP-003,2015-02-06,2015-02-13,2015-02-13,96,96,7,7,0,1,0.68,65.28,Delivered
PO-10177,SKU-002,WH-CA1,SUP-003,2015-02-18,2015-02-25,2015-02-25,96,96,7,7,0,1,0.68,65.28,Delivered
PO-10178,SKU-002,WH-CA1,SUP-003,2015-03-01,2015-03-08,2015-03-08,96,96,7,7,0,1,0.68,65.28,Delivered
PO-10179,SKU-002,WH-CA1,SUP-003,2015-03-13,2015-03-20,2015-03-19,96,96,7,6,-1,1,0.68,65.28,Delivered
PO-10180,SKU-002,WH-CA1,SUP-003,2015-03-25,2015-04-01,2015-04-01,96,96,7,7,0,1,0.68,65.28,Delivered
PO-10181,SKU-002,WH-CA1,SUP-003,2015-04-07,2015-04-14,2015-04-14,96,96,7,7,0,1,0.68,65.28,Delivered
PO-10182,SKU-002,WH-CA1,SUP-003,2015-04-18,2015-04-25,2015-04-25,96,96,7,7,0,1,0.68,65.28,Delivered
PO-10183,SKU-002,WH-CA1,SUP-003,2015-05-02,2015-05-09,2015-05-09,96,96,7,7,0,1,0.68,65.28,Delivered
PO-10184,SKU-002,WH-CA1,SUP-003,2015-05-15,2015-05-22,2015-05-21,96,96,7,6,-1,1,0.68,65.28,Delivered
PO-10185,SKU-002,WH-CA1,SUP-003,2015-05-27,2015-06-03,2015-06-03,96,96,7,7,0,1,0.68,65.28,Delivered
PO-10186,SKU-002,WH-CA1,SUP-003,2015-06-08,2015-06-15,2015-06-15,96,96,7,7,0,1,0.68,65.28,Delivered
PO-10187,SKU-002,WH-CA1,SUP-003,2015-06-21,2015-06-28,2015-06-28,96,96,7,7,0,1,0.68,65.28,Delivered
PO-10188,SKU-002,WH-CA1,SUP-003,2015-07-05,2015-07-12,2015-07-11,96,96,7,6,-1,1,0.68,65.28,Delivered
PO-10189,SKU-002,WH-CA1,SUP-003,2015-07-17,2015-07-24,2015-07-24,96,96,7,7,0,1,0.68,65.28,Delivered
PO-10190,SKU-002,WH-CA1,SUP-003,2015-07-29,2015-08-05,2015-08-03,96,96,7,5,-2,1,0.68,65.28,Delivered
PO-10191,SKU-002,WH-CA1,SUP-003,2015-08-10,2015-08-17,2015-08-16,96,96,7,6,-1,1,0.68,65.28,Delivered
PO-10192,SKU-002,WH-CA1,SUP-003,2015-08-22,2015-08-29,2015-08-28,96,96,7,6,-1,1,0.68,65.28,Delivered
PO-10193,SKU-002,WH-CA1,SUP-003,2015-09-05,2015-09-12,2015-09-12,96,96,7,7,0,1,0.68,65.28,Delivered
PO-10194,SKU-002,WH-CA1,SUP-003,2015-09-17,2015-09-24,2015-09-24,96,96,7,7,0,1,0.68,65.28,Delivered
PO-10195,SKU-002,WH-CA1,SUP-003,2015-09-29,2015-10-06,2015-10-06,96,96,7,7,0,1,0.68,65.28,Delivered
PO-10196,SKU-002,WH-CA1,SUP-003,2015-10-10,2015-10-17,2015-10-17,96,96,7,7,0,1,0.68,65.28,Delivered
PO-10197,SKU-002,WH-CA1,SUP-003,2015-10-22,2015-10-29,2015-10-27,96,96,7,5,-2,1,0.68,65.28,Delivered
PO-10198,SKU-002,WH-CA1,SUP-003,2015-11-05,2015-11-12,2015-11-12,96,96,7,7,0,1,0.68,65.28,Delivered
PO-10199,SKU-002,WH-CA1,SUP-003,2015-11-17,2015-11-24,2015-11-24,96,96,7,7,0,1,0.68,65.28,Delivered
PO-10200,SKU-002,WH-CA1,SUP-003,2015-11-28,2015-12-05,2015-12-04,96,96,7,6,-1,1,0.68,65.28,Delivered
PO-10201,SKU-002,WH-CA1,SUP-003,2015-12-10,2015-12-17,2015-12-15,96,96,7,5,-2,1,0.68,65.28,Delivered
PO-10202,SKU-002,WH-CA1,SUP-003,2015-12-24,2015-12-31,2015-12-31,96,96,7,7,0,1,0.68,65.28,Delivered
PO-10203,SKU-002,WH-CA1,SUP-003,2016-01-05,2016-01-12,2016-01-19,96,96,7,14,7,0,0.68,65.28,Delivered
PO-10204,SKU-002,WH-CA1,SUP-003,2016-01-19,2016-01-26,2016-01-26,96,96,7,7,0,1,0.68,65.28,Delivered
PO-10205,SKU-002,WH-CA1,SUP-003,2016-02-02,2016-02-09,2016-02-08,96,96,7,6,-1,1,0.68,65.28,Delivered
PO-10206,SKU-002,WH-CA1,SUP-003,2016-02-14,2016-02-21,2016-02-20,96,96,7,6,-1,1,0.68,65.28,Delivered
PO-10207,SKU-002,WH-CA1,SUP-003,2016-02-26,2016-03-04,2016-03-04,96,96,7,7,0,1,0.68,65.28,Delivered
PO-10208,SKU-002,WH-CA1,SUP-003,2016-03-09,2016-03-16,2016-03-16,96,96,7,7,0,1,0.68,65.28,Delivered
PO-10209,SKU-002,WH-CA1,SUP-003,2016-03-21,2016-03-28,2016-03-27,96,96,7,6,-1,1,0.68,65.28,Delivered
PO-10210,SKU-002,WH-CA1,SUP-003,2016-04-01,2016-04-08,2016-04-07,96,96,7,6,-1,1,0.68,65.28,Delivered
PO-10211,SKU-002,WH-TX1,SUP-003,2014-04-27,2014-05-04,2014-05-06,96,96,7,9,2,0,0.68,65.28,Delivered
PO-10212,SKU-002,WH-TX1,SUP-003,2014-05-12,2014-05-19,2014-05-19,96,96,7,7,0,1,0.68,65.28,Delivered
PO-10213,SKU-002,WH-TX1,SUP-003,2014-05-26,2014-06-02,2014-06-01,96,96,7,6,-1,1,0.68,65.28,Delivered
PO-10214,SKU-002,WH-TX1,SUP-003,2014-06-08,2014-06-15,2014-06-15,96,96,7,7,0,1,0.68,65.28,Delivered
PO-10215,SKU-002,WH-TX1,SUP-003,2014-06-23,2014-06-30,2014-06-30,96,96,7,7,0,1,0.68,65.28,Delivered
PO-10216,SKU-002,WH-TX1,SUP-003,2014-07-05,2014-07-12,2014-07-12,96,96,7,7,0,1,0.68,65.28,Delivered
PO-10217,SKU-002,WH-TX1,SUP-003,2014-07-19,2014-07-26,2014-07-26,96,96,7,7,0,1,0.68,65.28,Delivered
PO-10218,SKU-002,WH-TX1,SUP-003,2014-08-02,2014-08-09,2014-08-09,96,96,7,7,0,1,0.68,65.28,Delivered
PO-10219,SKU-002,WH-TX1,SUP-003,2014-08-14,2014-08-21,2014-08-21,96,96,7,7,0,1,0.68,65.28,Delivered
PO-10220,SKU-002,WH-TX1,SUP-003,2014-08-27,2014-09-03,2014-09-03,96,96,7,7,0,1,0.68,65.28,Delivered
PO-10221,SKU-002,WH-TX1,SUP-003,2014-09-11,2014-09-18,2014-09-18,96,96,7,7,0,1,0.68,65.28,Delivered
PO-10222,SKU-002,WH-TX1,SUP-003,2014-09-24,2014-10-01,2014-10-01,96,96,7,7,0,1,0.68,65.28,Delivered
PO-10223,SKU-002,WH-TX1,SUP-003,2014-10-07,2014-10-14,2014-10-12,96,96,7,5,-2,1,0.68,65.28,Delivered
PO-10224,SKU-002,WH-TX1,SUP-003,2014-10-22,2014-10-29,2014-10-29,96,96,7,7,0,1,0.68,65.28,Delivered
PO-10225,SKU-002,WH-TX1,SUP-003,2014-11-04,2014-11-11,2014-11-10,96,96,7,6,-1,1,0.68,65.28,Delivered
PO-10226,SKU-002,WH-TX1,SUP-003,2014-11-19,2014-11-26,2014-11-26,96,96,7,7,0,1,0.68,65.28,Delivered
PO-10227,SKU-002,WH-TX1,SUP-003,2014-12-02,2014-12-09,2014-12-09,96,96,7,7,0,1,0.68,65.28,Delivered
PO-10228,SKU-002,WH-TX1,SUP-003,2014-12-15,2014-12-22,2014-12-22,96,96,7,7,0,1,0.68,65.28,Delivered
PO-10229,SKU-002,WH-TX1,SUP-003,2014-12-29,2015-01-05,2015-01-04,96,96,7,6,-1,1,0.68,65.28,Delivered
PO-10230,SKU-002,WH-TX1,SUP-003,2015-01-12,2015-01-19,2015-01-18,96,96,7,6,-1,1,0.68,65.28,Delivered
PO-10231,SKU-002,WH-TX1,SUP-003,2015-01-25,2015-02-01,2015-02-01,96,96,7,7,0,1,0.68,65.28,Delivered
PO-10232,SKU-002,WH-TX1,SUP-003,2015-02-09,2015-02-16,2015-02-16,96,96,7,7,0,1,0.68,65.28,Delivered
PO-10233,SKU-002,WH-TX1,SUP-003,2015-02-24,2015-03-03,2015-03-03,96,96,7,7,0,1,0.68,65.28,Delivered
PO-10234,SKU-002,WH-TX1,SUP-003,2015-03-08,2015-03-15,2015-03-15,96,96,7,7,0,1,0.68,65.28,Delivered
PO-10235,SKU-002,WH-TX1,SUP-003,2015-03-22,2015-03-29,2015-03-29,96,96,7,7,0,1,0.68,65.28,Delivered
PO-10236,SKU-002,WH-TX1,SUP-003,2015-04-04,2015-04-11,2015-04-11,96,96,7,7,0,1,0.68,65.28,Delivered
PO-10237,SKU-002,WH-TX1,SUP-003,2015-04-17,2015-04-24,2015-04-24,96,96,7,7,0,1,0.68,65.28,Delivered
PO-10238,SKU-002,WH-TX1,SUP-003,2015-04-30,2015-05-07,2015-05-07,96,96,7,7,0,1,0.68,65.28,Delivered
PO-10239,SKU-002,WH-TX1,SUP-003,2015-05-15,2015-05-22,2015-05-22,96,96,7,7,0,1,0.68,65.28,Delivered
PO-10240,SKU-002,WH-TX1,SUP-003,2015-05-29,2015-06-05,2015-06-05,96,96,7,7,0,1,0.68,65.28,Delivered
PO-10241,SKU-002,WH-TX1,SUP-003,2015-06-13,2015-06-20,2015-06-20,96,96,7,7,0,1,0.68,65.28,Delivered
PO-10242,SKU-002,WH-TX1,SUP-003,2015-06-28,2015-07-05,2015-07-05,96,96,7,7,0,1,0.68,65.28,Delivered
PO-10243,SKU-002,WH-TX1,SUP-003,2015-07-10,2015-07-17,2015-07-16,96,96,7,6,-1,1,0.68,65.28,Delivered
PO-10244,SKU-002,WH-TX1,SUP-003,2015-07-24,2015-07-31,2015-07-31,96,96,7,7,0,1,0.68,65.28,Delivered
PO-10245,SKU-002,WH-TX1,SUP-003,2015-08-08,2015-08-15,2015-08-15,96,96,7,7,0,1,0.68,65.28,Delivered
PO-10246,SKU-002,WH-TX1,SUP-003,2015-08-21,2015-08-28,2015-08-28,96,96,7,7,0,1,0.68,65.28,Delivered
PO-10247,SKU-002,WH-TX1,SUP-003,2015-09-03,2015-09-10,2015-09-10,96,96,7,7,0,1,0.68,65.28,Delivered
PO-10248,SKU-002,WH-TX1,SUP-003,2015-09-18,2015-09-25,2015-09-23,96,96,7,5,-2,1,0.68,65.28,Delivered
PO-10249,SKU-002,WH-TX1,SUP-003,2015-10-01,2015-10-08,2015-10-07,96,96,7,6,-1,1,0.68,65.28,Delivered
PO-10250,SKU-002,WH-TX1,SUP-003,2015-10-14,2015-10-21,2015-10-21,96,96,7,7,0,1,0.68,65.28,Delivered
PO-10251,SKU-002,WH-TX1,SUP-003,2015-10-26,2015-11-02,2015-11-02,96,96,7,7,0,1,0.68,65.28,Delivered
PO-10252,SKU-002,WH-TX1,SUP-003,2015-11-08,2015-11-15,2015-11-15,96,96,7,7,0,1,0.68,65.28,Delivered
PO-10253,SKU-002,WH-TX1,SUP-003,2015-11-22,2015-11-29,2015-11-28,96,96,7,6,-1,1,0.68,65.28,Delivered
PO-10254,SKU-002,WH-TX1,SUP-003,2015-12-07,2015-12-14,2015-12-14,96,96,7,7,0,1,0.68,65.28,Delivered
PO-10255,SKU-002,WH-TX1,SUP-003,2015-12-20,2015-12-27,2015-12-27,96,96,7,7,0,1,0.68,65.28,Delivered
PO-10256,SKU-002,WH-TX1,SUP-003,2016-01-02,2016-01-09,2016-01-09,96,96,7,7,0,1,0.68,65.28,Delivered
PO-10257,SKU-002,WH-TX1,SUP-003,2016-01-16,2016-01-23,2016-01-23,96,96,7,7,0,1,0.68,65.28,Delivered
PO-10258,SKU-002,WH-TX1,SUP-003,2016-01-28,2016-02-04,2016-02-04,96,96,7,7,0,1,0.68,65.28,Delivered
PO-10259,SKU-002,WH-TX1,SUP-003,2016-02-10,2016-02-17,2016-02-17,96,96,7,7,0,1,0.68,65.28,Delivered
PO-10260,SKU-002,WH-TX1,SUP-003,2016-02-23,2016-03-01,2016-02-27,96,96,7,4,-3,1,0.68,65.28,Delivered
PO-10261,SKU-002,WH-TX1,SUP-003,2016-03-07,2016-03-14,2016-03-14,96,96,7,7,0,1,0.68,65.28,Delivered
PO-10262,SKU-002,WH-TX1,SUP-003,2016-03-22,2016-03-29,2016-03-29,96,96,7,7,0,1,0.68,65.28,Delivered
PO-10263,SKU-002,WH-TX1,SUP-003,2016-04-04,2016-04-11,2016-04-11,96,96,7,7,0,1,0.68,65.28,Delivered
PO-10264,SKU-002,WH-WI1,SUP-003,2014-05-02,2014-05-09,2014-05-09,96,96,7,7,0,1,0.68,65.28,Delivered
PO-10265,SKU-002,WH-WI1,SUP-003,2014-05-22,2014-05-29,2014-05-29,96,96,7,7,0,1,0.68,65.28,Delivered
PO-10266,SKU-002,WH-WI1,SUP-003,2014-06-10,2014-06-17,2014-06-17,96,96,7,7,0,1,0.68,65.28,Delivered
PO-10267,SKU-002,WH-WI1,SUP-003,2014-06-30,2014-07-07,2014-07-07,96,96,7,7,0,1,0.68,65.28,Delivered
PO-10268,SKU-002,WH-WI1,SUP-003,2014-07-22,2014-07-29,2014-07-28,96,96,7,6,-1,1,0.68,65.28,Delivered
PO-10269,SKU-002,WH-WI1,SUP-003,2014-08-11,2014-08-18,2014-08-17,96,96,7,6,-1,1,0.68,65.28,Delivered
PO-10270,SKU-002,WH-WI1,SUP-003,2014-09-02,2014-09-09,2014-09-08,96,96,7,6,-1,1,0.68,65.28,Delivered
PO-10271,SKU-002,WH-WI1,SUP-003,2014-09-21,2014-09-28,2014-09-26,96,96,7,5,-2,1,0.68,65.28,Delivered
PO-10272,SKU-002,WH-WI1,SUP-003,2014-10-13,2014-10-20,2014-10-20,96,96,7,7,0,1,0.68,65.28,Delivered
PO-10273,SKU-002,WH-WI1,SUP-003,2014-11-02,2014-11-09,2014-11-09,96,96,7,7,0,1,0.68,65.28,Delivered
PO-10274,SKU-002,WH-WI1,SUP-003,2014-11-22,2014-11-29,2014-11-27,96,96,7,5,-2,1,0.68,65.28,Delivered
PO-10275,SKU-002,WH-WI1,SUP-003,2014-12-12,2014-12-19,2014-12-17,96,96,7,5,-2,1,0.68,65.28,Delivered
PO-10276,SKU-002,WH-WI1,SUP-003,2015-01-03,2015-01-10,2015-01-09,96,96,7,6,-1,1,0.68,65.28,Delivered
PO-10277,SKU-002,WH-WI1,SUP-003,2015-01-22,2015-01-29,2015-01-29,96,96,7,7,0,1,0.68,65.28,Delivered
PO-10278,SKU-002,WH-WI1,SUP-003,2015-02-12,2015-02-19,2015-02-19,96,96,7,7,0,1,0.68,65.28,Delivered
PO-10279,SKU-002,WH-WI1,SUP-003,2015-03-03,2015-03-10,2015-03-10,96,96,7,7,0,1,0.68,65.28,Delivered
PO-10280,SKU-002,WH-WI1,SUP-003,2015-03-23,2015-03-30,2015-03-30,96,96,7,7,0,1,0.68,65.28,Delivered
PO-10281,SKU-002,WH-WI1,SUP-003,2015-04-14,2015-04-21,2015-04-24,96,96,7,10,3,0,0.68,65.28,Delivered
PO-10282,SKU-002,WH-WI1,SUP-003,2015-05-03,2015-05-10,2015-05-10,96,96,7,7,0,1,0.68,65.28,Delivered
PO-10283,SKU-002,WH-WI1,SUP-003,2015-05-23,2015-05-30,2015-05-29,96,96,7,6,-1,1,0.68,65.28,Delivered
PO-10284,SKU-002,WH-WI1,SUP-003,2015-06-13,2015-06-20,2015-06-20,96,96,7,7,0,1,0.68,65.28,Delivered
PO-10285,SKU-002,WH-WI1,SUP-003,2015-07-04,2015-07-11,2015-07-11,96,96,7,7,0,1,0.68,65.28,Delivered
PO-10286,SKU-002,WH-WI1,SUP-003,2015-07-23,2015-07-30,2015-07-28,96,96,7,5,-2,1,0.68,65.28,Delivered
PO-10287,SKU-002,WH-WI1,SUP-003,2015-08-12,2015-08-19,2015-08-18,96,96,7,6,-1,1,0.68,65.28,Delivered
PO-10288,SKU-002,WH-WI1,SUP-003,2015-08-31,2015-09-07,2015-09-07,96,96,7,7,0,1,0.68,65.28,Delivered
PO-10289,SKU-002,WH-WI1,SUP-003,2015-09-20,2015-09-27,2015-09-26,96,96,7,6,-1,1,0.68,65.28,Delivered
PO-10290,SKU-002,WH-WI1,SUP-003,2015-10-10,2015-10-17,2015-10-16,96,96,7,6,-1,1,0.68,65.28,Delivered
PO-10291,SKU-002,WH-WI1,SUP-003,2015-10-30,2015-11-06,2015-11-06,96,96,7,7,0,1,0.68,65.28,Delivered
PO-10292,SKU-002,WH-WI1,SUP-003,2015-11-20,2015-11-27,2015-11-26,96,96,7,6,-1,1,0.68,65.28,Delivered
PO-10293,SKU-002,WH-WI1,SUP-003,2015-12-09,2015-12-16,2015-12-16,96,96,7,7,0,1,0.68,65.28,Delivered
PO-10294,SKU-002,WH-WI1,SUP-003,2015-12-29,2016-01-05,2016-01-05,96,96,7,7,0,1,0.68,65.28,Delivered
PO-10295,SKU-002,WH-WI1,SUP-003,2016-01-18,2016-01-25,2016-01-25,96,96,7,7,0,1,0.68,65.28,Delivered
PO-10296,SKU-002,WH-WI1,SUP-003,2016-02-06,2016-02-13,2016-02-13,96,96,7,7,0,1,0.68,65.28,Delivered
PO-10297,SKU-002,WH-WI1,SUP-003,2016-02-27,2016-03-05,2016-03-05,96,96,7,7,0,1,0.68,65.28,Delivered
PO-10298,SKU-002,WH-WI1,SUP-003,2016-03-18,2016-03-25,2016-03-25,96,96,7,7,0,1,0.68,65.28,Delivered
PO-10299,SKU-002,WH-WI1,SUP-003,2016-04-07,2016-04-14,2016-04-14,96,96,7,7,0,1,0.68,65.28,Delivered
PO-10300,SKU-003,WH-CA1,SUP-001,2014-05-05,2014-05-10,2014-05-10,96,96,5,5,0,1,0.5,48.0,Delivered
PO-10301,SKU-003,WH-CA1,SUP-001,2014-05-17,2014-05-22,2014-05-22,96,96,5,5,0,1,0.5,48.0,Delivered
PO-10302,SKU-003,WH-CA1,SUP-001,2014-06-01,2014-06-06,2014-06-06,96,96,5,5,0,1,0.5,48.0,Delivered
PO-10303,SKU-003,WH-CA1,SUP-001,2014-06-15,2014-06-20,2014-06-20,96,96,5,5,0,1,0.5,48.0,Delivered
PO-10304,SKU-003,WH-CA1,SUP-001,2014-06-28,2014-07-03,2014-07-03,96,96,5,5,0,1,0.5,48.0,Delivered
PO-10305,SKU-003,WH-CA1,SUP-001,2014-07-10,2014-07-15,2014-07-15,96,96,5,5,0,1,0.5,48.0,Delivered
PO-10306,SKU-003,WH-CA1,SUP-001,2014-07-25,2014-07-30,2014-07-29,96,96,5,4,-1,1,0.5,48.0,Delivered
PO-10307,SKU-003,WH-CA1,SUP-001,2014-08-09,2014-08-14,2014-08-23,96,96,5,14,9,0,0.5,48.0,Delivered
PO-10308,SKU-003,WH-CA1,SUP-001,2014-08-22,2014-08-27,2014-08-27,96,96,5,5,0,1,0.5,48.0,Delivered
PO-10309,SKU-003,WH-CA1,SUP-001,2014-09-06,2014-09-11,2014-09-10,96,96,5,4,-1,1,0.5,48.0,Delivered
PO-10310,SKU-003,WH-CA1,SUP-001,2014-09-18,2014-09-23,2014-09-23,96,96,5,5,0,1,0.5,48.0,Delivered
PO-10311,SKU-003,WH-CA1,SUP-001,2014-10-02,2014-10-07,2014-10-07,96,96,5,5,0,1,0.5,48.0,Delivered
PO-10312,SKU-003,WH-CA1,SUP-001,2014-10-15,2014-10-20,2014-10-20,96,96,5,5,0,1,0.5,48.0,Delivered
PO-10313,SKU-003,WH-CA1,SUP-001,2014-10-29,2014-11-03,2014-11-03,96,96,5,5,0,1,0.5,48.0,Delivered
PO-10314,SKU-003,WH-CA1,SUP-001,2014-11-12,2014-11-17,2014-11-17,96,96,5,5,0,1,0.5,48.0,Delivered
PO-10315,SKU-003,WH-CA1,SUP-001,2014-11-24,2014-11-29,2014-11-29,96,96,5,5,0,1,0.5,48.0,Delivered
PO-10316,SKU-003,WH-CA1,SUP-001,2014-12-08,2014-12-13,2014-12-15,96,96,5,7,2,0,0.5,48.0,Delivered
PO-10317,SKU-003,WH-CA1,SUP-001,2014-12-22,2014-12-27,2014-12-27,96,96,5,5,0,1,0.5,48.0,Delivered
PO-10318,SKU-003,WH-CA1,SUP-001,2015-01-04,2015-01-09,2015-01-09,96,96,5,5,0,1,0.5,48.0,Delivered
PO-10319,SKU-003,WH-CA1,SUP-001,2015-01-17,2015-01-22,2015-01-22,96,96,5,5,0,1,0.5,48.0,Delivered
PO-10320,SKU-003,WH-CA1,SUP-001,2015-01-30,2015-02-04,2015-02-03,96,96,5,4,-1,1,0.5,48.0,Delivered
PO-10321,SKU-003,WH-CA1,SUP-001,2015-02-12,2015-02-17,2015-02-16,96,96,5,4,-1,1,0.5,48.0,Delivered
PO-10322,SKU-003,WH-CA1,SUP-001,2015-02-24,2015-03-01,2015-03-01,96,96,5,5,0,1,0.5,48.0,Delivered
PO-10323,SKU-003,WH-CA1,SUP-001,2015-03-09,2015-03-14,2015-03-14,96,96,5,5,0,1,0.5,48.0,Delivered
PO-10324,SKU-003,WH-CA1,SUP-001,2015-03-22,2015-03-27,2015-03-27,96,96,5,5,0,1,0.5,48.0,Delivered
PO-10325,SKU-003,WH-CA1,SUP-001,2015-04-06,2015-04-11,2015-04-11,96,96,5,5,0,1,0.5,48.0,Delivered
PO-10326,SKU-003,WH-CA1,SUP-001,2015-04-20,2015-04-25,2015-04-25,96,96,5,5,0,1,0.5,48.0,Delivered
PO-10327,SKU-003,WH-CA1,SUP-001,2015-05-04,2015-05-09,2015-05-09,96,96,5,5,0,1,0.5,48.0,Delivered
PO-10328,SKU-003,WH-CA1,SUP-001,2015-05-17,2015-05-22,2015-05-22,96,96,5,5,0,1,0.5,48.0,Delivered
PO-10329,SKU-003,WH-CA1,SUP-001,2015-05-31,2015-06-05,2015-06-05,96,96,5,5,0,1,0.5,48.0,Delivered
PO-10330,SKU-003,WH-CA1,SUP-001,2015-06-12,2015-06-17,2015-06-24,96,96,5,12,7,0,0.5,48.0,Delivered
PO-10331,SKU-003,WH-CA1,SUP-001,2015-06-27,2015-07-02,2015-07-03,96,96,5,6,1,0,0.5,48.0,Delivered
PO-10332,SKU-003,WH-CA1,SUP-001,2015-07-10,2015-07-15,2015-07-14,96,96,5,4,-1,1,0.5,48.0,Delivered
PO-10333,SKU-003,WH-CA1,SUP-001,2015-07-25,2015-07-30,2015-07-30,96,96,5,5,0,1,0.5,48.0,Delivered
PO-10334,SKU-003,WH-CA1,SUP-001,2015-08-07,2015-08-12,2015-08-12,96,96,5,5,0,1,0.5,48.0,Delivered
PO-10335,SKU-003,WH-CA1,SUP-001,2015-08-19,2015-08-24,2015-08-24,96,96,5,5,0,1,0.5,48.0,Delivered
PO-10336,SKU-003,WH-CA1,SUP-001,2015-09-01,2015-09-06,2015-09-06,96,96,5,5,0,1,0.5,48.0,Delivered
PO-10337,SKU-003,WH-CA1,SUP-001,2015-09-15,2015-09-20,2015-09-20,96,96,5,5,0,1,0.5,48.0,Delivered
PO-10338,SKU-003,WH-CA1,SUP-001,2015-09-27,2015-10-02,2015-10-01,96,96,5,4,-1,1,0.5,48.0,Delivered
PO-10339,SKU-003,WH-CA1,SUP-001,2015-10-11,2015-10-16,2015-10-15,96,96,5,4,-1,1,0.5,48.0,Delivered
PO-10340,SKU-003,WH-CA1,SUP-001,2015-10-23,2015-10-28,2015-10-28,96,96,5,5,0,1,0.5,48.0,Delivered
PO-10341,SKU-003,WH-CA1,SUP-001,2015-11-07,2015-11-12,2015-11-12,96,96,5,5,0,1,0.5,48.0,Delivered
PO-10342,SKU-003,WH-CA1,SUP-001,2015-11-20,2015-11-25,2015-11-25,96,96,5,5,0,1,0.5,48.0,Delivered
PO-10343,SKU-003,WH-CA1,SUP-001,2015-12-04,2015-12-09,2015-12-09,96,96,5,5,0,1,0.5,48.0,Delivered
PO-10344,SKU-003,WH-CA1,SUP-001,2015-12-17,2015-12-22,2015-12-22,96,96,5,5,0,1,0.5,48.0,Delivered
PO-10345,SKU-003,WH-CA1,SUP-001,2016-01-01,2016-01-06,2016-01-06,96,96,5,5,0,1,0.5,48.0,Delivered
PO-10346,SKU-003,WH-CA1,SUP-001,2016-01-15,2016-01-20,2016-01-20,96,96,5,5,0,1,0.5,48.0,Delivered
PO-10347,SKU-003,WH-CA1,SUP-001,2016-01-29,2016-02-03,2016-02-03,96,96,5,5,0,1,0.5,48.0,Delivered
PO-10348,SKU-003,WH-CA1,SUP-001,2016-02-10,2016-02-15,2016-02-15,96,96,5,5,0,1,0.5,48.0,Delivered
PO-10349,SKU-003,WH-CA1,SUP-001,2016-02-23,2016-02-28,2016-02-28,96,96,5,5,0,1,0.5,48.0,Delivered
PO-10350,SKU-003,WH-CA1,SUP-001,2016-03-06,2016-03-11,2016-03-11,96,96,5,5,0,1,0.5,48.0,Delivered
PO-10351,SKU-003,WH-CA1,SUP-001,2016-03-18,2016-03-23,2016-03-23,96,96,5,5,0,1,0.5,48.0,Delivered
PO-10352,SKU-003,WH-CA1,SUP-001,2016-04-01,2016-04-06,2016-04-09,96,96,5,8,3,0,0.5,48.0,Delivered
PO-10353,SKU-003,WH-TX1,SUP-001,2014-05-01,2014-05-06,2014-05-06,96,96,5,5,0,1,0.5,48.0,Delivered
PO-10354,SKU-003,WH-TX1,SUP-001,2014-05-20,2014-05-25,2014-05-27,96,96,5,7,2,0,0.5,48.0,Delivered
PO-10355,SKU-003,WH-TX1,SUP-001,2014-06-09,2014-06-14,2014-06-14,96,96,5,5,0,1,0.5,48.0,Delivered
PO-10356,SKU-003,WH-TX1,SUP-001,2014-06-27,2014-07-02,2014-07-02,96,96,5,5,0,1,0.5,48.0,Delivered
PO-10357,SKU-003,WH-TX1,SUP-001,2014-07-16,2014-07-21,2014-07-21,96,96,5,5,0,1,0.5,48.0,Delivered
PO-10358,SKU-003,WH-TX1,SUP-001,2014-08-03,2014-08-08,2014-08-08,96,96,5,5,0,1,0.5,48.0,Delivered
PO-10359,SKU-003,WH-TX1,SUP-001,2014-08-21,2014-08-26,2014-08-25,96,96,5,4,-1,1,0.5,48.0,Delivered
PO-10360,SKU-003,WH-TX1,SUP-001,2014-09-11,2014-09-16,2014-09-21,96,96,5,10,5,0,0.5,48.0,Delivered
PO-10361,SKU-003,WH-TX1,SUP-001,2014-09-29,2014-10-04,2014-10-04,96,96,5,5,0,1,0.5,48.0,Delivered
PO-10362,SKU-003,WH-TX1,SUP-001,2014-10-19,2014-10-24,2014-10-23,96,96,5,4,-1,1,0.5,48.0,Delivered
PO-10363,SKU-003,WH-TX1,SUP-001,2014-11-07,2014-11-12,2014-11-11,96,96,5,4,-1,1,0.5,48.0,Delivered
PO-10364,SKU-003,WH-TX1,SUP-001,2014-11-27,2014-12-02,2014-12-02,96,96,5,5,0,1,0.5,48.0,Delivered
PO-10365,SKU-003,WH-TX1,SUP-001,2014-12-16,2014-12-21,2014-12-21,96,96,5,5,0,1,0.5,48.0,Delivered
PO-10366,SKU-003,WH-TX1,SUP-001,2015-01-04,2015-01-09,2015-01-09,96,96,5,5,0,1,0.5,48.0,Delivered
PO-10367,SKU-003,WH-TX1,SUP-001,2015-01-22,2015-01-27,2015-01-27,96,96,5,5,0,1,0.5,48.0,Delivered
PO-10368,SKU-003,WH-TX1,SUP-001,2015-02-11,2015-02-16,2015-02-16,96,96,5,5,0,1,0.5,48.0,Delivered
PO-10369,SKU-003,WH-TX1,SUP-001,2015-03-02,2015-03-07,2015-03-09,96,96,5,7,2,0,0.5,48.0,Delivered
PO-10370,SKU-003,WH-TX1,SUP-001,2015-03-23,2015-03-28,2015-03-27,96,96,5,4,-1,1,0.5,48.0,Delivered
PO-10371,SKU-003,WH-TX1,SUP-001,2015-04-13,2015-04-18,2015-04-18,96,96,5,5,0,1,0.5,48.0,Delivered
PO-10372,SKU-003,WH-TX1,SUP-001,2015-05-04,2015-05-09,2015-05-09,96,96,5,5,0,1,0.5,48.0,Delivered
PO-10373,SKU-003,WH-TX1,SUP-001,2015-05-24,2015-05-29,2015-05-29,96,96,5,5,0,1,0.5,48.0,Delivered
PO-10374,SKU-003,WH-TX1,SUP-001,2015-06-13,2015-06-18,2015-06-18,96,96,5,5,0,1,0.5,48.0,Delivered
PO-10375,SKU-003,WH-TX1,SUP-001,2015-07-03,2015-07-08,2015-07-08,96,96,5,5,0,1,0.5,48.0,Delivered
PO-10376,SKU-003,WH-TX1,SUP-001,2015-07-21,2015-07-26,2015-07-26,96,96,5,5,0,1,0.5,48.0,Delivered
PO-10377,SKU-003,WH-TX1,SUP-001,2015-08-09,2015-08-14,2015-08-14,96,96,5,5,0,1,0.5,48.0,Delivered
PO-10378,SKU-003,WH-TX1,SUP-001,2015-08-27,2015-09-01,2015-09-01,96,96,5,5,0,1,0.5,48.0,Delivered
PO-10379,SKU-003,WH-TX1,SUP-001,2015-09-15,2015-09-20,2015-09-20,96,96,5,5,0,1,0.5,48.0,Delivered
PO-10380,SKU-003,WH-TX1,SUP-001,2015-10-03,2015-10-08,2015-10-08,96,96,5,5,0,1,0.5,48.0,Delivered
PO-10381,SKU-003,WH-TX1,SUP-001,2015-10-23,2015-10-28,2015-10-26,96,96,5,3,-2,1,0.5,48.0,Delivered
PO-10382,SKU-003,WH-TX1,SUP-001,2015-11-12,2015-11-17,2015-11-16,96,96,5,4,-1,1,0.5,48.0,Delivered
PO-10383,SKU-003,WH-TX1,SUP-001,2015-12-01,2015-12-06,2015-12-07,96,96,5,6,1,0,0.5,48.0,Delivered
PO-10384,SKU-003,WH-TX1,SUP-001,2015-12-20,2015-12-25,2015-12-25,96,96,5,5,0,1,0.5,48.0,Delivered
PO-10385,SKU-003,WH-TX1,SUP-001,2016-01-09,2016-01-14,2016-01-13,96,96,5,4,-1,1,0.5,48.0,Delivered
PO-10386,SKU-003,WH-TX1,SUP-001,2016-01-28,2016-02-02,2016-02-02,96,96,5,5,0,1,0.5,48.0,Delivered
PO-10387,SKU-003,WH-TX1,SUP-001,2016-02-15,2016-02-20,2016-02-20,96,96,5,5,0,1,0.5,48.0,Delivered
PO-10388,SKU-003,WH-TX1,SUP-001,2016-03-06,2016-03-11,2016-03-10,96,96,5,4,-1,1,0.5,48.0,Delivered
PO-10389,SKU-003,WH-TX1,SUP-001,2016-03-25,2016-03-30,2016-03-30,96,96,5,5,0,1,0.5,48.0,Delivered
PO-10390,SKU-003,WH-WI1,SUP-001,2014-05-05,2014-05-10,2014-05-09,96,96,5,4,-1,1,0.5,48.0,Delivered
PO-10391,SKU-003,WH-WI1,SUP-001,2014-05-17,2014-05-22,2014-05-22,96,96,5,5,0,1,0.5,48.0,Delivered
PO-10392,SKU-003,WH-WI1,SUP-001,2014-05-31,2014-06-05,2014-06-05,96,96,5,5,0,1,0.5,48.0,Delivered
PO-10393,SKU-003,WH-WI1,SUP-001,2014-06-14,2014-06-19,2014-06-19,96,96,5,5,0,1,0.5,48.0,Delivered
PO-10394,SKU-003,WH-WI1,SUP-001,2014-06-28,2014-07-03,2014-07-03,96,96,5,5,0,1,0.5,48.0,Delivered
PO-10395,SKU-003,WH-WI1,SUP-001,2014-07-11,2014-07-16,2014-07-16,96,96,5,5,0,1,0.5,48.0,Delivered
PO-10396,SKU-003,WH-WI1,SUP-001,2014-07-22,2014-07-27,2014-07-27,96,96,5,5,0,1,0.5,48.0,Delivered
PO-10397,SKU-003,WH-WI1,SUP-001,2014-08-02,2014-08-07,2014-08-06,96,96,5,4,-1,1,0.5,48.0,Delivered
PO-10398,SKU-003,WH-WI1,SUP-001,2014-08-15,2014-08-20,2014-08-20,96,96,5,5,0,1,0.5,48.0,Delivered
PO-10399,SKU-003,WH-WI1,SUP-001,2014-08-27,2014-09-01,2014-08-31,96,96,5,4,-1,1,0.5,48.0,Delivered
PO-10400,SKU-003,WH-WI1,SUP-001,2014-09-10,2014-09-15,2014-09-19,96,96,5,9,4,0,0.5,48.0,Delivered
PO-10401,SKU-003,WH-WI1,SUP-001,2014-09-21,2014-09-26,2014-09-26,96,96,5,5,0,1,0.5,48.0,Delivered
PO-10402,SKU-003,WH-WI1,SUP-001,2014-10-02,2014-10-07,2014-10-07,96,96,5,5,0,1,0.5,48.0,Delivered
PO-10403,SKU-003,WH-WI1,SUP-001,2014-10-16,2014-10-21,2014-10-20,96,96,5,4,-1,1,0.5,48.0,Delivered
PO-10404,SKU-003,WH-WI1,SUP-001,2014-10-29,2014-11-03,2014-11-02,96,96,5,4,-1,1,0.5,48.0,Delivered
PO-10405,SKU-003,WH-WI1,SUP-001,2014-11-12,2014-11-17,2014-11-16,96,96,5,4,-1,1,0.5,48.0,Delivered
PO-10406,SKU-003,WH-WI1,SUP-001,2014-11-26,2014-12-01,2014-12-01,96,96,5,5,0,1,0.5,48.0,Delivered
PO-10407,SKU-003,WH-WI1,SUP-001,2014-12-08,2014-12-13,2014-12-13,96,96,5,5,0,1,0.5,48.0,Delivered
PO-10408,SKU-003,WH-WI1,SUP-001,2014-12-22,2014-12-27,2014-12-27,96,96,5,5,0,1,0.5,48.0,Delivered
PO-10409,SKU-003,WH-WI1,SUP-001,2015-01-05,2015-01-10,2015-01-09,96,96,5,4,-1,1,0.5,48.0,Delivered
PO-10410,SKU-003,WH-WI1,SUP-001,2015-01-18,2015-01-23,2015-01-23,96,96,5,5,0,1,0.5,48.0,Delivered
PO-10411,SKU-003,WH-WI1,SUP-001,2015-01-31,2015-02-05,2015-02-05,96,96,5,5,0,1,0.5,48.0,Delivered
PO-10412,SKU-003,WH-WI1,SUP-001,2015-02-11,2015-02-16,2015-02-16,96,96,5,5,0,1,0.5,48.0,Delivered
PO-10413,SKU-003,WH-WI1,SUP-001,2015-02-23,2015-02-28,2015-02-28,96,96,5,5,0,1,0.5,48.0,Delivered
PO-10414,SKU-003,WH-WI1,SUP-001,2015-03-07,2015-03-12,2015-03-12,96,96,5,5,0,1,0.5,48.0,Delivered
PO-10415,SKU-003,WH-WI1,SUP-001,2015-03-18,2015-03-23,2015-03-22,96,96,5,4,-1,1,0.5,48.0,Delivered
PO-10416,SKU-003,WH-WI1,SUP-001,2015-04-01,2015-04-06,2015-04-05,96,96,5,4,-1,1,0.5,48.0,Delivered
PO-10417,SKU-003,WH-WI1,SUP-001,2015-04-14,2015-04-19,2015-04-19,96,96,5,5,0,1,0.5,48.0,Delivered
PO-10418,SKU-003,WH-WI1,SUP-001,2015-04-28,2015-05-03,2015-05-03,96,96,5,5,0,1,0.5,48.0,Delivered
PO-10419,SKU-003,WH-WI1,SUP-001,2015-05-10,2015-05-15,2015-05-14,96,96,5,4,-1,1,0.5,48.0,Delivered
PO-10420,SKU-003,WH-WI1,SUP-001,2015-05-22,2015-05-27,2015-05-27,96,96,5,5,0,1,0.5,48.0,Delivered
PO-10421,SKU-003,WH-WI1,SUP-001,2015-06-02,2015-06-07,2015-06-07,96,96,5,5,0,1,0.5,48.0,Delivered
PO-10422,SKU-003,WH-WI1,SUP-001,2015-06-13,2015-06-18,2015-06-18,96,96,5,5,0,1,0.5,48.0,Delivered
PO-10423,SKU-003,WH-WI1,SUP-001,2015-06-27,2015-07-02,2015-07-02,96,96,5,5,0,1,0.5,48.0,Delivered
PO-10424,SKU-003,WH-WI1,SUP-001,2015-07-09,2015-07-14,2015-07-14,96,96,5,5,0,1,0.5,48.0,Delivered
PO-10425,SKU-003,WH-WI1,SUP-001,2015-07-21,2015-07-26,2015-07-26,96,96,5,5,0,1,0.5,48.0,Delivered
PO-10426,SKU-003,WH-WI1,SUP-001,2015-08-02,2015-08-07,2015-08-07,96,96,5,5,0,1,0.5,48.0,Delivered
PO-10427,SKU-003,WH-WI1,SUP-001,2015-08-14,2015-08-19,2015-08-19,96,96,5,5,0,1,0.5,48.0,Delivered
PO-10428,SKU-003,WH-WI1,SUP-001,2015-08-25,2015-08-30,2015-08-30,96,96,5,5,0,1,0.5,48.0,Delivered
PO-10429,SKU-003,WH-WI1,SUP-001,2015-09-06,2015-09-11,2015-09-11,96,96,5,5,0,1,0.5,48.0,Delivered
PO-10430,SKU-003,WH-WI1,SUP-001,2015-09-18,2015-09-23,2015-09-23,96,96,5,5,0,1,0.5,48.0,Delivered
PO-10431,SKU-003,WH-WI1,SUP-001,2015-09-30,2015-10-05,2015-10-04,96,96,5,4,-1,1,0.5,48.0,Delivered
PO-10432,SKU-003,WH-WI1,SUP-001,2015-10-14,2015-10-19,2015-10-19,96,96,5,5,0,1,0.5,48.0,Delivered
PO-10433,SKU-003,WH-WI1,SUP-001,2015-10-28,2015-11-02,2015-11-02,96,96,5,5,0,1,0.5,48.0,Delivered
PO-10434,SKU-003,WH-WI1,SUP-001,2015-11-10,2015-11-15,2015-11-15,96,96,5,5,0,1,0.5,48.0,Delivered
PO-10435,SKU-003,WH-WI1,SUP-001,2015-11-22,2015-11-27,2015-11-27,96,96,5,5,0,1,0.5,48.0,Delivered
PO-10436,SKU-003,WH-WI1,SUP-001,2015-12-06,2015-12-11,2015-12-11,96,96,5,5,0,1,0.5,48.0,Delivered
PO-10437,SKU-003,WH-WI1,SUP-001,2015-12-18,2015-12-23,2015-12-23,96,96,5,5,0,1,0.5,48.0,Delivered
PO-10438,SKU-003,WH-WI1,SUP-001,2015-12-30,2016-01-04,2016-01-04,96,96,5,5,0,1,0.5,48.0,Delivered
PO-10439,SKU-003,WH-WI1,SUP-001,2016-01-13,2016-01-18,2016-01-17,96,96,5,4,-1,1,0.5,48.0,Delivered
PO-10440,SKU-003,WH-WI1,SUP-001,2016-01-27,2016-02-01,2016-02-01,96,96,5,5,0,1,0.5,48.0,Delivered
PO-10441,SKU-003,WH-WI1,SUP-001,2016-02-08,2016-02-13,2016-02-13,96,96,5,5,0,1,0.5,48.0,Delivered
PO-10442,SKU-003,WH-WI1,SUP-001,2016-02-22,2016-02-27,2016-02-27,96,96,5,5,0,1,0.5,48.0,Delivered
PO-10443,SKU-003,WH-WI1,SUP-001,2016-03-07,2016-03-12,2016-03-11,96,96,5,4,-1,1,0.5,48.0,Delivered
PO-10444,SKU-003,WH-WI1,SUP-001,2016-03-20,2016-03-25,2016-03-25,96,96,5,5,0,1,0.5,48.0,Delivered
PO-10445,SKU-003,WH-WI1,SUP-001,2016-04-01,2016-04-06,2016-04-06,96,96,5,5,0,1,0.5,48.0,Delivered
PO-10446,SKU-004,WH-CA1,SUP-002,2014-04-30,2014-05-04,2014-05-03,72,72,4,3,-1,1,4.76,342.72,Delivered
PO-10447,SKU-004,WH-CA1,SUP-002,2014-05-16,2014-05-20,2014-05-19,72,72,4,3,-1,1,4.76,342.72,Delivered
PO-10448,SKU-004,WH-CA1,SUP-002,2014-06-01,2014-06-05,2014-06-05,72,72,4,4,0,1,4.76,342.72,Delivered
PO-10449,SKU-004,WH-CA1,SUP-002,2014-06-18,2014-06-22,2014-06-22,72,72,4,4,0,1,4.76,342.72,Delivered
PO-10450,SKU-004,WH-CA1,SUP-002,2014-07-04,2014-07-08,2014-07-07,72,72,4,3,-1,1,4.76,342.72,Delivered
PO-10451,SKU-004,WH-CA1,SUP-002,2014-07-19,2014-07-23,2014-07-23,72,72,4,4,0,1,4.76,342.72,Delivered
PO-10452,SKU-004,WH-CA1,SUP-002,2014-08-04,2014-08-08,2014-08-08,72,72,4,4,0,1,4.76,342.72,Delivered
PO-10453,SKU-004,WH-CA1,SUP-002,2014-08-21,2014-08-25,2014-08-25,72,72,4,4,0,1,4.76,342.72,Delivered
PO-10454,SKU-004,WH-CA1,SUP-002,2014-09-08,2014-09-12,2014-09-12,72,72,4,4,0,1,4.76,342.72,Delivered
PO-10455,SKU-004,WH-CA1,SUP-002,2014-09-24,2014-09-28,2014-09-28,72,72,4,4,0,1,4.76,342.72,Delivered
PO-10456,SKU-004,WH-CA1,SUP-002,2014-10-09,2014-10-13,2014-10-13,72,72,4,4,0,1,4.76,342.72,Delivered
PO-10457,SKU-004,WH-CA1,SUP-002,2014-10-25,2014-10-29,2014-10-29,72,72,4,4,0,1,4.76,342.72,Delivered
PO-10458,SKU-004,WH-CA1,SUP-002,2014-11-10,2014-11-14,2014-11-14,72,72,4,4,0,1,4.76,342.72,Delivered
PO-10459,SKU-004,WH-CA1,SUP-002,2014-11-26,2014-11-30,2014-11-30,72,72,4,4,0,1,4.76,342.72,Delivered
PO-10460,SKU-004,WH-CA1,SUP-002,2014-12-13,2014-12-17,2014-12-16,72,72,4,3,-1,1,4.76,342.72,Delivered
PO-10461,SKU-004,WH-CA1,SUP-002,2014-12-28,2015-01-01,2015-01-01,72,72,4,4,0,1,4.76,342.72,Delivered
PO-10462,SKU-004,WH-CA1,SUP-002,2015-01-12,2015-01-16,2015-01-16,72,72,4,4,0,1,4.76,342.72,Delivered
PO-10463,SKU-004,WH-CA1,SUP-002,2015-01-28,2015-02-01,2015-02-01,72,72,4,4,0,1,4.76,342.72,Delivered
PO-10464,SKU-004,WH-CA1,SUP-002,2015-02-15,2015-02-19,2015-02-19,72,72,4,4,0,1,4.76,342.72,Delivered
PO-10465,SKU-004,WH-CA1,SUP-002,2015-03-02,2015-03-06,2015-03-06,72,72,4,4,0,1,4.76,342.72,Delivered
PO-10466,SKU-004,WH-CA1,SUP-002,2015-03-20,2015-03-24,2015-03-24,72,72,4,4,0,1,4.76,342.72,Delivered
PO-10467,SKU-004,WH-CA1,SUP-002,2015-04-05,2015-04-09,2015-04-09,72,72,4,4,0,1,4.76,342.72,Delivered
PO-10468,SKU-004,WH-CA1,SUP-002,2015-04-22,2015-04-26,2015-04-25,72,72,4,3,-1,1,4.76,342.72,Delivered
PO-10469,SKU-004,WH-CA1,SUP-002,2015-05-09,2015-05-13,2015-05-13,72,72,4,4,0,1,4.76,342.72,Delivered
PO-10470,SKU-004,WH-CA1,SUP-002,2015-05-27,2015-05-31,2015-05-31,72,72,4,4,0,1,4.76,342.72,Delivered
PO-10471,SKU-004,WH-CA1,SUP-002,2015-06-13,2015-06-17,2015-06-17,72,72,4,4,0,1,4.76,342.72,Delivered
PO-10472,SKU-004,WH-CA1,SUP-002,2015-06-29,2015-07-03,2015-07-03,72,72,4,4,0,1,4.76,342.72,Delivered
PO-10473,SKU-004,WH-CA1,SUP-002,2015-07-15,2015-07-19,2015-07-19,72,72,4,4,0,1,4.76,342.72,Delivered
PO-10474,SKU-004,WH-CA1,SUP-002,2015-07-30,2015-08-03,2015-08-03,72,72,4,4,0,1,4.76,342.72,Delivered
PO-10475,SKU-004,WH-CA1,SUP-002,2015-08-15,2015-08-19,2015-08-19,72,72,4,4,0,1,4.76,342.72,Delivered
PO-10476,SKU-004,WH-CA1,SUP-002,2015-08-31,2015-09-04,2015-09-04,72,72,4,4,0,1,4.76,342.72,Delivered
PO-10477,SKU-004,WH-CA1,SUP-002,2015-09-16,2015-09-20,2015-09-20,72,72,4,4,0,1,4.76,342.72,Delivered
PO-10478,SKU-004,WH-CA1,SUP-002,2015-10-03,2015-10-07,2015-10-08,72,72,4,5,1,0,4.76,342.72,Delivered
PO-10479,SKU-004,WH-CA1,SUP-002,2015-10-18,2015-10-22,2015-10-21,72,72,4,3,-1,1,4.76,342.72,Delivered
PO-10480,SKU-004,WH-CA1,SUP-002,2015-11-02,2015-11-06,2015-11-06,72,72,4,4,0,1,4.76,342.72,Delivered
PO-10481,SKU-004,WH-CA1,SUP-002,2015-11-20,2015-11-24,2015-11-23,72,72,4,3,-1,1,4.76,342.72,Delivered
PO-10482,SKU-004,WH-CA1,SUP-002,2015-12-06,2015-12-10,2015-12-10,72,72,4,4,0,1,4.76,342.72,Delivered
PO-10483,SKU-004,WH-CA1,SUP-002,2015-12-22,2015-12-26,2015-12-26,72,72,4,4,0,1,4.76,342.72,Delivered
PO-10484,SKU-004,WH-CA1,SUP-002,2016-01-07,2016-01-11,2016-01-11,72,72,4,4,0,1,4.76,342.72,Delivered
PO-10485,SKU-004,WH-CA1,SUP-002,2016-01-24,2016-01-28,2016-01-27,72,72,4,3,-1,1,4.76,342.72,Delivered
PO-10486,SKU-004,WH-CA1,SUP-002,2016-02-10,2016-02-14,2016-02-18,72,72,4,8,4,0,4.76,342.72,Delivered
PO-10487,SKU-004,WH-CA1,SUP-002,2016-02-26,2016-03-01,2016-02-29,72,72,4,3,-1,1,4.76,342.72,Delivered
PO-10488,SKU-004,WH-CA1,SUP-002,2016-03-13,2016-03-17,2016-03-17,72,72,4,4,0,1,4.76,342.72,Delivered
PO-10489,SKU-004,WH-CA1,SUP-002,2016-03-28,2016-04-01,2016-04-01,72,72,4,4,0,1,4.76,342.72,Delivered
PO-10490,SKU-004,WH-TX1,SUP-002,2014-04-27,2014-05-01,2014-05-01,48,48,4,4,0,1,4.76,228.48,Delivered
PO-10491,SKU-004,WH-TX1,SUP-002,2014-05-16,2014-05-20,2014-05-20,48,48,4,4,0,1,4.76,228.48,Delivered
PO-10492,SKU-004,WH-TX1,SUP-002,2014-06-05,2014-06-09,2014-06-08,48,48,4,3,-1,1,4.76,228.48,Delivered
PO-10493,SKU-004,WH-TX1,SUP-002,2014-06-25,2014-06-29,2014-06-29,48,48,4,4,0,1,4.76,228.48,Delivered
PO-10494,SKU-004,WH-TX1,SUP-002,2014-07-13,2014-07-17,2014-07-17,48,48,4,4,0,1,4.76,228.48,Delivered
PO-10495,SKU-004,WH-TX1,SUP-002,2014-07-30,2014-08-03,2014-08-03,48,48,4,4,0,1,4.76,228.48,Delivered
PO-10496,SKU-004,WH-TX1,SUP-002,2014-08-16,2014-08-20,2014-08-20,48,48,4,4,0,1,4.76,228.48,Delivered
PO-10497,SKU-004,WH-TX1,SUP-002,2014-09-02,2014-09-06,2014-09-06,48,48,4,4,0,1,4.76,228.48,Delivered
PO-10498,SKU-004,WH-TX1,SUP-002,2014-09-20,2014-09-24,2014-09-23,48,48,4,3,-1,1,4.76,228.48,Delivered
PO-10499,SKU-004,WH-TX1,SUP-002,2014-10-08,2014-10-12,2014-10-12,48,48,4,4,0,1,4.76,228.48,Delivered
PO-10500,SKU-004,WH-TX1,SUP-002,2014-10-27,2014-10-31,2014-10-31,48,48,4,4,0,1,4.76,228.48,Delivered
PO-10501,SKU-004,WH-TX1,SUP-002,2014-11-16,2014-11-20,2014-11-20,48,48,4,4,0,1,4.76,228.48,Delivered
PO-10502,SKU-004,WH-TX1,SUP-002,2014-12-04,2014-12-08,2014-12-08,48,48,4,4,0,1,4.76,228.48,Delivered
PO-10503,SKU-004,WH-TX1,SUP-002,2014-12-22,2014-12-26,2014-12-26,48,48,4,4,0,1,4.76,228.48,Delivered
PO-10504,SKU-004,WH-TX1,SUP-002,2015-01-11,2015-01-15,2015-01-15,48,48,4,4,0,1,4.76,228.48,Delivered
PO-10505,SKU-004,WH-TX1,SUP-002,2015-01-28,2015-02-01,2015-02-01,48,48,4,4,0,1,4.76,228.48,Delivered
PO-10506,SKU-004,WH-TX1,SUP-002,2015-02-14,2015-02-18,2015-02-18,48,48,4,4,0,1,4.76,228.48,Delivered
PO-10507,SKU-004,WH-TX1,SUP-002,2015-03-05,2015-03-09,2015-03-09,48,48,4,4,0,1,4.76,228.48,Delivered
PO-10508,SKU-004,WH-TX1,SUP-002,2015-03-22,2015-03-26,2015-03-26,48,48,4,4,0,1,4.76,228.48,Delivered
PO-10509,SKU-004,WH-TX1,SUP-002,2015-04-10,2015-04-14,2015-04-14,48,48,4,4,0,1,4.76,228.48,Delivered
PO-10510,SKU-004,WH-TX1,SUP-002,2015-04-27,2015-05-01,2015-04-30,48,48,4,3,-1,1,4.76,228.48,Delivered
PO-10511,SKU-004,WH-TX1,SUP-002,2015-05-15,2015-05-19,2015-05-19,48,48,4,4,0,1,4.76,228.48,Delivered
PO-10512,SKU-004,WH-TX1,SUP-002,2015-06-01,2015-06-05,2015-06-05,48,48,4,4,0,1,4.76,228.48,Delivered
PO-10513,SKU-004,WH-TX1,SUP-002,2015-06-21,2015-06-25,2015-06-25,48,48,4,4,0,1,4.76,228.48,Delivered
PO-10514,SKU-004,WH-TX1,SUP-002,2015-07-09,2015-07-13,2015-07-12,48,48,4,3,-1,1,4.76,228.48,Delivered
PO-10515,SKU-004,WH-TX1,SUP-002,2015-07-28,2015-08-01,2015-08-01,48,48,4,4,0,1,4.76,228.48,Delivered
PO-10516,SKU-004,WH-TX1,SUP-002,2015-08-16,2015-08-20,2015-08-20,48,48,4,4,0,1,4.76,228.48,Delivered
PO-10517,SKU-004,WH-TX1,SUP-002,2015-09-02,2015-09-06,2015-09-07,48,48,4,5,1,0,4.76,228.48,Delivered
PO-10518,SKU-004,WH-TX1,SUP-002,2015-09-21,2015-09-25,2015-09-26,48,48,4,5,1,0,4.76,228.48,Delivered
PO-10519,SKU-004,WH-TX1,SUP-002,2015-10-08,2015-10-12,2015-10-12,48,48,4,4,0,1,4.76,228.48,Delivered
PO-10520,SKU-004,WH-TX1,SUP-002,2015-10-26,2015-10-30,2015-10-30,48,48,4,4,0,1,4.76,228.48,Delivered
PO-10521,SKU-004,WH-TX1,SUP-002,2015-11-13,2015-11-17,2015-11-23,48,48,4,10,6,0,4.76,228.48,Delivered
PO-10522,SKU-004,WH-TX1,SUP-002,2015-12-02,2015-12-06,2015-12-06,48,48,4,4,0,1,4.76,228.48,Delivered
PO-10523,SKU-004,WH-TX1,SUP-002,2015-12-21,2015-12-25,2015-12-24,48,48,4,3,-1,1,4.76,228.48,Delivered
PO-10524,SKU-004,WH-TX1,SUP-002,2016-01-10,2016-01-14,2016-01-14,48,48,4,4,0,1,4.76,228.48,Delivered
PO-10525,SKU-004,WH-TX1,SUP-002,2016-01-27,2016-01-31,2016-01-31,48,48,4,4,0,1,4.76,228.48,Delivered
PO-10526,SKU-004,WH-TX1,SUP-002,2016-02-15,2016-02-19,2016-02-19,48,48,4,4,0,1,4.76,228.48,Delivered
PO-10527,SKU-004,WH-TX1,SUP-002,2016-03-03,2016-03-07,2016-03-07,48,48,4,4,0,1,4.76,228.48,Delivered
PO-10528,SKU-004,WH-TX1,SUP-002,2016-03-21,2016-03-25,2016-03-25,48,48,4,4,0,1,4.76,228.48,Delivered
PO-10529,SKU-004,WH-TX1,SUP-002,2016-04-07,2016-04-11,2016-04-10,48,48,4,3,-1,1,4.76,228.48,Delivered
PO-10530,SKU-004,WH-WI1,SUP-002,2014-05-04,2014-05-08,2014-05-08,48,48,4,4,0,1,4.76,228.48,Delivered
PO-10531,SKU-004,WH-WI1,SUP-002,2014-05-21,2014-05-25,2014-05-25,48,48,4,4,0,1,4.76,228.48,Delivered
PO-10532,SKU-004,WH-WI1,SUP-002,2014-06-07,2014-06-11,2014-06-11,48,48,4,4,0,1,4.76,228.48,Delivered
PO-10533,SKU-004,WH-WI1,SUP-002,2014-06-24,2014-06-28,2014-06-28,48,48,4,4,0,1,4.76,228.48,Delivered
PO-10534,SKU-004,WH-WI1,SUP-002,2014-07-13,2014-07-17,2014-07-17,48,48,4,4,0,1,4.76,228.48,Delivered
PO-10535,SKU-004,WH-WI1,SUP-002,2014-07-30,2014-08-03,2014-08-02,48,48,4,3,-1,1,4.76,228.48,Delivered
PO-10536,SKU-004,WH-WI1,SUP-002,2014-08-18,2014-08-22,2014-08-22,48,48,4,4,0,1,4.76,228.48,Delivered
PO-10537,SKU-004,WH-WI1,SUP-002,2014-09-06,2014-09-10,2014-09-10,48,48,4,4,0,1,4.76,228.48,Delivered
PO-10538,SKU-004,WH-WI1,SUP-002,2014-09-25,2014-09-29,2014-09-29,48,48,4,4,0,1,4.76,228.48,Delivered
PO-10539,SKU-004,WH-WI1,SUP-002,2014-10-13,2014-10-17,2014-10-16,48,48,4,3,-1,1,4.76,228.48,Delivered
PO-10540,SKU-004,WH-WI1,SUP-002,2014-10-31,2014-11-04,2014-11-04,48,48,4,4,0,1,4.76,228.48,Delivered
PO-10541,SKU-004,WH-WI1,SUP-002,2014-11-18,2014-11-22,2014-11-22,48,48,4,4,0,1,4.76,228.48,Delivered
PO-10542,SKU-004,WH-WI1,SUP-002,2014-12-04,2014-12-08,2014-12-08,48,48,4,4,0,1,4.76,228.48,Delivered
PO-10543,SKU-004,WH-WI1,SUP-002,2014-12-20,2014-12-24,2014-12-24,48,48,4,4,0,1,4.76,228.48,Delivered
PO-10544,SKU-004,WH-WI1,SUP-002,2015-01-06,2015-01-10,2015-01-10,48,48,4,4,0,1,4.76,228.48,Delivered
PO-10545,SKU-004,WH-WI1,SUP-002,2015-01-24,2015-01-28,2015-01-28,48,48,4,4,0,1,4.76,228.48,Delivered
PO-10546,SKU-004,WH-WI1,SUP-002,2015-02-09,2015-02-13,2015-02-13,48,48,4,4,0,1,4.76,228.48,Delivered
PO-10547,SKU-004,WH-WI1,SUP-002,2015-02-27,2015-03-03,2015-03-03,48,48,4,4,0,1,4.76,228.48,Delivered
PO-10548,SKU-004,WH-WI1,SUP-002,2015-03-16,2015-03-20,2015-03-20,48,48,4,4,0,1,4.76,228.48,Delivered
PO-10549,SKU-004,WH-WI1,SUP-002,2015-04-01,2015-04-05,2015-04-05,48,48,4,4,0,1,4.76,228.48,Delivered
PO-10550,SKU-004,WH-WI1,SUP-002,2015-04-18,2015-04-22,2015-04-22,48,48,4,4,0,1,4.76,228.48,Delivered
PO-10551,SKU-004,WH-WI1,SUP-002,2015-05-07,2015-05-11,2015-05-11,48,48,4,4,0,1,4.76,228.48,Delivered
PO-10552,SKU-004,WH-WI1,SUP-002,2015-05-25,2015-05-29,2015-05-29,48,48,4,4,0,1,4.76,228.48,Delivered
PO-10553,SKU-004,WH-WI1,SUP-002,2015-06-12,2015-06-16,2015-06-16,48,48,4,4,0,1,4.76,228.48,Delivered
PO-10554,SKU-004,WH-WI1,SUP-002,2015-06-29,2015-07-03,2015-07-03,48,48,4,4,0,1,4.76,228.48,Delivered
PO-10555,SKU-004,WH-WI1,SUP-002,2015-07-16,2015-07-20,2015-07-20,48,48,4,4,0,1,4.76,228.48,Delivered
PO-10556,SKU-004,WH-WI1,SUP-002,2015-08-02,2015-08-06,2015-08-06,48,48,4,4,0,1,4.76,228.48,Delivered
PO-10557,SKU-004,WH-WI1,SUP-002,2015-08-18,2015-08-22,2015-08-21,48,48,4,3,-1,1,4.76,228.48,Delivered
PO-10558,SKU-004,WH-WI1,SUP-002,2015-09-06,2015-09-10,2015-09-10,48,48,4,4,0,1,4.76,228.48,Delivered
PO-10559,SKU-004,WH-WI1,SUP-002,2015-09-25,2015-09-29,2015-09-29,48,48,4,4,0,1,4.76,228.48,Delivered
PO-10560,SKU-004,WH-WI1,SUP-002,2015-10-12,2015-10-16,2015-10-16,48,48,4,4,0,1,4.76,228.48,Delivered
PO-10561,SKU-004,WH-WI1,SUP-002,2015-10-30,2015-11-03,2015-11-02,48,48,4,3,-1,1,4.76,228.48,Delivered
PO-10562,SKU-004,WH-WI1,SUP-002,2015-11-16,2015-11-20,2015-11-29,48,48,4,13,9,0,4.76,228.48,Delivered
PO-10563,SKU-004,WH-WI1,SUP-002,2015-12-02,2015-12-06,2015-12-06,48,48,4,4,0,1,4.76,228.48,Delivered
PO-10564,SKU-004,WH-WI1,SUP-002,2015-12-18,2015-12-22,2015-12-22,48,48,4,4,0,1,4.76,228.48,Delivered
PO-10565,SKU-004,WH-WI1,SUP-002,2016-01-04,2016-01-08,2016-01-08,48,48,4,4,0,1,4.76,228.48,Delivered
PO-10566,SKU-004,WH-WI1,SUP-002,2016-01-22,2016-01-26,2016-01-26,48,48,4,4,0,1,4.76,228.48,Delivered
PO-10567,SKU-004,WH-WI1,SUP-002,2016-02-08,2016-02-12,2016-02-12,48,48,4,4,0,1,4.76,228.48,Delivered
PO-10568,SKU-004,WH-WI1,SUP-002,2016-02-26,2016-03-01,2016-03-01,48,48,4,4,0,1,4.76,228.48,Delivered
PO-10569,SKU-004,WH-WI1,SUP-002,2016-03-13,2016-03-17,2016-03-17,48,48,4,4,0,1,4.76,228.48,Delivered
PO-10570,SKU-004,WH-WI1,SUP-002,2016-03-29,2016-04-02,2016-04-02,48,48,4,4,0,1,4.76,228.48,Delivered
PO-10571,SKU-005,WH-CA1,SUP-003,2014-05-01,2014-05-08,2014-05-07,264,264,7,6,-1,1,1.8,475.2,Delivered
PO-10572,SKU-005,WH-CA1,SUP-003,2014-05-16,2014-05-23,2014-05-23,264,264,7,7,0,1,1.8,475.2,Delivered
PO-10573,SKU-005,WH-CA1,SUP-003,2014-05-30,2014-06-06,2014-06-05,264,264,7,6,-1,1,1.8,475.2,Delivered
PO-10574,SKU-005,WH-CA1,SUP-003,2014-06-14,2014-06-21,2014-06-20,264,264,7,6,-1,1,1.8,475.2,Delivered
PO-10575,SKU-005,WH-CA1,SUP-003,2014-06-30,2014-07-07,2014-07-07,264,264,7,7,0,1,1.8,475.2,Delivered
PO-10576,SKU-005,WH-CA1,SUP-003,2014-07-14,2014-07-21,2014-07-21,264,264,7,7,0,1,1.8,475.2,Delivered
PO-10577,SKU-005,WH-CA1,SUP-003,2014-07-30,2014-08-06,2014-08-06,264,264,7,7,0,1,1.8,475.2,Delivered
PO-10578,SKU-005,WH-CA1,SUP-003,2014-08-13,2014-08-20,2014-08-20,264,264,7,7,0,1,1.8,475.2,Delivered
PO-10579,SKU-005,WH-CA1,SUP-003,2014-08-27,2014-09-03,2014-09-03,264,264,7,7,0,1,1.8,475.2,Delivered
PO-10580,SKU-005,WH-CA1,SUP-003,2014-09-11,2014-09-18,2014-09-17,264,264,7,6,-1,1,1.8,475.2,Delivered
PO-10581,SKU-005,WH-CA1,SUP-003,2014-09-26,2014-10-03,2014-10-03,264,264,7,7,0,1,1.8,475.2,Delivered
PO-10582,SKU-005,WH-CA1,SUP-003,2014-10-10,2014-10-17,2014-10-16,264,264,7,6,-1,1,1.8,475.2,Delivered
PO-10583,SKU-005,WH-CA1,SUP-003,2014-10-24,2014-10-31,2014-10-31,264,264,7,7,0,1,1.8,475.2,Delivered
PO-10584,SKU-005,WH-CA1,SUP-003,2014-11-07,2014-11-14,2014-11-14,264,264,7,7,0,1,1.8,475.2,Delivered
PO-10585,SKU-005,WH-CA1,SUP-003,2014-11-21,2014-11-28,2014-11-28,264,264,7,7,0,1,1.8,475.2,Delivered
PO-10586,SKU-005,WH-CA1,SUP-003,2014-12-05,2014-12-12,2014-12-12,264,264,7,7,0,1,1.8,475.2,Delivered
PO-10587,SKU-005,WH-CA1,SUP-003,2014-12-20,2014-12-27,2014-12-27,264,264,7,7,0,1,1.8,475.2,Delivered
PO-10588,SKU-005,WH-CA1,SUP-003,2015-01-04,2015-01-11,2015-01-10,264,264,7,6,-1,1,1.8,475.2,Delivered
PO-10589,SKU-005,WH-CA1,SUP-003,2015-01-18,2015-01-25,2015-01-25,264,264,7,7,0,1,1.8,475.2,Delivered
PO-10590,SKU-005,WH-CA1,SUP-003,2015-01-31,2015-02-07,2015-02-07,264,264,7,7,0,1,1.8,475.2,Delivered
PO-10591,SKU-005,WH-CA1,SUP-003,2015-02-16,2015-02-23,2015-02-23,264,264,7,7,0,1,1.8,475.2,Delivered
PO-10592,SKU-005,WH-CA1,SUP-003,2015-03-03,2015-03-10,2015-03-10,264,264,7,7,0,1,1.8,475.2,Delivered
PO-10593,SKU-005,WH-CA1,SUP-003,2015-03-16,2015-03-23,2015-03-23,264,264,7,7,0,1,1.8,475.2,Delivered
PO-10594,SKU-005,WH-CA1,SUP-003,2015-04-01,2015-04-08,2015-04-08,264,264,7,7,0,1,1.8,475.2,Delivered
PO-10595,SKU-005,WH-CA1,SUP-003,2015-04-14,2015-04-21,2015-04-21,264,264,7,7,0,1,1.8,475.2,Delivered
PO-10596,SKU-005,WH-CA1,SUP-003,2015-04-28,2015-05-05,2015-05-05,264,264,7,7,0,1,1.8,475.2,Delivered
PO-10597,SKU-005,WH-CA1,SUP-003,2015-05-12,2015-05-19,2015-05-20,264,264,7,8,1,0,1.8,475.2,Delivered
PO-10598,SKU-005,WH-CA1,SUP-003,2015-05-26,2015-06-02,2015-05-31,264,264,7,5,-2,1,1.8,475.2,Delivered
PO-10599,SKU-005,WH-CA1,SUP-003,2015-06-11,2015-06-18,2015-06-18,264,264,7,7,0,1,1.8,475.2,Delivered
PO-10600,SKU-005,WH-CA1,SUP-003,2015-06-25,2015-07-02,2015-07-02,264,264,7,7,0,1,1.8,475.2,Delivered
PO-10601,SKU-005,WH-CA1,SUP-003,2015-07-08,2015-07-15,2015-07-12,264,264,7,4,-3,1,1.8,475.2,Delivered
PO-10602,SKU-005,WH-CA1,SUP-003,2015-07-23,2015-07-30,2015-07-30,264,264,7,7,0,1,1.8,475.2,Delivered
PO-10603,SKU-005,WH-CA1,SUP-003,2015-08-05,2015-08-12,2015-08-12,264,264,7,7,0,1,1.8,475.2,Delivered
PO-10604,SKU-005,WH-CA1,SUP-003,2015-08-20,2015-08-27,2015-08-28,264,264,7,8,1,0,1.8,475.2,Delivered
PO-10605,SKU-005,WH-CA1,SUP-003,2015-09-02,2015-09-09,2015-09-08,264,264,7,6,-1,1,1.8,475.2,Delivered
PO-10606,SKU-005,WH-CA1,SUP-003,2015-09-16,2015-09-23,2015-09-23,264,264,7,7,0,1,1.8,475.2,Delivered
PO-10607,SKU-005,WH-CA1,SUP-003,2015-09-30,2015-10-07,2015-10-07,264,264,7,7,0,1,1.8,475.2,Delivered
PO-10608,SKU-005,WH-CA1,SUP-003,2015-10-14,2015-10-21,2015-10-21,264,264,7,7,0,1,1.8,475.2,Delivered
PO-10609,SKU-005,WH-CA1,SUP-003,2015-10-27,2015-11-03,2015-11-02,264,264,7,6,-1,1,1.8,475.2,Delivered
PO-10610,SKU-005,WH-CA1,SUP-003,2015-11-12,2015-11-19,2015-11-17,264,264,7,5,-2,1,1.8,475.2,Delivered
PO-10611,SKU-005,WH-CA1,SUP-003,2015-11-26,2015-12-03,2015-12-03,264,264,7,7,0,1,1.8,475.2,Delivered
PO-10612,SKU-005,WH-CA1,SUP-003,2015-12-09,2015-12-16,2015-12-16,264,264,7,7,0,1,1.8,475.2,Delivered
PO-10613,SKU-005,WH-CA1,SUP-003,2015-12-25,2016-01-01,2016-01-01,264,264,7,7,0,1,1.8,475.2,Delivered
PO-10614,SKU-005,WH-CA1,SUP-003,2016-01-08,2016-01-15,2016-01-15,264,264,7,7,0,1,1.8,475.2,Delivered
PO-10615,SKU-005,WH-CA1,SUP-003,2016-01-21,2016-01-28,2016-01-27,264,264,7,6,-1,1,1.8,475.2,Delivered
PO-10616,SKU-005,WH-CA1,SUP-003,2016-02-04,2016-02-11,2016-02-14,264,264,7,10,3,0,1.8,475.2,Delivered
PO-10617,SKU-005,WH-CA1,SUP-003,2016-02-18,2016-02-25,2016-02-25,264,264,7,7,0,1,1.8,475.2,Delivered
PO-10618,SKU-005,WH-CA1,SUP-003,2016-03-03,2016-03-10,2016-03-09,264,264,7,6,-1,1,1.8,475.2,Delivered
PO-10619,SKU-005,WH-CA1,SUP-003,2016-03-17,2016-03-24,2016-03-24,264,264,7,7,0,1,1.8,475.2,Delivered
PO-10620,SKU-005,WH-CA1,SUP-003,2016-04-01,2016-04-08,2016-04-08,264,264,7,7,0,1,1.8,475.2,Delivered
PO-10621,SKU-005,WH-TX1,SUP-003,2014-05-01,2014-05-08,2014-05-08,168,168,7,7,0,1,1.8,302.4,Delivered
PO-10622,SKU-005,WH-TX1,SUP-003,2014-05-18,2014-05-25,2014-05-25,168,168,7,7,0,1,1.8,302.4,Delivered
PO-10623,SKU-005,WH-TX1,SUP-003,2014-06-04,2014-06-11,2014-06-11,168,168,7,7,0,1,1.8,302.4,Delivered
PO-10624,SKU-005,WH-TX1,SUP-003,2014-06-21,2014-06-28,2014-06-28,168,168,7,7,0,1,1.8,302.4,Delivered
PO-10625,SKU-005,WH-TX1,SUP-003,2014-07-09,2014-07-16,2014-07-15,168,168,7,6,-1,1,1.8,302.4,Delivered
PO-10626,SKU-005,WH-TX1,SUP-003,2014-07-26,2014-08-02,2014-08-01,168,168,7,6,-1,1,1.8,302.4,Delivered
PO-10627,SKU-005,WH-TX1,SUP-003,2014-08-12,2014-08-19,2014-08-19,168,168,7,7,0,1,1.8,302.4,Delivered
PO-10628,SKU-005,WH-TX1,SUP-003,2014-08-29,2014-09-05,2014-09-10,168,168,7,12,5,0,1.8,302.4,Delivered
PO-10629,SKU-005,WH-TX1,SUP-003,2014-09-14,2014-09-21,2014-09-21,168,168,7,7,0,1,1.8,302.4,Delivered
PO-10630,SKU-005,WH-TX1,SUP-003,2014-10-01,2014-10-08,2014-10-08,168,168,7,7,0,1,1.8,302.4,Delivered
PO-10631,SKU-005,WH-TX1,SUP-003,2014-10-17,2014-10-24,2014-10-24,168,168,7,7,0,1,1.8,302.4,Delivered
PO-10632,SKU-005,WH-TX1,SUP-003,2014-11-05,2014-11-12,2014-11-12,168,168,7,7,0,1,1.8,302.4,Delivered
PO-10633,SKU-005,WH-TX1,SUP-003,2014-11-22,2014-11-29,2014-11-28,168,168,7,6,-1,1,1.8,302.4,Delivered
PO-10634,SKU-005,WH-TX1,SUP-003,2014-12-09,2014-12-16,2014-12-16,168,168,7,7,0,1,1.8,302.4,Delivered
PO-10635,SKU-005,WH-TX1,SUP-003,2014-12-28,2015-01-04,2015-01-04,168,168,7,7,0,1,1.8,302.4,Delivered
PO-10636,SKU-005,WH-TX1,SUP-003,2015-01-13,2015-01-20,2015-01-19,168,168,7,6,-1,1,1.8,302.4,Delivered
PO-10637,SKU-005,WH-TX1,SUP-003,2015-02-01,2015-02-08,2015-02-08,168,168,7,7,0,1,1.8,302.4,Delivered
PO-10638,SKU-005,WH-TX1,SUP-003,2015-02-18,2015-02-25,2015-02-26,168,168,7,8,1,0,1.8,302.4,Delivered
PO-10639,SKU-005,WH-TX1,SUP-003,2015-03-07,2015-03-14,2015-03-14,168,168,7,7,0,1,1.8,302.4,Delivered
PO-10640,SKU-005,WH-TX1,SUP-003,2015-03-23,2015-03-30,2015-03-30,168,168,7,7,0,1,1.8,302.4,Delivered
PO-10641,SKU-005,WH-TX1,SUP-003,2015-04-10,2015-04-17,2015-04-17,168,168,7,7,0,1,1.8,302.4,Delivered
PO-10642,SKU-005,WH-TX1,SUP-003,2015-04-27,2015-05-04,2015-05-06,168,168,7,9,2,0,1.8,302.4,Delivered
PO-10643,SKU-005,WH-TX1,SUP-003,2015-05-16,2015-05-23,2015-05-23,168,168,7,7,0,1,1.8,302.4,Delivered
PO-10644,SKU-005,WH-TX1,SUP-003,2015-06-03,2015-06-10,2015-06-10,168,168,7,7,0,1,1.8,302.4,Delivered
PO-10645,SKU-005,WH-TX1,SUP-003,2015-06-19,2015-06-26,2015-06-26,168,168,7,7,0,1,1.8,302.4,Delivered
PO-10646,SKU-005,WH-TX1,SUP-003,2015-07-06,2015-07-13,2015-07-13,168,168,7,7,0,1,1.8,302.4,Delivered
PO-10647,SKU-005,WH-TX1,SUP-003,2015-07-22,2015-07-29,2015-07-29,168,168,7,7,0,1,1.8,302.4,Delivered
PO-10648,SKU-005,WH-TX1,SUP-003,2015-08-07,2015-08-14,2015-08-14,168,168,7,7,0,1,1.8,302.4,Delivered
PO-10649,SKU-005,WH-TX1,SUP-003,2015-08-25,2015-09-01,2015-09-01,168,168,7,7,0,1,1.8,302.4,Delivered
PO-10650,SKU-005,WH-TX1,SUP-003,2015-09-11,2015-09-18,2015-09-16,168,168,7,5,-2,1,1.8,302.4,Delivered
PO-10651,SKU-005,WH-TX1,SUP-003,2015-09-28,2015-10-05,2015-10-04,168,168,7,6,-1,1,1.8,302.4,Delivered
PO-10652,SKU-005,WH-TX1,SUP-003,2015-10-15,2015-10-22,2015-10-22,168,168,7,7,0,1,1.8,302.4,Delivered
PO-10653,SKU-005,WH-TX1,SUP-003,2015-10-31,2015-11-07,2015-11-07,168,168,7,7,0,1,1.8,302.4,Delivered
PO-10654,SKU-005,WH-TX1,SUP-003,2015-11-16,2015-11-23,2015-11-23,168,168,7,7,0,1,1.8,302.4,Delivered
PO-10655,SKU-005,WH-TX1,SUP-003,2015-12-04,2015-12-11,2015-12-11,168,168,7,7,0,1,1.8,302.4,Delivered
PO-10656,SKU-005,WH-TX1,SUP-003,2015-12-21,2015-12-28,2015-12-28,168,168,7,7,0,1,1.8,302.4,Delivered
PO-10657,SKU-005,WH-TX1,SUP-003,2016-01-08,2016-01-15,2016-01-15,168,168,7,7,0,1,1.8,302.4,Delivered
PO-10658,SKU-005,WH-TX1,SUP-003,2016-01-26,2016-02-02,2016-02-02,168,168,7,7,0,1,1.8,302.4,Delivered
PO-10659,SKU-005,WH-TX1,SUP-003,2016-02-11,2016-02-18,2016-02-18,168,168,7,7,0,1,1.8,302.4,Delivered
PO-10660,SKU-005,WH-TX1,SUP-003,2016-02-28,2016-03-06,2016-03-06,168,168,7,7,0,1,1.8,302.4,Delivered
PO-10661,SKU-005,WH-TX1,SUP-003,2016-03-17,2016-03-24,2016-03-23,168,168,7,6,-1,1,1.8,302.4,Delivered
PO-10662,SKU-005,WH-TX1,SUP-003,2016-04-03,2016-04-10,2016-04-10,168,168,7,7,0,1,1.8,302.4,Delivered
PO-10663,SKU-005,WH-WI1,SUP-003,2014-05-04,2014-05-11,2014-05-11,216,216,7,7,0,1,1.8,388.8,Delivered
PO-10664,SKU-005,WH-WI1,SUP-003,2014-05-25,2014-06-01,2014-06-01,216,216,7,7,0,1,1.8,388.8,Delivered
PO-10665,SKU-005,WH-WI1,SUP-003,2014-06-14,2014-06-21,2014-06-21,216,216,7,7,0,1,1.8,388.8,Delivered
PO-10666,SKU-005,WH-WI1,SUP-003,2014-07-05,2014-07-12,2014-07-10,216,216,7,5,-2,1,1.8,388.8,Delivered
PO-10667,SKU-005,WH-WI1,SUP-003,2014-07-28,2014-08-04,2014-08-04,216,216,7,7,0,1,1.8,388.8,Delivered
PO-10668,SKU-005,WH-WI1,SUP-003,2014-08-18,2014-08-25,2014-08-25,216,216,7,7,0,1,1.8,388.8,Delivered
PO-10669,SKU-005,WH-WI1,SUP-003,2014-09-08,2014-09-15,2014-09-15,216,216,7,7,0,1,1.8,388.8,Delivered
PO-10670,SKU-005,WH-WI1,SUP-003,2014-09-29,2014-10-06,2014-10-06,216,216,7,7,0,1,1.8,388.8,Delivered
PO-10671,SKU-005,WH-WI1,SUP-003,2014-10-19,2014-10-26,2014-10-30,216,216,7,11,4,0,1.8,388.8,Delivered
PO-10672,SKU-005,WH-WI1,SUP-003,2014-11-09,2014-11-16,2014-11-16,216,216,7,7,0,1,1.8,388.8,Delivered
PO-10673,SKU-005,WH-WI1,SUP-003,2014-11-30,2014-12-07,2014-12-07,216,216,7,7,0,1,1.8,388.8,Delivered
PO-10674,SKU-005,WH-WI1,SUP-003,2014-12-21,2014-12-28,2014-12-27,216,216,7,6,-1,1,1.8,388.8,Delivered
PO-10675,SKU-005,WH-WI1,SUP-003,2015-01-11,2015-01-18,2015-01-16,216,216,7,5,-2,1,1.8,388.8,Delivered
PO-10676,SKU-005,WH-WI1,SUP-003,2015-02-01,2015-02-08,2015-02-08,216,216,7,7,0,1,1.8,388.8,Delivered
PO-10677,SKU-005,WH-WI1,SUP-003,2015-02-22,2015-03-01,2015-03-01,216,216,7,7,0,1,1.8,388.8,Delivered
PO-10678,SKU-005,WH-WI1,SUP-003,2015-03-15,2015-03-22,2015-03-22,216,216,7,7,0,1,1.8,388.8,Delivered
PO-10679,SKU-005,WH-WI1,SUP-003,2015-04-04,2015-04-11,2015-04-11,216,216,7,7,0,1,1.8,388.8,Delivered
PO-10680,SKU-005,WH-WI1,SUP-003,2015-04-24,2015-05-01,2015-04-30,216,216,7,6,-1,1,1.8,388.8,Delivered
PO-10681,SKU-005,WH-WI1,SUP-003,2015-05-17,2015-05-24,2015-05-23,216,216,7,6,-1,1,1.8,388.8,Delivered
PO-10682,SKU-005,WH-WI1,SUP-003,2015-06-09,2015-06-16,2015-06-16,216,216,7,7,0,1,1.8,388.8,Delivered
PO-10683,SKU-005,WH-WI1,SUP-003,2015-06-29,2015-07-06,2015-07-06,216,216,7,7,0,1,1.8,388.8,Delivered
PO-10684,SKU-005,WH-WI1,SUP-003,2015-07-22,2015-07-29,2015-07-29,216,216,7,7,0,1,1.8,388.8,Delivered
PO-10685,SKU-005,WH-WI1,SUP-003,2015-08-12,2015-08-19,2015-08-17,216,216,7,5,-2,1,1.8,388.8,Delivered
PO-10686,SKU-005,WH-WI1,SUP-003,2015-09-02,2015-09-09,2015-09-08,216,216,7,6,-1,1,1.8,388.8,Delivered
PO-10687,SKU-005,WH-WI1,SUP-003,2015-09-24,2015-10-01,2015-10-01,216,216,7,7,0,1,1.8,388.8,Delivered
PO-10688,SKU-005,WH-WI1,SUP-003,2015-10-16,2015-10-23,2015-10-22,216,216,7,6,-1,1,1.8,388.8,Delivered
PO-10689,SKU-005,WH-WI1,SUP-003,2015-11-07,2015-11-14,2015-11-13,216,216,7,6,-1,1,1.8,388.8,Delivered
PO-10690,SKU-005,WH-WI1,SUP-003,2015-11-28,2015-12-05,2015-12-05,216,216,7,7,0,1,1.8,388.8,Delivered
PO-10691,SKU-005,WH-WI1,SUP-003,2015-12-20,2015-12-27,2015-12-30,216,216,7,10,3,0,1.8,388.8,Delivered
PO-10692,SKU-005,WH-WI1,SUP-003,2016-01-11,2016-01-18,2016-01-17,216,216,7,6,-1,1,1.8,388.8,Delivered
PO-10693,SKU-005,WH-WI1,SUP-003,2016-02-01,2016-02-08,2016-02-08,216,216,7,7,0,1,1.8,388.8,Delivered
PO-10694,SKU-005,WH-WI1,SUP-003,2016-02-22,2016-02-29,2016-02-29,216,216,7,7,0,1,1.8,388.8,Delivered
PO-10695,SKU-005,WH-WI1,SUP-003,2016-03-16,2016-03-23,2016-03-22,216,216,7,6,-1,1,1.8,388.8,Delivered
PO-10696,SKU-005,WH-WI1,SUP-003,2016-04-06,2016-04-13,2016-04-12,216,216,7,6,-1,1,1.8,388.8,Delivered
PO-10697,SKU-006,WH-CA1,SUP-001,2014-04-27,2014-05-02,2014-05-02,144,144,5,5,0,1,0.76,109.44,Delivered
PO-10698,SKU-006,WH-CA1,SUP-001,2014-05-15,2014-05-20,2014-05-20,144,144,5,5,0,1,0.76,109.44,Delivered
PO-10699,SKU-006,WH-CA1,SUP-001,2014-06-04,2014-06-09,2014-06-08,144,144,5,4,-1,1,0.76,109.44,Delivered
PO-10700,SKU-006,WH-CA1,SUP-001,2014-06-22,2014-06-27,2014-06-27,144,144,5,5,0,1,0.76,109.44,Delivered
PO-10701,SKU-006,WH-CA1,SUP-001,2014-07-09,2014-07-14,2014-07-14,144,144,5,5,0,1,0.76,109.44,Delivered
PO-10702,SKU-006,WH-CA1,SUP-001,2014-07-26,2014-07-31,2014-07-31,144,144,5,5,0,1,0.76,109.44,Delivered
PO-10703,SKU-006,WH-CA1,SUP-001,2014-08-13,2014-08-18,2014-08-18,144,144,5,5,0,1,0.76,109.44,Delivered
PO-10704,SKU-006,WH-CA1,SUP-001,2014-09-02,2014-09-07,2014-09-07,144,144,5,5,0,1,0.76,109.44,Delivered
PO-10705,SKU-006,WH-CA1,SUP-001,2014-09-20,2014-09-25,2014-09-24,144,144,5,4,-1,1,0.76,109.44,Delivered
PO-10706,SKU-006,WH-CA1,SUP-001,2014-10-10,2014-10-15,2014-10-14,144,144,5,4,-1,1,0.76,109.44,Delivered
PO-10707,SKU-006,WH-CA1,SUP-001,2014-10-30,2014-11-04,2014-11-04,144,144,5,5,0,1,0.76,109.44,Delivered
PO-10708,SKU-006,WH-CA1,SUP-001,2014-11-19,2014-11-24,2014-11-24,144,144,5,5,0,1,0.76,109.44,Delivered
PO-10709,SKU-006,WH-CA1,SUP-001,2014-12-07,2014-12-12,2014-12-12,144,144,5,5,0,1,0.76,109.44,Delivered
PO-10710,SKU-006,WH-CA1,SUP-001,2014-12-26,2014-12-31,2014-12-31,144,144,5,5,0,1,0.76,109.44,Delivered
PO-10711,SKU-006,WH-CA1,SUP-001,2015-01-13,2015-01-18,2015-01-17,144,144,5,4,-1,1,0.76,109.44,Delivered
PO-10712,SKU-006,WH-CA1,SUP-001,2015-01-30,2015-02-04,2015-02-04,144,144,5,5,0,1,0.76,109.44,Delivered
PO-10713,SKU-006,WH-CA1,SUP-001,2015-02-16,2015-02-21,2015-02-21,144,144,5,5,0,1,0.76,109.44,Delivered
PO-10714,SKU-006,WH-CA1,SUP-001,2015-03-08,2015-03-13,2015-03-12,144,144,5,4,-1,1,0.76,109.44,Delivered
PO-10715,SKU-006,WH-CA1,SUP-001,2015-03-26,2015-03-31,2015-03-31,144,144,5,5,0,1,0.76,109.44,Delivered
PO-10716,SKU-006,WH-CA1,SUP-001,2015-04-14,2015-04-19,2015-04-19,144,144,5,5,0,1,0.76,109.44,Delivered
PO-10717,SKU-006,WH-CA1,SUP-001,2015-05-03,2015-05-08,2015-05-08,144,144,5,5,0,1,0.76,109.44,Delivered
PO-10718,SKU-006,WH-CA1,SUP-001,2015-05-23,2015-05-28,2015-05-27,144,144,5,4,-1,1,0.76,109.44,Delivered
PO-10719,SKU-006,WH-CA1,SUP-001,2015-06-09,2015-06-14,2015-06-14,144,144,5,5,0,1,0.76,109.44,Delivered
PO-10720,SKU-006,WH-CA1,SUP-001,2015-06-27,2015-07-02,2015-07-02,144,144,5,5,0,1,0.76,109.44,Delivered
PO-10721,SKU-006,WH-CA1,SUP-001,2015-07-14,2015-07-19,2015-07-19,144,144,5,5,0,1,0.76,109.44,Delivered
PO-10722,SKU-006,WH-CA1,SUP-001,2015-08-01,2015-08-06,2015-08-06,144,144,5,5,0,1,0.76,109.44,Delivered
PO-10723,SKU-006,WH-CA1,SUP-001,2015-08-20,2015-08-25,2015-08-25,144,144,5,5,0,1,0.76,109.44,Delivered
PO-10724,SKU-006,WH-CA1,SUP-001,2015-09-08,2015-09-13,2015-09-13,144,144,5,5,0,1,0.76,109.44,Delivered
PO-10725,SKU-006,WH-CA1,SUP-001,2015-09-26,2015-10-01,2015-10-01,144,144,5,5,0,1,0.76,109.44,Delivered
PO-10726,SKU-006,WH-CA1,SUP-001,2015-10-16,2015-10-21,2015-10-21,144,144,5,5,0,1,0.76,109.44,Delivered
PO-10727,SKU-006,WH-CA1,SUP-001,2015-11-03,2015-11-08,2015-11-08,144,144,5,5,0,1,0.76,109.44,Delivered
PO-10728,SKU-006,WH-CA1,SUP-001,2015-11-21,2015-11-26,2015-11-26,144,144,5,5,0,1,0.76,109.44,Delivered
PO-10729,SKU-006,WH-CA1,SUP-001,2015-12-09,2015-12-14,2015-12-14,144,144,5,5,0,1,0.76,109.44,Delivered
PO-10730,SKU-006,WH-CA1,SUP-001,2015-12-27,2016-01-01,2016-01-01,144,144,5,5,0,1,0.76,109.44,Delivered
PO-10731,SKU-006,WH-CA1,SUP-001,2016-01-13,2016-01-18,2016-01-18,144,144,5,5,0,1,0.76,109.44,Delivered
PO-10732,SKU-006,WH-CA1,SUP-001,2016-02-01,2016-02-06,2016-02-06,144,144,5,5,0,1,0.76,109.44,Delivered
PO-10733,SKU-006,WH-CA1,SUP-001,2016-02-19,2016-02-24,2016-02-24,144,144,5,5,0,1,0.76,109.44,Delivered
PO-10734,SKU-006,WH-CA1,SUP-001,2016-03-09,2016-03-14,2016-03-13,144,144,5,4,-1,1,0.76,109.44,Delivered
PO-10735,SKU-006,WH-CA1,SUP-001,2016-03-29,2016-04-03,2016-04-03,144,144,5,5,0,1,0.76,109.44,Delivered
PO-10736,SKU-006,WH-TX1,SUP-001,2014-05-01,2014-05-06,2014-05-06,96,96,5,5,0,1,0.76,72.96,Delivered
PO-10737,SKU-006,WH-TX1,SUP-001,2014-05-14,2014-05-19,2014-05-19,96,96,5,5,0,1,0.76,72.96,Delivered
PO-10738,SKU-006,WH-TX1,SUP-001,2014-05-26,2014-05-31,2014-05-31,96,96,5,5,0,1,0.76,72.96,Delivered
PO-10739,SKU-006,WH-TX1,SUP-001,2014-06-08,2014-06-13,2014-06-13,96,96,5,5,0,1,0.76,72.96,Delivered
PO-10740,SKU-006,WH-TX1,SUP-001,2014-06-20,2014-06-25,2014-06-25,96,96,5,5,0,1,0.76,72.96,Delivered
PO-10741,SKU-006,WH-TX1,SUP-001,2014-07-04,2014-07-09,2014-07-09,96,96,5,5,0,1,0.76,72.96,Delivered
PO-10742,SKU-006,WH-TX1,SUP-001,2014-07-19,2014-07-24,2014-07-24,96,96,5,5,0,1,0.76,72.96,Delivered
PO-10743,SKU-006,WH-TX1,SUP-001,2014-08-01,2014-08-06,2014-08-06,96,96,5,5,0,1,0.76,72.96,Delivered
PO-10744,SKU-006,WH-TX1,SUP-001,2014-08-14,2014-08-19,2014-08-19,96,96,5,5,0,1,0.76,72.96,Delivered
PO-10745,SKU-006,WH-TX1,SUP-001,2014-08-28,2014-09-02,2014-09-02,96,96,5,5,0,1,0.76,72.96,Delivered
PO-10746,SKU-006,WH-TX1,SUP-001,2014-09-10,2014-09-15,2014-09-14,96,96,5,4,-1,1,0.76,72.96,Delivered
PO-10747,SKU-006,WH-TX1,SUP-001,2014-09-22,2014-09-27,2014-09-27,96,96,5,5,0,1,0.76,72.96,Delivered
PO-10748,SKU-006,WH-TX1,SUP-001,2014-10-05,2014-10-10,2014-10-13,96,96,5,8,3,0,0.76,72.96,Delivered
PO-10749,SKU-006,WH-TX1,SUP-001,2014-10-18,2014-10-23,2014-10-23,96,96,5,5,0,1,0.76,72.96,Delivered
PO-10750,SKU-006,WH-TX1,SUP-001,2014-11-01,2014-11-06,2014-11-05,96,96,5,4,-1,1,0.76,72.96,Delivered
PO-10751,SKU-006,WH-TX1,SUP-001,2014-11-14,2014-11-19,2014-11-26,96,96,5,12,7,0,0.76,72.96,Delivered
PO-10752,SKU-006,WH-TX1,SUP-001,2014-11-28,2014-12-03,2014-12-02,96,96,5,4,-1,1,0.76,72.96,Delivered
PO-10753,SKU-006,WH-TX1,SUP-001,2014-12-11,2014-12-16,2014-12-16,96,96,5,5,0,1,0.76,72.96,Delivered
PO-10754,SKU-006,WH-TX1,SUP-001,2014-12-24,2014-12-29,2014-12-29,96,96,5,5,0,1,0.76,72.96,Delivered
PO-10755,SKU-006,WH-TX1,SUP-001,2015-01-06,2015-01-11,2015-01-11,96,96,5,5,0,1,0.76,72.96,Delivered
PO-10756,SKU-006,WH-TX1,SUP-001,2015-01-18,2015-01-23,2015-01-23,96,96,5,5,0,1,0.76,72.96,Delivered
PO-10757,SKU-006,WH-TX1,SUP-001,2015-01-31,2015-02-05,2015-02-05,96,96,5,5,0,1,0.76,72.96,Delivered
PO-10758,SKU-006,WH-TX1,SUP-001,2015-02-15,2015-02-20,2015-02-20,96,96,5,5,0,1,0.76,72.96,Delivered
PO-10759,SKU-006,WH-TX1,SUP-001,2015-02-28,2015-03-05,2015-03-05,96,96,5,5,0,1,0.76,72.96,Delivered
PO-10760,SKU-006,WH-TX1,SUP-001,2015-03-13,2015-03-18,2015-03-17,96,96,5,4,-1,1,0.76,72.96,Delivered
PO-10761,SKU-006,WH-TX1,SUP-001,2015-03-27,2015-04-01,2015-04-01,96,96,5,5,0,1,0.76,72.96,Delivered
PO-10762,SKU-006,WH-TX1,SUP-001,2015-04-09,2015-04-14,2015-04-14,96,96,5,5,0,1,0.76,72.96,Delivered
PO-10763,SKU-006,WH-TX1,SUP-001,2015-04-24,2015-04-29,2015-04-29,96,96,5,5,0,1,0.76,72.96,Delivered
PO-10764,SKU-006,WH-TX1,SUP-001,2015-05-09,2015-05-14,2015-05-14,96,96,5,5,0,1,0.76,72.96,Delivered
PO-10765,SKU-006,WH-TX1,SUP-001,2015-05-22,2015-05-27,2015-05-27,96,96,5,5,0,1,0.76,72.96,Delivered
PO-10766,SKU-006,WH-TX1,SUP-001,2015-06-06,2015-06-11,2015-06-11,96,96,5,5,0,1,0.76,72.96,Delivered
PO-10767,SKU-006,WH-TX1,SUP-001,2015-06-20,2015-06-25,2015-06-23,96,96,5,3,-2,1,0.76,72.96,Delivered
PO-10768,SKU-006,WH-TX1,SUP-001,2015-07-02,2015-07-07,2015-07-07,96,96,5,5,0,1,0.76,72.96,Delivered
PO-10769,SKU-006,WH-TX1,SUP-001,2015-07-16,2015-07-21,2015-07-21,96,96,5,5,0,1,0.76,72.96,Delivered
PO-10770,SKU-006,WH-TX1,SUP-001,2015-07-29,2015-08-03,2015-08-03,96,96,5,5,0,1,0.76,72.96,Delivered
PO-10771,SKU-006,WH-TX1,SUP-001,2015-08-11,2015-08-16,2015-08-16,96,96,5,5,0,1,0.76,72.96,Delivered
PO-10772,SKU-006,WH-TX1,SUP-001,2015-08-23,2015-08-28,2015-09-01,96,96,5,9,4,0,0.76,72.96,Delivered
PO-10773,SKU-006,WH-TX1,SUP-001,2015-09-07,2015-09-12,2015-09-12,96,96,5,5,0,1,0.76,72.96,Delivered
PO-10774,SKU-006,WH-TX1,SUP-001,2015-09-19,2015-09-24,2015-09-24,96,96,5,5,0,1,0.76,72.96,Delivered
PO-10775,SKU-006,WH-TX1,SUP-001,2015-10-03,2015-10-08,2015-10-08,96,96,5,5,0,1,0.76,72.96,Delivered
PO-10776,SKU-006,WH-TX1,SUP-001,2015-10-17,2015-10-22,2015-10-22,96,96,5,5,0,1,0.76,72.96,Delivered
PO-10777,SKU-006,WH-TX1,SUP-001,2015-10-30,2015-11-04,2015-11-03,96,96,5,4,-1,1,0.76,72.96,Delivered
PO-10778,SKU-006,WH-TX1,SUP-001,2015-11-11,2015-11-16,2015-11-15,96,96,5,4,-1,1,0.76,72.96,Delivered
PO-10779,SKU-006,WH-TX1,SUP-001,2015-11-23,2015-11-28,2015-11-28,96,96,5,5,0,1,0.76,72.96,Delivered
PO-10780,SKU-006,WH-TX1,SUP-001,2015-12-06,2015-12-11,2015-12-11,96,96,5,5,0,1,0.76,72.96,Delivered
PO-10781,SKU-006,WH-TX1,SUP-001,2015-12-19,2015-12-24,2015-12-24,96,96,5,5,0,1,0.76,72.96,Delivered
PO-10782,SKU-006,WH-TX1,SUP-001,2015-12-31,2016-01-05,2016-01-05,96,96,5,5,0,1,0.76,72.96,Delivered
PO-10783,SKU-006,WH-TX1,SUP-001,2016-01-13,2016-01-18,2016-01-18,96,96,5,5,0,1,0.76,72.96,Delivered
PO-10784,SKU-006,WH-TX1,SUP-001,2016-01-28,2016-02-02,2016-02-02,96,96,5,5,0,1,0.76,72.96,Delivered
PO-10785,SKU-006,WH-TX1,SUP-001,2016-02-12,2016-02-17,2016-02-16,96,96,5,4,-1,1,0.76,72.96,Delivered
PO-10786,SKU-006,WH-TX1,SUP-001,2016-02-26,2016-03-02,2016-03-05,96,96,5,8,3,0,0.76,72.96,Delivered
PO-10787,SKU-006,WH-TX1,SUP-001,2016-03-10,2016-03-15,2016-03-15,96,96,5,5,0,1,0.76,72.96,Delivered
PO-10788,SKU-006,WH-TX1,SUP-001,2016-03-22,2016-03-27,2016-03-25,96,96,5,3,-2,1,0.76,72.96,Delivered
PO-10789,SKU-006,WH-TX1,SUP-001,2016-04-04,2016-04-09,2016-04-09,96,96,5,5,0,1,0.76,72.96,Delivered
PO-10790,SKU-006,WH-WI1,SUP-001,2014-04-29,2014-05-04,2014-05-04,96,96,5,5,0,1,0.76,72.96,Delivered
PO-10791,SKU-006,WH-WI1,SUP-001,2014-05-19,2014-05-24,2014-05-24,96,96,5,5,0,1,0.76,72.96,Delivered
PO-10792,SKU-006,WH-WI1,SUP-001,2014-06-07,2014-06-12,2014-06-12,96,96,5,5,0,1,0.76,72.96,Delivered
PO-10793,SKU-006,WH-WI1,SUP-001,2014-06-27,2014-07-02,2014-07-01,96,96,5,4,-1,1,0.76,72.96,Delivered
PO-10794,SKU-006,WH-WI1,SUP-001,2014-07-18,2014-07-23,2014-07-22,96,96,5,4,-1,1,0.76,72.96,Delivered
PO-10795,SKU-006,WH-WI1,SUP-001,2014-08-06,2014-08-11,2014-08-11,96,96,5,5,0,1,0.76,72.96,Delivered
PO-10796,SKU-006,WH-WI1,SUP-001,2014-08-25,2014-08-30,2014-08-30,96,96,5,5,0,1,0.76,72.96,Delivered
PO-10797,SKU-006,WH-WI1,SUP-001,2014-09-16,2014-09-21,2014-09-21,96,96,5,5,0,1,0.76,72.96,Delivered
PO-10798,SKU-006,WH-WI1,SUP-001,2014-10-06,2014-10-11,2014-10-11,96,96,5,5,0,1,0.76,72.96,Delivered
PO-10799,SKU-006,WH-WI1,SUP-001,2014-10-26,2014-10-31,2014-10-31,96,96,5,5,0,1,0.76,72.96,Delivered
PO-10800,SKU-006,WH-WI1,SUP-001,2014-11-17,2014-11-22,2014-11-22,96,96,5,5,0,1,0.76,72.96,Delivered
PO-10801,SKU-006,WH-WI1,SUP-001,2014-12-07,2014-12-12,2014-12-12,96,96,5,5,0,1,0.76,72.96,Delivered
PO-10802,SKU-006,WH-WI1,SUP-001,2014-12-27,2015-01-01,2015-01-02,96,96,5,6,1,0,0.76,72.96,Delivered
PO-10803,SKU-006,WH-WI1,SUP-001,2015-01-17,2015-01-22,2015-01-22,96,96,5,5,0,1,0.76,72.96,Delivered
PO-10804,SKU-006,WH-WI1,SUP-001,2015-02-07,2015-02-12,2015-02-11,96,96,5,4,-1,1,0.76,72.96,Delivered
PO-10805,SKU-006,WH-WI1,SUP-001,2015-02-26,2015-03-03,2015-03-03,96,96,5,5,0,1,0.76,72.96,Delivered
PO-10806,SKU-006,WH-WI1,SUP-001,2015-03-19,2015-03-24,2015-03-24,96,96,5,5,0,1,0.76,72.96,Delivered
PO-10807,SKU-006,WH-WI1,SUP-001,2015-04-09,2015-04-14,2015-04-14,96,96,5,5,0,1,0.76,72.96,Delivered
PO-10808,SKU-006,WH-WI1,SUP-001,2015-04-30,2015-05-05,2015-05-05,96,96,5,5,0,1,0.76,72.96,Delivered
PO-10809,SKU-006,WH-WI1,SUP-001,2015-05-20,2015-05-25,2015-05-23,96,96,5,3,-2,1,0.76,72.96,Delivered
PO-10810,SKU-006,WH-WI1,SUP-001,2015-06-09,2015-06-14,2015-06-14,96,96,5,5,0,1,0.76,72.96,Delivered
PO-10811,SKU-006,WH-WI1,SUP-001,2015-06-29,2015-07-04,2015-07-04,96,96,5,5,0,1,0.76,72.96,Delivered
PO-10812,SKU-006,WH-WI1,SUP-001,2015-07-21,2015-07-26,2015-07-26,96,96,5,5,0,1,0.76,72.96,Delivered
PO-10813,SKU-006,WH-WI1,SUP-001,2015-08-11,2015-08-16,2015-08-16,96,96,5,5,0,1,0.76,72.96,Delivered
PO-10814,SKU-006,WH-WI1,SUP-001,2015-09-01,2015-09-06,2015-09-06,96,96,5,5,0,1,0.76,72.96,Delivered
PO-10815,SKU-006,WH-WI1,SUP-001,2015-09-21,2015-09-26,2015-09-26,96,96,5,5,0,1,0.76,72.96,Delivered
PO-10816,SKU-006,WH-WI1,SUP-001,2015-10-11,2015-10-16,2015-10-16,96,96,5,5,0,1,0.76,72.96,Delivered
PO-10817,SKU-006,WH-WI1,SUP-001,2015-10-31,2015-11-05,2015-11-05,96,96,5,5,0,1,0.76,72.96,Delivered
PO-10818,SKU-006,WH-WI1,SUP-001,2015-11-20,2015-11-25,2015-11-25,96,96,5,5,0,1,0.76,72.96,Delivered
PO-10819,SKU-006,WH-WI1,SUP-001,2015-12-09,2015-12-14,2015-12-13,96,96,5,4,-1,1,0.76,72.96,Delivered
PO-10820,SKU-006,WH-WI1,SUP-001,2015-12-31,2016-01-05,2016-01-05,96,96,5,5,0,1,0.76,72.96,Delivered
PO-10821,SKU-006,WH-WI1,SUP-001,2016-01-20,2016-01-25,2016-01-25,96,96,5,5,0,1,0.76,72.96,Delivered
PO-10822,SKU-006,WH-WI1,SUP-001,2016-02-09,2016-02-14,2016-02-12,96,96,5,3,-2,1,0.76,72.96,Delivered
PO-10823,SKU-006,WH-WI1,SUP-001,2016-02-29,2016-03-05,2016-03-05,96,96,5,5,0,1,0.76,72.96,Delivered
PO-10824,SKU-006,WH-WI1,SUP-001,2016-03-20,2016-03-25,2016-03-25,96,96,5,5,0,1,0.76,72.96,Delivered
PO-10825,SKU-006,WH-WI1,SUP-001,2016-04-09,2016-04-14,2016-04-14,96,96,5,5,0,1,0.76,72.96,Delivered
PO-10826,SKU-007,WH-CA1,SUP-002,2014-04-27,2014-05-01,2014-05-01,96,96,4,4,0,1,2.36,226.56,Delivered
PO-10827,SKU-007,WH-CA1,SUP-002,2014-05-12,2014-05-16,2014-05-16,96,96,4,4,0,1,2.36,226.56,Delivered
PO-10828,SKU-007,WH-CA1,SUP-002,2014-05-25,2014-05-29,2014-05-29,96,96,4,4,0,1,2.36,226.56,Delivered
PO-10829,SKU-007,WH-CA1,SUP-002,2014-06-07,2014-06-11,2014-06-11,96,96,4,4,0,1,2.36,226.56,Delivered
PO-10830,SKU-007,WH-CA1,SUP-002,2014-06-22,2014-06-26,2014-06-25,96,96,4,3,-1,1,2.36,226.56,Delivered
PO-10831,SKU-007,WH-CA1,SUP-002,2014-07-04,2014-07-08,2014-07-08,96,96,4,4,0,1,2.36,226.56,Delivered
PO-10832,SKU-007,WH-CA1,SUP-002,2014-07-17,2014-07-21,2014-07-21,96,96,4,4,0,1,2.36,226.56,Delivered
PO-10833,SKU-007,WH-CA1,SUP-002,2014-07-30,2014-08-03,2014-08-03,96,96,4,4,0,1,2.36,226.56,Delivered
PO-10834,SKU-007,WH-CA1,SUP-002,2014-08-12,2014-08-16,2014-08-16,96,96,4,4,0,1,2.36,226.56,Delivered
PO-10835,SKU-007,WH-CA1,SUP-002,2014-08-25,2014-08-29,2014-08-29,96,96,4,4,0,1,2.36,226.56,Delivered
PO-10836,SKU-007,WH-CA1,SUP-002,2014-09-06,2014-09-10,2014-09-10,96,96,4,4,0,1,2.36,226.56,Delivered
PO-10837,SKU-007,WH-CA1,SUP-002,2014-09-19,2014-09-23,2014-09-23,96,96,4,4,0,1,2.36,226.56,Delivered
PO-10838,SKU-007,WH-CA1,SUP-002,2014-10-03,2014-10-07,2014-10-06,96,96,4,3,-1,1,2.36,226.56,Delivered
PO-10839,SKU-007,WH-CA1,SUP-002,2014-10-15,2014-10-19,2014-10-18,96,96,4,3,-1,1,2.36,226.56,Delivered
PO-10840,SKU-007,WH-CA1,SUP-002,2014-10-29,2014-11-02,2014-11-02,96,96,4,4,0,1,2.36,226.56,Delivered
PO-10841,SKU-007,WH-CA1,SUP-002,2014-11-11,2014-11-15,2014-11-15,96,96,4,4,0,1,2.36,226.56,Delivered
PO-10842,SKU-007,WH-CA1,SUP-002,2014-11-26,2014-11-30,2014-11-29,96,96,4,3,-1,1,2.36,226.56,Delivered
PO-10843,SKU-007,WH-CA1,SUP-002,2014-12-08,2014-12-12,2014-12-11,96,96,4,3,-1,1,2.36,226.56,Delivered
PO-10844,SKU-007,WH-CA1,SUP-002,2014-12-23,2014-12-27,2014-12-27,96,96,4,4,0,1,2.36,226.56,Delivered
PO-10845,SKU-007,WH-CA1,SUP-002,2015-01-05,2015-01-09,2015-01-09,96,96,4,4,0,1,2.36,226.56,Delivered
PO-10846,SKU-007,WH-CA1,SUP-002,2015-01-18,2015-01-22,2015-01-22,96,96,4,4,0,1,2.36,226.56,Delivered
PO-10847,SKU-007,WH-CA1,SUP-002,2015-01-31,2015-02-04,2015-02-04,96,96,4,4,0,1,2.36,226.56,Delivered
PO-10848,SKU-007,WH-CA1,SUP-002,2015-02-12,2015-02-16,2015-02-16,96,96,4,4,0,1,2.36,226.56,Delivered
PO-10849,SKU-007,WH-CA1,SUP-002,2015-02-25,2015-03-01,2015-03-01,96,96,4,4,0,1,2.36,226.56,Delivered
PO-10850,SKU-007,WH-CA1,SUP-002,2015-03-10,2015-03-14,2015-03-14,96,96,4,4,0,1,2.36,226.56,Delivered
PO-10851,SKU-007,WH-CA1,SUP-002,2015-03-22,2015-03-26,2015-03-26,96,96,4,4,0,1,2.36,226.56,Delivered
PO-10852,SKU-007,WH-CA1,SUP-002,2015-04-04,2015-04-08,2015-04-08,96,96,4,4,0,1,2.36,226.56,Delivered
PO-10853,SKU-007,WH-CA1,SUP-002,2015-04-17,2015-04-21,2015-04-21,96,96,4,4,0,1,2.36,226.56,Delivered
PO-10854,SKU-007,WH-CA1,SUP-002,2015-04-29,2015-05-03,2015-05-03,96,96,4,4,0,1,2.36,226.56,Delivered
PO-10855,SKU-007,WH-CA1,SUP-002,2015-05-14,2015-05-18,2015-05-18,96,96,4,4,0,1,2.36,226.56,Delivered
PO-10856,SKU-007,WH-CA1,SUP-002,2015-05-29,2015-06-02,2015-06-02,96,96,4,4,0,1,2.36,226.56,Delivered
PO-10857,SKU-007,WH-CA1,SUP-002,2015-06-10,2015-06-14,2015-06-13,96,96,4,3,-1,1,2.36,226.56,Delivered
PO-10858,SKU-007,WH-CA1,SUP-002,2015-06-24,2015-06-28,2015-06-28,96,96,4,4,0,1,2.36,226.56,Delivered
PO-10859,SKU-007,WH-CA1,SUP-002,2015-07-06,2015-07-10,2015-07-10,96,96,4,4,0,1,2.36,226.56,Delivered
PO-10860,SKU-007,WH-CA1,SUP-002,2015-07-18,2015-07-22,2015-07-22,96,96,4,4,0,1,2.36,226.56,Delivered
PO-10861,SKU-007,WH-CA1,SUP-002,2015-07-31,2015-08-04,2015-08-04,96,96,4,4,0,1,2.36,226.56,Delivered
PO-10862,SKU-007,WH-CA1,SUP-002,2015-08-13,2015-08-17,2015-08-16,96,96,4,3,-1,1,2.36,226.56,Delivered
PO-10863,SKU-007,WH-CA1,SUP-002,2015-08-28,2015-09-01,2015-09-01,96,96,4,4,0,1,2.36,226.56,Delivered
PO-10864,SKU-007,WH-CA1,SUP-002,2015-09-09,2015-09-13,2015-09-13,96,96,4,4,0,1,2.36,226.56,Delivered
PO-10865,SKU-007,WH-CA1,SUP-002,2015-09-23,2015-09-27,2015-09-27,96,96,4,4,0,1,2.36,226.56,Delivered
PO-10866,SKU-007,WH-CA1,SUP-002,2015-10-08,2015-10-12,2015-10-13,96,96,4,5,1,0,2.36,226.56,Delivered
PO-10867,SKU-007,WH-CA1,SUP-002,2015-10-22,2015-10-26,2015-10-25,96,96,4,3,-1,1,2.36,226.56,Delivered
PO-10868,SKU-007,WH-CA1,SUP-002,2015-11-04,2015-11-08,2015-11-07,96,96,4,3,-1,1,2.36,226.56,Delivered
PO-10869,SKU-007,WH-CA1,SUP-002,2015-11-18,2015-11-22,2015-11-22,96,96,4,4,0,1,2.36,226.56,Delivered
PO-10870,SKU-007,WH-CA1,SUP-002,2015-12-01,2015-12-05,2015-12-04,96,96,4,3,-1,1,2.36,226.56,Delivered
PO-10871,SKU-007,WH-CA1,SUP-002,2015-12-13,2015-12-17,2015-12-17,96,96,4,4,0,1,2.36,226.56,Delivered
PO-10872,SKU-007,WH-CA1,SUP-002,2015-12-25,2015-12-29,2015-12-29,96,96,4,4,0,1,2.36,226.56,Delivered
PO-10873,SKU-007,WH-CA1,SUP-002,2016-01-09,2016-01-13,2016-01-13,96,96,4,4,0,1,2.36,226.56,Delivered
PO-10874,SKU-007,WH-CA1,SUP-002,2016-01-22,2016-01-26,2016-01-26,96,96,4,4,0,1,2.36,226.56,Delivered
PO-10875,SKU-007,WH-CA1,SUP-002,2016-02-04,2016-02-08,2016-02-08,96,96,4,4,0,1,2.36,226.56,Delivered
PO-10876,SKU-007,WH-CA1,SUP-002,2016-02-19,2016-02-23,2016-02-23,96,96,4,4,0,1,2.36,226.56,Delivered
PO-10877,SKU-007,WH-CA1,SUP-002,2016-03-04,2016-03-08,2016-03-08,96,96,4,4,0,1,2.36,226.56,Delivered
PO-10878,SKU-007,WH-CA1,SUP-002,2016-03-17,2016-03-21,2016-03-20,96,96,4,3,-1,1,2.36,226.56,Delivered
PO-10879,SKU-007,WH-CA1,SUP-002,2016-03-30,2016-04-03,2016-04-03,96,96,4,4,0,1,2.36,226.56,Delivered
PO-10880,SKU-007,WH-TX1,SUP-002,2014-04-27,2014-05-01,2014-04-30,96,96,4,3,-1,1,2.36,226.56,Delivered
PO-10881,SKU-007,WH-TX1,SUP-002,2014-05-11,2014-05-15,2014-05-15,96,96,4,4,0,1,2.36,226.56,Delivered
PO-10882,SKU-007,WH-TX1,SUP-002,2014-05-23,2014-05-27,2014-05-27,96,96,4,4,0,1,2.36,226.56,Delivered
PO-10883,SKU-007,WH-TX1,SUP-002,2014-06-03,2014-06-07,2014-06-07,96,96,4,4,0,1,2.36,226.56,Delivered
PO-10884,SKU-007,WH-TX1,SUP-002,2014-06-15,2014-06-19,2014-06-19,96,96,4,4,0,1,2.36,226.56,Delivered
PO-10885,SKU-007,WH-TX1,SUP-002,2014-06-26,2014-06-30,2014-06-30,96,96,4,4,0,1,2.36,226.56,Delivered
PO-10886,SKU-007,WH-TX1,SUP-002,2014-07-07,2014-07-11,2014-07-11,96,96,4,4,0,1,2.36,226.56,Delivered
PO-10887,SKU-007,WH-TX1,SUP-002,2014-07-21,2014-07-25,2014-07-25,96,96,4,4,0,1,2.36,226.56,Delivered
PO-10888,SKU-007,WH-TX1,SUP-002,2014-08-02,2014-08-06,2014-08-06,96,96,4,4,0,1,2.36,226.56,Delivered
PO-10889,SKU-007,WH-TX1,SUP-002,2014-08-15,2014-08-19,2014-08-18,96,96,4,3,-1,1,2.36,226.56,Delivered
PO-10890,SKU-007,WH-TX1,SUP-002,2014-08-27,2014-08-31,2014-08-31,96,96,4,4,0,1,2.36,226.56,Delivered
PO-10891,SKU-007,WH-TX1,SUP-002,2014-09-10,2014-09-14,2014-09-13,96,96,4,3,-1,1,2.36,226.56,Delivered
PO-10892,SKU-007,WH-TX1,SUP-002,2014-09-22,2014-09-26,2014-09-26,96,96,4,4,0,1,2.36,226.56,Delivered
PO-10893,SKU-007,WH-TX1,SUP-002,2014-10-04,2014-10-08,2014-10-08,96,96,4,4,0,1,2.36,226.56,Delivered
PO-10894,SKU-007,WH-TX1,SUP-002,2014-10-15,2014-10-19,2014-10-19,96,96,4,4,0,1,2.36,226.56,Delivered
PO-10895,SKU-007,WH-TX1,SUP-002,2014-10-28,2014-11-01,2014-11-01,96,96,4,4,0,1,2.36,226.56,Delivered
PO-10896,SKU-007,WH-TX1,SUP-002,2014-11-11,2014-11-15,2014-11-15,96,96,4,4,0,1,2.36,226.56,Delivered
PO-10897,SKU-007,WH-TX1,SUP-002,2014-11-23,2014-11-27,2014-11-26,96,96,4,3,-1,1,2.36,226.56,Delivered
PO-10898,SKU-007,WH-TX1,SUP-002,2014-12-06,2014-12-10,2014-12-10,96,96,4,4,0,1,2.36,226.56,Delivered
PO-10899,SKU-007,WH-TX1,SUP-002,2014-12-18,2014-12-22,2014-12-22,96,96,4,4,0,1,2.36,226.56,Delivered
PO-10900,SKU-007,WH-TX1,SUP-002,2015-01-01,2015-01-05,2015-01-05,96,96,4,4,0,1,2.36,226.56,Delivered
PO-10901,SKU-007,WH-TX1,SUP-002,2015-01-15,2015-01-19,2015-01-19,96,96,4,4,0,1,2.36,226.56,Delivered
PO-10902,SKU-007,WH-TX1,SUP-002,2015-01-28,2015-02-01,2015-02-01,96,96,4,4,0,1,2.36,226.56,Delivered
PO-10903,SKU-007,WH-TX1,SUP-002,2015-02-08,2015-02-12,2015-02-12,96,96,4,4,0,1,2.36,226.56,Delivered
PO-10904,SKU-007,WH-TX1,SUP-002,2015-02-20,2015-02-24,2015-03-02,96,96,4,10,6,0,2.36,226.56,Delivered
PO-10905,SKU-007,WH-TX1,SUP-002,2015-03-05,2015-03-09,2015-03-09,96,96,4,4,0,1,2.36,226.56,Delivered
PO-10906,SKU-007,WH-TX1,SUP-002,2015-03-17,2015-03-21,2015-03-21,96,96,4,4,0,1,2.36,226.56,Delivered
PO-10907,SKU-007,WH-TX1,SUP-002,2015-03-28,2015-04-01,2015-04-01,96,96,4,4,0,1,2.36,226.56,Delivered
PO-10908,SKU-007,WH-TX1,SUP-002,2015-04-08,2015-04-12,2015-04-12,96,96,4,4,0,1,2.36,226.56,Delivered
PO-10909,SKU-007,WH-TX1,SUP-002,2015-04-19,2015-04-23,2015-04-23,96,96,4,4,0,1,2.36,226.56,Delivered
PO-10910,SKU-007,WH-TX1,SUP-002,2015-05-01,2015-05-05,2015-05-05,96,96,4,4,0,1,2.36,226.56,Delivered
PO-10911,SKU-007,WH-TX1,SUP-002,2015-05-15,2015-05-19,2015-05-19,96,96,4,4,0,1,2.36,226.56,Delivered
PO-10912,SKU-007,WH-TX1,SUP-002,2015-05-29,2015-06-02,2015-06-02,96,96,4,4,0,1,2.36,226.56,Delivered
PO-10913,SKU-007,WH-TX1,SUP-002,2015-06-12,2015-06-16,2015-06-15,96,96,4,3,-1,1,2.36,226.56,Delivered
PO-10914,SKU-007,WH-TX1,SUP-002,2015-06-26,2015-06-30,2015-06-30,96,96,4,4,0,1,2.36,226.56,Delivered
PO-10915,SKU-007,WH-TX1,SUP-002,2015-07-08,2015-07-12,2015-07-12,96,96,4,4,0,1,2.36,226.56,Delivered
PO-10916,SKU-007,WH-TX1,SUP-002,2015-07-21,2015-07-25,2015-07-25,96,96,4,4,0,1,2.36,226.56,Delivered
PO-10917,SKU-007,WH-TX1,SUP-002,2015-08-03,2015-08-07,2015-08-07,96,96,4,4,0,1,2.36,226.56,Delivered
PO-10918,SKU-007,WH-TX1,SUP-002,2015-08-15,2015-08-19,2015-08-19,96,96,4,4,0,1,2.36,226.56,Delivered
PO-10919,SKU-007,WH-TX1,SUP-002,2015-08-27,2015-08-31,2015-08-31,96,96,4,4,0,1,2.36,226.56,Delivered
PO-10920,SKU-007,WH-TX1,SUP-002,2015-09-08,2015-09-12,2015-09-12,96,96,4,4,0,1,2.36,226.56,Delivered
PO-10921,SKU-007,WH-TX1,SUP-002,2015-09-21,2015-09-25,2015-09-25,96,96,4,4,0,1,2.36,226.56,Delivered
PO-10922,SKU-007,WH-TX1,SUP-002,2015-10-03,2015-10-07,2015-10-07,96,96,4,4,0,1,2.36,226.56,Delivered
PO-10923,SKU-007,WH-TX1,SUP-002,2015-10-15,2015-10-19,2015-10-19,96,96,4,4,0,1,2.36,226.56,Delivered
PO-10924,SKU-007,WH-TX1,SUP-002,2015-10-28,2015-11-01,2015-11-01,96,96,4,4,0,1,2.36,226.56,Delivered
PO-10925,SKU-007,WH-TX1,SUP-002,2015-11-09,2015-11-13,2015-11-13,96,96,4,4,0,1,2.36,226.56,Delivered
PO-10926,SKU-007,WH-TX1,SUP-002,2015-11-21,2015-11-25,2015-11-25,96,96,4,4,0,1,2.36,226.56,Delivered
PO-10927,SKU-007,WH-TX1,SUP-002,2015-12-05,2015-12-09,2015-12-08,96,96,4,3,-1,1,2.36,226.56,Delivered
PO-10928,SKU-007,WH-TX1,SUP-002,2015-12-19,2015-12-23,2015-12-23,96,96,4,4,0,1,2.36,226.56,Delivered
PO-10929,SKU-007,WH-TX1,SUP-002,2015-12-31,2016-01-04,2016-01-04,96,96,4,4,0,1,2.36,226.56,Delivered
PO-10930,SKU-007,WH-TX1,SUP-002,2016-01-12,2016-01-16,2016-01-16,96,96,4,4,0,1,2.36,226.56,Delivered
PO-10931,SKU-007,WH-TX1,SUP-002,2016-01-24,2016-01-28,2016-01-27,96,96,4,3,-1,1,2.36,226.56,Delivered
PO-10932,SKU-007,WH-TX1,SUP-002,2016-02-05,2016-02-09,2016-02-09,96,96,4,4,0,1,2.36,226.56,Delivered
PO-10933,SKU-007,WH-TX1,SUP-002,2016-02-19,2016-02-23,2016-02-23,96,96,4,4,0,1,2.36,226.56,Delivered
PO-10934,SKU-007,WH-TX1,SUP-002,2016-03-01,2016-03-05,2016-03-05,96,96,4,4,0,1,2.36,226.56,Delivered
PO-10935,SKU-007,WH-TX1,SUP-002,2016-03-14,2016-03-18,2016-03-18,96,96,4,4,0,1,2.36,226.56,Delivered
PO-10936,SKU-007,WH-TX1,SUP-002,2016-03-27,2016-03-31,2016-03-31,96,96,4,4,0,1,2.36,226.56,Delivered
PO-10937,SKU-007,WH-TX1,SUP-002,2016-04-08,2016-04-12,2016-04-12,96,96,4,4,0,1,2.36,226.56,Delivered
PO-10938,SKU-007,WH-WI1,SUP-002,2014-05-03,2014-05-07,2014-05-07,96,96,4,4,0,1,2.36,226.56,Delivered
PO-10939,SKU-007,WH-WI1,SUP-002,2014-05-22,2014-05-26,2014-05-26,96,96,4,4,0,1,2.36,226.56,Delivered
PO-10940,SKU-007,WH-WI1,SUP-002,2014-06-13,2014-06-17,2014-06-16,96,96,4,3,-1,1,2.36,226.56,Delivered
PO-10941,SKU-007,WH-WI1,SUP-002,2014-07-05,2014-07-09,2014-07-09,96,96,4,4,0,1,2.36,226.56,Delivered
PO-10942,SKU-007,WH-WI1,SUP-002,2014-07-26,2014-07-30,2014-07-30,96,96,4,4,0,1,2.36,226.56,Delivered
PO-10943,SKU-007,WH-WI1,SUP-002,2014-08-15,2014-08-19,2014-08-19,96,96,4,4,0,1,2.36,226.56,Delivered
PO-10944,SKU-007,WH-WI1,SUP-002,2014-09-03,2014-09-07,2014-09-07,96,96,4,4,0,1,2.36,226.56,Delivered
PO-10945,SKU-007,WH-WI1,SUP-002,2014-09-24,2014-09-28,2014-09-28,96,96,4,4,0,1,2.36,226.56,Delivered
PO-10946,SKU-007,WH-WI1,SUP-002,2014-10-13,2014-10-17,2014-10-16,96,96,4,3,-1,1,2.36,226.56,Delivered
PO-10947,SKU-007,WH-WI1,SUP-002,2014-11-04,2014-11-08,2014-11-08,96,96,4,4,0,1,2.36,226.56,Delivered
PO-10948,SKU-007,WH-WI1,SUP-002,2014-11-24,2014-11-28,2014-11-28,96,96,4,4,0,1,2.36,226.56,Delivered
PO-10949,SKU-007,WH-WI1,SUP-002,2014-12-14,2014-12-18,2014-12-18,96,96,4,4,0,1,2.36,226.56,Delivered
PO-10950,SKU-007,WH-WI1,SUP-002,2015-01-02,2015-01-06,2015-01-06,96,96,4,4,0,1,2.36,226.56,Delivered
PO-10951,SKU-007,WH-WI1,SUP-002,2015-01-24,2015-01-28,2015-01-27,96,96,4,3,-1,1,2.36,226.56,Delivered
PO-10952,SKU-007,WH-WI1,SUP-002,2015-02-14,2015-02-18,2015-02-18,96,96,4,4,0,1,2.36,226.56,Delivered
PO-10953,SKU-007,WH-WI1,SUP-002,2015-03-07,2015-03-11,2015-03-11,96,96,4,4,0,1,2.36,226.56,Delivered
PO-10954,SKU-007,WH-WI1,SUP-002,2015-03-29,2015-04-02,2015-04-02,96,96,4,4,0,1,2.36,226.56,Delivered
PO-10955,SKU-007,WH-WI1,SUP-002,2015-04-18,2015-04-22,2015-04-22,96,96,4,4,0,1,2.36,226.56,Delivered
PO-10956,SKU-007,WH-WI1,SUP-002,2015-05-09,2015-05-13,2015-05-13,96,96,4,4,0,1,2.36,226.56,Delivered
PO-10957,SKU-007,WH-WI1,SUP-002,2015-05-29,2015-06-02,2015-06-02,96,96,4,4,0,1,2.36,226.56,Delivered
PO-10958,SKU-007,WH-WI1,SUP-002,2015-06-18,2015-06-22,2015-06-21,96,96,4,3,-1,1,2.36,226.56,Delivered
PO-10959,SKU-007,WH-WI1,SUP-002,2015-07-09,2015-07-13,2015-07-13,96,96,4,4,0,1,2.36,226.56,Delivered
PO-10960,SKU-007,WH-WI1,SUP-002,2015-07-28,2015-08-01,2015-07-31,96,96,4,3,-1,1,2.36,226.56,Delivered
PO-10961,SKU-007,WH-WI1,SUP-002,2015-08-17,2015-08-21,2015-08-21,96,96,4,4,0,1,2.36,226.56,Delivered
PO-10962,SKU-007,WH-WI1,SUP-002,2015-09-05,2015-09-09,2015-09-09,96,96,4,4,0,1,2.36,226.56,Delivered
PO-10963,SKU-007,WH-WI1,SUP-002,2015-09-25,2015-09-29,2015-09-29,96,96,4,4,0,1,2.36,226.56,Delivered
PO-10964,SKU-007,WH-WI1,SUP-002,2015-10-14,2015-10-18,2015-10-18,96,96,4,4,0,1,2.36,226.56,Delivered
PO-10965,SKU-007,WH-WI1,SUP-002,2015-11-02,2015-11-06,2015-11-06,96,96,4,4,0,1,2.36,226.56,Delivered
PO-10966,SKU-007,WH-WI1,SUP-002,2015-11-23,2015-11-27,2015-11-27,96,96,4,4,0,1,2.36,226.56,Delivered
PO-10967,SKU-007,WH-WI1,SUP-002,2015-12-13,2015-12-17,2015-12-17,96,96,4,4,0,1,2.36,226.56,Delivered
PO-10968,SKU-007,WH-WI1,SUP-002,2016-01-02,2016-01-06,2016-01-05,96,96,4,3,-1,1,2.36,226.56,Delivered
PO-10969,SKU-007,WH-WI1,SUP-002,2016-01-22,2016-01-26,2016-01-26,96,96,4,4,0,1,2.36,226.56,Delivered
PO-10970,SKU-007,WH-WI1,SUP-002,2016-02-13,2016-02-17,2016-02-17,96,96,4,4,0,1,2.36,226.56,Delivered
PO-10971,SKU-007,WH-WI1,SUP-002,2016-03-04,2016-03-08,2016-03-08,96,96,4,4,0,1,2.36,226.56,Delivered
PO-10972,SKU-007,WH-WI1,SUP-002,2016-03-26,2016-03-30,2016-03-30,96,96,4,4,0,1,2.36,226.56,Delivered
PO-10973,SKU-008,WH-CA1,SUP-003,2014-05-01,2014-05-08,2014-05-08,96,96,7,7,0,1,1.41,135.36,Delivered
PO-10974,SKU-008,WH-CA1,SUP-003,2014-05-21,2014-05-28,2014-05-28,96,96,7,7,0,1,1.41,135.36,Delivered
PO-10975,SKU-008,WH-CA1,SUP-003,2014-06-09,2014-06-16,2014-06-15,96,96,7,6,-1,1,1.41,135.36,Delivered
PO-10976,SKU-008,WH-CA1,SUP-003,2014-06-28,2014-07-05,2014-07-05,96,96,7,7,0,1,1.41,135.36,Delivered
PO-10977,SKU-008,WH-CA1,SUP-003,2014-07-17,2014-07-24,2014-07-24,96,96,7,7,0,1,1.41,135.36,Delivered
PO-10978,SKU-008,WH-CA1,SUP-003,2014-08-03,2014-08-10,2014-08-10,96,96,7,7,0,1,1.41,135.36,Delivered
PO-10979,SKU-008,WH-CA1,SUP-003,2014-08-20,2014-08-27,2014-08-27,96,96,7,7,0,1,1.41,135.36,Delivered
PO-10980,SKU-008,WH-CA1,SUP-003,2014-09-07,2014-09-14,2014-09-14,96,96,7,7,0,1,1.41,135.36,Delivered
PO-10981,SKU-008,WH-CA1,SUP-003,2014-09-25,2014-10-02,2014-10-01,96,96,7,6,-1,1,1.41,135.36,Delivered
PO-10982,SKU-008,WH-CA1,SUP-003,2014-10-12,2014-10-19,2014-10-19,96,96,7,7,0,1,1.41,135.36,Delivered
PO-10983,SKU-008,WH-CA1,SUP-003,2014-10-30,2014-11-06,2014-11-06,96,96,7,7,0,1,1.41,135.36,Delivered
PO-10984,SKU-008,WH-CA1,SUP-003,2014-11-17,2014-11-24,2014-11-24,96,96,7,7,0,1,1.41,135.36,Delivered
PO-10985,SKU-008,WH-CA1,SUP-003,2014-12-05,2014-12-12,2014-12-12,96,96,7,7,0,1,1.41,135.36,Delivered
PO-10986,SKU-008,WH-CA1,SUP-003,2014-12-22,2014-12-29,2014-12-29,96,96,7,7,0,1,1.41,135.36,Delivered
PO-10987,SKU-008,WH-CA1,SUP-003,2015-01-09,2015-01-16,2015-01-16,96,96,7,7,0,1,1.41,135.36,Delivered
PO-10988,SKU-008,WH-CA1,SUP-003,2015-01-26,2015-02-02,2015-02-02,96,96,7,7,0,1,1.41,135.36,Delivered
PO-10989,SKU-008,WH-CA1,SUP-003,2015-02-12,2015-02-19,2015-02-19,96,96,7,7,0,1,1.41,135.36,Delivered
PO-10990,SKU-008,WH-CA1,SUP-003,2015-03-02,2015-03-09,2015-03-08,96,96,7,6,-1,1,1.41,135.36,Delivered
PO-10991,SKU-008,WH-CA1,SUP-003,2015-03-22,2015-03-29,2015-03-26,96,96,7,4,-3,1,1.41,135.36,Delivered
PO-10992,SKU-008,WH-CA1,SUP-003,2015-04-08,2015-04-15,2015-04-15,96,96,7,7,0,1,1.41,135.36,Delivered
PO-10993,SKU-008,WH-CA1,SUP-003,2015-04-25,2015-05-02,2015-05-02,96,96,7,7,0,1,1.41,135.36,Delivered
PO-10994,SKU-008,WH-CA1,SUP-003,2015-05-14,2015-05-21,2015-05-21,96,96,7,7,0,1,1.41,135.36,Delivered
PO-10995,SKU-008,WH-CA1,SUP-003,2015-05-31,2015-06-07,2015-06-07,96,96,7,7,0,1,1.41,135.36,Delivered
PO-10996,SKU-008,WH-CA1,SUP-003,2015-06-20,2015-06-27,2015-06-27,96,96,7,7,0,1,1.41,135.36,Delivered
PO-10997,SKU-008,WH-CA1,SUP-003,2015-07-08,2015-07-15,2015-07-15,96,96,7,7,0,1,1.41,135.36,Delivered
PO-10998,SKU-008,WH-CA1,SUP-003,2015-07-25,2015-08-01,2015-08-01,96,96,7,7,0,1,1.41,135.36,Delivered
PO-10999,SKU-008,WH-CA1,SUP-003,2015-08-14,2015-08-21,2015-08-21,96,96,7,7,0,1,1.41,135.36,Delivered
PO-11000,SKU-008,WH-CA1,SUP-003,2015-09-03,2015-09-10,2015-09-09,96,96,7,6,-1,1,1.41,135.36,Delivered
PO-11001,SKU-008,WH-CA1,SUP-003,2015-09-21,2015-09-28,2015-09-28,96,96,7,7,0,1,1.41,135.36,Delivered
PO-11002,SKU-008,WH-CA1,SUP-003,2015-10-09,2015-10-16,2015-10-17,96,96,7,8,1,0,1.41,135.36,Delivered
PO-11003,SKU-008,WH-CA1,SUP-003,2015-10-28,2015-11-04,2015-11-04,96,96,7,7,0,1,1.41,135.36,Delivered
PO-11004,SKU-008,WH-CA1,SUP-003,2015-11-15,2015-11-22,2015-11-20,96,96,7,5,-2,1,1.41,135.36,Delivered
PO-11005,SKU-008,WH-CA1,SUP-003,2015-12-03,2015-12-10,2015-12-10,96,96,7,7,0,1,1.41,135.36,Delivered
PO-11006,SKU-008,WH-CA1,SUP-003,2015-12-21,2015-12-28,2015-12-27,96,96,7,6,-1,1,1.41,135.36,Delivered
PO-11007,SKU-008,WH-CA1,SUP-003,2016-01-09,2016-01-16,2016-01-14,96,96,7,5,-2,1,1.41,135.36,Delivered
PO-11008,SKU-008,WH-CA1,SUP-003,2016-01-28,2016-02-04,2016-02-04,96,96,7,7,0,1,1.41,135.36,Delivered
PO-11009,SKU-008,WH-CA1,SUP-003,2016-02-15,2016-02-22,2016-02-21,96,96,7,6,-1,1,1.41,135.36,Delivered
PO-11010,SKU-008,WH-CA1,SUP-003,2016-03-06,2016-03-13,2016-03-12,96,96,7,6,-1,1,1.41,135.36,Delivered
PO-11011,SKU-008,WH-CA1,SUP-003,2016-03-25,2016-04-01,2016-04-01,96,96,7,7,0,1,1.41,135.36,Delivered
PO-11012,SKU-008,WH-TX1,SUP-003,2014-05-04,2014-05-11,2014-05-11,96,96,7,7,0,1,1.41,135.36,Delivered
PO-11013,SKU-008,WH-TX1,SUP-003,2014-05-26,2014-06-02,2014-06-01,96,96,7,6,-1,1,1.41,135.36,Delivered
PO-11014,SKU-008,WH-TX1,SUP-003,2014-06-15,2014-06-22,2014-06-22,96,96,7,7,0,1,1.41,135.36,Delivered
PO-11015,SKU-008,WH-TX1,SUP-003,2014-07-08,2014-07-15,2014-07-15,96,96,7,7,0,1,1.41,135.36,Delivered
PO-11016,SKU-008,WH-TX1,SUP-003,2014-07-29,2014-08-05,2014-08-05,96,96,7,7,0,1,1.41,135.36,Delivered
PO-11017,SKU-008,WH-TX1,SUP-003,2014-08-20,2014-08-27,2014-08-27,96,96,7,7,0,1,1.41,135.36,Delivered
PO-11018,SKU-008,WH-TX1,SUP-003,2014-09-10,2014-09-17,2014-09-16,96,96,7,6,-1,1,1.41,135.36,Delivered
PO-11019,SKU-008,WH-TX1,SUP-003,2014-10-01,2014-10-08,2014-10-07,96,96,7,6,-1,1,1.41,135.36,Delivered
PO-11020,SKU-008,WH-TX1,SUP-003,2014-10-22,2014-10-29,2014-10-29,96,96,7,7,0,1,1.41,135.36,Delivered
PO-11021,SKU-008,WH-TX1,SUP-003,2014-11-11,2014-11-18,2014-11-18,96,96,7,7,0,1,1.41,135.36,Delivered
PO-11022,SKU-008,WH-TX1,SUP-003,2014-12-03,2014-12-10,2014-12-10,96,96,7,7,0,1,1.41,135.36,Delivered
PO-11023,SKU-008,WH-TX1,SUP-003,2014-12-25,2015-01-01,2015-01-01,96,96,7,7,0,1,1.41,135.36,Delivered
PO-11024,SKU-008,WH-TX1,SUP-003,2015-01-16,2015-01-23,2015-01-23,96,96,7,7,0,1,1.41,135.36,Delivered
PO-11025,SKU-008,WH-TX1,SUP-003,2015-02-06,2015-02-13,2015-02-13,96,96,7,7,0,1,1.41,135.36,Delivered
PO-11026,SKU-008,WH-TX1,SUP-003,2015-02-26,2015-03-05,2015-03-05,96,96,7,7,0,1,1.41,135.36,Delivered
PO-11027,SKU-008,WH-TX1,SUP-003,2015-03-19,2015-03-26,2015-03-25,96,96,7,6,-1,1,1.41,135.36,Delivered
PO-11028,SKU-008,WH-TX1,SUP-003,2015-04-11,2015-04-18,2015-04-17,96,96,7,6,-1,1,1.41,135.36,Delivered
PO-11029,SKU-008,WH-TX1,SUP-003,2015-05-01,2015-05-08,2015-05-08,96,96,7,7,0,1,1.41,135.36,Delivered
PO-11030,SKU-008,WH-TX1,SUP-003,2015-05-22,2015-05-29,2015-05-29,96,96,7,7,0,1,1.41,135.36,Delivered
PO-11031,SKU-008,WH-TX1,SUP-003,2015-06-11,2015-06-18,2015-06-16,96,96,7,5,-2,1,1.41,135.36,Delivered
PO-11032,SKU-008,WH-TX1,SUP-003,2015-07-02,2015-07-09,2015-07-09,96,96,7,7,0,1,1.41,135.36,Delivered
PO-11033,SKU-008,WH-TX1,SUP-003,2015-07-25,2015-08-01,2015-08-07,96,96,7,13,6,0,1.41,135.36,Delivered
PO-11034,SKU-008,WH-TX1,SUP-003,2015-08-17,2015-08-24,2015-08-24,96,96,7,7,0,1,1.41,135.36,Delivered
PO-11035,SKU-008,WH-TX1,SUP-003,2015-09-07,2015-09-14,2015-09-14,96,96,7,7,0,1,1.41,135.36,Delivered
PO-11036,SKU-008,WH-TX1,SUP-003,2015-09-30,2015-10-07,2015-10-06,96,96,7,6,-1,1,1.41,135.36,Delivered
PO-11037,SKU-008,WH-TX1,SUP-003,2015-10-23,2015-10-30,2015-10-30,96,96,7,7,0,1,1.41,135.36,Delivered
PO-11038,SKU-008,WH-TX1,SUP-003,2015-11-12,2015-11-19,2015-11-19,96,96,7,7,0,1,1.41,135.36,Delivered
PO-11039,SKU-008,WH-TX1,SUP-003,2015-12-03,2015-12-10,2015-12-08,96,96,7,5,-2,1,1.41,135.36,Delivered
PO-11040,SKU-008,WH-TX1,SUP-003,2015-12-25,2016-01-01,2016-01-01,96,96,7,7,0,1,1.41,135.36,Delivered
PO-11041,SKU-008,WH-TX1,SUP-003,2016-01-14,2016-01-21,2016-01-21,96,96,7,7,0,1,1.41,135.36,Delivered
PO-11042,SKU-008,WH-TX1,SUP-003,2016-02-03,2016-02-10,2016-02-10,96,96,7,7,0,1,1.41,135.36,Delivered
PO-11043,SKU-008,WH-TX1,SUP-003,2016-02-25,2016-03-03,2016-03-03,96,96,7,7,0,1,1.41,135.36,Delivered
PO-11044,SKU-008,WH-TX1,SUP-003,2016-03-17,2016-03-24,2016-03-24,96,96,7,7,0,1,1.41,135.36,Delivered
PO-11045,SKU-008,WH-TX1,SUP-003,2016-04-09,2016-04-16,2016-04-16,96,96,7,7,0,1,1.41,135.36,Delivered
PO-11046,SKU-008,WH-WI1,SUP-003,2014-05-02,2014-05-09,2014-05-09,96,96,7,7,0,1,1.41,135.36,Delivered
PO-11047,SKU-008,WH-WI1,SUP-003,2014-05-18,2014-05-25,2014-05-24,96,96,7,6,-1,1,1.41,135.36,Delivered
PO-11048,SKU-008,WH-WI1,SUP-003,2014-06-03,2014-06-10,2014-06-14,96,96,7,11,4,0,1.41,135.36,Delivered
PO-11049,SKU-008,WH-WI1,SUP-003,2014-06-19,2014-06-26,2014-06-26,96,96,7,7,0,1,1.41,135.36,Delivered
PO-11050,SKU-008,WH-WI1,SUP-003,2014-07-03,2014-07-10,2014-07-10,96,96,7,7,0,1,1.41,135.36,Delivered
PO-11051,SKU-008,WH-WI1,SUP-003,2014-07-18,2014-07-25,2014-07-25,96,96,7,7,0,1,1.41,135.36,Delivered
PO-11052,SKU-008,WH-WI1,SUP-003,2014-08-03,2014-08-10,2014-08-10,96,96,7,7,0,1,1.41,135.36,Delivered
PO-11053,SKU-008,WH-WI1,SUP-003,2014-08-18,2014-08-25,2014-08-25,96,96,7,7,0,1,1.41,135.36,Delivered
PO-11054,SKU-008,WH-WI1,SUP-003,2014-09-01,2014-09-08,2014-09-08,96,96,7,7,0,1,1.41,135.36,Delivered
PO-11055,SKU-008,WH-WI1,SUP-003,2014-09-14,2014-09-21,2014-09-21,96,96,7,7,0,1,1.41,135.36,Delivered
PO-11056,SKU-008,WH-WI1,SUP-003,2014-09-28,2014-10-05,2014-10-05,96,96,7,7,0,1,1.41,135.36,Delivered
PO-11057,SKU-008,WH-WI1,SUP-003,2014-10-11,2014-10-18,2014-10-18,96,96,7,7,0,1,1.41,135.36,Delivered
PO-11058,SKU-008,WH-WI1,SUP-003,2014-10-26,2014-11-02,2014-11-02,96,96,7,7,0,1,1.41,135.36,Delivered
PO-11059,SKU-008,WH-WI1,SUP-003,2014-11-11,2014-11-18,2014-11-18,96,96,7,7,0,1,1.41,135.36,Delivered
PO-11060,SKU-008,WH-WI1,SUP-003,2014-11-25,2014-12-02,2014-12-02,96,96,7,7,0,1,1.41,135.36,Delivered
PO-11061,SKU-008,WH-WI1,SUP-003,2014-12-09,2014-12-16,2014-12-15,96,96,7,6,-1,1,1.41,135.36,Delivered
PO-11062,SKU-008,WH-WI1,SUP-003,2014-12-23,2014-12-30,2014-12-30,96,96,7,7,0,1,1.41,135.36,Delivered
PO-11063,SKU-008,WH-WI1,SUP-003,2015-01-05,2015-01-12,2015-01-12,96,96,7,7,0,1,1.41,135.36,Delivered
PO-11064,SKU-008,WH-WI1,SUP-003,2015-01-18,2015-01-25,2015-01-24,96,96,7,6,-1,1,1.41,135.36,Delivered
PO-11065,SKU-008,WH-WI1,SUP-003,2015-02-03,2015-02-10,2015-02-10,96,96,7,7,0,1,1.41,135.36,Delivered
PO-11066,SKU-008,WH-WI1,SUP-003,2015-02-16,2015-02-23,2015-02-23,96,96,7,7,0,1,1.41,135.36,Delivered
PO-11067,SKU-008,WH-WI1,SUP-003,2015-03-04,2015-03-11,2015-03-10,96,96,7,6,-1,1,1.41,135.36,Delivered
PO-11068,SKU-008,WH-WI1,SUP-003,2015-03-20,2015-03-27,2015-03-27,96,96,7,7,0,1,1.41,135.36,Delivered
PO-11069,SKU-008,WH-WI1,SUP-003,2015-04-05,2015-04-12,2015-04-12,96,96,7,7,0,1,1.41,135.36,Delivered
PO-11070,SKU-008,WH-WI1,SUP-003,2015-04-19,2015-04-26,2015-04-26,96,96,7,7,0,1,1.41,135.36,Delivered
PO-11071,SKU-008,WH-WI1,SUP-003,2015-05-02,2015-05-09,2015-05-08,96,96,7,6,-1,1,1.41,135.36,Delivered
PO-11072,SKU-008,WH-WI1,SUP-003,2015-05-16,2015-05-23,2015-05-23,96,96,7,7,0,1,1.41,135.36,Delivered
PO-11073,SKU-008,WH-WI1,SUP-003,2015-05-29,2015-06-05,2015-06-05,96,96,7,7,0,1,1.41,135.36,Delivered
PO-11074,SKU-008,WH-WI1,SUP-003,2015-06-14,2015-06-21,2015-06-21,96,96,7,7,0,1,1.41,135.36,Delivered
PO-11075,SKU-008,WH-WI1,SUP-003,2015-06-28,2015-07-05,2015-07-05,96,96,7,7,0,1,1.41,135.36,Delivered
PO-11076,SKU-008,WH-WI1,SUP-003,2015-07-12,2015-07-19,2015-07-19,96,96,7,7,0,1,1.41,135.36,Delivered
PO-11077,SKU-008,WH-WI1,SUP-003,2015-07-26,2015-08-02,2015-08-02,96,96,7,7,0,1,1.41,135.36,Delivered
PO-11078,SKU-008,WH-WI1,SUP-003,2015-08-10,2015-08-17,2015-08-17,96,96,7,7,0,1,1.41,135.36,Delivered
PO-11079,SKU-008,WH-WI1,SUP-003,2015-08-23,2015-08-30,2015-08-29,96,96,7,6,-1,1,1.41,135.36,Delivered
PO-11080,SKU-008,WH-WI1,SUP-003,2015-09-08,2015-09-15,2015-09-15,96,96,7,7,0,1,1.41,135.36,Delivered
PO-11081,SKU-008,WH-WI1,SUP-003,2015-09-22,2015-09-29,2015-09-28,96,96,7,6,-1,1,1.41,135.36,Delivered
PO-11082,SKU-008,WH-WI1,SUP-003,2015-10-08,2015-10-15,2015-10-15,96,96,7,7,0,1,1.41,135.36,Delivered
PO-11083,SKU-008,WH-WI1,SUP-003,2015-10-21,2015-10-28,2015-10-28,96,96,7,7,0,1,1.41,135.36,Delivered
PO-11084,SKU-008,WH-WI1,SUP-003,2015-11-04,2015-11-11,2015-11-11,96,96,7,7,0,1,1.41,135.36,Delivered
PO-11085,SKU-008,WH-WI1,SUP-003,2015-11-18,2015-11-25,2015-11-24,96,96,7,6,-1,1,1.41,135.36,Delivered
PO-11086,SKU-008,WH-WI1,SUP-003,2015-12-01,2015-12-08,2015-12-08,96,96,7,7,0,1,1.41,135.36,Delivered
PO-11087,SKU-008,WH-WI1,SUP-003,2015-12-15,2015-12-22,2015-12-22,96,96,7,7,0,1,1.41,135.36,Delivered
PO-11088,SKU-008,WH-WI1,SUP-003,2015-12-30,2016-01-06,2016-01-06,96,96,7,7,0,1,1.41,135.36,Delivered
PO-11089,SKU-008,WH-WI1,SUP-003,2016-01-15,2016-01-22,2016-01-29,96,96,7,14,7,0,1.41,135.36,Delivered
PO-11090,SKU-008,WH-WI1,SUP-003,2016-01-29,2016-02-05,2016-02-03,96,96,7,5,-2,1,1.41,135.36,Delivered
PO-11091,SKU-008,WH-WI1,SUP-003,2016-02-12,2016-02-19,2016-02-16,96,96,7,4,-3,1,1.41,135.36,Delivered
PO-11092,SKU-008,WH-WI1,SUP-003,2016-02-28,2016-03-06,2016-03-05,96,96,7,6,-1,1,1.41,135.36,Delivered
PO-11093,SKU-008,WH-WI1,SUP-003,2016-03-15,2016-03-22,2016-03-21,96,96,7,6,-1,1,1.41,135.36,Delivered
PO-11094,SKU-008,WH-WI1,SUP-003,2016-03-30,2016-04-06,2016-04-04,96,96,7,5,-2,1,1.41,135.36,Delivered
PO-11095,SKU-009,WH-CA1,SUP-001,2014-04-28,2014-05-03,2014-05-03,60,60,5,5,0,1,4.31,258.6,Delivered
PO-11096,SKU-009,WH-CA1,SUP-001,2014-05-22,2014-05-27,2014-05-27,60,60,5,5,0,1,4.31,258.6,Delivered
PO-11097,SKU-009,WH-CA1,SUP-001,2014-06-14,2014-06-19,2014-06-18,60,60,5,4,-1,1,4.31,258.6,Delivered
PO-11098,SKU-009,WH-CA1,SUP-001,2014-07-07,2014-07-12,2014-07-12,60,60,5,5,0,1,4.31,258.6,Delivered
PO-11099,SKU-009,WH-CA1,SUP-001,2014-07-30,2014-08-04,2014-08-04,60,60,5,5,0,1,4.31,258.6,Delivered
PO-11100,SKU-009,WH-CA1,SUP-001,2014-08-22,2014-08-27,2014-08-27,60,60,5,5,0,1,4.31,258.6,Delivered
PO-11101,SKU-009,WH-CA1,SUP-001,2014-09-16,2014-09-21,2014-09-21,60,60,5,5,0,1,4.31,258.6,Delivered
PO-11102,SKU-009,WH-CA1,SUP-001,2014-10-10,2014-10-15,2014-10-14,60,60,5,4,-1,1,4.31,258.6,Delivered
PO-11103,SKU-009,WH-CA1,SUP-001,2014-11-01,2014-11-06,2014-11-06,60,60,5,5,0,1,4.31,258.6,Delivered
PO-11104,SKU-009,WH-CA1,SUP-001,2014-11-23,2014-11-28,2014-11-28,60,60,5,5,0,1,4.31,258.6,Delivered
PO-11105,SKU-009,WH-CA1,SUP-001,2014-12-16,2014-12-21,2014-12-21,60,60,5,5,0,1,4.31,258.6,Delivered
PO-11106,SKU-009,WH-CA1,SUP-001,2015-01-08,2015-01-13,2015-01-13,60,60,5,5,0,1,4.31,258.6,Delivered
PO-11107,SKU-009,WH-CA1,SUP-001,2015-02-02,2015-02-07,2015-02-07,60,60,5,5,0,1,4.31,258.6,Delivered
PO-11108,SKU-009,WH-CA1,SUP-001,2015-02-24,2015-03-01,2015-03-01,60,60,5,5,0,1,4.31,258.6,Delivered
PO-11109,SKU-009,WH-CA1,SUP-001,2015-03-19,2015-03-24,2015-03-24,60,60,5,5,0,1,4.31,258.6,Delivered
PO-11110,SKU-009,WH-CA1,SUP-001,2015-04-10,2015-04-15,2015-04-15,60,60,5,5,0,1,4.31,258.6,Delivered
PO-11111,SKU-009,WH-CA1,SUP-001,2015-05-03,2015-05-08,2015-05-08,60,60,5,5,0,1,4.31,258.6,Delivered
PO-11112,SKU-009,WH-CA1,SUP-001,2015-05-26,2015-05-31,2015-05-31,60,60,5,5,0,1,4.31,258.6,Delivered
PO-11113,SKU-009,WH-CA1,SUP-001,2015-06-17,2015-06-22,2015-06-22,60,60,5,5,0,1,4.31,258.6,Delivered
PO-11114,SKU-009,WH-CA1,SUP-001,2015-07-12,2015-07-17,2015-07-16,60,60,5,4,-1,1,4.31,258.6,Delivered
PO-11115,SKU-009,WH-CA1,SUP-001,2015-08-04,2015-08-09,2015-08-09,60,60,5,5,0,1,4.31,258.6,Delivered
PO-11116,SKU-009,WH-CA1,SUP-001,2015-08-27,2015-09-01,2015-08-31,60,60,5,4,-1,1,4.31,258.6,Delivered
PO-11117,SKU-009,WH-CA1,SUP-001,2015-09-21,2015-09-26,2015-09-26,60,60,5,5,0,1,4.31,258.6,Delivered
PO-11118,SKU-009,WH-CA1,SUP-001,2015-10-13,2015-10-18,2015-10-18,60,60,5,5,0,1,4.31,258.6,Delivered
PO-11119,SKU-009,WH-CA1,SUP-001,2015-11-05,2015-11-10,2015-11-09,60,60,5,4,-1,1,4.31,258.6,Delivered
PO-11120,SKU-009,WH-CA1,SUP-001,2015-11-27,2015-12-02,2015-12-02,60,60,5,5,0,1,4.31,258.6,Delivered
PO-11121,SKU-009,WH-CA1,SUP-001,2015-12-19,2015-12-24,2015-12-23,60,60,5,4,-1,1,4.31,258.6,Delivered
PO-11122,SKU-009,WH-CA1,SUP-001,2016-01-11,2016-01-16,2016-01-16,60,60,5,5,0,1,4.31,258.6,Delivered
PO-11123,SKU-009,WH-CA1,SUP-001,2016-02-03,2016-02-08,2016-02-08,60,60,5,5,0,1,4.31,258.6,Delivered
PO-11124,SKU-009,WH-CA1,SUP-001,2016-02-26,2016-03-02,2016-03-02,60,60,5,5,0,1,4.31,258.6,Delivered
PO-11125,SKU-009,WH-CA1,SUP-001,2016-03-20,2016-03-25,2016-03-25,60,60,5,5,0,1,4.31,258.6,Delivered
PO-11126,SKU-009,WH-TX1,SUP-001,2014-05-01,2014-05-06,2014-05-06,48,48,5,5,0,1,4.31,206.88,Delivered
PO-11127,SKU-009,WH-TX1,SUP-001,2014-05-22,2014-05-27,2014-05-27,48,48,5,5,0,1,4.31,206.88,Delivered
PO-11128,SKU-009,WH-TX1,SUP-001,2014-06-12,2014-06-17,2014-06-17,48,48,5,5,0,1,4.31,206.88,Delivered
PO-11129,SKU-009,WH-TX1,SUP-001,2014-07-04,2014-07-09,2014-07-09,48,48,5,5,0,1,4.31,206.88,Delivered
PO-11130,SKU-009,WH-TX1,SUP-001,2014-07-25,2014-07-30,2014-07-30,48,48,5,5,0,1,4.31,206.88,Delivered
PO-11131,SKU-009,WH-TX1,SUP-001,2014-08-17,2014-08-22,2014-08-22,48,48,5,5,0,1,4.31,206.88,Delivered
PO-11132,SKU-009,WH-TX1,SUP-001,2014-09-08,2014-09-13,2014-09-15,48,48,5,7,2,0,4.31,206.88,Delivered
PO-11133,SKU-009,WH-TX1,SUP-001,2014-09-29,2014-10-04,2014-10-04,48,48,5,5,0,1,4.31,206.88,Delivered
PO-11134,SKU-009,WH-TX1,SUP-001,2014-10-20,2014-10-25,2014-10-25,48,48,5,5,0,1,4.31,206.88,Delivered
PO-11135,SKU-009,WH-TX1,SUP-001,2014-11-12,2014-11-17,2014-11-17,48,48,5,5,0,1,4.31,206.88,Delivered
PO-11136,SKU-009,WH-TX1,SUP-001,2014-12-03,2014-12-08,2014-12-08,48,48,5,5,0,1,4.31,206.88,Delivered
PO-11137,SKU-009,WH-TX1,SUP-001,2014-12-23,2014-12-28,2014-12-30,48,48,5,7,2,0,4.31,206.88,Delivered
PO-11138,SKU-009,WH-TX1,SUP-001,2015-01-13,2015-01-18,2015-01-17,48,48,5,4,-1,1,4.31,206.88,Delivered
PO-11139,SKU-009,WH-TX1,SUP-001,2015-02-03,2015-02-08,2015-02-08,48,48,5,5,0,1,4.31,206.88,Delivered
PO-11140,SKU-009,WH-TX1,SUP-001,2015-02-24,2015-03-01,2015-03-01,48,48,5,5,0,1,4.31,206.88,Delivered
PO-11141,SKU-009,WH-TX1,SUP-001,2015-03-19,2015-03-24,2015-03-24,48,48,5,5,0,1,4.31,206.88,Delivered
PO-11142,SKU-009,WH-TX1,SUP-001,2015-04-09,2015-04-14,2015-04-13,48,48,5,4,-1,1,4.31,206.88,Delivered
PO-11143,SKU-009,WH-TX1,SUP-001,2015-05-02,2015-05-07,2015-05-07,48,48,5,5,0,1,4.31,206.88,Delivered
PO-11144,SKU-009,WH-TX1,SUP-001,2015-05-24,2015-05-29,2015-05-29,48,48,5,5,0,1,4.31,206.88,Delivered
PO-11145,SKU-009,WH-TX1,SUP-001,2015-06-13,2015-06-18,2015-06-17,48,48,5,4,-1,1,4.31,206.88,Delivered
PO-11146,SKU-009,WH-TX1,SUP-001,2015-07-06,2015-07-11,2015-07-10,48,48,5,4,-1,1,4.31,206.88,Delivered
PO-11147,SKU-009,WH-TX1,SUP-001,2015-07-28,2015-08-02,2015-08-02,48,48,5,5,0,1,4.31,206.88,Delivered
PO-11148,SKU-009,WH-TX1,SUP-001,2015-08-18,2015-08-23,2015-08-22,48,48,5,4,-1,1,4.31,206.88,Delivered
PO-11149,SKU-009,WH-TX1,SUP-001,2015-09-08,2015-09-13,2015-09-13,48,48,5,5,0,1,4.31,206.88,Delivered
PO-11150,SKU-009,WH-TX1,SUP-001,2015-10-01,2015-10-06,2015-10-05,48,48,5,4,-1,1,4.31,206.88,Delivered
PO-11151,SKU-009,WH-TX1,SUP-001,2015-10-23,2015-10-28,2015-10-28,48,48,5,5,0,1,4.31,206.88,Delivered
PO-11152,SKU-009,WH-TX1,SUP-001,2015-11-15,2015-11-20,2015-11-20,48,48,5,5,0,1,4.31,206.88,Delivered
PO-11153,SKU-009,WH-TX1,SUP-001,2015-12-06,2015-12-11,2015-12-11,48,48,5,5,0,1,4.31,206.88,Delivered
PO-11154,SKU-009,WH-TX1,SUP-001,2015-12-26,2015-12-31,2015-12-31,48,48,5,5,0,1,4.31,206.88,Delivered
PO-11155,SKU-009,WH-TX1,SUP-001,2016-01-16,2016-01-21,2016-01-21,48,48,5,5,0,1,4.31,206.88,Delivered
PO-11156,SKU-009,WH-TX1,SUP-001,2016-02-07,2016-02-12,2016-02-12,48,48,5,5,0,1,4.31,206.88,Delivered
PO-11157,SKU-009,WH-TX1,SUP-001,2016-02-29,2016-03-05,2016-03-04,48,48,5,4,-1,1,4.31,206.88,Delivered
PO-11158,SKU-009,WH-TX1,SUP-001,2016-03-23,2016-03-28,2016-03-28,48,48,5,5,0,1,4.31,206.88,Delivered
PO-11159,SKU-009,WH-WI1,SUP-001,2014-05-05,2014-05-10,2014-05-10,48,48,5,5,0,1,4.31,206.88,Delivered
PO-11160,SKU-009,WH-WI1,SUP-001,2014-05-19,2014-05-24,2014-05-24,48,48,5,5,0,1,4.31,206.88,Delivered
PO-11161,SKU-009,WH-WI1,SUP-001,2014-06-03,2014-06-08,2014-06-07,48,48,5,4,-1,1,4.31,206.88,Delivered
PO-11162,SKU-009,WH-WI1,SUP-001,2014-06-18,2014-06-23,2014-06-23,48,48,5,5,0,1,4.31,206.88,Delivered
PO-11163,SKU-009,WH-WI1,SUP-001,2014-07-05,2014-07-10,2014-07-08,48,48,5,3,-2,1,4.31,206.88,Delivered
PO-11164,SKU-009,WH-WI1,SUP-001,2014-07-20,2014-07-25,2014-07-25,48,48,5,5,0,1,4.31,206.88,Delivered
PO-11165,SKU-009,WH-WI1,SUP-001,2014-08-04,2014-08-09,2014-08-09,48,48,5,5,0,1,4.31,206.88,Delivered
PO-11166,SKU-009,WH-WI1,SUP-001,2014-08-19,2014-08-24,2014-08-23,48,48,5,4,-1,1,4.31,206.88,Delivered
PO-11167,SKU-009,WH-WI1,SUP-001,2014-09-03,2014-09-08,2014-09-08,48,48,5,5,0,1,4.31,206.88,Delivered
PO-11168,SKU-009,WH-WI1,SUP-001,2014-09-18,2014-09-23,2014-09-23,48,48,5,5,0,1,4.31,206.88,Delivered
PO-11169,SKU-009,WH-WI1,SUP-001,2014-10-03,2014-10-08,2014-10-08,48,48,5,5,0,1,4.31,206.88,Delivered
PO-11170,SKU-009,WH-WI1,SUP-001,2014-10-17,2014-10-22,2014-10-22,48,48,5,5,0,1,4.31,206.88,Delivered
PO-11171,SKU-009,WH-WI1,SUP-001,2014-11-01,2014-11-06,2014-11-06,48,48,5,5,0,1,4.31,206.88,Delivered
PO-11172,SKU-009,WH-WI1,SUP-001,2014-11-16,2014-11-21,2014-11-21,48,48,5,5,0,1,4.31,206.88,Delivered
PO-11173,SKU-009,WH-WI1,SUP-001,2014-11-30,2014-12-05,2014-12-05,48,48,5,5,0,1,4.31,206.88,Delivered
PO-11174,SKU-009,WH-WI1,SUP-001,2014-12-17,2014-12-22,2014-12-21,48,48,5,4,-1,1,4.31,206.88,Delivered
PO-11175,SKU-009,WH-WI1,SUP-001,2014-12-31,2015-01-05,2015-01-03,48,48,5,3,-2,1,4.31,206.88,Delivered
PO-11176,SKU-009,WH-WI1,SUP-001,2015-01-17,2015-01-22,2015-01-22,48,48,5,5,0,1,4.31,206.88,Delivered
PO-11177,SKU-009,WH-WI1,SUP-001,2015-02-02,2015-02-07,2015-02-07,48,48,5,5,0,1,4.31,206.88,Delivered
PO-11178,SKU-009,WH-WI1,SUP-001,2015-02-17,2015-02-22,2015-02-22,48,48,5,5,0,1,4.31,206.88,Delivered
PO-11179,SKU-009,WH-WI1,SUP-001,2015-03-05,2015-03-10,2015-03-10,48,48,5,5,0,1,4.31,206.88,Delivered
PO-11180,SKU-009,WH-WI1,SUP-001,2015-03-19,2015-03-24,2015-03-24,48,48,5,5,0,1,4.31,206.88,Delivered
PO-11181,SKU-009,WH-WI1,SUP-001,2015-04-05,2015-04-10,2015-04-09,48,48,5,4,-1,1,4.31,206.88,Delivered
PO-11182,SKU-009,WH-WI1,SUP-001,2015-04-22,2015-04-27,2015-04-27,48,48,5,5,0,1,4.31,206.88,Delivered
PO-11183,SKU-009,WH-WI1,SUP-001,2015-05-07,2015-05-12,2015-05-12,48,48,5,5,0,1,4.31,206.88,Delivered
PO-11184,SKU-009,WH-WI1,SUP-001,2015-05-24,2015-05-29,2015-05-29,48,48,5,5,0,1,4.31,206.88,Delivered
PO-11185,SKU-009,WH-WI1,SUP-001,2015-06-09,2015-06-14,2015-06-14,48,48,5,5,0,1,4.31,206.88,Delivered
PO-11186,SKU-009,WH-WI1,SUP-001,2015-06-24,2015-06-29,2015-06-29,48,48,5,5,0,1,4.31,206.88,Delivered
PO-11187,SKU-009,WH-WI1,SUP-001,2015-07-09,2015-07-14,2015-07-14,48,48,5,5,0,1,4.31,206.88,Delivered
PO-11188,SKU-009,WH-WI1,SUP-001,2015-07-26,2015-07-31,2015-07-31,48,48,5,5,0,1,4.31,206.88,Delivered
PO-11189,SKU-009,WH-WI1,SUP-001,2015-08-12,2015-08-17,2015-08-17,48,48,5,5,0,1,4.31,206.88,Delivered
PO-11190,SKU-009,WH-WI1,SUP-001,2015-08-27,2015-09-01,2015-09-01,48,48,5,5,0,1,4.31,206.88,Delivered
PO-11191,SKU-009,WH-WI1,SUP-001,2015-09-11,2015-09-16,2015-09-16,48,48,5,5,0,1,4.31,206.88,Delivered
PO-11192,SKU-009,WH-WI1,SUP-001,2015-09-26,2015-10-01,2015-09-30,48,48,5,4,-1,1,4.31,206.88,Delivered
PO-11193,SKU-009,WH-WI1,SUP-001,2015-10-11,2015-10-16,2015-10-16,48,48,5,5,0,1,4.31,206.88,Delivered
PO-11194,SKU-009,WH-WI1,SUP-001,2015-10-26,2015-10-31,2015-10-31,48,48,5,5,0,1,4.31,206.88,Delivered
PO-11195,SKU-009,WH-WI1,SUP-001,2015-11-12,2015-11-17,2015-11-17,48,48,5,5,0,1,4.31,206.88,Delivered
PO-11196,SKU-009,WH-WI1,SUP-001,2015-11-27,2015-12-02,2015-12-03,48,48,5,6,1,0,4.31,206.88,Delivered
PO-11197,SKU-009,WH-WI1,SUP-001,2015-12-13,2015-12-18,2015-12-18,48,48,5,5,0,1,4.31,206.88,Delivered
PO-11198,SKU-009,WH-WI1,SUP-001,2015-12-29,2016-01-03,2016-01-02,48,48,5,4,-1,1,4.31,206.88,Delivered
PO-11199,SKU-009,WH-WI1,SUP-001,2016-01-13,2016-01-18,2016-01-18,48,48,5,5,0,1,4.31,206.88,Delivered
PO-11200,SKU-009,WH-WI1,SUP-001,2016-01-28,2016-02-02,2016-02-02,48,48,5,5,0,1,4.31,206.88,Delivered
PO-11201,SKU-009,WH-WI1,SUP-001,2016-02-13,2016-02-18,2016-02-17,48,48,5,4,-1,1,4.31,206.88,Delivered
PO-11202,SKU-009,WH-WI1,SUP-001,2016-02-27,2016-03-03,2016-03-03,48,48,5,5,0,1,4.31,206.88,Delivered
PO-11203,SKU-009,WH-WI1,SUP-001,2016-03-12,2016-03-17,2016-03-17,48,48,5,5,0,1,4.31,206.88,Delivered
PO-11204,SKU-009,WH-WI1,SUP-001,2016-03-26,2016-03-31,2016-03-31,48,48,5,5,0,1,4.31,206.88,Delivered
PO-11205,SKU-010,WH-CA1,SUP-002,2014-04-27,2014-05-01,2014-05-01,96,96,4,4,0,1,2.51,240.96,Delivered
PO-11206,SKU-010,WH-CA1,SUP-002,2014-05-14,2014-05-18,2014-05-18,96,96,4,4,0,1,2.51,240.96,Delivered
PO-11207,SKU-010,WH-CA1,SUP-002,2014-05-30,2014-06-03,2014-06-03,96,96,4,4,0,1,2.51,240.96,Delivered
PO-11208,SKU-010,WH-CA1,SUP-002,2014-06-16,2014-06-20,2014-06-19,96,96,4,3,-1,1,2.51,240.96,Delivered
PO-11209,SKU-010,WH-CA1,SUP-002,2014-07-05,2014-07-09,2014-07-09,96,96,4,4,0,1,2.51,240.96,Delivered
PO-11210,SKU-010,WH-CA1,SUP-002,2014-07-22,2014-07-26,2014-07-26,96,96,4,4,0,1,2.51,240.96,Delivered
PO-11211,SKU-010,WH-CA1,SUP-002,2014-08-08,2014-08-12,2014-08-12,96,96,4,4,0,1,2.51,240.96,Delivered
PO-11212,SKU-010,WH-CA1,SUP-002,2014-08-24,2014-08-28,2014-08-28,96,96,4,4,0,1,2.51,240.96,Delivered
PO-11213,SKU-010,WH-CA1,SUP-002,2014-09-10,2014-09-14,2014-09-14,96,96,4,4,0,1,2.51,240.96,Delivered
PO-11214,SKU-010,WH-CA1,SUP-002,2014-09-29,2014-10-03,2014-10-03,96,96,4,4,0,1,2.51,240.96,Delivered
PO-11215,SKU-010,WH-CA1,SUP-002,2014-10-16,2014-10-20,2014-10-19,96,96,4,3,-1,1,2.51,240.96,Delivered
PO-11216,SKU-010,WH-CA1,SUP-002,2014-11-01,2014-11-05,2014-11-03,96,96,4,2,-2,1,2.51,240.96,Delivered
PO-11217,SKU-010,WH-CA1,SUP-002,2014-11-18,2014-11-22,2014-11-22,96,96,4,4,0,1,2.51,240.96,Delivered
PO-11218,SKU-010,WH-CA1,SUP-002,2014-12-05,2014-12-09,2014-12-09,96,96,4,4,0,1,2.51,240.96,Delivered
PO-11219,SKU-010,WH-CA1,SUP-002,2014-12-23,2014-12-27,2014-12-27,96,96,4,4,0,1,2.51,240.96,Delivered
PO-11220,SKU-010,WH-CA1,SUP-002,2015-01-08,2015-01-12,2015-01-11,96,96,4,3,-1,1,2.51,240.96,Delivered
PO-11221,SKU-010,WH-CA1,SUP-002,2015-01-26,2015-01-30,2015-01-29,96,96,4,3,-1,1,2.51,240.96,Delivered
PO-11222,SKU-010,WH-CA1,SUP-002,2015-02-11,2015-02-15,2015-02-14,96,96,4,3,-1,1,2.51,240.96,Delivered
PO-11223,SKU-010,WH-CA1,SUP-002,2015-03-01,2015-03-05,2015-03-05,96,96,4,4,0,1,2.51,240.96,Delivered
PO-11224,SKU-010,WH-CA1,SUP-002,2015-03-20,2015-03-24,2015-03-23,96,96,4,3,-1,1,2.51,240.96,Delivered
PO-11225,SKU-010,WH-CA1,SUP-002,2015-04-06,2015-04-10,2015-04-10,96,96,4,4,0,1,2.51,240.96,Delivered
PO-11226,SKU-010,WH-CA1,SUP-002,2015-04-24,2015-04-28,2015-04-28,96,96,4,4,0,1,2.51,240.96,Delivered
PO-11227,SKU-010,WH-CA1,SUP-002,2015-05-11,2015-05-15,2015-05-15,96,96,4,4,0,1,2.51,240.96,Delivered
PO-11228,SKU-010,WH-CA1,SUP-002,2015-05-29,2015-06-02,2015-06-01,96,96,4,3,-1,1,2.51,240.96,Delivered
PO-11229,SKU-010,WH-CA1,SUP-002,2015-06-14,2015-06-18,2015-06-19,96,96,4,5,1,0,2.51,240.96,Delivered
PO-11230,SKU-010,WH-CA1,SUP-002,2015-07-03,2015-07-07,2015-07-12,96,96,4,9,5,0,2.51,240.96,Delivered
PO-11231,SKU-010,WH-CA1,SUP-002,2015-07-21,2015-07-25,2015-07-25,96,96,4,4,0,1,2.51,240.96,Delivered
PO-11232,SKU-010,WH-CA1,SUP-002,2015-08-09,2015-08-13,2015-08-13,96,96,4,4,0,1,2.51,240.96,Delivered
PO-11233,SKU-010,WH-CA1,SUP-002,2015-08-26,2015-08-30,2015-08-30,96,96,4,4,0,1,2.51,240.96,Delivered
PO-11234,SKU-010,WH-CA1,SUP-002,2015-09-12,2015-09-16,2015-09-16,96,96,4,4,0,1,2.51,240.96,Delivered
PO-11235,SKU-010,WH-CA1,SUP-002,2015-10-01,2015-10-05,2015-10-05,96,96,4,4,0,1,2.51,240.96,Delivered
PO-11236,SKU-010,WH-CA1,SUP-002,2015-10-20,2015-10-24,2015-10-23,96,96,4,3,-1,1,2.51,240.96,Delivered
PO-11237,SKU-010,WH-CA1,SUP-002,2015-11-07,2015-11-11,2015-11-11,96,96,4,4,0,1,2.51,240.96,Delivered
PO-11238,SKU-010,WH-CA1,SUP-002,2015-11-26,2015-11-30,2015-11-30,96,96,4,4,0,1,2.51,240.96,Delivered
PO-11239,SKU-010,WH-CA1,SUP-002,2015-12-13,2015-12-17,2015-12-17,96,96,4,4,0,1,2.51,240.96,Delivered
PO-11240,SKU-010,WH-CA1,SUP-002,2015-12-30,2016-01-03,2016-01-03,96,96,4,4,0,1,2.51,240.96,Delivered
PO-11241,SKU-010,WH-CA1,SUP-002,2016-01-16,2016-01-20,2016-01-20,96,96,4,4,0,1,2.51,240.96,Delivered
PO-11242,SKU-010,WH-CA1,SUP-002,2016-02-03,2016-02-07,2016-02-06,96,96,4,3,-1,1,2.51,240.96,Delivered
PO-11243,SKU-010,WH-CA1,SUP-002,2016-02-21,2016-02-25,2016-02-25,96,96,4,4,0,1,2.51,240.96,Delivered
PO-11244,SKU-010,WH-CA1,SUP-002,2016-03-09,2016-03-13,2016-03-13,96,96,4,4,0,1,2.51,240.96,Delivered
PO-11245,SKU-010,WH-CA1,SUP-002,2016-03-28,2016-04-01,2016-03-31,96,96,4,3,-1,1,2.51,240.96,Delivered
PO-11246,SKU-010,WH-TX1,SUP-002,2014-05-01,2014-05-05,2014-05-05,96,96,4,4,0,1,2.51,240.96,Delivered
PO-11247,SKU-010,WH-TX1,SUP-002,2014-05-16,2014-05-20,2014-05-19,96,96,4,3,-1,1,2.51,240.96,Delivered
PO-11248,SKU-010,WH-TX1,SUP-002,2014-06-01,2014-06-05,2014-06-04,96,96,4,3,-1,1,2.51,240.96,Delivered
PO-11249,SKU-010,WH-TX1,SUP-002,2014-06-17,2014-06-21,2014-06-21,96,96,4,4,0,1,2.51,240.96,Delivered
PO-11250,SKU-010,WH-TX1,SUP-002,2014-07-03,2014-07-07,2014-07-07,96,96,4,4,0,1,2.51,240.96,Delivered
PO-11251,SKU-010,WH-TX1,SUP-002,2014-07-19,2014-07-23,2014-07-23,96,96,4,4,0,1,2.51,240.96,Delivered
PO-11252,SKU-010,WH-TX1,SUP-002,2014-08-03,2014-08-07,2014-08-06,96,96,4,3,-1,1,2.51,240.96,Delivered
PO-11253,SKU-010,WH-TX1,SUP-002,2014-08-21,2014-08-25,2014-08-25,96,96,4,4,0,1,2.51,240.96,Delivered
PO-11254,SKU-010,WH-TX1,SUP-002,2014-09-05,2014-09-09,2014-09-09,96,96,4,4,0,1,2.51,240.96,Delivered
PO-11255,SKU-010,WH-TX1,SUP-002,2014-09-22,2014-09-26,2014-09-25,96,96,4,3,-1,1,2.51,240.96,Delivered
PO-11256,SKU-010,WH-TX1,SUP-002,2014-10-09,2014-10-13,2014-10-13,96,96,4,4,0,1,2.51,240.96,Delivered
PO-11257,SKU-010,WH-TX1,SUP-002,2014-10-25,2014-10-29,2014-10-29,96,96,4,4,0,1,2.51,240.96,Delivered
PO-11258,SKU-010,WH-TX1,SUP-002,2014-11-10,2014-11-14,2014-11-14,96,96,4,4,0,1,2.51,240.96,Delivered
PO-11259,SKU-010,WH-TX1,SUP-002,2014-11-26,2014-11-30,2014-11-30,96,96,4,4,0,1,2.51,240.96,Delivered
PO-11260,SKU-010,WH-TX1,SUP-002,2014-12-13,2014-12-17,2014-12-17,96,96,4,4,0,1,2.51,240.96,Delivered
PO-11261,SKU-010,WH-TX1,SUP-002,2014-12-29,2015-01-02,2015-01-02,96,96,4,4,0,1,2.51,240.96,Delivered
PO-11262,SKU-010,WH-TX1,SUP-002,2015-01-13,2015-01-17,2015-01-17,96,96,4,4,0,1,2.51,240.96,Delivered
PO-11263,SKU-010,WH-TX1,SUP-002,2015-01-28,2015-02-01,2015-02-01,96,96,4,4,0,1,2.51,240.96,Delivered
PO-11264,SKU-010,WH-TX1,SUP-002,2015-02-14,2015-02-18,2015-02-17,96,96,4,3,-1,1,2.51,240.96,Delivered
PO-11265,SKU-010,WH-TX1,SUP-002,2015-03-02,2015-03-06,2015-03-06,96,96,4,4,0,1,2.51,240.96,Delivered
PO-11266,SKU-010,WH-TX1,SUP-002,2015-03-18,2015-03-22,2015-03-22,96,96,4,4,0,1,2.51,240.96,Delivered
PO-11267,SKU-010,WH-TX1,SUP-002,2015-04-03,2015-04-07,2015-04-07,96,96,4,4,0,1,2.51,240.96,Delivered
PO-11268,SKU-010,WH-TX1,SUP-002,2015-04-19,2015-04-23,2015-04-22,96,96,4,3,-1,1,2.51,240.96,Delivered
PO-11269,SKU-010,WH-TX1,SUP-002,2015-05-05,2015-05-09,2015-05-09,96,96,4,4,0,1,2.51,240.96,Delivered
PO-11270,SKU-010,WH-TX1,SUP-002,2015-05-21,2015-05-25,2015-05-25,96,96,4,4,0,1,2.51,240.96,Delivered
PO-11271,SKU-010,WH-TX1,SUP-002,2015-06-08,2015-06-12,2015-06-15,96,96,4,7,3,0,2.51,240.96,Delivered
PO-11272,SKU-010,WH-TX1,SUP-002,2015-06-26,2015-06-30,2015-06-29,96,96,4,3,-1,1,2.51,240.96,Delivered
PO-11273,SKU-010,WH-TX1,SUP-002,2015-07-12,2015-07-16,2015-07-16,96,96,4,4,0,1,2.51,240.96,Delivered
PO-11274,SKU-010,WH-TX1,SUP-002,2015-07-28,2015-08-01,2015-08-01,96,96,4,4,0,1,2.51,240.96,Delivered
PO-11275,SKU-010,WH-TX1,SUP-002,2015-08-14,2015-08-18,2015-08-18,96,96,4,4,0,1,2.51,240.96,Delivered
PO-11276,SKU-010,WH-TX1,SUP-002,2015-08-31,2015-09-04,2015-09-04,96,96,4,4,0,1,2.51,240.96,Delivered
PO-11277,SKU-010,WH-TX1,SUP-002,2015-09-18,2015-09-22,2015-09-22,96,96,4,4,0,1,2.51,240.96,Delivered
PO-11278,SKU-010,WH-TX1,SUP-002,2015-10-03,2015-10-07,2015-10-07,96,96,4,4,0,1,2.51,240.96,Delivered
PO-11279,SKU-010,WH-TX1,SUP-002,2015-10-19,2015-10-23,2015-10-23,96,96,4,4,0,1,2.51,240.96,Delivered
PO-11280,SKU-010,WH-TX1,SUP-002,2015-11-03,2015-11-07,2015-11-07,96,96,4,4,0,1,2.51,240.96,Delivered
PO-11281,SKU-010,WH-TX1,SUP-002,2015-11-21,2015-11-25,2015-11-25,96,96,4,4,0,1,2.51,240.96,Delivered
PO-11282,SKU-010,WH-TX1,SUP-002,2015-12-07,2015-12-11,2015-12-11,96,96,4,4,0,1,2.51,240.96,Delivered
PO-11283,SKU-010,WH-TX1,SUP-002,2015-12-22,2015-12-26,2015-12-26,96,96,4,4,0,1,2.51,240.96,Delivered
PO-11284,SKU-010,WH-TX1,SUP-002,2016-01-07,2016-01-11,2016-01-11,96,96,4,4,0,1,2.51,240.96,Delivered
PO-11285,SKU-010,WH-TX1,SUP-002,2016-01-25,2016-01-29,2016-01-29,96,96,4,4,0,1,2.51,240.96,Delivered
PO-11286,SKU-010,WH-TX1,SUP-002,2016-02-10,2016-02-14,2016-02-14,96,96,4,4,0,1,2.51,240.96,Delivered
PO-11287,SKU-010,WH-TX1,SUP-002,2016-02-27,2016-03-02,2016-03-02,96,96,4,4,0,1,2.51,240.96,Delivered
PO-11288,SKU-010,WH-TX1,SUP-002,2016-03-15,2016-03-19,2016-03-19,96,96,4,4,0,1,2.51,240.96,Delivered
PO-11289,SKU-010,WH-TX1,SUP-002,2016-04-01,2016-04-05,2016-04-05,96,96,4,4,0,1,2.51,240.96,Delivered
PO-11290,SKU-010,WH-WI1,SUP-002,2014-05-05,2014-05-09,2014-05-08,96,96,4,3,-1,1,2.51,240.96,Delivered
PO-11291,SKU-010,WH-WI1,SUP-002,2014-05-21,2014-05-25,2014-05-25,96,96,4,4,0,1,2.51,240.96,Delivered
PO-11292,SKU-010,WH-WI1,SUP-002,2014-06-06,2014-06-10,2014-06-10,96,96,4,4,0,1,2.51,240.96,Delivered
PO-11293,SKU-010,WH-WI1,SUP-002,2014-06-22,2014-06-26,2014-06-25,96,96,4,3,-1,1,2.51,240.96,Delivered
PO-11294,SKU-010,WH-WI1,SUP-002,2014-07-10,2014-07-14,2014-07-13,96,96,4,3,-1,1,2.51,240.96,Delivered
PO-11295,SKU-010,WH-WI1,SUP-002,2014-07-25,2014-07-29,2014-07-29,96,96,4,4,0,1,2.51,240.96,Delivered
PO-11296,SKU-010,WH-WI1,SUP-002,2014-08-09,2014-08-13,2014-08-13,96,96,4,4,0,1,2.51,240.96,Delivered
PO-11297,SKU-010,WH-WI1,SUP-002,2014-08-25,2014-08-29,2014-08-28,96,96,4,3,-1,1,2.51,240.96,Delivered
PO-11298,SKU-010,WH-WI1,SUP-002,2014-09-10,2014-09-14,2014-09-14,96,96,4,4,0,1,2.51,240.96,Delivered
PO-11299,SKU-010,WH-WI1,SUP-002,2014-09-28,2014-10-02,2014-10-02,96,96,4,4,0,1,2.51,240.96,Delivered
PO-11300,SKU-010,WH-WI1,SUP-002,2014-10-14,2014-10-18,2014-10-17,96,96,4,3,-1,1,2.51,240.96,Delivered
PO-11301,SKU-010,WH-WI1,SUP-002,2014-10-29,2014-11-02,2014-11-02,96,96,4,4,0,1,2.51,240.96,Delivered
PO-11302,SKU-010,WH-WI1,SUP-002,2014-11-16,2014-11-20,2014-11-20,96,96,4,4,0,1,2.51,240.96,Delivered
PO-11303,SKU-010,WH-WI1,SUP-002,2014-12-02,2014-12-06,2014-12-05,96,96,4,3,-1,1,2.51,240.96,Delivered
PO-11304,SKU-010,WH-WI1,SUP-002,2014-12-18,2014-12-22,2014-12-22,96,96,4,4,0,1,2.51,240.96,Delivered
PO-11305,SKU-010,WH-WI1,SUP-002,2015-01-03,2015-01-07,2015-01-07,96,96,4,4,0,1,2.51,240.96,Delivered
PO-11306,SKU-010,WH-WI1,SUP-002,2015-01-18,2015-01-22,2015-01-22,96,96,4,4,0,1,2.51,240.96,Delivered
PO-11307,SKU-010,WH-WI1,SUP-002,2015-02-03,2015-02-07,2015-02-06,96,96,4,3,-1,1,2.51,240.96,Delivered
PO-11308,SKU-010,WH-WI1,SUP-002,2015-02-21,2015-02-25,2015-02-25,96,96,4,4,0,1,2.51,240.96,Delivered
PO-11309,SKU-010,WH-WI1,SUP-002,2015-03-08,2015-03-12,2015-03-12,96,96,4,4,0,1,2.51,240.96,Delivered
PO-11310,SKU-010,WH-WI1,SUP-002,2015-03-24,2015-03-28,2015-03-28,96,96,4,4,0,1,2.51,240.96,Delivered
PO-11311,SKU-010,WH-WI1,SUP-002,2015-04-08,2015-04-12,2015-04-12,96,96,4,4,0,1,2.51,240.96,Delivered
PO-11312,SKU-010,WH-WI1,SUP-002,2015-04-26,2015-04-30,2015-04-30,96,96,4,4,0,1,2.51,240.96,Delivered
PO-11313,SKU-010,WH-WI1,SUP-002,2015-05-12,2015-05-16,2015-05-16,96,96,4,4,0,1,2.51,240.96,Delivered
PO-11314,SKU-010,WH-WI1,SUP-002,2015-05-29,2015-06-02,2015-06-02,96,96,4,4,0,1,2.51,240.96,Delivered
PO-11315,SKU-010,WH-WI1,SUP-002,2015-06-15,2015-06-19,2015-06-19,96,96,4,4,0,1,2.51,240.96,Delivered
PO-11316,SKU-010,WH-WI1,SUP-002,2015-06-30,2015-07-04,2015-07-04,96,96,4,4,0,1,2.51,240.96,Delivered
PO-11317,SKU-010,WH-WI1,SUP-002,2015-07-16,2015-07-20,2015-07-20,96,96,4,4,0,1,2.51,240.96,Delivered
PO-11318,SKU-010,WH-WI1,SUP-002,2015-08-01,2015-08-05,2015-08-05,96,96,4,4,0,1,2.51,240.96,Delivered
PO-11319,SKU-010,WH-WI1,SUP-002,2015-08-19,2015-08-23,2015-08-23,96,96,4,4,0,1,2.51,240.96,Delivered
PO-11320,SKU-010,WH-WI1,SUP-002,2015-09-03,2015-09-07,2015-09-07,96,96,4,4,0,1,2.51,240.96,Delivered
PO-11321,SKU-010,WH-WI1,SUP-002,2015-09-20,2015-09-24,2015-09-24,96,96,4,4,0,1,2.51,240.96,Delivered
PO-11322,SKU-010,WH-WI1,SUP-002,2015-10-08,2015-10-12,2015-10-12,96,96,4,4,0,1,2.51,240.96,Delivered
PO-11323,SKU-010,WH-WI1,SUP-002,2015-10-24,2015-10-28,2015-10-28,96,96,4,4,0,1,2.51,240.96,Delivered
PO-11324,SKU-010,WH-WI1,SUP-002,2015-11-09,2015-11-13,2015-11-13,96,96,4,4,0,1,2.51,240.96,Delivered
PO-11325,SKU-010,WH-WI1,SUP-002,2015-11-25,2015-11-29,2015-11-29,96,96,4,4,0,1,2.51,240.96,Delivered
PO-11326,SKU-010,WH-WI1,SUP-002,2015-12-11,2015-12-15,2015-12-15,96,96,4,4,0,1,2.51,240.96,Delivered
PO-11327,SKU-010,WH-WI1,SUP-002,2015-12-29,2016-01-02,2016-01-01,96,96,4,3,-1,1,2.51,240.96,Delivered
PO-11328,SKU-010,WH-WI1,SUP-002,2016-01-15,2016-01-19,2016-01-19,96,96,4,4,0,1,2.51,240.96,Delivered
PO-11329,SKU-010,WH-WI1,SUP-002,2016-01-30,2016-02-03,2016-02-03,96,96,4,4,0,1,2.51,240.96,Delivered
PO-11330,SKU-010,WH-WI1,SUP-002,2016-02-15,2016-02-19,2016-02-19,96,96,4,4,0,1,2.51,240.96,Delivered
PO-11331,SKU-010,WH-WI1,SUP-002,2016-03-03,2016-03-07,2016-03-06,96,96,4,3,-1,1,2.51,240.96,Delivered
PO-11332,SKU-010,WH-WI1,SUP-002,2016-03-18,2016-03-22,2016-03-22,96,96,4,4,0,1,2.51,240.96,Delivered
PO-11333,SKU-010,WH-WI1,SUP-002,2016-04-03,2016-04-07,2016-04-07,96,96,4,4,0,1,2.51,240.96,Delivered
PO-11334,SKU-011,WH-CA1,SUP-003,2014-05-04,2014-05-11,2014-05-09,96,96,7,5,-2,1,0.71,68.16,Delivered
PO-11335,SKU-011,WH-CA1,SUP-003,2014-05-20,2014-05-27,2014-05-27,96,96,7,7,0,1,0.71,68.16,Delivered
PO-11336,SKU-011,WH-CA1,SUP-003,2014-06-05,2014-06-12,2014-06-11,96,96,7,6,-1,1,0.71,68.16,Delivered
PO-11337,SKU-011,WH-CA1,SUP-003,2014-06-21,2014-06-28,2014-06-29,96,96,7,8,1,0,0.71,68.16,Delivered
PO-11338,SKU-011,WH-CA1,SUP-003,2014-07-06,2014-07-13,2014-07-13,96,96,7,7,0,1,0.71,68.16,Delivered
PO-11339,SKU-011,WH-CA1,SUP-003,2014-07-23,2014-07-30,2014-07-29,96,96,7,6,-1,1,0.71,68.16,Delivered
PO-11340,SKU-011,WH-CA1,SUP-003,2014-08-10,2014-08-17,2014-08-17,96,96,7,7,0,1,0.71,68.16,Delivered
PO-11341,SKU-011,WH-CA1,SUP-003,2014-08-25,2014-09-01,2014-09-01,96,96,7,7,0,1,0.71,68.16,Delivered
PO-11342,SKU-011,WH-CA1,SUP-003,2014-09-09,2014-09-16,2014-09-15,96,96,7,6,-1,1,0.71,68.16,Delivered
PO-11343,SKU-011,WH-CA1,SUP-003,2014-09-27,2014-10-04,2014-10-03,96,96,7,6,-1,1,0.71,68.16,Delivered
PO-11344,SKU-011,WH-CA1,SUP-003,2014-10-15,2014-10-22,2014-10-22,96,96,7,7,0,1,0.71,68.16,Delivered
PO-11345,SKU-011,WH-CA1,SUP-003,2014-10-30,2014-11-06,2014-11-04,96,96,7,5,-2,1,0.71,68.16,Delivered
PO-11346,SKU-011,WH-CA1,SUP-003,2014-11-16,2014-11-23,2014-11-23,96,96,7,7,0,1,0.71,68.16,Delivered
PO-11347,SKU-011,WH-CA1,SUP-003,2014-12-02,2014-12-09,2014-12-06,96,96,7,4,-3,1,0.71,68.16,Delivered
PO-11348,SKU-011,WH-CA1,SUP-003,2014-12-18,2014-12-25,2014-12-25,96,96,7,7,0,1,0.71,68.16,Delivered
PO-11349,SKU-011,WH-CA1,SUP-003,2015-01-03,2015-01-10,2015-01-10,96,96,7,7,0,1,0.71,68.16,Delivered
PO-11350,SKU-011,WH-CA1,SUP-003,2015-01-19,2015-01-26,2015-01-26,96,96,7,7,0,1,0.71,68.16,Delivered
PO-11351,SKU-011,WH-CA1,SUP-003,2015-02-05,2015-02-12,2015-02-11,96,96,7,6,-1,1,0.71,68.16,Delivered
PO-11352,SKU-011,WH-CA1,SUP-003,2015-02-21,2015-02-28,2015-02-28,96,96,7,7,0,1,0.71,68.16,Delivered
PO-11353,SKU-011,WH-CA1,SUP-003,2015-03-09,2015-03-16,2015-03-16,96,96,7,7,0,1,0.71,68.16,Delivered
PO-11354,SKU-011,WH-CA1,SUP-003,2015-03-27,2015-04-03,2015-04-03,96,96,7,7,0,1,0.71,68.16,Delivered
PO-11355,SKU-011,WH-CA1,SUP-003,2015-04-12,2015-04-19,2015-04-19,96,96,7,7,0,1,0.71,68.16,Delivered
PO-11356,SKU-011,WH-CA1,SUP-003,2015-04-28,2015-05-05,2015-05-06,96,96,7,8,1,0,0.71,68.16,Delivered
PO-11357,SKU-011,WH-CA1,SUP-003,2015-05-15,2015-05-22,2015-05-21,96,96,7,6,-1,1,0.71,68.16,Delivered
PO-11358,SKU-011,WH-CA1,SUP-003,2015-05-31,2015-06-07,2015-06-07,96,96,7,7,0,1,0.71,68.16,Delivered
PO-11359,SKU-011,WH-CA1,SUP-003,2015-06-18,2015-06-25,2015-06-25,96,96,7,7,0,1,0.71,68.16,Delivered
PO-11360,SKU-011,WH-CA1,SUP-003,2015-07-03,2015-07-10,2015-07-10,96,96,7,7,0,1,0.71,68.16,Delivered
PO-11361,SKU-011,WH-CA1,SUP-003,2015-07-19,2015-07-26,2015-07-26,96,96,7,7,0,1,0.71,68.16,Delivered
PO-11362,SKU-011,WH-CA1,SUP-003,2015-08-03,2015-08-10,2015-08-10,96,96,7,7,0,1,0.71,68.16,Delivered
PO-11363,SKU-011,WH-CA1,SUP-003,2015-08-19,2015-08-26,2015-08-26,96,96,7,7,0,1,0.71,68.16,Delivered
PO-11364,SKU-011,WH-CA1,SUP-003,2015-09-04,2015-09-11,2015-09-10,96,96,7,6,-1,1,0.71,68.16,Delivered
PO-11365,SKU-011,WH-CA1,SUP-003,2015-09-20,2015-09-27,2015-09-26,96,96,7,6,-1,1,0.71,68.16,Delivered
PO-11366,SKU-011,WH-CA1,SUP-003,2015-10-06,2015-10-13,2015-10-13,96,96,7,7,0,1,0.71,68.16,Delivered
PO-11367,SKU-011,WH-CA1,SUP-003,2015-10-22,2015-10-29,2015-10-29,96,96,7,7,0,1,0.71,68.16,Delivered
PO-11368,SKU-011,WH-CA1,SUP-003,2015-11-07,2015-11-14,2015-11-13,96,96,7,6,-1,1,0.71,68.16,Delivered
PO-11369,SKU-011,WH-CA1,SUP-003,2015-11-24,2015-12-01,2015-12-01,96,96,7,7,0,1,0.71,68.16,Delivered
PO-11370,SKU-011,WH-CA1,SUP-003,2015-12-11,2015-12-18,2015-12-18,96,96,7,7,0,1,0.71,68.16,Delivered
PO-11371,SKU-011,WH-CA1,SUP-003,2015-12-26,2016-01-02,2016-01-02,96,96,7,7,0,1,0.71,68.16,Delivered
PO-11372,SKU-011,WH-CA1,SUP-003,2016-01-11,2016-01-18,2016-01-17,96,96,7,6,-1,1,0.71,68.16,Delivered
PO-11373,SKU-011,WH-CA1,SUP-003,2016-01-26,2016-02-02,2016-02-02,96,96,7,7,0,1,0.71,68.16,Delivered
PO-11374,SKU-011,WH-CA1,SUP-003,2016-02-10,2016-02-17,2016-02-16,96,96,7,6,-1,1,0.71,68.16,Delivered
PO-11375,SKU-011,WH-CA1,SUP-003,2016-02-28,2016-03-06,2016-03-05,96,96,7,6,-1,1,0.71,68.16,Delivered
PO-11376,SKU-011,WH-CA1,SUP-003,2016-03-16,2016-03-23,2016-03-23,96,96,7,7,0,1,0.71,68.16,Delivered
PO-11377,SKU-011,WH-CA1,SUP-003,2016-04-01,2016-04-08,2016-04-08,96,96,7,7,0,1,0.71,68.16,Delivered
PO-11378,SKU-011,WH-TX1,SUP-003,2014-05-02,2014-05-09,2014-05-09,96,96,7,7,0,1,0.71,68.16,Delivered
PO-11379,SKU-011,WH-TX1,SUP-003,2014-05-24,2014-05-31,2014-05-31,96,96,7,7,0,1,0.71,68.16,Delivered
PO-11380,SKU-011,WH-TX1,SUP-003,2014-06-17,2014-06-24,2014-06-24,96,96,7,7,0,1,0.71,68.16,Delivered
PO-11381,SKU-011,WH-TX1,SUP-003,2014-07-08,2014-07-15,2014-07-14,96,96,7,6,-1,1,0.71,68.16,Delivered
PO-11382,SKU-011,WH-TX1,SUP-003,2014-07-30,2014-08-06,2014-08-05,96,96,7,6,-1,1,0.71,68.16,Delivered
PO-11383,SKU-011,WH-TX1,SUP-003,2014-08-21,2014-08-28,2014-08-27,96,96,7,6,-1,1,0.71,68.16,Delivered
PO-11384,SKU-011,WH-TX1,SUP-003,2014-09-11,2014-09-18,2014-09-18,96,96,7,7,0,1,0.71,68.16,Delivered
PO-11385,SKU-011,WH-TX1,SUP-003,2014-10-03,2014-10-10,2014-10-09,96,96,7,6,-1,1,0.71,68.16,Delivered
PO-11386,SKU-011,WH-TX1,SUP-003,2014-10-27,2014-11-03,2014-11-01,96,96,7,5,-2,1,0.71,68.16,Delivered
PO-11387,SKU-011,WH-TX1,SUP-003,2014-11-19,2014-11-26,2014-11-26,96,96,7,7,0,1,0.71,68.16,Delivered
PO-11388,SKU-011,WH-TX1,SUP-003,2014-12-11,2014-12-18,2014-12-18,96,96,7,7,0,1,0.71,68.16,Delivered
PO-11389,SKU-011,WH-TX1,SUP-003,2015-01-03,2015-01-10,2015-01-10,96,96,7,7,0,1,0.71,68.16,Delivered
PO-11390,SKU-011,WH-TX1,SUP-003,2015-01-24,2015-01-31,2015-01-31,96,96,7,7,0,1,0.71,68.16,Delivered
PO-11391,SKU-011,WH-TX1,SUP-003,2015-02-17,2015-02-24,2015-02-24,96,96,7,7,0,1,0.71,68.16,Delivered
PO-11392,SKU-011,WH-TX1,SUP-003,2015-03-13,2015-03-20,2015-03-20,96,96,7,7,0,1,0.71,68.16,Delivered
PO-11393,SKU-011,WH-TX1,SUP-003,2015-04-05,2015-04-12,2015-04-12,96,96,7,7,0,1,0.71,68.16,Delivered
PO-11394,SKU-011,WH-TX1,SUP-003,2015-04-27,2015-05-04,2015-05-04,96,96,7,7,0,1,0.71,68.16,Delivered
PO-11395,SKU-011,WH-TX1,SUP-003,2015-05-19,2015-05-26,2015-05-30,96,96,7,11,4,0,0.71,68.16,Delivered
PO-11396,SKU-011,WH-TX1,SUP-003,2015-06-12,2015-06-19,2015-06-19,96,96,7,7,0,1,0.71,68.16,Delivered
PO-11397,SKU-011,WH-TX1,SUP-003,2015-07-05,2015-07-12,2015-07-14,96,96,7,9,2,0,0.71,68.16,Delivered
PO-11398,SKU-011,WH-TX1,SUP-003,2015-07-26,2015-08-02,2015-08-02,96,96,7,7,0,1,0.71,68.16,Delivered
PO-11399,SKU-011,WH-TX1,SUP-003,2015-08-18,2015-08-25,2015-08-25,96,96,7,7,0,1,0.71,68.16,Delivered
PO-11400,SKU-011,WH-TX1,SUP-003,2015-09-09,2015-09-16,2015-09-15,96,96,7,6,-1,1,0.71,68.16,Delivered
PO-11401,SKU-011,WH-TX1,SUP-003,2015-10-02,2015-10-09,2015-10-09,96,96,7,7,0,1,0.71,68.16,Delivered
PO-11402,SKU-011,WH-TX1,SUP-003,2015-10-24,2015-10-31,2015-10-30,96,96,7,6,-1,1,0.71,68.16,Delivered
PO-11403,SKU-011,WH-TX1,SUP-003,2015-11-16,2015-11-23,2015-11-23,96,96,7,7,0,1,0.71,68.16,Delivered
PO-11404,SKU-011,WH-TX1,SUP-003,2015-12-10,2015-12-17,2015-12-16,96,96,7,6,-1,1,0.71,68.16,Delivered
PO-11405,SKU-011,WH-TX1,SUP-003,2015-12-31,2016-01-07,2016-01-09,96,96,7,9,2,0,0.71,68.16,Delivered
PO-11406,SKU-011,WH-TX1,SUP-003,2016-01-22,2016-01-29,2016-01-28,96,96,7,6,-1,1,0.71,68.16,Delivered
PO-11407,SKU-011,WH-TX1,SUP-003,2016-02-13,2016-02-20,2016-02-20,96,96,7,7,0,1,0.71,68.16,Delivered
PO-11408,SKU-011,WH-TX1,SUP-003,2016-03-08,2016-03-15,2016-03-15,96,96,7,7,0,1,0.71,68.16,Delivered
PO-11409,SKU-011,WH-TX1,SUP-003,2016-04-01,2016-04-08,2016-04-08,96,96,7,7,0,1,0.71,68.16,Delivered
PO-11410,SKU-011,WH-WI1,SUP-003,2014-05-05,2014-05-12,2014-05-12,96,96,7,7,0,1,0.71,68.16,Delivered
PO-11411,SKU-011,WH-WI1,SUP-003,2014-05-26,2014-06-02,2014-05-31,96,96,7,5,-2,1,0.71,68.16,Delivered
PO-11412,SKU-011,WH-WI1,SUP-003,2014-06-14,2014-06-21,2014-06-21,96,96,7,7,0,1,0.71,68.16,Delivered
PO-11413,SKU-011,WH-WI1,SUP-003,2014-07-03,2014-07-10,2014-07-12,96,96,7,9,2,0,0.71,68.16,Delivered
PO-11414,SKU-011,WH-WI1,SUP-003,2014-07-24,2014-07-31,2014-07-31,96,96,7,7,0,1,0.71,68.16,Delivered
PO-11415,SKU-011,WH-WI1,SUP-003,2014-08-15,2014-08-22,2014-08-24,96,96,7,9,2,0,0.71,68.16,Delivered
PO-11416,SKU-011,WH-WI1,SUP-003,2014-09-06,2014-09-13,2014-09-13,96,96,7,7,0,1,0.71,68.16,Delivered
PO-11417,SKU-011,WH-WI1,SUP-003,2014-09-27,2014-10-04,2014-10-04,96,96,7,7,0,1,0.71,68.16,Delivered
PO-11418,SKU-011,WH-WI1,SUP-003,2014-10-19,2014-10-26,2014-10-26,96,96,7,7,0,1,0.71,68.16,Delivered
PO-11419,SKU-011,WH-WI1,SUP-003,2014-11-08,2014-11-15,2014-11-15,96,96,7,7,0,1,0.71,68.16,Delivered
PO-11420,SKU-011,WH-WI1,SUP-003,2014-11-28,2014-12-05,2014-12-05,96,96,7,7,0,1,0.71,68.16,Delivered
PO-11421,SKU-011,WH-WI1,SUP-003,2014-12-17,2014-12-24,2014-12-24,96,96,7,7,0,1,0.71,68.16,Delivered
PO-11422,SKU-011,WH-WI1,SUP-003,2015-01-06,2015-01-13,2015-01-13,96,96,7,7,0,1,0.71,68.16,Delivered
PO-11423,SKU-011,WH-WI1,SUP-003,2015-01-28,2015-02-04,2015-02-04,96,96,7,7,0,1,0.71,68.16,Delivered
PO-11424,SKU-011,WH-WI1,SUP-003,2015-02-16,2015-02-23,2015-02-23,96,96,7,7,0,1,0.71,68.16,Delivered
PO-11425,SKU-011,WH-WI1,SUP-003,2015-03-08,2015-03-15,2015-03-15,96,96,7,7,0,1,0.71,68.16,Delivered
PO-11426,SKU-011,WH-WI1,SUP-003,2015-03-29,2015-04-05,2015-04-05,96,96,7,7,0,1,0.71,68.16,Delivered
PO-11427,SKU-011,WH-WI1,SUP-003,2015-04-17,2015-04-24,2015-04-28,96,96,7,11,4,0,0.71,68.16,Delivered
PO-11428,SKU-011,WH-WI1,SUP-003,2015-05-08,2015-05-15,2015-05-15,96,96,7,7,0,1,0.71,68.16,Delivered
PO-11429,SKU-011,WH-WI1,SUP-003,2015-05-28,2015-06-04,2015-06-06,96,96,7,9,2,0,0.71,68.16,Delivered
PO-11430,SKU-011,WH-WI1,SUP-003,2015-06-18,2015-06-25,2015-06-25,96,96,7,7,0,1,0.71,68.16,Delivered
PO-11431,SKU-011,WH-WI1,SUP-003,2015-07-08,2015-07-15,2015-07-15,96,96,7,7,0,1,0.71,68.16,Delivered
PO-11432,SKU-011,WH-WI1,SUP-003,2015-07-28,2015-08-04,2015-08-04,96,96,7,7,0,1,0.71,68.16,Delivered
PO-11433,SKU-011,WH-WI1,SUP-003,2015-08-17,2015-08-24,2015-08-24,96,96,7,7,0,1,0.71,68.16,Delivered
PO-11434,SKU-011,WH-WI1,SUP-003,2015-09-05,2015-09-12,2015-09-13,96,96,7,8,1,0,0.71,68.16,Delivered
PO-11435,SKU-011,WH-WI1,SUP-003,2015-09-24,2015-10-01,2015-09-29,96,96,7,5,-2,1,0.71,68.16,Delivered
PO-11436,SKU-011,WH-WI1,SUP-003,2015-10-14,2015-10-21,2015-10-21,96,96,7,7,0,1,0.71,68.16,Delivered
PO-11437,SKU-011,WH-WI1,SUP-003,2015-11-02,2015-11-09,2015-11-08,96,96,7,6,-1,1,0.71,68.16,Delivered
PO-11438,SKU-011,WH-WI1,SUP-003,2015-11-22,2015-11-29,2015-11-29,96,96,7,7,0,1,0.71,68.16,Delivered
PO-11439,SKU-011,WH-WI1,SUP-003,2015-12-13,2015-12-20,2015-12-20,96,96,7,7,0,1,0.71,68.16,Delivered
PO-11440,SKU-011,WH-WI1,SUP-003,2016-01-04,2016-01-11,2016-01-09,96,96,7,5,-2,1,0.71,68.16,Delivered
PO-11441,SKU-011,WH-WI1,SUP-003,2016-01-26,2016-02-02,2016-02-01,96,96,7,6,-1,1,0.71,68.16,Delivered
PO-11442,SKU-011,WH-WI1,SUP-003,2016-02-14,2016-02-21,2016-02-21,96,96,7,7,0,1,0.71,68.16,Delivered
PO-11443,SKU-011,WH-WI1,SUP-003,2016-03-07,2016-03-14,2016-03-14,96,96,7,7,0,1,0.71,68.16,Delivered
PO-11444,SKU-011,WH-WI1,SUP-003,2016-03-29,2016-04-05,2016-04-05,96,96,7,7,0,1,0.71,68.16,Delivered
PO-11445,SKU-012,WH-CA1,SUP-001,2014-04-30,2014-05-05,2014-05-05,96,96,5,5,0,1,1.56,149.76,Delivered
PO-11446,SKU-012,WH-CA1,SUP-001,2014-05-17,2014-05-22,2014-05-22,96,96,5,5,0,1,1.56,149.76,Delivered
PO-11447,SKU-012,WH-CA1,SUP-001,2014-06-06,2014-06-11,2014-06-11,96,96,5,5,0,1,1.56,149.76,Delivered
PO-11448,SKU-012,WH-CA1,SUP-001,2014-06-26,2014-07-01,2014-07-01,96,96,5,5,0,1,1.56,149.76,Delivered
PO-11449,SKU-012,WH-CA1,SUP-001,2014-07-14,2014-07-19,2014-07-19,96,96,5,5,0,1,1.56,149.76,Delivered
PO-11450,SKU-012,WH-CA1,SUP-001,2014-08-03,2014-08-08,2014-08-08,96,96,5,5,0,1,1.56,149.76,Delivered
PO-11451,SKU-012,WH-CA1,SUP-001,2014-08-22,2014-08-27,2014-08-27,96,96,5,5,0,1,1.56,149.76,Delivered
PO-11452,SKU-012,WH-CA1,SUP-001,2014-09-11,2014-09-16,2014-09-16,96,96,5,5,0,1,1.56,149.76,Delivered
PO-11453,SKU-012,WH-CA1,SUP-001,2014-09-29,2014-10-04,2014-10-04,96,96,5,5,0,1,1.56,149.76,Delivered
PO-11454,SKU-012,WH-CA1,SUP-001,2014-10-17,2014-10-22,2014-10-22,96,96,5,5,0,1,1.56,149.76,Delivered
PO-11455,SKU-012,WH-CA1,SUP-001,2014-11-04,2014-11-09,2014-11-09,96,96,5,5,0,1,1.56,149.76,Delivered
PO-11456,SKU-012,WH-CA1,SUP-001,2014-11-24,2014-11-29,2014-11-29,96,96,5,5,0,1,1.56,149.76,Delivered
PO-11457,SKU-012,WH-CA1,SUP-001,2014-12-12,2014-12-17,2014-12-17,96,96,5,5,0,1,1.56,149.76,Delivered
PO-11458,SKU-012,WH-CA1,SUP-001,2014-12-30,2015-01-04,2015-01-03,96,96,5,4,-1,1,1.56,149.76,Delivered
PO-11459,SKU-012,WH-CA1,SUP-001,2015-01-17,2015-01-22,2015-01-22,96,96,5,5,0,1,1.56,149.76,Delivered
PO-11460,SKU-012,WH-CA1,SUP-001,2015-02-04,2015-02-09,2015-02-09,96,96,5,5,0,1,1.56,149.76,Delivered
PO-11461,SKU-012,WH-CA1,SUP-001,2015-02-24,2015-03-01,2015-02-28,96,96,5,4,-1,1,1.56,149.76,Delivered
PO-11462,SKU-012,WH-CA1,SUP-001,2015-03-14,2015-03-19,2015-03-18,96,96,5,4,-1,1,1.56,149.76,Delivered
PO-11463,SKU-012,WH-CA1,SUP-001,2015-04-02,2015-04-07,2015-04-06,96,96,5,4,-1,1,1.56,149.76,Delivered
PO-11464,SKU-012,WH-CA1,SUP-001,2015-04-19,2015-04-24,2015-04-24,96,96,5,5,0,1,1.56,149.76,Delivered
PO-11465,SKU-012,WH-CA1,SUP-001,2015-05-06,2015-05-11,2015-05-10,96,96,5,4,-1,1,1.56,149.76,Delivered
PO-11466,SKU-012,WH-CA1,SUP-001,2015-05-26,2015-05-31,2015-05-31,96,96,5,5,0,1,1.56,149.76,Delivered
PO-11467,SKU-012,WH-CA1,SUP-001,2015-06-15,2015-06-20,2015-06-20,96,96,5,5,0,1,1.56,149.76,Delivered
PO-11468,SKU-012,WH-CA1,SUP-001,2015-07-05,2015-07-10,2015-07-10,96,96,5,5,0,1,1.56,149.76,Delivered
PO-11469,SKU-012,WH-CA1,SUP-001,2015-07-25,2015-07-30,2015-07-30,96,96,5,5,0,1,1.56,149.76,Delivered
PO-11470,SKU-012,WH-CA1,SUP-001,2015-08-12,2015-08-17,2015-08-16,96,96,5,4,-1,1,1.56,149.76,Delivered
PO-11471,SKU-012,WH-CA1,SUP-001,2015-08-30,2015-09-04,2015-09-04,96,96,5,5,0,1,1.56,149.76,Delivered
PO-11472,SKU-012,WH-CA1,SUP-001,2015-09-16,2015-09-21,2015-09-20,96,96,5,4,-1,1,1.56,149.76,Delivered
PO-11473,SKU-012,WH-CA1,SUP-001,2015-10-04,2015-10-09,2015-10-09,96,96,5,5,0,1,1.56,149.76,Delivered
PO-11474,SKU-012,WH-CA1,SUP-001,2015-10-21,2015-10-26,2015-10-26,96,96,5,5,0,1,1.56,149.76,Delivered
PO-11475,SKU-012,WH-CA1,SUP-001,2015-11-07,2015-11-12,2015-11-12,96,96,5,5,0,1,1.56,149.76,Delivered
PO-11476,SKU-012,WH-CA1,SUP-001,2015-11-25,2015-11-30,2015-11-30,96,96,5,5,0,1,1.56,149.76,Delivered
PO-11477,SKU-012,WH-CA1,SUP-001,2015-12-15,2015-12-20,2015-12-20,96,96,5,5,0,1,1.56,149.76,Delivered
PO-11478,SKU-012,WH-CA1,SUP-001,2016-01-01,2016-01-06,2016-01-06,96,96,5,5,0,1,1.56,149.76,Delivered
PO-11479,SKU-012,WH-CA1,SUP-001,2016-01-18,2016-01-23,2016-01-25,96,96,5,7,2,0,1.56,149.76,Delivered
PO-11480,SKU-012,WH-CA1,SUP-001,2016-02-06,2016-02-11,2016-02-10,96,96,5,4,-1,1,1.56,149.76,Delivered
PO-11481,SKU-012,WH-CA1,SUP-001,2016-02-23,2016-02-28,2016-02-28,96,96,5,5,0,1,1.56,149.76,Delivered
PO-11482,SKU-012,WH-CA1,SUP-001,2016-03-14,2016-03-19,2016-03-19,96,96,5,5,0,1,1.56,149.76,Delivered
PO-11483,SKU-012,WH-CA1,SUP-001,2016-03-31,2016-04-05,2016-04-05,96,96,5,5,0,1,1.56,149.76,Delivered
PO-11484,SKU-012,WH-TX1,SUP-001,2014-04-30,2014-05-05,2014-05-05,96,96,5,5,0,1,1.56,149.76,Delivered
PO-11485,SKU-012,WH-TX1,SUP-001,2014-05-19,2014-05-24,2014-05-24,96,96,5,5,0,1,1.56,149.76,Delivered
PO-11486,SKU-012,WH-TX1,SUP-001,2014-06-06,2014-06-11,2014-06-11,96,96,5,5,0,1,1.56,149.76,Delivered
PO-11487,SKU-012,WH-TX1,SUP-001,2014-06-26,2014-07-01,2014-06-30,96,96,5,4,-1,1,1.56,149.76,Delivered
PO-11488,SKU-012,WH-TX1,SUP-001,2014-07-15,2014-07-20,2014-07-20,96,96,5,5,0,1,1.56,149.76,Delivered
PO-11489,SKU-012,WH-TX1,SUP-001,2014-08-05,2014-08-10,2014-08-09,96,96,5,4,-1,1,1.56,149.76,Delivered
PO-11490,SKU-012,WH-TX1,SUP-001,2014-08-23,2014-08-28,2014-08-28,96,96,5,5,0,1,1.56,149.76,Delivered
PO-11491,SKU-012,WH-TX1,SUP-001,2014-09-10,2014-09-15,2014-09-14,96,96,5,4,-1,1,1.56,149.76,Delivered
PO-11492,SKU-012,WH-TX1,SUP-001,2014-09-29,2014-10-04,2014-10-03,96,96,5,4,-1,1,1.56,149.76,Delivered
PO-11493,SKU-012,WH-TX1,SUP-001,2014-10-18,2014-10-23,2014-10-23,96,96,5,5,0,1,1.56,149.76,Delivered
PO-11494,SKU-012,WH-TX1,SUP-001,2014-11-05,2014-11-10,2014-11-10,96,96,5,5,0,1,1.56,149.76,Delivered
PO-11495,SKU-012,WH-TX1,SUP-001,2014-11-23,2014-11-28,2014-11-28,96,96,5,5,0,1,1.56,149.76,Delivered
PO-11496,SKU-012,WH-TX1,SUP-001,2014-12-14,2014-12-19,2014-12-19,96,96,5,5,0,1,1.56,149.76,Delivered
PO-11497,SKU-012,WH-TX1,SUP-001,2015-01-04,2015-01-09,2015-01-09,96,96,5,5,0,1,1.56,149.76,Delivered
PO-11498,SKU-012,WH-TX1,SUP-001,2015-01-23,2015-01-28,2015-01-27,96,96,5,4,-1,1,1.56,149.76,Delivered
PO-11499,SKU-012,WH-TX1,SUP-001,2015-02-12,2015-02-17,2015-02-16,96,96,5,4,-1,1,1.56,149.76,Delivered
PO-11500,SKU-012,WH-TX1,SUP-001,2015-03-05,2015-03-10,2015-03-10,96,96,5,5,0,1,1.56,149.76,Delivered
PO-11501,SKU-012,WH-TX1,SUP-001,2015-03-23,2015-03-28,2015-03-28,96,96,5,5,0,1,1.56,149.76,Delivered
PO-11502,SKU-012,WH-TX1,SUP-001,2015-04-11,2015-04-16,2015-04-16,96,96,5,5,0,1,1.56,149.76,Delivered
PO-11503,SKU-012,WH-TX1,SUP-001,2015-04-30,2015-05-05,2015-05-05,96,96,5,5,0,1,1.56,149.76,Delivered
PO-11504,SKU-012,WH-TX1,SUP-001,2015-05-21,2015-05-26,2015-05-24,96,96,5,3,-2,1,1.56,149.76,Delivered
PO-11505,SKU-012,WH-TX1,SUP-001,2015-06-11,2015-06-16,2015-06-16,96,96,5,5,0,1,1.56,149.76,Delivered
PO-11506,SKU-012,WH-TX1,SUP-001,2015-07-01,2015-07-06,2015-07-05,96,96,5,4,-1,1,1.56,149.76,Delivered
PO-11507,SKU-012,WH-TX1,SUP-001,2015-07-22,2015-07-27,2015-07-26,96,96,5,4,-1,1,1.56,149.76,Delivered
PO-11508,SKU-012,WH-TX1,SUP-001,2015-08-11,2015-08-16,2015-08-16,96,96,5,5,0,1,1.56,149.76,Delivered
PO-11509,SKU-012,WH-TX1,SUP-001,2015-09-01,2015-09-06,2015-09-06,96,96,5,5,0,1,1.56,149.76,Delivered
PO-11510,SKU-012,WH-TX1,SUP-001,2015-09-20,2015-09-25,2015-09-25,96,96,5,5,0,1,1.56,149.76,Delivered
PO-11511,SKU-012,WH-TX1,SUP-001,2015-10-09,2015-10-14,2015-10-13,96,96,5,4,-1,1,1.56,149.76,Delivered
PO-11512,SKU-012,WH-TX1,SUP-001,2015-10-28,2015-11-02,2015-11-02,96,96,5,5,0,1,1.56,149.76,Delivered
PO-11513,SKU-012,WH-TX1,SUP-001,2015-11-16,2015-11-21,2015-11-20,96,96,5,4,-1,1,1.56,149.76,Delivered
PO-11514,SKU-012,WH-TX1,SUP-001,2015-12-05,2015-12-10,2015-12-09,96,96,5,4,-1,1,1.56,149.76,Delivered
PO-11515,SKU-012,WH-TX1,SUP-001,2015-12-26,2015-12-31,2015-12-31,96,96,5,5,0,1,1.56,149.76,Delivered
PO-11516,SKU-012,WH-TX1,SUP-001,2016-01-16,2016-01-21,2016-01-21,96,96,5,5,0,1,1.56,149.76,Delivered
PO-11517,SKU-012,WH-TX1,SUP-001,2016-02-04,2016-02-09,2016-02-09,96,96,5,5,0,1,1.56,149.76,Delivered
PO-11518,SKU-012,WH-TX1,SUP-001,2016-02-23,2016-02-28,2016-02-28,96,96,5,5,0,1,1.56,149.76,Delivered
PO-11519,SKU-012,WH-TX1,SUP-001,2016-03-12,2016-03-17,2016-03-17,96,96,5,5,0,1,1.56,149.76,Delivered
PO-11520,SKU-012,WH-TX1,SUP-001,2016-04-02,2016-04-07,2016-04-07,96,96,5,5,0,1,1.56,149.76,Delivered
PO-11521,SKU-012,WH-WI1,SUP-001,2014-05-03,2014-05-08,2014-05-08,96,96,5,5,0,1,1.56,149.76,Delivered
PO-11522,SKU-012,WH-WI1,SUP-001,2014-05-17,2014-05-22,2014-05-22,96,96,5,5,0,1,1.56,149.76,Delivered
PO-11523,SKU-012,WH-WI1,SUP-001,2014-05-30,2014-06-04,2014-06-04,96,96,5,5,0,1,1.56,149.76,Delivered
PO-11524,SKU-012,WH-WI1,SUP-001,2014-06-11,2014-06-16,2014-06-16,96,96,5,5,0,1,1.56,149.76,Delivered
PO-11525,SKU-012,WH-WI1,SUP-001,2014-06-26,2014-07-01,2014-06-30,96,96,5,4,-1,1,1.56,149.76,Delivered
PO-11526,SKU-012,WH-WI1,SUP-001,2014-07-09,2014-07-14,2014-07-14,96,96,5,5,0,1,1.56,149.76,Delivered
PO-11527,SKU-012,WH-WI1,SUP-001,2014-07-24,2014-07-29,2014-07-29,96,96,5,5,0,1,1.56,149.76,Delivered
PO-11528,SKU-012,WH-WI1,SUP-001,2014-08-07,2014-08-12,2014-08-12,96,96,5,5,0,1,1.56,149.76,Delivered
PO-11529,SKU-012,WH-WI1,SUP-001,2014-08-19,2014-08-24,2014-08-23,96,96,5,4,-1,1,1.56,149.76,Delivered
PO-11530,SKU-012,WH-WI1,SUP-001,2014-09-01,2014-09-06,2014-09-06,96,96,5,5,0,1,1.56,149.76,Delivered
PO-11531,SKU-012,WH-WI1,SUP-001,2014-09-13,2014-09-18,2014-09-18,96,96,5,5,0,1,1.56,149.76,Delivered
PO-11532,SKU-012,WH-WI1,SUP-001,2014-09-26,2014-10-01,2014-09-30,96,96,5,4,-1,1,1.56,149.76,Delivered
PO-11533,SKU-012,WH-WI1,SUP-001,2014-10-11,2014-10-16,2014-10-16,96,96,5,5,0,1,1.56,149.76,Delivered
PO-11534,SKU-012,WH-WI1,SUP-001,2014-10-26,2014-10-31,2014-10-31,96,96,5,5,0,1,1.56,149.76,Delivered
PO-11535,SKU-012,WH-WI1,SUP-001,2014-11-08,2014-11-13,2014-11-13,96,96,5,5,0,1,1.56,149.76,Delivered
PO-11536,SKU-012,WH-WI1,SUP-001,2014-11-21,2014-11-26,2014-11-26,96,96,5,5,0,1,1.56,149.76,Delivered
PO-11537,SKU-012,WH-WI1,SUP-001,2014-12-05,2014-12-10,2014-12-14,96,96,5,9,4,0,1.56,149.76,Delivered
PO-11538,SKU-012,WH-WI1,SUP-001,2014-12-20,2014-12-25,2014-12-24,96,96,5,4,-1,1,1.56,149.76,Delivered
PO-11539,SKU-012,WH-WI1,SUP-001,2015-01-02,2015-01-07,2015-01-07,96,96,5,5,0,1,1.56,149.76,Delivered
PO-11540,SKU-012,WH-WI1,SUP-001,2015-01-16,2015-01-21,2015-01-21,96,96,5,5,0,1,1.56,149.76,Delivered
PO-11541,SKU-012,WH-WI1,SUP-001,2015-01-29,2015-02-03,2015-02-02,96,96,5,4,-1,1,1.56,149.76,Delivered
PO-11542,SKU-012,WH-WI1,SUP-001,2015-02-13,2015-02-18,2015-02-18,96,96,5,5,0,1,1.56,149.76,Delivered
PO-11543,SKU-012,WH-WI1,SUP-001,2015-02-25,2015-03-02,2015-03-01,96,96,5,4,-1,1,1.56,149.76,Delivered
PO-11544,SKU-012,WH-WI1,SUP-001,2015-03-10,2015-03-15,2015-03-15,96,96,5,5,0,1,1.56,149.76,Delivered
PO-11545,SKU-012,WH-WI1,SUP-001,2015-03-23,2015-03-28,2015-03-28,96,96,5,5,0,1,1.56,149.76,Delivered
PO-11546,SKU-012,WH-WI1,SUP-001,2015-04-05,2015-04-10,2015-04-10,96,96,5,5,0,1,1.56,149.76,Delivered
PO-11547,SKU-012,WH-WI1,SUP-001,2015-04-17,2015-04-22,2015-04-22,96,96,5,5,0,1,1.56,149.76,Delivered
PO-11548,SKU-012,WH-WI1,SUP-001,2015-04-29,2015-05-04,2015-05-04,96,96,5,5,0,1,1.56,149.76,Delivered
PO-11549,SKU-012,WH-WI1,SUP-001,2015-05-13,2015-05-18,2015-05-18,96,96,5,5,0,1,1.56,149.76,Delivered
PO-11550,SKU-012,WH-WI1,SUP-001,2015-05-26,2015-05-31,2015-05-31,96,96,5,5,0,1,1.56,149.76,Delivered
PO-11551,SKU-012,WH-WI1,SUP-001,2015-06-08,2015-06-13,2015-06-12,96,96,5,4,-1,1,1.56,149.76,Delivered
PO-11552,SKU-012,WH-WI1,SUP-001,2015-06-21,2015-06-26,2015-06-26,96,96,5,5,0,1,1.56,149.76,Delivered
PO-11553,SKU-012,WH-WI1,SUP-001,2015-07-03,2015-07-08,2015-07-08,96,96,5,5,0,1,1.56,149.76,Delivered
PO-11554,SKU-012,WH-WI1,SUP-001,2015-07-16,2015-07-21,2015-07-21,96,96,5,5,0,1,1.56,149.76,Delivered
PO-11555,SKU-012,WH-WI1,SUP-001,2015-07-28,2015-08-02,2015-08-02,96,96,5,5,0,1,1.56,149.76,Delivered
PO-11556,SKU-012,WH-WI1,SUP-001,2015-08-10,2015-08-15,2015-08-15,96,96,5,5,0,1,1.56,149.76,Delivered
PO-11557,SKU-012,WH-WI1,SUP-001,2015-08-22,2015-08-27,2015-08-27,96,96,5,5,0,1,1.56,149.76,Delivered
PO-11558,SKU-012,WH-WI1,SUP-001,2015-09-06,2015-09-11,2015-09-18,96,96,5,12,7,0,1.56,149.76,Delivered
PO-11559,SKU-012,WH-WI1,SUP-001,2015-09-20,2015-09-25,2015-09-25,96,96,5,5,0,1,1.56,149.76,Delivered
PO-11560,SKU-012,WH-WI1,SUP-001,2015-10-03,2015-10-08,2015-10-07,96,96,5,4,-1,1,1.56,149.76,Delivered
PO-11561,SKU-012,WH-WI1,SUP-001,2015-10-17,2015-10-22,2015-10-20,96,96,5,3,-2,1,1.56,149.76,Delivered
PO-11562,SKU-012,WH-WI1,SUP-001,2015-10-30,2015-11-04,2015-11-04,96,96,5,5,0,1,1.56,149.76,Delivered
PO-11563,SKU-012,WH-WI1,SUP-001,2015-11-14,2015-11-19,2015-11-19,96,96,5,5,0,1,1.56,149.76,Delivered
PO-11564,SKU-012,WH-WI1,SUP-001,2015-11-27,2015-12-02,2015-12-02,96,96,5,5,0,1,1.56,149.76,Delivered
PO-11565,SKU-012,WH-WI1,SUP-001,2015-12-10,2015-12-15,2015-12-15,96,96,5,5,0,1,1.56,149.76,Delivered
PO-11566,SKU-012,WH-WI1,SUP-001,2015-12-22,2015-12-27,2015-12-27,96,96,5,5,0,1,1.56,149.76,Delivered
PO-11567,SKU-012,WH-WI1,SUP-001,2016-01-05,2016-01-10,2016-01-10,96,96,5,5,0,1,1.56,149.76,Delivered
PO-11568,SKU-012,WH-WI1,SUP-001,2016-01-19,2016-01-24,2016-01-23,96,96,5,4,-1,1,1.56,149.76,Delivered
PO-11569,SKU-012,WH-WI1,SUP-001,2016-02-01,2016-02-06,2016-02-06,96,96,5,5,0,1,1.56,149.76,Delivered
PO-11570,SKU-012,WH-WI1,SUP-001,2016-02-14,2016-02-19,2016-02-19,96,96,5,5,0,1,1.56,149.76,Delivered
PO-11571,SKU-012,WH-WI1,SUP-001,2016-02-28,2016-03-04,2016-03-04,96,96,5,5,0,1,1.56,149.76,Delivered
PO-11572,SKU-012,WH-WI1,SUP-001,2016-03-12,2016-03-17,2016-03-17,96,96,5,5,0,1,1.56,149.76,Delivered
PO-11573,SKU-012,WH-WI1,SUP-001,2016-03-26,2016-03-31,2016-03-31,96,96,5,5,0,1,1.56,149.76,Delivered
PO-11574,SKU-012,WH-WI1,SUP-001,2016-04-07,2016-04-12,2016-04-11,96,96,5,4,-1,1,1.56,149.76,Delivered
PO-11575,SKU-013,WH-CA1,SUP-002,2014-04-29,2014-05-03,2014-05-03,48,48,4,4,0,1,6.91,331.68,Delivered
PO-11576,SKU-013,WH-CA1,SUP-002,2014-05-10,2014-05-14,2014-05-15,48,48,4,5,1,0,6.91,331.68,Delivered
PO-11577,SKU-013,WH-CA1,SUP-002,2014-05-21,2014-05-25,2014-05-25,48,48,4,4,0,1,6.91,331.68,Delivered
PO-11578,SKU-013,WH-CA1,SUP-002,2014-06-02,2014-06-06,2014-06-06,48,48,4,4,0,1,6.91,331.68,Delivered
PO-11579,SKU-013,WH-CA1,SUP-002,2014-06-13,2014-06-17,2014-06-17,48,48,4,4,0,1,6.91,331.68,Delivered
PO-11580,SKU-013,WH-CA1,SUP-002,2014-06-24,2014-06-28,2014-06-28,48,48,4,4,0,1,6.91,331.68,Delivered
PO-11581,SKU-013,WH-CA1,SUP-002,2014-07-08,2014-07-12,2014-07-12,48,48,4,4,0,1,6.91,331.68,Delivered
PO-11582,SKU-013,WH-CA1,SUP-002,2014-07-22,2014-07-26,2014-07-26,48,48,4,4,0,1,6.91,331.68,Delivered
PO-11583,SKU-013,WH-CA1,SUP-002,2014-08-05,2014-08-09,2014-08-09,48,48,4,4,0,1,6.91,331.68,Delivered
PO-11584,SKU-013,WH-CA1,SUP-002,2014-08-17,2014-08-21,2014-08-21,48,48,4,4,0,1,6.91,331.68,Delivered
PO-11585,SKU-013,WH-CA1,SUP-002,2014-08-30,2014-09-03,2014-09-03,48,48,4,4,0,1,6.91,331.68,Delivered
PO-11586,SKU-013,WH-CA1,SUP-002,2014-09-10,2014-09-14,2014-09-14,48,48,4,4,0,1,6.91,331.68,Delivered
PO-11587,SKU-013,WH-CA1,SUP-002,2014-09-22,2014-09-26,2014-09-26,48,48,4,4,0,1,6.91,331.68,Delivered
PO-11588,SKU-013,WH-CA1,SUP-002,2014-10-04,2014-10-08,2014-10-08,48,48,4,4,0,1,6.91,331.68,Delivered
PO-11589,SKU-013,WH-CA1,SUP-002,2014-10-15,2014-10-19,2014-10-19,48,48,4,4,0,1,6.91,331.68,Delivered
PO-11590,SKU-013,WH-CA1,SUP-002,2014-10-28,2014-11-01,2014-10-31,48,48,4,3,-1,1,6.91,331.68,Delivered
PO-11591,SKU-013,WH-CA1,SUP-002,2014-11-10,2014-11-14,2014-11-14,48,48,4,4,0,1,6.91,331.68,Delivered
PO-11592,SKU-013,WH-CA1,SUP-002,2014-11-21,2014-11-25,2014-11-25,48,48,4,4,0,1,6.91,331.68,Delivered
PO-11593,SKU-013,WH-CA1,SUP-002,2014-12-03,2014-12-07,2014-12-06,48,48,4,3,-1,1,6.91,331.68,Delivered
PO-11594,SKU-013,WH-CA1,SUP-002,2014-12-14,2014-12-18,2014-12-17,48,48,4,3,-1,1,6.91,331.68,Delivered
PO-11595,SKU-013,WH-CA1,SUP-002,2014-12-28,2015-01-01,2015-01-01,48,48,4,4,0,1,6.91,331.68,Delivered
PO-11596,SKU-013,WH-CA1,SUP-002,2015-01-09,2015-01-13,2015-01-13,48,48,4,4,0,1,6.91,331.68,Delivered
PO-11597,SKU-013,WH-CA1,SUP-002,2015-01-21,2015-01-25,2015-01-25,48,48,4,4,0,1,6.91,331.68,Delivered
PO-11598,SKU-013,WH-CA1,SUP-002,2015-02-02,2015-02-06,2015-02-08,48,48,4,6,2,0,6.91,331.68,Delivered
PO-11599,SKU-013,WH-CA1,SUP-002,2015-02-14,2015-02-18,2015-02-18,48,48,4,4,0,1,6.91,331.68,Delivered
PO-11600,SKU-013,WH-CA1,SUP-002,2015-02-27,2015-03-03,2015-03-03,48,48,4,4,0,1,6.91,331.68,Delivered
PO-11601,SKU-013,WH-CA1,SUP-002,2015-03-11,2015-03-15,2015-03-15,48,48,4,4,0,1,6.91,331.68,Delivered
PO-11602,SKU-013,WH-CA1,SUP-002,2015-03-23,2015-03-27,2015-03-27,48,48,4,4,0,1,6.91,331.68,Delivered
PO-11603,SKU-013,WH-CA1,SUP-002,2015-04-06,2015-04-10,2015-04-10,48,48,4,4,0,1,6.91,331.68,Delivered
PO-11604,SKU-013,WH-CA1,SUP-002,2015-04-17,2015-04-21,2015-04-21,48,48,4,4,0,1,6.91,331.68,Delivered
PO-11605,SKU-013,WH-CA1,SUP-002,2015-04-29,2015-05-03,2015-05-03,48,48,4,4,0,1,6.91,331.68,Delivered
PO-11606,SKU-013,WH-CA1,SUP-002,2015-05-11,2015-05-15,2015-05-15,48,48,4,4,0,1,6.91,331.68,Delivered
PO-11607,SKU-013,WH-CA1,SUP-002,2015-05-23,2015-05-27,2015-05-27,48,48,4,4,0,1,6.91,331.68,Delivered
PO-11608,SKU-013,WH-CA1,SUP-002,2015-06-06,2015-06-10,2015-06-10,48,48,4,4,0,1,6.91,331.68,Delivered
PO-11609,SKU-013,WH-CA1,SUP-002,2015-06-18,2015-06-22,2015-06-22,48,48,4,4,0,1,6.91,331.68,Delivered
PO-11610,SKU-013,WH-CA1,SUP-002,2015-06-30,2015-07-04,2015-07-04,48,48,4,4,0,1,6.91,331.68,Delivered
PO-11611,SKU-013,WH-CA1,SUP-002,2015-07-14,2015-07-18,2015-07-17,48,48,4,3,-1,1,6.91,331.68,Delivered
PO-11612,SKU-013,WH-CA1,SUP-002,2015-07-28,2015-08-01,2015-08-01,48,48,4,4,0,1,6.91,331.68,Delivered
PO-11613,SKU-013,WH-CA1,SUP-002,2015-08-11,2015-08-15,2015-08-15,48,48,4,4,0,1,6.91,331.68,Delivered
PO-11614,SKU-013,WH-CA1,SUP-002,2015-08-22,2015-08-26,2015-08-26,48,48,4,4,0,1,6.91,331.68,Delivered
PO-11615,SKU-013,WH-CA1,SUP-002,2015-09-02,2015-09-06,2015-09-06,48,48,4,4,0,1,6.91,331.68,Delivered
PO-11616,SKU-013,WH-CA1,SUP-002,2015-09-15,2015-09-19,2015-09-19,48,48,4,4,0,1,6.91,331.68,Delivered
PO-11617,SKU-013,WH-CA1,SUP-002,2015-09-27,2015-10-01,2015-10-01,48,48,4,4,0,1,6.91,331.68,Delivered
PO-11618,SKU-013,WH-CA1,SUP-002,2015-10-10,2015-10-14,2015-10-14,48,48,4,4,0,1,6.91,331.68,Delivered
PO-11619,SKU-013,WH-CA1,SUP-002,2015-10-22,2015-10-26,2015-10-26,48,48,4,4,0,1,6.91,331.68,Delivered
PO-11620,SKU-013,WH-CA1,SUP-002,2015-11-03,2015-11-07,2015-11-07,48,48,4,4,0,1,6.91,331.68,Delivered
PO-11621,SKU-013,WH-CA1,SUP-002,2015-11-17,2015-11-21,2015-11-20,48,48,4,3,-1,1,6.91,331.68,Delivered
PO-11622,SKU-013,WH-CA1,SUP-002,2015-11-29,2015-12-03,2015-12-03,48,48,4,4,0,1,6.91,331.68,Delivered
PO-11623,SKU-013,WH-CA1,SUP-002,2015-12-11,2015-12-15,2015-12-14,48,48,4,3,-1,1,6.91,331.68,Delivered
PO-11624,SKU-013,WH-CA1,SUP-002,2015-12-23,2015-12-27,2015-12-28,48,48,4,5,1,0,6.91,331.68,Delivered
PO-11625,SKU-013,WH-CA1,SUP-002,2016-01-04,2016-01-08,2016-01-08,48,48,4,4,0,1,6.91,331.68,Delivered
PO-11626,SKU-013,WH-CA1,SUP-002,2016-01-16,2016-01-20,2016-01-19,48,48,4,3,-1,1,6.91,331.68,Delivered
PO-11627,SKU-013,WH-CA1,SUP-002,2016-01-28,2016-02-01,2016-02-01,48,48,4,4,0,1,6.91,331.68,Delivered
PO-11628,SKU-013,WH-CA1,SUP-002,2016-02-09,2016-02-13,2016-02-13,48,48,4,4,0,1,6.91,331.68,Delivered
PO-11629,SKU-013,WH-CA1,SUP-002,2016-02-20,2016-02-24,2016-02-24,48,48,4,4,0,1,6.91,331.68,Delivered
PO-11630,SKU-013,WH-CA1,SUP-002,2016-03-03,2016-03-07,2016-03-07,48,48,4,4,0,1,6.91,331.68,Delivered
PO-11631,SKU-013,WH-CA1,SUP-002,2016-03-16,2016-03-20,2016-03-20,48,48,4,4,0,1,6.91,331.68,Delivered
PO-11632,SKU-013,WH-CA1,SUP-002,2016-03-28,2016-04-01,2016-04-01,48,48,4,4,0,1,6.91,331.68,Delivered
PO-11633,SKU-013,WH-TX1,SUP-002,2014-05-01,2014-05-05,2014-05-05,48,48,4,4,0,1,6.91,331.68,Delivered
PO-11634,SKU-013,WH-TX1,SUP-002,2014-05-24,2014-05-28,2014-05-27,48,48,4,3,-1,1,6.91,331.68,Delivered
PO-11635,SKU-013,WH-TX1,SUP-002,2014-06-17,2014-06-21,2014-06-21,48,48,4,4,0,1,6.91,331.68,Delivered
PO-11636,SKU-013,WH-TX1,SUP-002,2014-07-08,2014-07-12,2014-07-12,48,48,4,4,0,1,6.91,331.68,Delivered
PO-11637,SKU-013,WH-TX1,SUP-002,2014-07-30,2014-08-03,2014-08-03,48,48,4,4,0,1,6.91,331.68,Delivered
PO-11638,SKU-013,WH-TX1,SUP-002,2014-08-22,2014-08-26,2014-08-26,48,48,4,4,0,1,6.91,331.68,Delivered
PO-11639,SKU-013,WH-TX1,SUP-002,2014-09-13,2014-09-17,2014-09-17,48,48,4,4,0,1,6.91,331.68,Delivered
PO-11640,SKU-013,WH-TX1,SUP-002,2014-10-05,2014-10-09,2014-10-09,48,48,4,4,0,1,6.91,331.68,Delivered
PO-11641,SKU-013,WH-TX1,SUP-002,2014-10-26,2014-10-30,2014-10-28,48,48,4,2,-2,1,6.91,331.68,Delivered
PO-11642,SKU-013,WH-TX1,SUP-002,2014-11-19,2014-11-23,2014-11-23,48,48,4,4,0,1,6.91,331.68,Delivered
PO-11643,SKU-013,WH-TX1,SUP-002,2014-12-13,2014-12-17,2014-12-17,48,48,4,4,0,1,6.91,331.68,Delivered
PO-11644,SKU-013,WH-TX1,SUP-002,2015-01-04,2015-01-08,2015-01-08,48,48,4,4,0,1,6.91,331.68,Delivered
PO-11645,SKU-013,WH-TX1,SUP-002,2015-01-26,2015-01-30,2015-01-29,48,48,4,3,-1,1,6.91,331.68,Delivered
PO-11646,SKU-013,WH-TX1,SUP-002,2015-02-19,2015-02-23,2015-02-22,48,48,4,3,-1,1,6.91,331.68,Delivered
PO-11647,SKU-013,WH-TX1,SUP-002,2015-03-15,2015-03-19,2015-03-19,48,48,4,4,0,1,6.91,331.68,Delivered
PO-11648,SKU-013,WH-TX1,SUP-002,2015-04-08,2015-04-12,2015-04-11,48,48,4,3,-1,1,6.91,331.68,Delivered
PO-11649,SKU-013,WH-TX1,SUP-002,2015-04-30,2015-05-04,2015-05-04,48,48,4,4,0,1,6.91,331.68,Delivered
PO-11650,SKU-013,WH-TX1,SUP-002,2015-05-22,2015-05-26,2015-05-26,48,48,4,4,0,1,6.91,331.68,Delivered
PO-11651,SKU-013,WH-TX1,SUP-002,2015-06-12,2015-06-16,2015-06-15,48,48,4,3,-1,1,6.91,331.68,Delivered
PO-11652,SKU-013,WH-TX1,SUP-002,2015-07-04,2015-07-08,2015-07-07,48,48,4,3,-1,1,6.91,331.68,Delivered
PO-11653,SKU-013,WH-TX1,SUP-002,2015-07-26,2015-07-30,2015-07-29,48,48,4,3,-1,1,6.91,331.68,Delivered
PO-11654,SKU-013,WH-TX1,SUP-002,2015-08-17,2015-08-21,2015-08-22,48,48,4,5,1,0,6.91,331.68,Delivered
PO-11655,SKU-013,WH-TX1,SUP-002,2015-09-09,2015-09-13,2015-09-12,48,48,4,3,-1,1,6.91,331.68,Delivered
PO-11656,SKU-013,WH-TX1,SUP-002,2015-10-02,2015-10-06,2015-10-06,48,48,4,4,0,1,6.91,331.68,Delivered
PO-11657,SKU-013,WH-TX1,SUP-002,2015-10-24,2015-10-28,2015-10-28,48,48,4,4,0,1,6.91,331.68,Delivered
PO-11658,SKU-013,WH-TX1,SUP-002,2015-11-15,2015-11-19,2015-11-18,48,48,4,3,-1,1,6.91,331.68,Delivered
PO-11659,SKU-013,WH-TX1,SUP-002,2015-12-06,2015-12-10,2015-12-10,48,48,4,4,0,1,6.91,331.68,Delivered
PO-11660,SKU-013,WH-TX1,SUP-002,2015-12-27,2015-12-31,2015-12-31,48,48,4,4,0,1,6.91,331.68,Delivered
PO-11661,SKU-013,WH-TX1,SUP-002,2016-01-18,2016-01-22,2016-01-21,48,48,4,3,-1,1,6.91,331.68,Delivered
PO-11662,SKU-013,WH-TX1,SUP-002,2016-02-09,2016-02-13,2016-02-13,48,48,4,4,0,1,6.91,331.68,Delivered
PO-11663,SKU-013,WH-TX1,SUP-002,2016-03-03,2016-03-07,2016-03-06,48,48,4,3,-1,1,6.91,331.68,Delivered
PO-11664,SKU-013,WH-TX1,SUP-002,2016-03-25,2016-03-29,2016-03-29,48,48,4,4,0,1,6.91,331.68,Delivered
PO-11665,SKU-013,WH-WI1,SUP-002,2014-04-29,2014-05-03,2014-05-03,48,48,4,4,0,1,6.91,331.68,Delivered
PO-11666,SKU-013,WH-WI1,SUP-002,2014-05-15,2014-05-19,2014-05-19,48,48,4,4,0,1,6.91,331.68,Delivered
PO-11667,SKU-013,WH-WI1,SUP-002,2014-05-31,2014-06-04,2014-06-04,48,48,4,4,0,1,6.91,331.68,Delivered
PO-11668,SKU-013,WH-WI1,SUP-002,2014-06-14,2014-06-18,2014-06-18,48,48,4,4,0,1,6.91,331.68,Delivered
PO-11669,SKU-013,WH-WI1,SUP-002,2014-06-29,2014-07-03,2014-07-03,48,48,4,4,0,1,6.91,331.68,Delivered
PO-11670,SKU-013,WH-WI1,SUP-002,2014-07-15,2014-07-19,2014-07-19,48,48,4,4,0,1,6.91,331.68,Delivered
PO-11671,SKU-013,WH-WI1,SUP-002,2014-07-30,2014-08-03,2014-08-03,48,48,4,4,0,1,6.91,331.68,Delivered
PO-11672,SKU-013,WH-WI1,SUP-002,2014-08-15,2014-08-19,2014-08-20,48,48,4,5,1,0,6.91,331.68,Delivered
PO-11673,SKU-013,WH-WI1,SUP-002,2014-08-31,2014-09-04,2014-09-04,48,48,4,4,0,1,6.91,331.68,Delivered
PO-11674,SKU-013,WH-WI1,SUP-002,2014-09-15,2014-09-19,2014-09-19,48,48,4,4,0,1,6.91,331.68,Delivered
PO-11675,SKU-013,WH-WI1,SUP-002,2014-09-30,2014-10-04,2014-10-04,48,48,4,4,0,1,6.91,331.68,Delivered
PO-11676,SKU-013,WH-WI1,SUP-002,2014-10-16,2014-10-20,2014-10-20,48,48,4,4,0,1,6.91,331.68,Delivered
PO-11677,SKU-013,WH-WI1,SUP-002,2014-10-30,2014-11-03,2014-11-02,48,48,4,3,-1,1,6.91,331.68,Delivered
PO-11678,SKU-013,WH-WI1,SUP-002,2014-11-13,2014-11-17,2014-11-17,48,48,4,4,0,1,6.91,331.68,Delivered
PO-11679,SKU-013,WH-WI1,SUP-002,2014-11-28,2014-12-02,2014-12-01,48,48,4,3,-1,1,6.91,331.68,Delivered
PO-11680,SKU-013,WH-WI1,SUP-002,2014-12-15,2014-12-19,2014-12-19,48,48,4,4,0,1,6.91,331.68,Delivered
PO-11681,SKU-013,WH-WI1,SUP-002,2014-12-31,2015-01-04,2015-01-04,48,48,4,4,0,1,6.91,331.68,Delivered
PO-11682,SKU-013,WH-WI1,SUP-002,2015-01-16,2015-01-20,2015-01-20,48,48,4,4,0,1,6.91,331.68,Delivered
PO-11683,SKU-013,WH-WI1,SUP-002,2015-02-01,2015-02-05,2015-02-05,48,48,4,4,0,1,6.91,331.68,Delivered
PO-11684,SKU-013,WH-WI1,SUP-002,2015-02-16,2015-02-20,2015-02-20,48,48,4,4,0,1,6.91,331.68,Delivered
PO-11685,SKU-013,WH-WI1,SUP-002,2015-03-02,2015-03-06,2015-03-06,48,48,4,4,0,1,6.91,331.68,Delivered
PO-11686,SKU-013,WH-WI1,SUP-002,2015-03-17,2015-03-21,2015-03-21,48,48,4,4,0,1,6.91,331.68,Delivered
PO-11687,SKU-013,WH-WI1,SUP-002,2015-03-31,2015-04-04,2015-04-04,48,48,4,4,0,1,6.91,331.68,Delivered
PO-11688,SKU-013,WH-WI1,SUP-002,2015-04-14,2015-04-18,2015-04-18,48,48,4,4,0,1,6.91,331.68,Delivered
PO-11689,SKU-013,WH-WI1,SUP-002,2015-05-01,2015-05-05,2015-05-04,48,48,4,3,-1,1,6.91,331.68,Delivered
PO-11690,SKU-013,WH-WI1,SUP-002,2015-05-17,2015-05-21,2015-05-21,48,48,4,4,0,1,6.91,331.68,Delivered
PO-11691,SKU-013,WH-WI1,SUP-002,2015-06-03,2015-06-07,2015-06-07,48,48,4,4,0,1,6.91,331.68,Delivered
PO-11692,SKU-013,WH-WI1,SUP-002,2015-06-18,2015-06-22,2015-06-22,48,48,4,4,0,1,6.91,331.68,Delivered
PO-11693,SKU-013,WH-WI1,SUP-002,2015-07-04,2015-07-08,2015-07-08,48,48,4,4,0,1,6.91,331.68,Delivered
PO-11694,SKU-013,WH-WI1,SUP-002,2015-07-20,2015-07-24,2015-07-24,48,48,4,4,0,1,6.91,331.68,Delivered
PO-11695,SKU-013,WH-WI1,SUP-002,2015-08-05,2015-08-09,2015-08-09,48,48,4,4,0,1,6.91,331.68,Delivered
PO-11696,SKU-013,WH-WI1,SUP-002,2015-08-19,2015-08-23,2015-08-23,48,48,4,4,0,1,6.91,331.68,Delivered
PO-11697,SKU-013,WH-WI1,SUP-002,2015-09-04,2015-09-08,2015-09-08,48,48,4,4,0,1,6.91,331.68,Delivered
PO-11698,SKU-013,WH-WI1,SUP-002,2015-09-18,2015-09-22,2015-09-22,48,48,4,4,0,1,6.91,331.68,Delivered
PO-11699,SKU-013,WH-WI1,SUP-002,2015-10-05,2015-10-09,2015-10-09,48,48,4,4,0,1,6.91,331.68,Delivered
PO-11700,SKU-013,WH-WI1,SUP-002,2015-10-20,2015-10-24,2015-10-24,48,48,4,4,0,1,6.91,331.68,Delivered
PO-11701,SKU-013,WH-WI1,SUP-002,2015-11-05,2015-11-09,2015-11-09,48,48,4,4,0,1,6.91,331.68,Delivered
PO-11702,SKU-013,WH-WI1,SUP-002,2015-11-20,2015-11-24,2015-11-24,48,48,4,4,0,1,6.91,331.68,Delivered
PO-11703,SKU-013,WH-WI1,SUP-002,2015-12-06,2015-12-10,2015-12-10,48,48,4,4,0,1,6.91,331.68,Delivered
PO-11704,SKU-013,WH-WI1,SUP-002,2015-12-23,2015-12-27,2015-12-27,48,48,4,4,0,1,6.91,331.68,Delivered
PO-11705,SKU-013,WH-WI1,SUP-002,2016-01-07,2016-01-11,2016-01-11,48,48,4,4,0,1,6.91,331.68,Delivered
PO-11706,SKU-013,WH-WI1,SUP-002,2016-01-23,2016-01-27,2016-01-27,48,48,4,4,0,1,6.91,331.68,Delivered
PO-11707,SKU-013,WH-WI1,SUP-002,2016-02-07,2016-02-11,2016-02-11,48,48,4,4,0,1,6.91,331.68,Delivered
PO-11708,SKU-013,WH-WI1,SUP-002,2016-02-22,2016-02-26,2016-02-26,48,48,4,4,0,1,6.91,331.68,Delivered
PO-11709,SKU-013,WH-WI1,SUP-002,2016-03-10,2016-03-14,2016-03-14,48,48,4,4,0,1,6.91,331.68,Delivered
PO-11710,SKU-013,WH-WI1,SUP-002,2016-03-26,2016-03-30,2016-03-30,48,48,4,4,0,1,6.91,331.68,Delivered
PO-11711,SKU-013,WH-WI1,SUP-002,2016-04-10,2016-04-14,2016-04-14,48,48,4,4,0,1,6.91,331.68,Delivered
PO-11712,SKU-014,WH-CA1,SUP-003,2014-05-05,2014-05-12,2014-05-10,48,48,7,5,-2,1,3.51,168.48,Delivered
PO-11713,SKU-014,WH-CA1,SUP-003,2014-05-19,2014-05-26,2014-05-26,48,48,7,7,0,1,3.51,168.48,Delivered
PO-11714,SKU-014,WH-CA1,SUP-003,2014-06-01,2014-06-08,2014-06-08,48,48,7,7,0,1,3.51,168.48,Delivered
PO-11715,SKU-014,WH-CA1,SUP-003,2014-06-13,2014-06-20,2014-06-19,48,48,7,6,-1,1,3.51,168.48,Delivered
PO-11716,SKU-014,WH-CA1,SUP-003,2014-06-25,2014-07-02,2014-07-02,48,48,7,7,0,1,3.51,168.48,Delivered
PO-11717,SKU-014,WH-CA1,SUP-003,2014-07-07,2014-07-14,2014-07-14,48,48,7,7,0,1,3.51,168.48,Delivered
PO-11718,SKU-014,WH-CA1,SUP-003,2014-07-22,2014-07-29,2014-07-28,48,48,7,6,-1,1,3.51,168.48,Delivered
PO-11719,SKU-014,WH-CA1,SUP-003,2014-08-04,2014-08-11,2014-08-11,48,48,7,7,0,1,3.51,168.48,Delivered
PO-11720,SKU-014,WH-CA1,SUP-003,2014-08-17,2014-08-24,2014-08-24,48,48,7,7,0,1,3.51,168.48,Delivered
PO-11721,SKU-014,WH-CA1,SUP-003,2014-08-31,2014-09-07,2014-09-06,48,48,7,6,-1,1,3.51,168.48,Delivered
PO-11722,SKU-014,WH-CA1,SUP-003,2014-09-12,2014-09-19,2014-09-19,48,48,7,7,0,1,3.51,168.48,Delivered
PO-11723,SKU-014,WH-CA1,SUP-003,2014-09-27,2014-10-04,2014-10-07,48,48,7,10,3,0,3.51,168.48,Delivered
PO-11724,SKU-014,WH-CA1,SUP-003,2014-10-09,2014-10-16,2014-10-16,48,48,7,7,0,1,3.51,168.48,Delivered
PO-11725,SKU-014,WH-CA1,SUP-003,2014-10-23,2014-10-30,2014-10-30,48,48,7,7,0,1,3.51,168.48,Delivered
PO-11726,SKU-014,WH-CA1,SUP-003,2014-11-06,2014-11-13,2014-11-13,48,48,7,7,0,1,3.51,168.48,Delivered
PO-11727,SKU-014,WH-CA1,SUP-003,2014-11-20,2014-11-27,2014-11-27,48,48,7,7,0,1,3.51,168.48,Delivered
PO-11728,SKU-014,WH-CA1,SUP-003,2014-12-05,2014-12-12,2014-12-11,48,48,7,6,-1,1,3.51,168.48,Delivered
PO-11729,SKU-014,WH-CA1,SUP-003,2014-12-19,2014-12-26,2014-12-26,48,48,7,7,0,1,3.51,168.48,Delivered
PO-11730,SKU-014,WH-CA1,SUP-003,2015-01-01,2015-01-08,2015-01-08,48,48,7,7,0,1,3.51,168.48,Delivered
PO-11731,SKU-014,WH-CA1,SUP-003,2015-01-14,2015-01-21,2015-01-20,48,48,7,6,-1,1,3.51,168.48,Delivered
PO-11732,SKU-014,WH-CA1,SUP-003,2015-01-26,2015-02-02,2015-02-01,48,48,7,6,-1,1,3.51,168.48,Delivered
PO-11733,SKU-014,WH-CA1,SUP-003,2015-02-09,2015-02-16,2015-02-16,48,48,7,7,0,1,3.51,168.48,Delivered
PO-11734,SKU-014,WH-CA1,SUP-003,2015-02-23,2015-03-02,2015-02-28,48,48,7,5,-2,1,3.51,168.48,Delivered
PO-11735,SKU-014,WH-CA1,SUP-003,2015-03-10,2015-03-17,2015-03-16,48,48,7,6,-1,1,3.51,168.48,Delivered
PO-11736,SKU-014,WH-CA1,SUP-003,2015-03-23,2015-03-30,2015-03-28,48,48,7,5,-2,1,3.51,168.48,Delivered
PO-11737,SKU-014,WH-CA1,SUP-003,2015-04-07,2015-04-14,2015-04-14,48,48,7,7,0,1,3.51,168.48,Delivered
PO-11738,SKU-014,WH-CA1,SUP-003,2015-04-22,2015-04-29,2015-04-29,48,48,7,7,0,1,3.51,168.48,Delivered
PO-11739,SKU-014,WH-CA1,SUP-003,2015-05-04,2015-05-11,2015-05-13,48,48,7,9,2,0,3.51,168.48,Delivered
PO-11740,SKU-014,WH-CA1,SUP-003,2015-05-19,2015-05-26,2015-05-26,48,48,7,7,0,1,3.51,168.48,Delivered
PO-11741,SKU-014,WH-CA1,SUP-003,2015-06-01,2015-06-08,2015-06-07,48,48,7,6,-1,1,3.51,168.48,Delivered
PO-11742,SKU-014,WH-CA1,SUP-003,2015-06-13,2015-06-20,2015-06-20,48,48,7,7,0,1,3.51,168.48,Delivered
PO-11743,SKU-014,WH-CA1,SUP-003,2015-06-26,2015-07-03,2015-07-02,48,48,7,6,-1,1,3.51,168.48,Delivered
PO-11744,SKU-014,WH-CA1,SUP-003,2015-07-08,2015-07-15,2015-07-15,48,48,7,7,0,1,3.51,168.48,Delivered
PO-11745,SKU-014,WH-CA1,SUP-003,2015-07-23,2015-07-30,2015-07-30,48,48,7,7,0,1,3.51,168.48,Delivered
PO-11746,SKU-014,WH-CA1,SUP-003,2015-08-05,2015-08-12,2015-08-11,48,48,7,6,-1,1,3.51,168.48,Delivered
PO-11747,SKU-014,WH-CA1,SUP-003,2015-08-19,2015-08-26,2015-08-26,48,48,7,7,0,1,3.51,168.48,Delivered
PO-11748,SKU-014,WH-CA1,SUP-003,2015-09-01,2015-09-08,2015-09-08,48,48,7,7,0,1,3.51,168.48,Delivered
PO-11749,SKU-014,WH-CA1,SUP-003,2015-09-16,2015-09-23,2015-09-23,48,48,7,7,0,1,3.51,168.48,Delivered
PO-11750,SKU-014,WH-CA1,SUP-003,2015-10-01,2015-10-08,2015-10-12,48,48,7,11,4,0,3.51,168.48,Delivered
PO-11751,SKU-014,WH-CA1,SUP-003,2015-10-14,2015-10-21,2015-10-21,48,48,7,7,0,1,3.51,168.48,Delivered
PO-11752,SKU-014,WH-CA1,SUP-003,2015-10-26,2015-11-02,2015-11-02,48,48,7,7,0,1,3.51,168.48,Delivered
PO-11753,SKU-014,WH-CA1,SUP-003,2015-11-09,2015-11-16,2015-11-16,48,48,7,7,0,1,3.51,168.48,Delivered
PO-11754,SKU-014,WH-CA1,SUP-003,2015-11-22,2015-11-29,2015-11-29,48,48,7,7,0,1,3.51,168.48,Delivered
PO-11755,SKU-014,WH-CA1,SUP-003,2015-12-05,2015-12-12,2015-12-12,48,48,7,7,0,1,3.51,168.48,Delivered
PO-11756,SKU-014,WH-CA1,SUP-003,2015-12-18,2015-12-25,2015-12-25,48,48,7,7,0,1,3.51,168.48,Delivered
PO-11757,SKU-014,WH-CA1,SUP-003,2015-12-31,2016-01-07,2016-01-07,48,48,7,7,0,1,3.51,168.48,Delivered
PO-11758,SKU-014,WH-CA1,SUP-003,2016-01-12,2016-01-19,2016-01-18,48,48,7,6,-1,1,3.51,168.48,Delivered
PO-11759,SKU-014,WH-CA1,SUP-003,2016-01-27,2016-02-03,2016-02-03,48,48,7,7,0,1,3.51,168.48,Delivered
PO-11760,SKU-014,WH-CA1,SUP-003,2016-02-10,2016-02-17,2016-02-16,48,48,7,6,-1,1,3.51,168.48,Delivered
PO-11761,SKU-014,WH-CA1,SUP-003,2016-02-22,2016-02-29,2016-02-29,48,48,7,7,0,1,3.51,168.48,Delivered
PO-11762,SKU-014,WH-CA1,SUP-003,2016-03-06,2016-03-13,2016-03-13,48,48,7,7,0,1,3.51,168.48,Delivered
PO-11763,SKU-014,WH-CA1,SUP-003,2016-03-21,2016-03-28,2016-03-27,48,48,7,6,-1,1,3.51,168.48,Delivered
PO-11764,SKU-014,WH-CA1,SUP-003,2016-04-03,2016-04-10,2016-04-09,48,48,7,6,-1,1,3.51,168.48,Delivered
PO-11765,SKU-014,WH-TX1,SUP-003,2014-04-30,2014-05-07,2014-05-07,84,84,7,7,0,1,3.51,294.84,Delivered
PO-11766,SKU-014,WH-TX1,SUP-003,2014-05-21,2014-05-28,2014-05-31,84,84,7,10,3,0,3.51,294.84,Delivered
PO-11767,SKU-014,WH-TX1,SUP-003,2014-06-11,2014-06-18,2014-06-18,84,84,7,7,0,1,3.51,294.84,Delivered
PO-11768,SKU-014,WH-TX1,SUP-003,2014-07-01,2014-07-08,2014-07-08,84,84,7,7,0,1,3.51,294.84,Delivered
PO-11769,SKU-014,WH-TX1,SUP-003,2014-07-22,2014-07-29,2014-07-29,84,84,7,7,0,1,3.51,294.84,Delivered
PO-11770,SKU-014,WH-TX1,SUP-003,2014-08-12,2014-08-19,2014-08-19,84,84,7,7,0,1,3.51,294.84,Delivered
PO-11771,SKU-014,WH-TX1,SUP-003,2014-09-03,2014-09-10,2014-09-10,84,84,7,7,0,1,3.51,294.84,Delivered
PO-11772,SKU-014,WH-TX1,SUP-003,2014-09-23,2014-09-30,2014-09-29,84,84,7,6,-1,1,3.51,294.84,Delivered
PO-11773,SKU-014,WH-TX1,SUP-003,2014-10-14,2014-10-21,2014-10-23,84,84,7,9,2,0,3.51,294.84,Delivered
PO-11774,SKU-014,WH-TX1,SUP-003,2014-11-06,2014-11-13,2014-11-13,84,84,7,7,0,1,3.51,294.84,Delivered
PO-11775,SKU-014,WH-TX1,SUP-003,2014-11-29,2014-12-06,2014-12-06,84,84,7,7,0,1,3.51,294.84,Delivered
PO-11776,SKU-014,WH-TX1,SUP-003,2014-12-21,2014-12-28,2014-12-27,84,84,7,6,-1,1,3.51,294.84,Delivered
PO-11777,SKU-014,WH-TX1,SUP-003,2015-01-10,2015-01-17,2015-01-17,84,84,7,7,0,1,3.51,294.84,Delivered
PO-11778,SKU-014,WH-TX1,SUP-003,2015-02-02,2015-02-09,2015-02-09,84,84,7,7,0,1,3.51,294.84,Delivered
PO-11779,SKU-014,WH-TX1,SUP-003,2015-02-23,2015-03-02,2015-03-01,84,84,7,6,-1,1,3.51,294.84,Delivered
PO-11780,SKU-014,WH-TX1,SUP-003,2015-03-15,2015-03-22,2015-03-28,84,84,7,13,6,0,3.51,294.84,Delivered
PO-11781,SKU-014,WH-TX1,SUP-003,2015-04-07,2015-04-14,2015-04-13,84,84,7,6,-1,1,3.51,294.84,Delivered
PO-11782,SKU-014,WH-TX1,SUP-003,2015-04-27,2015-05-04,2015-05-04,84,84,7,7,0,1,3.51,294.84,Delivered
PO-11783,SKU-014,WH-TX1,SUP-003,2015-05-18,2015-05-25,2015-05-25,84,84,7,7,0,1,3.51,294.84,Delivered
PO-11784,SKU-014,WH-TX1,SUP-003,2015-06-08,2015-06-15,2015-06-15,84,84,7,7,0,1,3.51,294.84,Delivered
PO-11785,SKU-014,WH-TX1,SUP-003,2015-06-29,2015-07-06,2015-07-06,84,84,7,7,0,1,3.51,294.84,Delivered
PO-11786,SKU-014,WH-TX1,SUP-003,2015-07-20,2015-07-27,2015-07-26,84,84,7,6,-1,1,3.51,294.84,Delivered
PO-11787,SKU-014,WH-TX1,SUP-003,2015-08-10,2015-08-17,2015-08-17,84,84,7,7,0,1,3.51,294.84,Delivered
PO-11788,SKU-014,WH-TX1,SUP-003,2015-08-31,2015-09-07,2015-09-07,84,84,7,7,0,1,3.51,294.84,Delivered
PO-11789,SKU-014,WH-TX1,SUP-003,2015-09-22,2015-09-29,2015-09-28,84,84,7,6,-1,1,3.51,294.84,Delivered
PO-11790,SKU-014,WH-TX1,SUP-003,2015-10-14,2015-10-21,2015-10-21,84,84,7,7,0,1,3.51,294.84,Delivered
PO-11791,SKU-014,WH-TX1,SUP-003,2015-11-06,2015-11-13,2015-11-13,84,84,7,7,0,1,3.51,294.84,Delivered
PO-11792,SKU-014,WH-TX1,SUP-003,2015-11-29,2015-12-06,2015-12-05,84,84,7,6,-1,1,3.51,294.84,Delivered
PO-11793,SKU-014,WH-TX1,SUP-003,2015-12-20,2015-12-27,2015-12-27,84,84,7,7,0,1,3.51,294.84,Delivered
PO-11794,SKU-014,WH-TX1,SUP-003,2016-01-09,2016-01-16,2016-01-16,84,84,7,7,0,1,3.51,294.84,Delivered
PO-11795,SKU-014,WH-TX1,SUP-003,2016-01-30,2016-02-06,2016-02-06,84,84,7,7,0,1,3.51,294.84,Delivered
PO-11796,SKU-014,WH-TX1,SUP-003,2016-02-20,2016-02-27,2016-02-27,84,84,7,7,0,1,3.51,294.84,Delivered
PO-11797,SKU-014,WH-TX1,SUP-003,2016-03-12,2016-03-19,2016-03-18,84,84,7,6,-1,1,3.51,294.84,Delivered
PO-11798,SKU-014,WH-TX1,SUP-003,2016-04-03,2016-04-10,2016-04-10,84,84,7,7,0,1,3.51,294.84,Delivered
PO-11799,SKU-014,WH-WI1,SUP-003,2014-04-28,2014-05-05,2014-05-05,48,48,7,7,0,1,3.51,168.48,Delivered
PO-11800,SKU-014,WH-WI1,SUP-003,2014-05-12,2014-05-19,2014-05-19,48,48,7,7,0,1,3.51,168.48,Delivered
PO-11801,SKU-014,WH-WI1,SUP-003,2014-05-25,2014-06-01,2014-06-05,48,48,7,11,4,0,3.51,168.48,Delivered
PO-11802,SKU-014,WH-WI1,SUP-003,2014-06-08,2014-06-15,2014-06-15,48,48,7,7,0,1,3.51,168.48,Delivered
PO-11803,SKU-014,WH-WI1,SUP-003,2014-06-22,2014-06-29,2014-06-28,48,48,7,6,-1,1,3.51,168.48,Delivered
PO-11804,SKU-014,WH-WI1,SUP-003,2014-07-07,2014-07-14,2014-07-14,48,48,7,7,0,1,3.51,168.48,Delivered
PO-11805,SKU-014,WH-WI1,SUP-003,2014-07-20,2014-07-27,2014-07-27,48,48,7,7,0,1,3.51,168.48,Delivered
PO-11806,SKU-014,WH-WI1,SUP-003,2014-08-03,2014-08-10,2014-08-12,48,48,7,9,2,0,3.51,168.48,Delivered
PO-11807,SKU-014,WH-WI1,SUP-003,2014-08-18,2014-08-25,2014-08-24,48,48,7,6,-1,1,3.51,168.48,Delivered
PO-11808,SKU-014,WH-WI1,SUP-003,2014-09-01,2014-09-08,2014-09-07,48,48,7,6,-1,1,3.51,168.48,Delivered
PO-11809,SKU-014,WH-WI1,SUP-003,2014-09-15,2014-09-22,2014-09-21,48,48,7,6,-1,1,3.51,168.48,Delivered
PO-11810,SKU-014,WH-WI1,SUP-003,2014-09-28,2014-10-05,2014-10-04,48,48,7,6,-1,1,3.51,168.48,Delivered
PO-11811,SKU-014,WH-WI1,SUP-003,2014-10-14,2014-10-21,2014-10-21,48,48,7,7,0,1,3.51,168.48,Delivered
PO-11812,SKU-014,WH-WI1,SUP-003,2014-10-29,2014-11-05,2014-11-05,48,48,7,7,0,1,3.51,168.48,Delivered
PO-11813,SKU-014,WH-WI1,SUP-003,2014-11-13,2014-11-20,2014-11-20,48,48,7,7,0,1,3.51,168.48,Delivered
PO-11814,SKU-014,WH-WI1,SUP-003,2014-11-29,2014-12-06,2014-12-05,48,48,7,6,-1,1,3.51,168.48,Delivered
PO-11815,SKU-014,WH-WI1,SUP-003,2014-12-15,2014-12-22,2014-12-22,48,48,7,7,0,1,3.51,168.48,Delivered
PO-11816,SKU-014,WH-WI1,SUP-003,2014-12-31,2015-01-07,2015-01-07,48,48,7,7,0,1,3.51,168.48,Delivered
PO-11817,SKU-014,WH-WI1,SUP-003,2015-01-13,2015-01-20,2015-01-20,48,48,7,7,0,1,3.51,168.48,Delivered
PO-11818,SKU-014,WH-WI1,SUP-003,2015-01-27,2015-02-03,2015-02-03,48,48,7,7,0,1,3.51,168.48,Delivered
PO-11819,SKU-014,WH-WI1,SUP-003,2015-02-12,2015-02-19,2015-02-19,48,48,7,7,0,1,3.51,168.48,Delivered
PO-11820,SKU-014,WH-WI1,SUP-003,2015-02-26,2015-03-05,2015-03-04,48,48,7,6,-1,1,3.51,168.48,Delivered
PO-11821,SKU-014,WH-WI1,SUP-003,2015-03-11,2015-03-18,2015-03-19,48,48,7,8,1,0,3.51,168.48,Delivered
PO-11822,SKU-014,WH-WI1,SUP-003,2015-03-24,2015-03-31,2015-03-31,48,48,7,7,0,1,3.51,168.48,Delivered
PO-11823,SKU-014,WH-WI1,SUP-003,2015-04-08,2015-04-15,2015-04-15,48,48,7,7,0,1,3.51,168.48,Delivered
PO-11824,SKU-014,WH-WI1,SUP-003,2015-04-21,2015-04-28,2015-04-28,48,48,7,7,0,1,3.51,168.48,Delivered
PO-11825,SKU-014,WH-WI1,SUP-003,2015-05-04,2015-05-11,2015-05-08,48,48,7,4,-3,1,3.51,168.48,Delivered
PO-11826,SKU-014,WH-WI1,SUP-003,2015-05-18,2015-05-25,2015-05-24,48,48,7,6,-1,1,3.51,168.48,Delivered
PO-11827,SKU-014,WH-WI1,SUP-003,2015-06-02,2015-06-09,2015-06-09,48,48,7,7,0,1,3.51,168.48,Delivered
PO-11828,SKU-014,WH-WI1,SUP-003,2015-06-18,2015-06-25,2015-06-24,48,48,7,6,-1,1,3.51,168.48,Delivered
PO-11829,SKU-014,WH-WI1,SUP-003,2015-07-03,2015-07-10,2015-07-10,48,48,7,7,0,1,3.51,168.48,Delivered
PO-11830,SKU-014,WH-WI1,SUP-003,2015-07-19,2015-07-26,2015-07-26,48,48,7,7,0,1,3.51,168.48,Delivered
PO-11831,SKU-014,WH-WI1,SUP-003,2015-08-02,2015-08-09,2015-08-09,48,48,7,7,0,1,3.51,168.48,Delivered
PO-11832,SKU-014,WH-WI1,SUP-003,2015-08-15,2015-08-22,2015-08-21,48,48,7,6,-1,1,3.51,168.48,Delivered
PO-11833,SKU-014,WH-WI1,SUP-003,2015-08-29,2015-09-05,2015-09-05,48,48,7,7,0,1,3.51,168.48,Delivered
PO-11834,SKU-014,WH-WI1,SUP-003,2015-09-14,2015-09-21,2015-09-21,48,48,7,7,0,1,3.51,168.48,Delivered
PO-11835,SKU-014,WH-WI1,SUP-003,2015-09-30,2015-10-07,2015-10-07,48,48,7,7,0,1,3.51,168.48,Delivered
PO-11836,SKU-014,WH-WI1,SUP-003,2015-10-15,2015-10-22,2015-10-21,48,48,7,6,-1,1,3.51,168.48,Delivered
PO-11837,SKU-014,WH-WI1,SUP-003,2015-10-30,2015-11-06,2015-11-06,48,48,7,7,0,1,3.51,168.48,Delivered
PO-11838,SKU-014,WH-WI1,SUP-003,2015-11-14,2015-11-21,2015-11-21,48,48,7,7,0,1,3.51,168.48,Delivered
PO-11839,SKU-014,WH-WI1,SUP-003,2015-11-27,2015-12-04,2015-12-04,48,48,7,7,0,1,3.51,168.48,Delivered
PO-11840,SKU-014,WH-WI1,SUP-003,2015-12-11,2015-12-18,2015-12-17,48,48,7,6,-1,1,3.51,168.48,Delivered
PO-11841,SKU-014,WH-WI1,SUP-003,2015-12-26,2016-01-02,2016-01-02,48,48,7,7,0,1,3.51,168.48,Delivered
PO-11842,SKU-014,WH-WI1,SUP-003,2016-01-08,2016-01-15,2016-01-15,48,48,7,7,0,1,3.51,168.48,Delivered
PO-11843,SKU-014,WH-WI1,SUP-003,2016-01-22,2016-01-29,2016-01-29,48,48,7,7,0,1,3.51,168.48,Delivered
PO-11844,SKU-014,WH-WI1,SUP-003,2016-02-07,2016-02-14,2016-02-13,48,48,7,6,-1,1,3.51,168.48,Delivered
PO-11845,SKU-014,WH-WI1,SUP-003,2016-02-23,2016-03-01,2016-02-27,48,48,7,4,-3,1,3.51,168.48,Delivered
PO-11846,SKU-014,WH-WI1,SUP-003,2016-03-08,2016-03-15,2016-03-15,48,48,7,7,0,1,3.51,168.48,Delivered
PO-11847,SKU-014,WH-WI1,SUP-003,2016-03-22,2016-03-29,2016-03-29,48,48,7,7,0,1,3.51,168.48,Delivered
PO-11848,SKU-014,WH-WI1,SUP-003,2016-04-05,2016-04-12,2016-04-12,48,48,7,7,0,1,3.51,168.48,Delivered
PO-11849,SKU-015,WH-CA1,SUP-001,2014-04-28,2014-05-03,2014-05-03,48,48,5,5,0,1,3.59,172.32,Delivered
PO-11850,SKU-015,WH-CA1,SUP-001,2014-05-13,2014-05-18,2014-05-18,48,48,5,5,0,1,3.59,172.32,Delivered
PO-11851,SKU-015,WH-CA1,SUP-001,2014-05-28,2014-06-02,2014-06-01,48,48,5,4,-1,1,3.59,172.32,Delivered
PO-11852,SKU-015,WH-CA1,SUP-001,2014-06-12,2014-06-17,2014-06-19,48,48,5,7,2,0,3.59,172.32,Delivered
PO-11853,SKU-015,WH-CA1,SUP-001,2014-06-27,2014-07-02,2014-07-02,48,48,5,5,0,1,3.59,172.32,Delivered
PO-11854,SKU-015,WH-CA1,SUP-001,2014-07-12,2014-07-17,2014-07-17,48,48,5,5,0,1,3.59,172.32,Delivered
PO-11855,SKU-015,WH-CA1,SUP-001,2014-07-26,2014-07-31,2014-07-31,48,48,5,5,0,1,3.59,172.32,Delivered
PO-11856,SKU-015,WH-CA1,SUP-001,2014-08-10,2014-08-15,2014-08-15,48,48,5,5,0,1,3.59,172.32,Delivered
PO-11857,SKU-015,WH-CA1,SUP-001,2014-08-26,2014-08-31,2014-08-31,48,48,5,5,0,1,3.59,172.32,Delivered
PO-11858,SKU-015,WH-CA1,SUP-001,2014-09-12,2014-09-17,2014-09-17,48,48,5,5,0,1,3.59,172.32,Delivered
PO-11859,SKU-015,WH-CA1,SUP-001,2014-09-28,2014-10-03,2014-10-03,48,48,5,5,0,1,3.59,172.32,Delivered
PO-11860,SKU-015,WH-CA1,SUP-001,2014-10-12,2014-10-17,2014-10-16,48,48,5,4,-1,1,3.59,172.32,Delivered
PO-11861,SKU-015,WH-CA1,SUP-001,2014-10-29,2014-11-03,2014-11-05,48,48,5,7,2,0,3.59,172.32,Delivered
PO-11862,SKU-015,WH-CA1,SUP-001,2014-11-15,2014-11-20,2014-11-20,48,48,5,5,0,1,3.59,172.32,Delivered
PO-11863,SKU-015,WH-CA1,SUP-001,2014-12-01,2014-12-06,2014-12-07,48,48,5,6,1,0,3.59,172.32,Delivered
PO-11864,SKU-015,WH-CA1,SUP-001,2014-12-17,2014-12-22,2014-12-21,48,48,5,4,-1,1,3.59,172.32,Delivered
PO-11865,SKU-015,WH-CA1,SUP-001,2014-12-31,2015-01-05,2015-01-05,48,48,5,5,0,1,3.59,172.32,Delivered
PO-11866,SKU-015,WH-CA1,SUP-001,2015-01-15,2015-01-20,2015-01-20,48,48,5,5,0,1,3.59,172.32,Delivered
PO-11867,SKU-015,WH-CA1,SUP-001,2015-01-30,2015-02-04,2015-02-04,48,48,5,5,0,1,3.59,172.32,Delivered
PO-11868,SKU-015,WH-CA1,SUP-001,2015-02-13,2015-02-18,2015-02-18,48,48,5,5,0,1,3.59,172.32,Delivered
PO-11869,SKU-015,WH-CA1,SUP-001,2015-02-27,2015-03-04,2015-03-04,48,48,5,5,0,1,3.59,172.32,Delivered
PO-11870,SKU-015,WH-CA1,SUP-001,2015-03-16,2015-03-21,2015-03-21,48,48,5,5,0,1,3.59,172.32,Delivered
PO-11871,SKU-015,WH-CA1,SUP-001,2015-03-31,2015-04-05,2015-04-05,48,48,5,5,0,1,3.59,172.32,Delivered
PO-11872,SKU-015,WH-CA1,SUP-001,2015-04-14,2015-04-19,2015-04-19,48,48,5,5,0,1,3.59,172.32,Delivered
PO-11873,SKU-015,WH-CA1,SUP-001,2015-04-29,2015-05-04,2015-05-04,48,48,5,5,0,1,3.59,172.32,Delivered
PO-11874,SKU-015,WH-CA1,SUP-001,2015-05-14,2015-05-19,2015-05-19,48,48,5,5,0,1,3.59,172.32,Delivered
PO-11875,SKU-015,WH-CA1,SUP-001,2015-05-28,2015-06-02,2015-06-02,48,48,5,5,0,1,3.59,172.32,Delivered
PO-11876,SKU-015,WH-CA1,SUP-001,2015-06-14,2015-06-19,2015-06-19,48,48,5,5,0,1,3.59,172.32,Delivered
PO-11877,SKU-015,WH-CA1,SUP-001,2015-06-29,2015-07-04,2015-07-03,48,48,5,4,-1,1,3.59,172.32,Delivered
PO-11878,SKU-015,WH-CA1,SUP-001,2015-07-14,2015-07-19,2015-07-19,48,48,5,5,0,1,3.59,172.32,Delivered
PO-11879,SKU-015,WH-CA1,SUP-001,2015-07-31,2015-08-05,2015-08-05,48,48,5,5,0,1,3.59,172.32,Delivered
PO-11880,SKU-015,WH-CA1,SUP-001,2015-08-17,2015-08-22,2015-08-22,48,48,5,5,0,1,3.59,172.32,Delivered
PO-11881,SKU-015,WH-CA1,SUP-001,2015-09-01,2015-09-06,2015-09-06,48,48,5,5,0,1,3.59,172.32,Delivered
PO-11882,SKU-015,WH-CA1,SUP-001,2015-09-16,2015-09-21,2015-09-21,48,48,5,5,0,1,3.59,172.32,Delivered
PO-11883,SKU-015,WH-CA1,SUP-001,2015-10-01,2015-10-06,2015-10-06,48,48,5,5,0,1,3.59,172.32,Delivered
PO-11884,SKU-015,WH-CA1,SUP-001,2015-10-16,2015-10-21,2015-10-21,48,48,5,5,0,1,3.59,172.32,Delivered
PO-11885,SKU-015,WH-CA1,SUP-001,2015-10-30,2015-11-04,2015-11-04,48,48,5,5,0,1,3.59,172.32,Delivered
PO-11886,SKU-015,WH-CA1,SUP-001,2015-11-16,2015-11-21,2015-11-21,48,48,5,5,0,1,3.59,172.32,Delivered
PO-11887,SKU-015,WH-CA1,SUP-001,2015-11-30,2015-12-05,2015-12-05,48,48,5,5,0,1,3.59,172.32,Delivered
PO-11888,SKU-015,WH-CA1,SUP-001,2015-12-14,2015-12-19,2015-12-19,48,48,5,5,0,1,3.59,172.32,Delivered
PO-11889,SKU-015,WH-CA1,SUP-001,2015-12-29,2016-01-03,2016-01-03,48,48,5,5,0,1,3.59,172.32,Delivered
PO-11890,SKU-015,WH-CA1,SUP-001,2016-01-15,2016-01-20,2016-01-20,48,48,5,5,0,1,3.59,172.32,Delivered
PO-11891,SKU-015,WH-CA1,SUP-001,2016-01-30,2016-02-04,2016-02-04,48,48,5,5,0,1,3.59,172.32,Delivered
PO-11892,SKU-015,WH-CA1,SUP-001,2016-02-13,2016-02-18,2016-02-18,48,48,5,5,0,1,3.59,172.32,Delivered
PO-11893,SKU-015,WH-CA1,SUP-001,2016-02-28,2016-03-04,2016-03-04,48,48,5,5,0,1,3.59,172.32,Delivered
PO-11894,SKU-015,WH-CA1,SUP-001,2016-03-14,2016-03-19,2016-03-19,48,48,5,5,0,1,3.59,172.32,Delivered
PO-11895,SKU-015,WH-CA1,SUP-001,2016-03-28,2016-04-02,2016-04-01,48,48,5,4,-1,1,3.59,172.32,Delivered
PO-11896,SKU-015,WH-TX1,SUP-001,2014-05-02,2014-05-07,2014-05-07,48,48,5,5,0,1,3.59,172.32,Delivered
PO-11897,SKU-015,WH-TX1,SUP-001,2014-05-17,2014-05-22,2014-05-22,48,48,5,5,0,1,3.59,172.32,Delivered
PO-11898,SKU-015,WH-TX1,SUP-001,2014-06-01,2014-06-06,2014-06-05,48,48,5,4,-1,1,3.59,172.32,Delivered
PO-11899,SKU-015,WH-TX1,SUP-001,2014-06-13,2014-06-18,2014-06-18,48,48,5,5,0,1,3.59,172.32,Delivered
PO-11900,SKU-015,WH-TX1,SUP-001,2014-06-27,2014-07-02,2014-07-02,48,48,5,5,0,1,3.59,172.32,Delivered
PO-11901,SKU-015,WH-TX1,SUP-001,2014-07-12,2014-07-17,2014-07-17,48,48,5,5,0,1,3.59,172.32,Delivered
PO-11902,SKU-015,WH-TX1,SUP-001,2014-07-26,2014-07-31,2014-07-30,48,48,5,4,-1,1,3.59,172.32,Delivered
PO-11903,SKU-015,WH-TX1,SUP-001,2014-08-09,2014-08-14,2014-08-14,48,48,5,5,0,1,3.59,172.32,Delivered
PO-11904,SKU-015,WH-TX1,SUP-001,2014-08-21,2014-08-26,2014-08-26,48,48,5,5,0,1,3.59,172.32,Delivered
PO-11905,SKU-015,WH-TX1,SUP-001,2014-09-02,2014-09-07,2014-09-07,48,48,5,5,0,1,3.59,172.32,Delivered
PO-11906,SKU-015,WH-TX1,SUP-001,2014-09-15,2014-09-20,2014-09-20,48,48,5,5,0,1,3.59,172.32,Delivered
PO-11907,SKU-015,WH-TX1,SUP-001,2014-09-29,2014-10-04,2014-10-04,48,48,5,5,0,1,3.59,172.32,Delivered
PO-11908,SKU-015,WH-TX1,SUP-001,2014-10-14,2014-10-19,2014-10-19,48,48,5,5,0,1,3.59,172.32,Delivered
PO-11909,SKU-015,WH-TX1,SUP-001,2014-10-29,2014-11-03,2014-11-03,48,48,5,5,0,1,3.59,172.32,Delivered
PO-11910,SKU-015,WH-TX1,SUP-001,2014-11-10,2014-11-15,2014-11-15,48,48,5,5,0,1,3.59,172.32,Delivered
PO-11911,SKU-015,WH-TX1,SUP-001,2014-11-24,2014-11-29,2014-11-29,48,48,5,5,0,1,3.59,172.32,Delivered
PO-11912,SKU-015,WH-TX1,SUP-001,2014-12-08,2014-12-13,2014-12-13,48,48,5,5,0,1,3.59,172.32,Delivered
PO-11913,SKU-015,WH-TX1,SUP-001,2014-12-21,2014-12-26,2014-12-26,48,48,5,5,0,1,3.59,172.32,Delivered
PO-11914,SKU-015,WH-TX1,SUP-001,2015-01-03,2015-01-08,2015-01-08,48,48,5,5,0,1,3.59,172.32,Delivered
PO-11915,SKU-015,WH-TX1,SUP-001,2015-01-17,2015-01-22,2015-01-22,48,48,5,5,0,1,3.59,172.32,Delivered
PO-11916,SKU-015,WH-TX1,SUP-001,2015-01-30,2015-02-04,2015-02-06,48,48,5,7,2,0,3.59,172.32,Delivered
PO-11917,SKU-015,WH-TX1,SUP-001,2015-02-11,2015-02-16,2015-02-16,48,48,5,5,0,1,3.59,172.32,Delivered
PO-11918,SKU-015,WH-TX1,SUP-001,2015-02-26,2015-03-03,2015-03-03,48,48,5,5,0,1,3.59,172.32,Delivered
PO-11919,SKU-015,WH-TX1,SUP-001,2015-03-12,2015-03-17,2015-03-17,48,48,5,5,0,1,3.59,172.32,Delivered
PO-11920,SKU-015,WH-TX1,SUP-001,2015-03-26,2015-03-31,2015-03-31,48,48,5,5,0,1,3.59,172.32,Delivered
PO-11921,SKU-015,WH-TX1,SUP-001,2015-04-08,2015-04-13,2015-04-13,48,48,5,5,0,1,3.59,172.32,Delivered
PO-11922,SKU-015,WH-TX1,SUP-001,2015-04-21,2015-04-26,2015-04-26,48,48,5,5,0,1,3.59,172.32,Delivered
PO-11923,SKU-015,WH-TX1,SUP-001,2015-05-04,2015-05-09,2015-05-09,48,48,5,5,0,1,3.59,172.32,Delivered
PO-11924,SKU-015,WH-TX1,SUP-001,2015-05-18,2015-05-23,2015-05-23,48,48,5,5,0,1,3.59,172.32,Delivered
PO-11925,SKU-015,WH-TX1,SUP-001,2015-06-01,2015-06-06,2015-06-06,48,48,5,5,0,1,3.59,172.32,Delivered
PO-11926,SKU-015,WH-TX1,SUP-001,2015-06-15,2015-06-20,2015-06-20,48,48,5,5,0,1,3.59,172.32,Delivered
PO-11927,SKU-015,WH-TX1,SUP-001,2015-06-28,2015-07-03,2015-07-03,48,48,5,5,0,1,3.59,172.32,Delivered
PO-11928,SKU-015,WH-TX1,SUP-001,2015-07-10,2015-07-15,2015-07-15,48,48,5,5,0,1,3.59,172.32,Delivered
PO-11929,SKU-015,WH-TX1,SUP-001,2015-07-23,2015-07-28,2015-07-28,48,48,5,5,0,1,3.59,172.32,Delivered
PO-11930,SKU-015,WH-TX1,SUP-001,2015-08-04,2015-08-09,2015-08-09,48,48,5,5,0,1,3.59,172.32,Delivered
PO-11931,SKU-015,WH-TX1,SUP-001,2015-08-17,2015-08-22,2015-08-22,48,48,5,5,0,1,3.59,172.32,Delivered
PO-11932,SKU-015,WH-TX1,SUP-001,2015-08-29,2015-09-03,2015-09-02,48,48,5,4,-1,1,3.59,172.32,Delivered
PO-11933,SKU-015,WH-TX1,SUP-001,2015-09-11,2015-09-16,2015-09-16,48,48,5,5,0,1,3.59,172.32,Delivered
PO-11934,SKU-015,WH-TX1,SUP-001,2015-09-25,2015-09-30,2015-09-29,48,48,5,4,-1,1,3.59,172.32,Delivered
PO-11935,SKU-015,WH-TX1,SUP-001,2015-10-08,2015-10-13,2015-10-16,48,48,5,8,3,0,3.59,172.32,Delivered
PO-11936,SKU-015,WH-TX1,SUP-001,2015-10-22,2015-10-27,2015-10-27,48,48,5,5,0,1,3.59,172.32,Delivered
PO-11937,SKU-015,WH-TX1,SUP-001,2015-11-04,2015-11-09,2015-11-09,48,48,5,5,0,1,3.59,172.32,Delivered
PO-11938,SKU-015,WH-TX1,SUP-001,2015-11-19,2015-11-24,2015-11-24,48,48,5,5,0,1,3.59,172.32,Delivered
PO-11939,SKU-015,WH-TX1,SUP-001,2015-12-02,2015-12-07,2015-12-07,48,48,5,5,0,1,3.59,172.32,Delivered
PO-11940,SKU-015,WH-TX1,SUP-001,2015-12-15,2015-12-20,2015-12-20,48,48,5,5,0,1,3.59,172.32,Delivered
PO-11941,SKU-015,WH-TX1,SUP-001,2015-12-28,2016-01-02,2016-01-01,48,48,5,4,-1,1,3.59,172.32,Delivered
PO-11942,SKU-015,WH-TX1,SUP-001,2016-01-09,2016-01-14,2016-01-14,48,48,5,5,0,1,3.59,172.32,Delivered
PO-11943,SKU-015,WH-TX1,SUP-001,2016-01-24,2016-01-29,2016-01-29,48,48,5,5,0,1,3.59,172.32,Delivered
PO-11944,SKU-015,WH-TX1,SUP-001,2016-02-08,2016-02-13,2016-02-13,48,48,5,5,0,1,3.59,172.32,Delivered
PO-11945,SKU-015,WH-TX1,SUP-001,2016-02-20,2016-02-25,2016-02-25,48,48,5,5,0,1,3.59,172.32,Delivered
PO-11946,SKU-015,WH-TX1,SUP-001,2016-03-04,2016-03-09,2016-03-09,48,48,5,5,0,1,3.59,172.32,Delivered
PO-11947,SKU-015,WH-TX1,SUP-001,2016-03-17,2016-03-22,2016-03-22,48,48,5,5,0,1,3.59,172.32,Delivered
PO-11948,SKU-015,WH-TX1,SUP-001,2016-03-31,2016-04-05,2016-04-05,48,48,5,5,0,1,3.59,172.32,Delivered
PO-11949,SKU-015,WH-WI1,SUP-001,2014-04-30,2014-05-05,2014-05-05,48,48,5,5,0,1,3.59,172.32,Delivered
PO-11950,SKU-015,WH-WI1,SUP-001,2014-05-13,2014-05-18,2014-05-17,48,48,5,4,-1,1,3.59,172.32,Delivered
PO-11951,SKU-015,WH-WI1,SUP-001,2014-05-28,2014-06-02,2014-06-02,48,48,5,5,0,1,3.59,172.32,Delivered
PO-11952,SKU-015,WH-WI1,SUP-001,2014-06-12,2014-06-17,2014-06-17,48,48,5,5,0,1,3.59,172.32,Delivered
PO-11953,SKU-015,WH-WI1,SUP-001,2014-06-27,2014-07-02,2014-07-02,48,48,5,5,0,1,3.59,172.32,Delivered
PO-11954,SKU-015,WH-WI1,SUP-001,2014-07-12,2014-07-17,2014-07-16,48,48,5,4,-1,1,3.59,172.32,Delivered
PO-11955,SKU-015,WH-WI1,SUP-001,2014-07-25,2014-07-30,2014-07-29,48,48,5,4,-1,1,3.59,172.32,Delivered
PO-11956,SKU-015,WH-WI1,SUP-001,2014-08-07,2014-08-12,2014-08-12,48,48,5,5,0,1,3.59,172.32,Delivered
PO-11957,SKU-015,WH-WI1,SUP-001,2014-08-22,2014-08-27,2014-08-27,48,48,5,5,0,1,3.59,172.32,Delivered
PO-11958,SKU-015,WH-WI1,SUP-001,2014-09-04,2014-09-09,2014-09-09,48,48,5,5,0,1,3.59,172.32,Delivered
PO-11959,SKU-015,WH-WI1,SUP-001,2014-09-17,2014-09-22,2014-09-21,48,48,5,4,-1,1,3.59,172.32,Delivered
PO-11960,SKU-015,WH-WI1,SUP-001,2014-09-30,2014-10-05,2014-10-05,48,48,5,5,0,1,3.59,172.32,Delivered
PO-11961,SKU-015,WH-WI1,SUP-001,2014-10-15,2014-10-20,2014-10-20,48,48,5,5,0,1,3.59,172.32,Delivered
PO-11962,SKU-015,WH-WI1,SUP-001,2014-10-28,2014-11-02,2014-11-02,48,48,5,5,0,1,3.59,172.32,Delivered
PO-11963,SKU-015,WH-WI1,SUP-001,2014-11-09,2014-11-14,2014-11-13,48,48,5,4,-1,1,3.59,172.32,Delivered
PO-11964,SKU-015,WH-WI1,SUP-001,2014-11-21,2014-11-26,2014-11-26,48,48,5,5,0,1,3.59,172.32,Delivered
PO-11965,SKU-015,WH-WI1,SUP-001,2014-12-03,2014-12-08,2014-12-08,48,48,5,5,0,1,3.59,172.32,Delivered
PO-11966,SKU-015,WH-WI1,SUP-001,2014-12-16,2014-12-21,2014-12-21,48,48,5,5,0,1,3.59,172.32,Delivered
PO-11967,SKU-015,WH-WI1,SUP-001,2014-12-29,2015-01-03,2015-01-03,48,48,5,5,0,1,3.59,172.32,Delivered
PO-11968,SKU-015,WH-WI1,SUP-001,2015-01-10,2015-01-15,2015-01-15,48,48,5,5,0,1,3.59,172.32,Delivered
PO-11969,SKU-015,WH-WI1,SUP-001,2015-01-23,2015-01-28,2015-01-27,48,48,5,4,-1,1,3.59,172.32,Delivered
PO-11970,SKU-015,WH-WI1,SUP-001,2015-02-06,2015-02-11,2015-02-10,48,48,5,4,-1,1,3.59,172.32,Delivered
PO-11971,SKU-015,WH-WI1,SUP-001,2015-02-19,2015-02-24,2015-02-24,48,48,5,5,0,1,3.59,172.32,Delivered
PO-11972,SKU-015,WH-WI1,SUP-001,2015-03-03,2015-03-08,2015-03-08,48,48,5,5,0,1,3.59,172.32,Delivered
PO-11973,SKU-015,WH-WI1,SUP-001,2015-03-17,2015-03-22,2015-03-22,48,48,5,5,0,1,3.59,172.32,Delivered
PO-11974,SKU-015,WH-WI1,SUP-001,2015-04-01,2015-04-06,2015-04-06,48,48,5,5,0,1,3.59,172.32,Delivered
PO-11975,SKU-015,WH-WI1,SUP-001,2015-04-16,2015-04-21,2015-04-21,48,48,5,5,0,1,3.59,172.32,Delivered
PO-11976,SKU-015,WH-WI1,SUP-001,2015-04-28,2015-05-03,2015-05-02,48,48,5,4,-1,1,3.59,172.32,Delivered
PO-11977,SKU-015,WH-WI1,SUP-001,2015-05-11,2015-05-16,2015-05-16,48,48,5,5,0,1,3.59,172.32,Delivered
PO-11978,SKU-015,WH-WI1,SUP-001,2015-05-24,2015-05-29,2015-05-29,48,48,5,5,0,1,3.59,172.32,Delivered
PO-11979,SKU-015,WH-WI1,SUP-001,2015-06-07,2015-06-12,2015-06-11,48,48,5,4,-1,1,3.59,172.32,Delivered
PO-11980,SKU-015,WH-WI1,SUP-001,2015-06-20,2015-06-25,2015-06-26,48,48,5,6,1,0,3.59,172.32,Delivered
PO-11981,SKU-015,WH-WI1,SUP-001,2015-07-03,2015-07-08,2015-07-07,48,48,5,4,-1,1,3.59,172.32,Delivered
PO-11982,SKU-015,WH-WI1,SUP-001,2015-07-16,2015-07-21,2015-07-21,48,48,5,5,0,1,3.59,172.32,Delivered
PO-11983,SKU-015,WH-WI1,SUP-001,2015-07-28,2015-08-02,2015-08-02,48,48,5,5,0,1,3.59,172.32,Delivered
PO-11984,SKU-015,WH-WI1,SUP-001,2015-08-11,2015-08-16,2015-08-16,48,48,5,5,0,1,3.59,172.32,Delivered
PO-11985,SKU-015,WH-WI1,SUP-001,2015-08-23,2015-08-28,2015-08-28,48,48,5,5,0,1,3.59,172.32,Delivered
PO-11986,SKU-015,WH-WI1,SUP-001,2015-09-07,2015-09-12,2015-09-11,48,48,5,4,-1,1,3.59,172.32,Delivered
PO-11987,SKU-015,WH-WI1,SUP-001,2015-09-22,2015-09-27,2015-09-27,48,48,5,5,0,1,3.59,172.32,Delivered
PO-11988,SKU-015,WH-WI1,SUP-001,2015-10-07,2015-10-12,2015-10-12,48,48,5,5,0,1,3.59,172.32,Delivered
PO-11989,SKU-015,WH-WI1,SUP-001,2015-10-21,2015-10-26,2015-10-26,48,48,5,5,0,1,3.59,172.32,Delivered
PO-11990,SKU-015,WH-WI1,SUP-001,2015-11-02,2015-11-07,2015-11-08,48,48,5,6,1,0,3.59,172.32,Delivered
PO-11991,SKU-015,WH-WI1,SUP-001,2015-11-17,2015-11-22,2015-11-22,48,48,5,5,0,1,3.59,172.32,Delivered
PO-11992,SKU-015,WH-WI1,SUP-001,2015-12-02,2015-12-07,2015-12-07,48,48,5,5,0,1,3.59,172.32,Delivered
PO-11993,SKU-015,WH-WI1,SUP-001,2015-12-14,2015-12-19,2015-12-19,48,48,5,5,0,1,3.59,172.32,Delivered
PO-11994,SKU-015,WH-WI1,SUP-001,2015-12-29,2016-01-03,2016-01-02,48,48,5,4,-1,1,3.59,172.32,Delivered
PO-11995,SKU-015,WH-WI1,SUP-001,2016-01-12,2016-01-17,2016-01-17,48,48,5,5,0,1,3.59,172.32,Delivered
PO-11996,SKU-015,WH-WI1,SUP-001,2016-01-24,2016-01-29,2016-01-28,48,48,5,4,-1,1,3.59,172.32,Delivered
PO-11997,SKU-015,WH-WI1,SUP-001,2016-02-06,2016-02-11,2016-02-10,48,48,5,4,-1,1,3.59,172.32,Delivered
PO-11998,SKU-015,WH-WI1,SUP-001,2016-02-19,2016-02-24,2016-02-24,48,48,5,5,0,1,3.59,172.32,Delivered
PO-11999,SKU-015,WH-WI1,SUP-001,2016-03-02,2016-03-07,2016-03-06,48,48,5,4,-1,1,3.59,172.32,Delivered
PO-12000,SKU-015,WH-WI1,SUP-001,2016-03-14,2016-03-19,2016-03-19,48,48,5,5,0,1,3.59,172.32,Delivered
PO-12001,SKU-015,WH-WI1,SUP-001,2016-03-29,2016-04-03,2016-04-02,48,48,5,4,-1,1,3.59,172.32,Delivered
PO-12002,SKU-016,WH-CA1,SUP-002,2014-04-30,2014-05-04,2014-05-04,96,96,4,4,0,1,1.61,154.56,Delivered
PO-12003,SKU-016,WH-CA1,SUP-002,2014-05-13,2014-05-17,2014-05-17,96,96,4,4,0,1,1.61,154.56,Delivered
PO-12004,SKU-016,WH-CA1,SUP-002,2014-05-25,2014-05-29,2014-05-28,96,96,4,3,-1,1,1.61,154.56,Delivered
PO-12005,SKU-016,WH-CA1,SUP-002,2014-06-09,2014-06-13,2014-06-13,96,96,4,4,0,1,1.61,154.56,Delivered
PO-12006,SKU-016,WH-CA1,SUP-002,2014-06-22,2014-06-26,2014-06-26,96,96,4,4,0,1,1.61,154.56,Delivered
PO-12007,SKU-016,WH-CA1,SUP-002,2014-07-05,2014-07-09,2014-07-09,96,96,4,4,0,1,1.61,154.56,Delivered
PO-12008,SKU-016,WH-CA1,SUP-002,2014-07-18,2014-07-22,2014-07-22,96,96,4,4,0,1,1.61,154.56,Delivered
PO-12009,SKU-016,WH-CA1,SUP-002,2014-07-30,2014-08-03,2014-08-03,96,96,4,4,0,1,1.61,154.56,Delivered
PO-12010,SKU-016,WH-CA1,SUP-002,2014-08-12,2014-08-16,2014-08-16,96,96,4,4,0,1,1.61,154.56,Delivered
PO-12011,SKU-016,WH-CA1,SUP-002,2014-08-27,2014-08-31,2014-08-31,96,96,4,4,0,1,1.61,154.56,Delivered
PO-12012,SKU-016,WH-CA1,SUP-002,2014-09-09,2014-09-13,2014-09-13,96,96,4,4,0,1,1.61,154.56,Delivered
PO-12013,SKU-016,WH-CA1,SUP-002,2014-09-22,2014-09-26,2014-09-25,96,96,4,3,-1,1,1.61,154.56,Delivered
PO-12014,SKU-016,WH-CA1,SUP-002,2014-10-07,2014-10-11,2014-10-11,96,96,4,4,0,1,1.61,154.56,Delivered
PO-12015,SKU-016,WH-CA1,SUP-002,2014-10-19,2014-10-23,2014-10-23,96,96,4,4,0,1,1.61,154.56,Delivered
PO-12016,SKU-016,WH-CA1,SUP-002,2014-11-01,2014-11-05,2014-11-05,96,96,4,4,0,1,1.61,154.56,Delivered
PO-12017,SKU-016,WH-CA1,SUP-002,2014-11-15,2014-11-19,2014-11-19,96,96,4,4,0,1,1.61,154.56,Delivered
PO-12018,SKU-016,WH-CA1,SUP-002,2014-11-28,2014-12-02,2014-12-02,96,96,4,4,0,1,1.61,154.56,Delivered
PO-12019,SKU-016,WH-CA1,SUP-002,2014-12-12,2014-12-16,2014-12-16,96,96,4,4,0,1,1.61,154.56,Delivered
PO-12020,SKU-016,WH-CA1,SUP-002,2014-12-25,2014-12-29,2014-12-28,96,96,4,3,-1,1,1.61,154.56,Delivered
PO-12021,SKU-016,WH-CA1,SUP-002,2015-01-06,2015-01-10,2015-01-10,96,96,4,4,0,1,1.61,154.56,Delivered
PO-12022,SKU-016,WH-CA1,SUP-002,2015-01-20,2015-01-24,2015-01-24,96,96,4,4,0,1,1.61,154.56,Delivered
PO-12023,SKU-016,WH-CA1,SUP-002,2015-02-01,2015-02-05,2015-02-05,96,96,4,4,0,1,1.61,154.56,Delivered
PO-12024,SKU-016,WH-CA1,SUP-002,2015-02-14,2015-02-18,2015-02-18,96,96,4,4,0,1,1.61,154.56,Delivered
PO-12025,SKU-016,WH-CA1,SUP-002,2015-02-27,2015-03-03,2015-03-03,96,96,4,4,0,1,1.61,154.56,Delivered
PO-12026,SKU-016,WH-CA1,SUP-002,2015-03-13,2015-03-17,2015-03-17,96,96,4,4,0,1,1.61,154.56,Delivered
PO-12027,SKU-016,WH-CA1,SUP-002,2015-03-28,2015-04-01,2015-04-01,96,96,4,4,0,1,1.61,154.56,Delivered
PO-12028,SKU-016,WH-CA1,SUP-002,2015-04-12,2015-04-16,2015-04-16,96,96,4,4,0,1,1.61,154.56,Delivered
PO-12029,SKU-016,WH-CA1,SUP-002,2015-04-27,2015-05-01,2015-05-01,96,96,4,4,0,1,1.61,154.56,Delivered
PO-12030,SKU-016,WH-CA1,SUP-002,2015-05-09,2015-05-13,2015-05-13,96,96,4,4,0,1,1.61,154.56,Delivered
PO-12031,SKU-016,WH-CA1,SUP-002,2015-05-22,2015-05-26,2015-05-26,96,96,4,4,0,1,1.61,154.56,Delivered
PO-12032,SKU-016,WH-CA1,SUP-002,2015-06-04,2015-06-08,2015-06-08,96,96,4,4,0,1,1.61,154.56,Delivered
PO-12033,SKU-016,WH-CA1,SUP-002,2015-06-17,2015-06-21,2015-06-21,96,96,4,4,0,1,1.61,154.56,Delivered
PO-12034,SKU-016,WH-CA1,SUP-002,2015-07-01,2015-07-05,2015-07-05,96,96,4,4,0,1,1.61,154.56,Delivered
PO-12035,SKU-016,WH-CA1,SUP-002,2015-07-15,2015-07-19,2015-07-19,96,96,4,4,0,1,1.61,154.56,Delivered
PO-12036,SKU-016,WH-CA1,SUP-002,2015-07-30,2015-08-03,2015-08-03,96,96,4,4,0,1,1.61,154.56,Delivered
PO-12037,SKU-016,WH-CA1,SUP-002,2015-08-11,2015-08-15,2015-08-15,96,96,4,4,0,1,1.61,154.56,Delivered
PO-12038,SKU-016,WH-CA1,SUP-002,2015-08-24,2015-08-28,2015-08-28,96,96,4,4,0,1,1.61,154.56,Delivered
PO-12039,SKU-016,WH-CA1,SUP-002,2015-09-06,2015-09-10,2015-09-10,96,96,4,4,0,1,1.61,154.56,Delivered
PO-12040,SKU-016,WH-CA1,SUP-002,2015-09-19,2015-09-23,2015-09-23,96,96,4,4,0,1,1.61,154.56,Delivered
PO-12041,SKU-016,WH-CA1,SUP-002,2015-10-01,2015-10-05,2015-10-05,96,96,4,4,0,1,1.61,154.56,Delivered
PO-12042,SKU-016,WH-CA1,SUP-002,2015-10-13,2015-10-17,2015-10-16,96,96,4,3,-1,1,1.61,154.56,Delivered
PO-12043,SKU-016,WH-CA1,SUP-002,2015-10-26,2015-10-30,2015-10-30,96,96,4,4,0,1,1.61,154.56,Delivered
PO-12044,SKU-016,WH-CA1,SUP-002,2015-11-09,2015-11-13,2015-11-13,96,96,4,4,0,1,1.61,154.56,Delivered
PO-12045,SKU-016,WH-CA1,SUP-002,2015-11-22,2015-11-26,2015-11-26,96,96,4,4,0,1,1.61,154.56,Delivered
PO-12046,SKU-016,WH-CA1,SUP-002,2015-12-06,2015-12-10,2015-12-09,96,96,4,3,-1,1,1.61,154.56,Delivered
PO-12047,SKU-016,WH-CA1,SUP-002,2015-12-19,2015-12-23,2015-12-23,96,96,4,4,0,1,1.61,154.56,Delivered
PO-12048,SKU-016,WH-CA1,SUP-002,2016-01-03,2016-01-07,2016-01-07,96,96,4,4,0,1,1.61,154.56,Delivered
PO-12049,SKU-016,WH-CA1,SUP-002,2016-01-16,2016-01-20,2016-01-20,96,96,4,4,0,1,1.61,154.56,Delivered
PO-12050,SKU-016,WH-CA1,SUP-002,2016-01-29,2016-02-02,2016-02-02,96,96,4,4,0,1,1.61,154.56,Delivered
PO-12051,SKU-016,WH-CA1,SUP-002,2016-02-11,2016-02-15,2016-02-15,96,96,4,4,0,1,1.61,154.56,Delivered
PO-12052,SKU-016,WH-CA1,SUP-002,2016-02-23,2016-02-27,2016-02-27,96,96,4,4,0,1,1.61,154.56,Delivered
PO-12053,SKU-016,WH-CA1,SUP-002,2016-03-07,2016-03-11,2016-03-11,96,96,4,4,0,1,1.61,154.56,Delivered
PO-12054,SKU-016,WH-CA1,SUP-002,2016-03-19,2016-03-23,2016-03-23,96,96,4,4,0,1,1.61,154.56,Delivered
PO-12055,SKU-016,WH-CA1,SUP-002,2016-04-03,2016-04-07,2016-04-06,96,96,4,3,-1,1,1.61,154.56,Delivered
PO-12056,SKU-016,WH-TX1,SUP-002,2014-04-27,2014-05-01,2014-05-01,96,96,4,4,0,1,1.61,154.56,Delivered
PO-12057,SKU-016,WH-TX1,SUP-002,2014-05-22,2014-05-26,2014-05-26,96,96,4,4,0,1,1.61,154.56,Delivered
PO-12058,SKU-016,WH-TX1,SUP-002,2014-06-16,2014-06-20,2014-06-19,96,96,4,3,-1,1,1.61,154.56,Delivered
PO-12059,SKU-016,WH-TX1,SUP-002,2014-07-11,2014-07-15,2014-07-14,96,96,4,3,-1,1,1.61,154.56,Delivered
PO-12060,SKU-016,WH-TX1,SUP-002,2014-08-03,2014-08-07,2014-08-07,96,96,4,4,0,1,1.61,154.56,Delivered
PO-12061,SKU-016,WH-TX1,SUP-002,2014-08-25,2014-08-29,2014-08-29,96,96,4,4,0,1,1.61,154.56,Delivered
PO-12062,SKU-016,WH-TX1,SUP-002,2014-09-17,2014-09-21,2014-09-23,96,96,4,6,2,0,1.61,154.56,Delivered
PO-12063,SKU-016,WH-TX1,SUP-002,2014-10-10,2014-10-14,2014-10-14,96,96,4,4,0,1,1.61,154.56,Delivered
PO-12064,SKU-016,WH-TX1,SUP-002,2014-11-01,2014-11-05,2014-11-05,96,96,4,4,0,1,1.61,154.56,Delivered
PO-12065,SKU-016,WH-TX1,SUP-002,2014-11-23,2014-11-27,2014-11-27,96,96,4,4,0,1,1.61,154.56,Delivered
PO-12066,SKU-016,WH-TX1,SUP-002,2014-12-17,2014-12-21,2014-12-20,96,96,4,3,-1,1,1.61,154.56,Delivered
PO-12067,SKU-016,WH-TX1,SUP-002,2015-01-10,2015-01-14,2015-01-14,96,96,4,4,0,1,1.61,154.56,Delivered
PO-12068,SKU-016,WH-TX1,SUP-002,2015-02-04,2015-02-08,2015-02-08,96,96,4,4,0,1,1.61,154.56,Delivered
PO-12069,SKU-016,WH-TX1,SUP-002,2015-02-27,2015-03-03,2015-03-02,96,96,4,3,-1,1,1.61,154.56,Delivered
PO-12070,SKU-016,WH-TX1,SUP-002,2015-03-23,2015-03-27,2015-03-27,96,96,4,4,0,1,1.61,154.56,Delivered
PO-12071,SKU-016,WH-TX1,SUP-002,2015-04-17,2015-04-21,2015-04-21,96,96,4,4,0,1,1.61,154.56,Delivered
PO-12072,SKU-016,WH-TX1,SUP-002,2015-05-10,2015-05-14,2015-05-13,96,96,4,3,-1,1,1.61,154.56,Delivered
PO-12073,SKU-016,WH-TX1,SUP-002,2015-06-04,2015-06-08,2015-06-08,96,96,4,4,0,1,1.61,154.56,Delivered
PO-12074,SKU-016,WH-TX1,SUP-002,2015-06-26,2015-06-30,2015-06-30,96,96,4,4,0,1,1.61,154.56,Delivered
PO-12075,SKU-016,WH-TX1,SUP-002,2015-07-19,2015-07-23,2015-07-22,96,96,4,3,-1,1,1.61,154.56,Delivered
PO-12076,SKU-016,WH-TX1,SUP-002,2015-08-12,2015-08-16,2015-08-15,96,96,4,3,-1,1,1.61,154.56,Delivered
PO-12077,SKU-016,WH-TX1,SUP-002,2015-09-05,2015-09-09,2015-09-08,96,96,4,3,-1,1,1.61,154.56,Delivered
PO-12078,SKU-016,WH-TX1,SUP-002,2015-09-27,2015-10-01,2015-09-30,96,96,4,3,-1,1,1.61,154.56,Delivered
PO-12079,SKU-016,WH-TX1,SUP-002,2015-10-20,2015-10-24,2015-10-24,96,96,4,4,0,1,1.61,154.56,Delivered
PO-12080,SKU-016,WH-TX1,SUP-002,2015-11-14,2015-11-18,2015-11-18,96,96,4,4,0,1,1.61,154.56,Delivered
PO-12081,SKU-016,WH-TX1,SUP-002,2015-12-09,2015-12-13,2015-12-12,96,96,4,3,-1,1,1.61,154.56,Delivered
PO-12082,SKU-016,WH-TX1,SUP-002,2016-01-01,2016-01-05,2016-01-05,96,96,4,4,0,1,1.61,154.56,Delivered
PO-12083,SKU-016,WH-TX1,SUP-002,2016-01-25,2016-01-29,2016-01-29,96,96,4,4,0,1,1.61,154.56,Delivered
PO-12084,SKU-016,WH-TX1,SUP-002,2016-02-19,2016-02-23,2016-02-23,96,96,4,4,0,1,1.61,154.56,Delivered
PO-12085,SKU-016,WH-TX1,SUP-002,2016-03-15,2016-03-19,2016-03-19,96,96,4,4,0,1,1.61,154.56,Delivered
PO-12086,SKU-016,WH-TX1,SUP-002,2016-04-07,2016-04-11,2016-04-10,96,96,4,3,-1,1,1.61,154.56,Delivered
PO-12087,SKU-016,WH-WI1,SUP-002,2014-04-29,2014-05-03,2014-05-02,96,96,4,3,-1,1,1.61,154.56,Delivered
PO-12088,SKU-016,WH-WI1,SUP-002,2014-05-13,2014-05-17,2014-05-16,96,96,4,3,-1,1,1.61,154.56,Delivered
PO-12089,SKU-016,WH-WI1,SUP-002,2014-05-27,2014-05-31,2014-05-31,96,96,4,4,0,1,1.61,154.56,Delivered
PO-12090,SKU-016,WH-WI1,SUP-002,2014-06-07,2014-06-11,2014-06-10,96,96,4,3,-1,1,1.61,154.56,Delivered
PO-12091,SKU-016,WH-WI1,SUP-002,2014-06-19,2014-06-23,2014-06-23,96,96,4,4,0,1,1.61,154.56,Delivered
PO-12092,SKU-016,WH-WI1,SUP-002,2014-07-01,2014-07-05,2014-07-05,96,96,4,4,0,1,1.61,154.56,Delivered
PO-12093,SKU-016,WH-WI1,SUP-002,2014-07-14,2014-07-18,2014-07-18,96,96,4,4,0,1,1.61,154.56,Delivered
PO-12094,SKU-016,WH-WI1,SUP-002,2014-07-28,2014-08-01,2014-08-01,96,96,4,4,0,1,1.61,154.56,Delivered
PO-12095,SKU-016,WH-WI1,SUP-002,2014-08-10,2014-08-14,2014-08-14,96,96,4,4,0,1,1.61,154.56,Delivered
PO-12096,SKU-016,WH-WI1,SUP-002,2014-08-23,2014-08-27,2014-08-27,96,96,4,4,0,1,1.61,154.56,Delivered
PO-12097,SKU-016,WH-WI1,SUP-002,2014-09-06,2014-09-10,2014-09-09,96,96,4,3,-1,1,1.61,154.56,Delivered
PO-12098,SKU-016,WH-WI1,SUP-002,2014-09-18,2014-09-22,2014-09-22,96,96,4,4,0,1,1.61,154.56,Delivered
PO-12099,SKU-016,WH-WI1,SUP-002,2014-09-30,2014-10-04,2014-10-03,96,96,4,3,-1,1,1.61,154.56,Delivered
PO-12100,SKU-016,WH-WI1,SUP-002,2014-10-14,2014-10-18,2014-10-18,96,96,4,4,0,1,1.61,154.56,Delivered
PO-12101,SKU-016,WH-WI1,SUP-002,2014-10-28,2014-11-01,2014-11-01,96,96,4,4,0,1,1.61,154.56,Delivered
PO-12102,SKU-016,WH-WI1,SUP-002,2014-11-09,2014-11-13,2014-11-13,96,96,4,4,0,1,1.61,154.56,Delivered
PO-12103,SKU-016,WH-WI1,SUP-002,2014-11-20,2014-11-24,2014-11-24,96,96,4,4,0,1,1.61,154.56,Delivered
PO-12104,SKU-016,WH-WI1,SUP-002,2014-12-02,2014-12-06,2014-12-06,96,96,4,4,0,1,1.61,154.56,Delivered
PO-12105,SKU-016,WH-WI1,SUP-002,2014-12-16,2014-12-20,2014-12-20,96,96,4,4,0,1,1.61,154.56,Delivered
PO-12106,SKU-016,WH-WI1,SUP-002,2014-12-28,2015-01-01,2015-01-02,96,96,4,5,1,0,1.61,154.56,Delivered
PO-12107,SKU-016,WH-WI1,SUP-002,2015-01-09,2015-01-13,2015-01-13,96,96,4,4,0,1,1.61,154.56,Delivered
PO-12108,SKU-016,WH-WI1,SUP-002,2015-01-23,2015-01-27,2015-01-26,96,96,4,3,-1,1,1.61,154.56,Delivered
PO-12109,SKU-016,WH-WI1,SUP-002,2015-02-04,2015-02-08,2015-02-08,96,96,4,4,0,1,1.61,154.56,Delivered
PO-12110,SKU-016,WH-WI1,SUP-002,2015-02-15,2015-02-19,2015-02-19,96,96,4,4,0,1,1.61,154.56,Delivered
PO-12111,SKU-016,WH-WI1,SUP-002,2015-02-28,2015-03-04,2015-03-03,96,96,4,3,-1,1,1.61,154.56,Delivered
PO-12112,SKU-016,WH-WI1,SUP-002,2015-03-11,2015-03-15,2015-03-15,96,96,4,4,0,1,1.61,154.56,Delivered
PO-12113,SKU-016,WH-WI1,SUP-002,2015-03-22,2015-03-26,2015-03-25,96,96,4,3,-1,1,1.61,154.56,Delivered
PO-12114,SKU-016,WH-WI1,SUP-002,2015-04-04,2015-04-08,2015-04-08,96,96,4,4,0,1,1.61,154.56,Delivered
PO-12115,SKU-016,WH-WI1,SUP-002,2015-04-16,2015-04-20,2015-04-20,96,96,4,4,0,1,1.61,154.56,Delivered
PO-12116,SKU-016,WH-WI1,SUP-002,2015-04-27,2015-05-01,2015-05-01,96,96,4,4,0,1,1.61,154.56,Delivered
PO-12117,SKU-016,WH-WI1,SUP-002,2015-05-10,2015-05-14,2015-05-14,96,96,4,4,0,1,1.61,154.56,Delivered
PO-12118,SKU-016,WH-WI1,SUP-002,2015-05-21,2015-05-25,2015-05-25,96,96,4,4,0,1,1.61,154.56,Delivered
PO-12119,SKU-016,WH-WI1,SUP-002,2015-06-02,2015-06-06,2015-06-06,96,96,4,4,0,1,1.61,154.56,Delivered
PO-12120,SKU-016,WH-WI1,SUP-002,2015-06-15,2015-06-19,2015-06-18,96,96,4,3,-1,1,1.61,154.56,Delivered
PO-12121,SKU-016,WH-WI1,SUP-002,2015-06-29,2015-07-03,2015-07-03,96,96,4,4,0,1,1.61,154.56,Delivered
PO-12122,SKU-016,WH-WI1,SUP-002,2015-07-12,2015-07-16,2015-07-16,96,96,4,4,0,1,1.61,154.56,Delivered
PO-12123,SKU-016,WH-WI1,SUP-002,2015-07-23,2015-07-27,2015-07-27,96,96,4,4,0,1,1.61,154.56,Delivered
PO-12124,SKU-016,WH-WI1,SUP-002,2015-08-04,2015-08-08,2015-08-07,96,96,4,3,-1,1,1.61,154.56,Delivered
PO-12125,SKU-016,WH-WI1,SUP-002,2015-08-17,2015-08-21,2015-08-21,96,96,4,4,0,1,1.61,154.56,Delivered
PO-12126,SKU-016,WH-WI1,SUP-002,2015-08-29,2015-09-02,2015-09-01,96,96,4,3,-1,1,1.61,154.56,Delivered
PO-12127,SKU-016,WH-WI1,SUP-002,2015-09-12,2015-09-16,2015-09-16,96,96,4,4,0,1,1.61,154.56,Delivered
PO-12128,SKU-016,WH-WI1,SUP-002,2015-09-26,2015-09-30,2015-09-30,96,96,4,4,0,1,1.61,154.56,Delivered
PO-12129,SKU-016,WH-WI1,SUP-002,2015-10-08,2015-10-12,2015-10-11,96,96,4,3,-1,1,1.61,154.56,Delivered
PO-12130,SKU-016,WH-WI1,SUP-002,2015-10-19,2015-10-23,2015-10-23,96,96,4,4,0,1,1.61,154.56,Delivered
PO-12131,SKU-016,WH-WI1,SUP-002,2015-10-31,2015-11-04,2015-11-04,96,96,4,4,0,1,1.61,154.56,Delivered
PO-12132,SKU-016,WH-WI1,SUP-002,2015-11-14,2015-11-18,2015-11-18,96,96,4,4,0,1,1.61,154.56,Delivered
PO-12133,SKU-016,WH-WI1,SUP-002,2015-11-27,2015-12-01,2015-12-01,96,96,4,4,0,1,1.61,154.56,Delivered
PO-12134,SKU-016,WH-WI1,SUP-002,2015-12-10,2015-12-14,2015-12-14,96,96,4,4,0,1,1.61,154.56,Delivered
PO-12135,SKU-016,WH-WI1,SUP-002,2015-12-22,2015-12-26,2015-12-26,96,96,4,4,0,1,1.61,154.56,Delivered
PO-12136,SKU-016,WH-WI1,SUP-002,2016-01-05,2016-01-09,2016-01-09,96,96,4,4,0,1,1.61,154.56,Delivered
PO-12137,SKU-016,WH-WI1,SUP-002,2016-01-16,2016-01-20,2016-01-20,96,96,4,4,0,1,1.61,154.56,Delivered
PO-12138,SKU-016,WH-WI1,SUP-002,2016-01-27,2016-01-31,2016-01-31,96,96,4,4,0,1,1.61,154.56,Delivered
PO-12139,SKU-016,WH-WI1,SUP-002,2016-02-09,2016-02-13,2016-02-13,96,96,4,4,0,1,1.61,154.56,Delivered
PO-12140,SKU-016,WH-WI1,SUP-002,2016-02-21,2016-02-25,2016-02-25,96,96,4,4,0,1,1.61,154.56,Delivered
PO-12141,SKU-016,WH-WI1,SUP-002,2016-03-06,2016-03-10,2016-03-10,96,96,4,4,0,1,1.61,154.56,Delivered
PO-12142,SKU-016,WH-WI1,SUP-002,2016-03-18,2016-03-22,2016-03-21,96,96,4,3,-1,1,1.61,154.56,Delivered
PO-12143,SKU-016,WH-WI1,SUP-002,2016-03-30,2016-04-03,2016-04-03,96,96,4,4,0,1,1.61,154.56,Delivered
PO-12144,SKU-017,WH-CA1,SUP-003,2014-05-02,2014-05-09,2014-05-09,48,48,7,7,0,1,6.44,309.12,Delivered
PO-12145,SKU-017,WH-CA1,SUP-003,2014-05-20,2014-05-27,2014-05-27,48,48,7,7,0,1,6.44,309.12,Delivered
PO-12146,SKU-017,WH-CA1,SUP-003,2014-06-06,2014-06-13,2014-06-12,48,48,7,6,-1,1,6.44,309.12,Delivered
PO-12147,SKU-017,WH-CA1,SUP-003,2014-06-24,2014-07-01,2014-07-01,48,48,7,7,0,1,6.44,309.12,Delivered
PO-12148,SKU-017,WH-CA1,SUP-003,2014-07-12,2014-07-19,2014-07-19,48,48,7,7,0,1,6.44,309.12,Delivered
PO-12149,SKU-017,WH-CA1,SUP-003,2014-07-29,2014-08-05,2014-08-05,48,48,7,7,0,1,6.44,309.12,Delivered
PO-12150,SKU-017,WH-CA1,SUP-003,2014-08-18,2014-08-25,2014-08-28,48,48,7,10,3,0,6.44,309.12,Delivered
PO-12151,SKU-017,WH-CA1,SUP-003,2014-09-06,2014-09-13,2014-09-13,48,48,7,7,0,1,6.44,309.12,Delivered
PO-12152,SKU-017,WH-CA1,SUP-003,2014-09-23,2014-09-30,2014-09-30,48,48,7,7,0,1,6.44,309.12,Delivered
PO-12153,SKU-017,WH-CA1,SUP-003,2014-10-10,2014-10-17,2014-10-16,48,48,7,6,-1,1,6.44,309.12,Delivered
PO-12154,SKU-017,WH-CA1,SUP-003,2014-10-28,2014-11-04,2014-11-03,48,48,7,6,-1,1,6.44,309.12,Delivered
PO-12155,SKU-017,WH-CA1,SUP-003,2014-11-15,2014-11-22,2014-11-22,48,48,7,7,0,1,6.44,309.12,Delivered
PO-12156,SKU-017,WH-CA1,SUP-003,2014-12-03,2014-12-10,2014-12-10,48,48,7,7,0,1,6.44,309.12,Delivered
PO-12157,SKU-017,WH-CA1,SUP-003,2014-12-21,2014-12-28,2014-12-28,48,48,7,7,0,1,6.44,309.12,Delivered
PO-12158,SKU-017,WH-CA1,SUP-003,2015-01-08,2015-01-15,2015-01-15,48,48,7,7,0,1,6.44,309.12,Delivered
PO-12159,SKU-017,WH-CA1,SUP-003,2015-01-26,2015-02-02,2015-02-02,48,48,7,7,0,1,6.44,309.12,Delivered
PO-12160,SKU-017,WH-CA1,SUP-003,2015-02-12,2015-02-19,2015-02-18,48,48,7,6,-1,1,6.44,309.12,Delivered
PO-12161,SKU-017,WH-CA1,SUP-003,2015-03-02,2015-03-09,2015-03-09,48,48,7,7,0,1,6.44,309.12,Delivered
PO-12162,SKU-017,WH-CA1,SUP-003,2015-03-22,2015-03-29,2015-03-29,48,48,7,7,0,1,6.44,309.12,Delivered
PO-12163,SKU-017,WH-CA1,SUP-003,2015-04-08,2015-04-15,2015-04-15,48,48,7,7,0,1,6.44,309.12,Delivered
PO-12164,SKU-017,WH-CA1,SUP-003,2015-04-28,2015-05-05,2015-05-05,48,48,7,7,0,1,6.44,309.12,Delivered
PO-12165,SKU-017,WH-CA1,SUP-003,2015-05-15,2015-05-22,2015-05-22,48,48,7,7,0,1,6.44,309.12,Delivered
PO-12166,SKU-017,WH-CA1,SUP-003,2015-06-04,2015-06-11,2015-06-11,48,48,7,7,0,1,6.44,309.12,Delivered
PO-12167,SKU-017,WH-CA1,SUP-003,2015-06-22,2015-06-29,2015-06-29,48,48,7,7,0,1,6.44,309.12,Delivered
PO-12168,SKU-017,WH-CA1,SUP-003,2015-07-10,2015-07-17,2015-07-17,48,48,7,7,0,1,6.44,309.12,Delivered
PO-12169,SKU-017,WH-CA1,SUP-003,2015-07-30,2015-08-06,2015-08-06,48,48,7,7,0,1,6.44,309.12,Delivered
PO-12170,SKU-017,WH-CA1,SUP-003,2015-08-17,2015-08-24,2015-08-23,48,48,7,6,-1,1,6.44,309.12,Delivered
PO-12171,SKU-017,WH-CA1,SUP-003,2015-09-03,2015-09-10,2015-09-07,48,48,7,4,-3,1,6.44,309.12,Delivered
PO-12172,SKU-017,WH-CA1,SUP-003,2015-09-21,2015-09-28,2015-09-29,48,48,7,8,1,0,6.44,309.12,Delivered
PO-12173,SKU-017,WH-CA1,SUP-003,2015-10-09,2015-10-16,2015-10-16,48,48,7,7,0,1,6.44,309.12,Delivered
PO-12174,SKU-017,WH-CA1,SUP-003,2015-10-28,2015-11-04,2015-11-03,48,48,7,6,-1,1,6.44,309.12,Delivered
PO-12175,SKU-017,WH-CA1,SUP-003,2015-11-16,2015-11-23,2015-11-23,48,48,7,7,0,1,6.44,309.12,Delivered
PO-12176,SKU-017,WH-CA1,SUP-003,2015-12-04,2015-12-11,2015-12-11,48,48,7,7,0,1,6.44,309.12,Delivered
PO-12177,SKU-017,WH-CA1,SUP-003,2015-12-23,2015-12-30,2015-12-30,48,48,7,7,0,1,6.44,309.12,Delivered
PO-12178,SKU-017,WH-CA1,SUP-003,2016-01-11,2016-01-18,2016-01-17,48,48,7,6,-1,1,6.44,309.12,Delivered
PO-12179,SKU-017,WH-CA1,SUP-003,2016-01-28,2016-02-04,2016-02-11,48,48,7,14,7,0,6.44,309.12,Delivered
PO-12180,SKU-017,WH-CA1,SUP-003,2016-02-15,2016-02-22,2016-02-19,48,48,7,4,-3,1,6.44,309.12,Delivered
PO-12181,SKU-017,WH-CA1,SUP-003,2016-03-04,2016-03-11,2016-03-11,48,48,7,7,0,1,6.44,309.12,Delivered
PO-12182,SKU-017,WH-CA1,SUP-003,2016-03-23,2016-03-30,2016-03-30,48,48,7,7,0,1,6.44,309.12,Delivered
PO-12183,SKU-017,WH-TX1,SUP-003,2014-05-04,2014-05-11,2014-05-11,48,48,7,7,0,1,6.44,309.12,Delivered
PO-12184,SKU-017,WH-TX1,SUP-003,2014-05-16,2014-05-23,2014-05-23,48,48,7,7,0,1,6.44,309.12,Delivered
PO-12185,SKU-017,WH-TX1,SUP-003,2014-05-28,2014-06-04,2014-06-04,48,48,7,7,0,1,6.44,309.12,Delivered
PO-12186,SKU-017,WH-TX1,SUP-003,2014-06-08,2014-06-15,2014-06-15,48,48,7,7,0,1,6.44,309.12,Delivered
PO-12187,SKU-017,WH-TX1,SUP-003,2014-06-20,2014-06-27,2014-06-26,48,48,7,6,-1,1,6.44,309.12,Delivered
PO-12188,SKU-017,WH-TX1,SUP-003,2014-07-03,2014-07-10,2014-07-08,48,48,7,5,-2,1,6.44,309.12,Delivered
PO-12189,SKU-017,WH-TX1,SUP-003,2014-07-15,2014-07-22,2014-07-22,48,48,7,7,0,1,6.44,309.12,Delivered
PO-12190,SKU-017,WH-TX1,SUP-003,2014-07-27,2014-08-03,2014-08-02,48,48,7,6,-1,1,6.44,309.12,Delivered
PO-12191,SKU-017,WH-TX1,SUP-003,2014-08-10,2014-08-17,2014-08-17,48,48,7,7,0,1,6.44,309.12,Delivered
PO-12192,SKU-017,WH-TX1,SUP-003,2014-08-21,2014-08-28,2014-08-27,48,48,7,6,-1,1,6.44,309.12,Delivered
PO-12193,SKU-017,WH-TX1,SUP-003,2014-09-02,2014-09-09,2014-09-09,48,48,7,7,0,1,6.44,309.12,Delivered
PO-12194,SKU-017,WH-TX1,SUP-003,2014-09-16,2014-09-23,2014-09-22,48,48,7,6,-1,1,6.44,309.12,Delivered
PO-12195,SKU-017,WH-TX1,SUP-003,2014-09-28,2014-10-05,2014-10-04,48,48,7,6,-1,1,6.44,309.12,Delivered
PO-12196,SKU-017,WH-TX1,SUP-003,2014-10-10,2014-10-17,2014-10-17,48,48,7,7,0,1,6.44,309.12,Delivered
PO-12197,SKU-017,WH-TX1,SUP-003,2014-10-21,2014-10-28,2014-10-26,48,48,7,5,-2,1,6.44,309.12,Delivered
PO-12198,SKU-017,WH-TX1,SUP-003,2014-11-02,2014-11-09,2014-11-09,48,48,7,7,0,1,6.44,309.12,Delivered
PO-12199,SKU-017,WH-TX1,SUP-003,2014-11-16,2014-11-23,2014-11-29,48,48,7,13,6,0,6.44,309.12,Delivered
PO-12200,SKU-017,WH-TX1,SUP-003,2014-11-27,2014-12-04,2014-12-06,48,48,7,9,2,0,6.44,309.12,Delivered
PO-12201,SKU-017,WH-TX1,SUP-003,2014-12-08,2014-12-15,2014-12-14,48,48,7,6,-1,1,6.44,309.12,Delivered
PO-12202,SKU-017,WH-TX1,SUP-003,2014-12-19,2014-12-26,2014-12-26,48,48,7,7,0,1,6.44,309.12,Delivered
PO-12203,SKU-017,WH-TX1,SUP-003,2015-01-01,2015-01-08,2015-01-06,48,48,7,5,-2,1,6.44,309.12,Delivered
PO-12204,SKU-017,WH-TX1,SUP-003,2015-01-14,2015-01-21,2015-01-21,48,48,7,7,0,1,6.44,309.12,Delivered
PO-12205,SKU-017,WH-TX1,SUP-003,2015-01-26,2015-02-02,2015-02-01,48,48,7,6,-1,1,6.44,309.12,Delivered
PO-12206,SKU-017,WH-TX1,SUP-003,2015-02-08,2015-02-15,2015-02-15,48,48,7,7,0,1,6.44,309.12,Delivered
PO-12207,SKU-017,WH-TX1,SUP-003,2015-02-22,2015-03-01,2015-03-01,48,48,7,7,0,1,6.44,309.12,Delivered
PO-12208,SKU-017,WH-TX1,SUP-003,2015-03-06,2015-03-13,2015-03-13,48,48,7,7,0,1,6.44,309.12,Delivered
PO-12209,SKU-017,WH-TX1,SUP-003,2015-03-17,2015-03-24,2015-03-22,48,48,7,5,-2,1,6.44,309.12,Delivered
PO-12210,SKU-017,WH-TX1,SUP-003,2015-03-30,2015-04-06,2015-04-05,48,48,7,6,-1,1,6.44,309.12,Delivered
PO-12211,SKU-017,WH-TX1,SUP-003,2015-04-12,2015-04-19,2015-04-18,48,48,7,6,-1,1,6.44,309.12,Delivered
PO-12212,SKU-017,WH-TX1,SUP-003,2015-04-26,2015-05-03,2015-05-03,48,48,7,7,0,1,6.44,309.12,Delivered
PO-12213,SKU-017,WH-TX1,SUP-003,2015-05-08,2015-05-15,2015-05-14,48,48,7,6,-1,1,6.44,309.12,Delivered
PO-12214,SKU-017,WH-TX1,SUP-003,2015-05-20,2015-05-27,2015-05-31,48,48,7,11,4,0,6.44,309.12,Delivered
PO-12215,SKU-017,WH-TX1,SUP-003,2015-05-31,2015-06-07,2015-06-07,48,48,7,7,0,1,6.44,309.12,Delivered
PO-12216,SKU-017,WH-TX1,SUP-003,2015-06-11,2015-06-18,2015-06-18,48,48,7,7,0,1,6.44,309.12,Delivered
PO-12217,SKU-017,WH-TX1,SUP-003,2015-06-24,2015-07-01,2015-06-30,48,48,7,6,-1,1,6.44,309.12,Delivered
PO-12218,SKU-017,WH-TX1,SUP-003,2015-07-06,2015-07-13,2015-07-13,48,48,7,7,0,1,6.44,309.12,Delivered
PO-12219,SKU-017,WH-TX1,SUP-003,2015-07-18,2015-07-25,2015-07-31,48,48,7,13,6,0,6.44,309.12,Delivered
PO-12220,SKU-017,WH-TX1,SUP-003,2015-07-31,2015-08-07,2015-08-07,48,48,7,7,0,1,6.44,309.12,Delivered
PO-12221,SKU-017,WH-TX1,SUP-003,2015-08-11,2015-08-18,2015-08-19,48,48,7,8,1,0,6.44,309.12,Delivered
PO-12222,SKU-017,WH-TX1,SUP-003,2015-08-23,2015-08-30,2015-08-29,48,48,7,6,-1,1,6.44,309.12,Delivered
PO-12223,SKU-017,WH-TX1,SUP-003,2015-09-05,2015-09-12,2015-09-10,48,48,7,5,-2,1,6.44,309.12,Delivered
PO-12224,SKU-017,WH-TX1,SUP-003,2015-09-19,2015-09-26,2015-09-25,48,48,7,6,-1,1,6.44,309.12,Delivered
PO-12225,SKU-017,WH-TX1,SUP-003,2015-10-03,2015-10-10,2015-10-10,48,48,7,7,0,1,6.44,309.12,Delivered
PO-12226,SKU-017,WH-TX1,SUP-003,2015-10-14,2015-10-21,2015-10-24,48,48,7,10,3,0,6.44,309.12,Delivered
PO-12227,SKU-017,WH-TX1,SUP-003,2015-10-26,2015-11-02,2015-11-01,48,48,7,6,-1,1,6.44,309.12,Delivered
PO-12228,SKU-017,WH-TX1,SUP-003,2015-11-06,2015-11-13,2015-11-14,48,48,7,8,1,0,6.44,309.12,Delivered
PO-12229,SKU-017,WH-TX1,SUP-003,2015-11-19,2015-11-26,2015-11-24,48,48,7,5,-2,1,6.44,309.12,Delivered
PO-12230,SKU-017,WH-TX1,SUP-003,2015-12-02,2015-12-09,2015-12-09,48,48,7,7,0,1,6.44,309.12,Delivered
PO-12231,SKU-017,WH-TX1,SUP-003,2015-12-13,2015-12-20,2015-12-19,48,48,7,6,-1,1,6.44,309.12,Delivered
PO-12232,SKU-017,WH-TX1,SUP-003,2015-12-25,2016-01-01,2016-01-01,48,48,7,7,0,1,6.44,309.12,Delivered
PO-12233,SKU-017,WH-TX1,SUP-003,2016-01-08,2016-01-15,2016-01-18,48,48,7,10,3,0,6.44,309.12,Delivered
PO-12234,SKU-017,WH-TX1,SUP-003,2016-01-20,2016-01-27,2016-01-27,48,48,7,7,0,1,6.44,309.12,Delivered
PO-12235,SKU-017,WH-TX1,SUP-003,2016-02-03,2016-02-10,2016-02-10,48,48,7,7,0,1,6.44,309.12,Delivered
PO-12236,SKU-017,WH-TX1,SUP-003,2016-02-16,2016-02-23,2016-02-21,48,48,7,5,-2,1,6.44,309.12,Delivered
PO-12237,SKU-017,WH-TX1,SUP-003,2016-02-28,2016-03-06,2016-03-06,48,48,7,7,0,1,6.44,309.12,Delivered
PO-12238,SKU-017,WH-TX1,SUP-003,2016-03-12,2016-03-19,2016-03-21,48,48,7,9,2,0,6.44,309.12,Delivered
PO-12239,SKU-017,WH-TX1,SUP-003,2016-03-23,2016-03-30,2016-03-29,48,48,7,6,-1,1,6.44,309.12,Delivered
PO-12240,SKU-017,WH-TX1,SUP-003,2016-04-05,2016-04-12,2016-04-21,48,48,7,16,9,0,6.44,309.12,Delivered
PO-12241,SKU-017,WH-WI1,SUP-003,2014-05-03,2014-05-10,2014-05-10,48,48,7,7,0,1,6.44,309.12,Delivered
PO-12242,SKU-017,WH-WI1,SUP-003,2014-05-25,2014-06-01,2014-05-30,48,48,7,5,-2,1,6.44,309.12,Delivered
PO-12243,SKU-017,WH-WI1,SUP-003,2014-06-16,2014-06-23,2014-06-23,48,48,7,7,0,1,6.44,309.12,Delivered
PO-12244,SKU-017,WH-WI1,SUP-003,2014-07-07,2014-07-14,2014-07-14,48,48,7,7,0,1,6.44,309.12,Delivered
PO-12245,SKU-017,WH-WI1,SUP-003,2014-07-28,2014-08-04,2014-08-04,48,48,7,7,0,1,6.44,309.12,Delivered
PO-12246,SKU-017,WH-WI1,SUP-003,2014-08-18,2014-08-25,2014-08-23,48,48,7,5,-2,1,6.44,309.12,Delivered
PO-12247,SKU-017,WH-WI1,SUP-003,2014-09-09,2014-09-16,2014-09-16,48,48,7,7,0,1,6.44,309.12,Delivered
PO-12248,SKU-017,WH-WI1,SUP-003,2014-10-01,2014-10-08,2014-10-08,48,48,7,7,0,1,6.44,309.12,Delivered
PO-12249,SKU-017,WH-WI1,SUP-003,2014-10-24,2014-10-31,2014-10-31,48,48,7,7,0,1,6.44,309.12,Delivered
PO-12250,SKU-017,WH-WI1,SUP-003,2014-11-14,2014-11-21,2014-11-23,48,48,7,9,2,0,6.44,309.12,Delivered
PO-12251,SKU-017,WH-WI1,SUP-003,2014-12-06,2014-12-13,2014-12-11,48,48,7,5,-2,1,6.44,309.12,Delivered
PO-12252,SKU-017,WH-WI1,SUP-003,2014-12-27,2015-01-03,2015-01-03,48,48,7,7,0,1,6.44,309.12,Delivered
PO-12253,SKU-017,WH-WI1,SUP-003,2015-01-20,2015-01-27,2015-01-27,48,48,7,7,0,1,6.44,309.12,Delivered
PO-12254,SKU-017,WH-WI1,SUP-003,2015-02-11,2015-02-18,2015-02-18,48,48,7,7,0,1,6.44,309.12,Delivered
PO-12255,SKU-017,WH-WI1,SUP-003,2015-03-05,2015-03-12,2015-03-11,48,48,7,6,-1,1,6.44,309.12,Delivered
PO-12256,SKU-017,WH-WI1,SUP-003,2015-03-27,2015-04-03,2015-04-03,48,48,7,7,0,1,6.44,309.12,Delivered
PO-12257,SKU-017,WH-WI1,SUP-003,2015-04-20,2015-04-27,2015-04-25,48,48,7,5,-2,1,6.44,309.12,Delivered
PO-12258,SKU-017,WH-WI1,SUP-003,2015-05-11,2015-05-18,2015-05-18,48,48,7,7,0,1,6.44,309.12,Delivered
PO-12259,SKU-017,WH-WI1,SUP-003,2015-06-03,2015-06-10,2015-06-09,48,48,7,6,-1,1,6.44,309.12,Delivered
PO-12260,SKU-017,WH-WI1,SUP-003,2015-06-25,2015-07-02,2015-07-02,48,48,7,7,0,1,6.44,309.12,Delivered
PO-12261,SKU-017,WH-WI1,SUP-003,2015-07-17,2015-07-24,2015-07-24,48,48,7,7,0,1,6.44,309.12,Delivered
PO-12262,SKU-017,WH-WI1,SUP-003,2015-08-09,2015-08-16,2015-08-15,48,48,7,6,-1,1,6.44,309.12,Delivered
PO-12263,SKU-017,WH-WI1,SUP-003,2015-08-31,2015-09-07,2015-09-07,48,48,7,7,0,1,6.44,309.12,Delivered
PO-12264,SKU-017,WH-WI1,SUP-003,2015-09-22,2015-09-29,2015-09-29,48,48,7,7,0,1,6.44,309.12,Delivered
PO-12265,SKU-017,WH-WI1,SUP-003,2015-10-13,2015-10-20,2015-10-19,48,48,7,6,-1,1,6.44,309.12,Delivered
PO-12266,SKU-017,WH-WI1,SUP-003,2015-11-05,2015-11-12,2015-11-12,48,48,7,7,0,1,6.44,309.12,Delivered
PO-12267,SKU-017,WH-WI1,SUP-003,2015-11-27,2015-12-04,2015-12-04,48,48,7,7,0,1,6.44,309.12,Delivered
PO-12268,SKU-017,WH-WI1,SUP-003,2015-12-19,2015-12-26,2015-12-25,48,48,7,6,-1,1,6.44,309.12,Delivered
PO-12269,SKU-017,WH-WI1,SUP-003,2016-01-11,2016-01-18,2016-01-17,48,48,7,6,-1,1,6.44,309.12,Delivered
PO-12270,SKU-017,WH-WI1,SUP-003,2016-02-02,2016-02-09,2016-02-09,48,48,7,7,0,1,6.44,309.12,Delivered
PO-12271,SKU-017,WH-WI1,SUP-003,2016-02-24,2016-03-02,2016-03-01,48,48,7,6,-1,1,6.44,309.12,Delivered
PO-12272,SKU-017,WH-WI1,SUP-003,2016-03-17,2016-03-24,2016-03-23,48,48,7,6,-1,1,6.44,309.12,Delivered
PO-12273,SKU-017,WH-WI1,SUP-003,2016-04-09,2016-04-16,2016-04-16,48,48,7,7,0,1,6.44,309.12,Delivered
PO-12274,SKU-018,WH-CA1,SUP-001,2014-05-01,2014-05-06,2014-05-06,96,96,5,5,0,1,1.98,190.08,Delivered
PO-12275,SKU-018,WH-CA1,SUP-001,2014-05-23,2014-05-28,2014-05-27,96,96,5,4,-1,1,1.98,190.08,Delivered
PO-12276,SKU-018,WH-CA1,SUP-001,2014-06-13,2014-06-18,2014-06-18,96,96,5,5,0,1,1.98,190.08,Delivered
PO-12277,SKU-018,WH-CA1,SUP-001,2014-07-05,2014-07-10,2014-07-09,96,96,5,4,-1,1,1.98,190.08,Delivered
PO-12278,SKU-018,WH-CA1,SUP-001,2014-07-29,2014-08-03,2014-08-03,96,96,5,5,0,1,1.98,190.08,Delivered
PO-12279,SKU-018,WH-CA1,SUP-001,2014-08-22,2014-08-27,2014-08-26,96,96,5,4,-1,1,1.98,190.08,Delivered
PO-12280,SKU-018,WH-CA1,SUP-001,2014-09-13,2014-09-18,2014-09-17,96,96,5,4,-1,1,1.98,190.08,Delivered
PO-12281,SKU-018,WH-CA1,SUP-001,2014-10-04,2014-10-09,2014-10-09,96,96,5,5,0,1,1.98,190.08,Delivered
PO-12282,SKU-018,WH-CA1,SUP-001,2014-10-27,2014-11-01,2014-11-01,96,96,5,5,0,1,1.98,190.08,Delivered
PO-12283,SKU-018,WH-CA1,SUP-001,2014-11-20,2014-11-25,2014-11-25,96,96,5,5,0,1,1.98,190.08,Delivered
PO-12284,SKU-018,WH-CA1,SUP-001,2014-12-14,2014-12-19,2014-12-18,96,96,5,4,-1,1,1.98,190.08,Delivered
PO-12285,SKU-018,WH-CA1,SUP-001,2015-01-05,2015-01-10,2015-01-10,96,96,5,5,0,1,1.98,190.08,Delivered
PO-12286,SKU-018,WH-CA1,SUP-001,2015-01-29,2015-02-03,2015-02-02,96,96,5,4,-1,1,1.98,190.08,Delivered
PO-12287,SKU-018,WH-CA1,SUP-001,2015-02-20,2015-02-25,2015-02-25,96,96,5,5,0,1,1.98,190.08,Delivered
PO-12288,SKU-018,WH-CA1,SUP-001,2015-03-14,2015-03-19,2015-03-19,96,96,5,5,0,1,1.98,190.08,Delivered
PO-12289,SKU-018,WH-CA1,SUP-001,2015-04-06,2015-04-11,2015-04-11,96,96,5,5,0,1,1.98,190.08,Delivered
PO-12290,SKU-018,WH-CA1,SUP-001,2015-04-28,2015-05-03,2015-05-03,96,96,5,5,0,1,1.98,190.08,Delivered
PO-12291,SKU-018,WH-CA1,SUP-001,2015-05-20,2015-05-25,2015-05-25,96,96,5,5,0,1,1.98,190.08,Delivered
PO-12292,SKU-018,WH-CA1,SUP-001,2015-06-11,2015-06-16,2015-06-16,96,96,5,5,0,1,1.98,190.08,Delivered
PO-12293,SKU-018,WH-CA1,SUP-001,2015-07-04,2015-07-09,2015-07-08,96,96,5,4,-1,1,1.98,190.08,Delivered
PO-12294,SKU-018,WH-CA1,SUP-001,2015-07-26,2015-07-31,2015-07-30,96,96,5,4,-1,1,1.98,190.08,Delivered
PO-12295,SKU-018,WH-CA1,SUP-001,2015-08-16,2015-08-21,2015-08-21,96,96,5,5,0,1,1.98,190.08,Delivered
PO-12296,SKU-018,WH-CA1,SUP-001,2015-09-08,2015-09-13,2015-09-13,96,96,5,5,0,1,1.98,190.08,Delivered
PO-12297,SKU-018,WH-CA1,SUP-001,2015-09-30,2015-10-05,2015-10-05,96,96,5,5,0,1,1.98,190.08,Delivered
PO-12298,SKU-018,WH-CA1,SUP-001,2015-10-22,2015-10-27,2015-10-27,96,96,5,5,0,1,1.98,190.08,Delivered
PO-12299,SKU-018,WH-CA1,SUP-001,2015-11-13,2015-11-18,2015-11-18,96,96,5,5,0,1,1.98,190.08,Delivered
PO-12300,SKU-018,WH-CA1,SUP-001,2015-12-06,2015-12-11,2015-12-11,96,96,5,5,0,1,1.98,190.08,Delivered
PO-12301,SKU-018,WH-CA1,SUP-001,2015-12-29,2016-01-03,2016-01-03,96,96,5,5,0,1,1.98,190.08,Delivered
PO-12302,SKU-018,WH-CA1,SUP-001,2016-01-20,2016-01-25,2016-01-25,96,96,5,5,0,1,1.98,190.08,Delivered
PO-12303,SKU-018,WH-CA1,SUP-001,2016-02-12,2016-02-17,2016-02-17,96,96,5,5,0,1,1.98,190.08,Delivered
PO-12304,SKU-018,WH-CA1,SUP-001,2016-03-06,2016-03-11,2016-03-10,96,96,5,4,-1,1,1.98,190.08,Delivered
PO-12305,SKU-018,WH-CA1,SUP-001,2016-03-29,2016-04-03,2016-04-03,96,96,5,5,0,1,1.98,190.08,Delivered
PO-12306,SKU-018,WH-TX1,SUP-001,2014-05-03,2014-05-08,2014-05-07,96,96,5,4,-1,1,1.98,190.08,Delivered
PO-12307,SKU-018,WH-TX1,SUP-001,2014-05-19,2014-05-24,2014-05-24,96,96,5,5,0,1,1.98,190.08,Delivered
PO-12308,SKU-018,WH-TX1,SUP-001,2014-06-07,2014-06-12,2014-06-12,96,96,5,5,0,1,1.98,190.08,Delivered
PO-12309,SKU-018,WH-TX1,SUP-001,2014-06-26,2014-07-01,2014-07-01,96,96,5,5,0,1,1.98,190.08,Delivered
PO-12310,SKU-018,WH-TX1,SUP-001,2014-07-12,2014-07-17,2014-07-16,96,96,5,4,-1,1,1.98,190.08,Delivered
PO-12311,SKU-018,WH-TX1,SUP-001,2014-07-31,2014-08-05,2014-08-04,96,96,5,4,-1,1,1.98,190.08,Delivered
PO-12312,SKU-018,WH-TX1,SUP-001,2014-08-18,2014-08-23,2014-08-23,96,96,5,5,0,1,1.98,190.08,Delivered
PO-12313,SKU-018,WH-TX1,SUP-001,2014-09-04,2014-09-09,2014-09-08,96,96,5,4,-1,1,1.98,190.08,Delivered
PO-12314,SKU-018,WH-TX1,SUP-001,2014-09-21,2014-09-26,2014-09-26,96,96,5,5,0,1,1.98,190.08,Delivered
PO-12315,SKU-018,WH-TX1,SUP-001,2014-10-09,2014-10-14,2014-10-16,96,96,5,7,2,0,1.98,190.08,Delivered
PO-12316,SKU-018,WH-TX1,SUP-001,2014-10-28,2014-11-02,2014-11-02,96,96,5,5,0,1,1.98,190.08,Delivered
PO-12317,SKU-018,WH-TX1,SUP-001,2014-11-14,2014-11-19,2014-11-18,96,96,5,4,-1,1,1.98,190.08,Delivered
PO-12318,SKU-018,WH-TX1,SUP-001,2014-12-03,2014-12-08,2014-12-08,96,96,5,5,0,1,1.98,190.08,Delivered
PO-12319,SKU-018,WH-TX1,SUP-001,2014-12-20,2014-12-25,2014-12-25,96,96,5,5,0,1,1.98,190.08,Delivered
PO-12320,SKU-018,WH-TX1,SUP-001,2015-01-06,2015-01-11,2015-01-15,96,96,5,9,4,0,1.98,190.08,Delivered
PO-12321,SKU-018,WH-TX1,SUP-001,2015-01-22,2015-01-27,2015-01-27,96,96,5,5,0,1,1.98,190.08,Delivered
PO-12322,SKU-018,WH-TX1,SUP-001,2015-02-07,2015-02-12,2015-02-12,96,96,5,5,0,1,1.98,190.08,Delivered
PO-12323,SKU-018,WH-TX1,SUP-001,2015-02-24,2015-03-01,2015-02-28,96,96,5,4,-1,1,1.98,190.08,Delivered
PO-12324,SKU-018,WH-TX1,SUP-001,2015-03-14,2015-03-19,2015-03-19,96,96,5,5,0,1,1.98,190.08,Delivered
PO-12325,SKU-018,WH-TX1,SUP-001,2015-03-31,2015-04-05,2015-04-04,96,96,5,4,-1,1,1.98,190.08,Delivered
PO-12326,SKU-018,WH-TX1,SUP-001,2015-04-16,2015-04-21,2015-04-21,96,96,5,5,0,1,1.98,190.08,Delivered
PO-12327,SKU-018,WH-TX1,SUP-001,2015-05-05,2015-05-10,2015-05-10,96,96,5,5,0,1,1.98,190.08,Delivered
PO-12328,SKU-018,WH-TX1,SUP-001,2015-05-23,2015-05-28,2015-05-28,96,96,5,5,0,1,1.98,190.08,Delivered
PO-12329,SKU-018,WH-TX1,SUP-001,2015-06-10,2015-06-15,2015-06-15,96,96,5,5,0,1,1.98,190.08,Delivered
PO-12330,SKU-018,WH-TX1,SUP-001,2015-06-27,2015-07-02,2015-07-02,96,96,5,5,0,1,1.98,190.08,Delivered
PO-12331,SKU-018,WH-TX1,SUP-001,2015-07-14,2015-07-19,2015-07-19,96,96,5,5,0,1,1.98,190.08,Delivered
PO-12332,SKU-018,WH-TX1,SUP-001,2015-07-31,2015-08-05,2015-08-05,96,96,5,5,0,1,1.98,190.08,Delivered
PO-12333,SKU-018,WH-TX1,SUP-001,2015-08-17,2015-08-22,2015-08-22,96,96,5,5,0,1,1.98,190.08,Delivered
PO-12334,SKU-018,WH-TX1,SUP-001,2015-09-03,2015-09-08,2015-09-08,96,96,5,5,0,1,1.98,190.08,Delivered
PO-12335,SKU-018,WH-TX1,SUP-001,2015-09-22,2015-09-27,2015-09-27,96,96,5,5,0,1,1.98,190.08,Delivered
PO-12336,SKU-018,WH-TX1,SUP-001,2015-10-09,2015-10-14,2015-10-14,96,96,5,5,0,1,1.98,190.08,Delivered
PO-12337,SKU-018,WH-TX1,SUP-001,2015-10-27,2015-11-01,2015-10-31,96,96,5,4,-1,1,1.98,190.08,Delivered
PO-12338,SKU-018,WH-TX1,SUP-001,2015-11-15,2015-11-20,2015-11-19,96,96,5,4,-1,1,1.98,190.08,Delivered
PO-12339,SKU-018,WH-TX1,SUP-001,2015-12-04,2015-12-09,2015-12-09,96,96,5,5,0,1,1.98,190.08,Delivered
PO-12340,SKU-018,WH-TX1,SUP-001,2015-12-22,2015-12-27,2015-12-27,96,96,5,5,0,1,1.98,190.08,Delivered
PO-12341,SKU-018,WH-TX1,SUP-001,2016-01-09,2016-01-14,2016-01-14,96,96,5,5,0,1,1.98,190.08,Delivered
PO-12342,SKU-018,WH-TX1,SUP-001,2016-01-26,2016-01-31,2016-01-31,96,96,5,5,0,1,1.98,190.08,Delivered
PO-12343,SKU-018,WH-TX1,SUP-001,2016-02-11,2016-02-16,2016-02-16,96,96,5,5,0,1,1.98,190.08,Delivered
PO-12344,SKU-018,WH-TX1,SUP-001,2016-03-01,2016-03-06,2016-03-06,96,96,5,5,0,1,1.98,190.08,Delivered
PO-12345,SKU-018,WH-TX1,SUP-001,2016-03-18,2016-03-23,2016-03-22,96,96,5,4,-1,1,1.98,190.08,Delivered
PO-12346,SKU-018,WH-TX1,SUP-001,2016-04-06,2016-04-11,2016-04-11,96,96,5,5,0,1,1.98,190.08,Delivered
PO-12347,SKU-018,WH-WI1,SUP-001,2014-05-05,2014-05-10,2014-05-10,96,96,5,5,0,1,1.98,190.08,Delivered
PO-12348,SKU-018,WH-WI1,SUP-001,2014-05-21,2014-05-26,2014-05-26,96,96,5,5,0,1,1.98,190.08,Delivered
PO-12349,SKU-018,WH-WI1,SUP-001,2014-06-07,2014-06-12,2014-06-12,96,96,5,5,0,1,1.98,190.08,Delivered
PO-12350,SKU-018,WH-WI1,SUP-001,2014-06-23,2014-06-28,2014-06-28,96,96,5,5,0,1,1.98,190.08,Delivered
PO-12351,SKU-018,WH-WI1,SUP-001,2014-07-12,2014-07-17,2014-07-17,96,96,5,5,0,1,1.98,190.08,Delivered
PO-12352,SKU-018,WH-WI1,SUP-001,2014-07-29,2014-08-03,2014-08-03,96,96,5,5,0,1,1.98,190.08,Delivered
PO-12353,SKU-018,WH-WI1,SUP-001,2014-08-14,2014-08-19,2014-08-19,96,96,5,5,0,1,1.98,190.08,Delivered
PO-12354,SKU-018,WH-WI1,SUP-001,2014-08-31,2014-09-05,2014-09-04,96,96,5,4,-1,1,1.98,190.08,Delivered
PO-12355,SKU-018,WH-WI1,SUP-001,2014-09-17,2014-09-22,2014-09-21,96,96,5,4,-1,1,1.98,190.08,Delivered
PO-12356,SKU-018,WH-WI1,SUP-001,2014-10-05,2014-10-10,2014-10-10,96,96,5,5,0,1,1.98,190.08,Delivered
PO-12357,SKU-018,WH-WI1,SUP-001,2014-10-23,2014-10-28,2014-10-27,96,96,5,4,-1,1,1.98,190.08,Delivered
PO-12358,SKU-018,WH-WI1,SUP-001,2014-11-10,2014-11-15,2014-11-15,96,96,5,5,0,1,1.98,190.08,Delivered
PO-12359,SKU-018,WH-WI1,SUP-001,2014-11-29,2014-12-04,2014-12-04,96,96,5,5,0,1,1.98,190.08,Delivered
PO-12360,SKU-018,WH-WI1,SUP-001,2014-12-15,2014-12-20,2014-12-19,96,96,5,4,-1,1,1.98,190.08,Delivered
PO-12361,SKU-018,WH-WI1,SUP-001,2015-01-02,2015-01-07,2015-01-06,96,96,5,4,-1,1,1.98,190.08,Delivered
PO-12362,SKU-018,WH-WI1,SUP-001,2015-01-19,2015-01-24,2015-01-24,96,96,5,5,0,1,1.98,190.08,Delivered
PO-12363,SKU-018,WH-WI1,SUP-001,2015-02-06,2015-02-11,2015-02-10,96,96,5,4,-1,1,1.98,190.08,Delivered
PO-12364,SKU-018,WH-WI1,SUP-001,2015-02-23,2015-02-28,2015-02-28,96,96,5,5,0,1,1.98,190.08,Delivered
PO-12365,SKU-018,WH-WI1,SUP-001,2015-03-11,2015-03-16,2015-03-16,96,96,5,5,0,1,1.98,190.08,Delivered
PO-12366,SKU-018,WH-WI1,SUP-001,2015-03-28,2015-04-02,2015-04-02,96,96,5,5,0,1,1.98,190.08,Delivered
PO-12367,SKU-018,WH-WI1,SUP-001,2015-04-13,2015-04-18,2015-04-17,96,96,5,4,-1,1,1.98,190.08,Delivered
PO-12368,SKU-018,WH-WI1,SUP-001,2015-05-02,2015-05-07,2015-05-07,96,96,5,5,0,1,1.98,190.08,Delivered
PO-12369,SKU-018,WH-WI1,SUP-001,2015-05-19,2015-05-24,2015-05-24,96,96,5,5,0,1,1.98,190.08,Delivered
PO-12370,SKU-018,WH-WI1,SUP-001,2015-06-06,2015-06-11,2015-06-10,96,96,5,4,-1,1,1.98,190.08,Delivered
PO-12371,SKU-018,WH-WI1,SUP-001,2015-06-22,2015-06-27,2015-06-27,96,96,5,5,0,1,1.98,190.08,Delivered
PO-12372,SKU-018,WH-WI1,SUP-001,2015-07-09,2015-07-14,2015-07-14,96,96,5,5,0,1,1.98,190.08,Delivered
PO-12373,SKU-018,WH-WI1,SUP-001,2015-07-25,2015-07-30,2015-08-01,96,96,5,7,2,0,1.98,190.08,Delivered
PO-12374,SKU-018,WH-WI1,SUP-001,2015-08-10,2015-08-15,2015-08-15,96,96,5,5,0,1,1.98,190.08,Delivered
PO-12375,SKU-018,WH-WI1,SUP-001,2015-08-27,2015-09-01,2015-09-01,96,96,5,5,0,1,1.98,190.08,Delivered
PO-12376,SKU-018,WH-WI1,SUP-001,2015-09-13,2015-09-18,2015-09-18,96,96,5,5,0,1,1.98,190.08,Delivered
PO-12377,SKU-018,WH-WI1,SUP-001,2015-09-30,2015-10-05,2015-10-04,96,96,5,4,-1,1,1.98,190.08,Delivered
PO-12378,SKU-018,WH-WI1,SUP-001,2015-10-17,2015-10-22,2015-10-22,96,96,5,5,0,1,1.98,190.08,Delivered
PO-12379,SKU-018,WH-WI1,SUP-001,2015-11-03,2015-11-08,2015-11-08,96,96,5,5,0,1,1.98,190.08,Delivered
PO-12380,SKU-018,WH-WI1,SUP-001,2015-11-20,2015-11-25,2015-11-25,96,96,5,5,0,1,1.98,190.08,Delivered
PO-12381,SKU-018,WH-WI1,SUP-001,2015-12-09,2015-12-14,2015-12-14,96,96,5,5,0,1,1.98,190.08,Delivered
PO-12382,SKU-018,WH-WI1,SUP-001,2015-12-26,2015-12-31,2015-12-31,96,96,5,5,0,1,1.98,190.08,Delivered
PO-12383,SKU-018,WH-WI1,SUP-001,2016-01-12,2016-01-17,2016-01-16,96,96,5,4,-1,1,1.98,190.08,Delivered
PO-12384,SKU-018,WH-WI1,SUP-001,2016-01-28,2016-02-02,2016-02-02,96,96,5,5,0,1,1.98,190.08,Delivered
PO-12385,SKU-018,WH-WI1,SUP-001,2016-02-14,2016-02-19,2016-02-19,96,96,5,5,0,1,1.98,190.08,Delivered
PO-12386,SKU-018,WH-WI1,SUP-001,2016-03-02,2016-03-07,2016-03-07,96,96,5,5,0,1,1.98,190.08,Delivered
PO-12387,SKU-018,WH-WI1,SUP-001,2016-03-21,2016-03-26,2016-03-25,96,96,5,4,-1,1,1.98,190.08,Delivered
PO-12388,SKU-018,WH-WI1,SUP-001,2016-04-09,2016-04-14,2016-04-14,96,96,5,5,0,1,1.98,190.08,Delivered
PO-12389,SKU-019,WH-CA1,SUP-002,2014-05-01,2014-05-05,2014-05-04,96,96,4,3,-1,1,1.98,190.08,Delivered
PO-12390,SKU-019,WH-CA1,SUP-002,2014-05-16,2014-05-20,2014-05-20,96,96,4,4,0,1,1.98,190.08,Delivered
PO-12391,SKU-019,WH-CA1,SUP-002,2014-05-30,2014-06-03,2014-06-03,96,96,4,4,0,1,1.98,190.08,Delivered
PO-12392,SKU-019,WH-CA1,SUP-002,2014-06-13,2014-06-17,2014-06-17,96,96,4,4,0,1,1.98,190.08,Delivered
PO-12393,SKU-019,WH-CA1,SUP-002,2014-06-28,2014-07-02,2014-07-01,96,96,4,3,-1,1,1.98,190.08,Delivered
PO-12394,SKU-019,WH-CA1,SUP-002,2014-07-15,2014-07-19,2014-07-19,96,96,4,4,0,1,1.98,190.08,Delivered
PO-12395,SKU-019,WH-CA1,SUP-002,2014-07-31,2014-08-04,2014-08-04,96,96,4,4,0,1,1.98,190.08,Delivered
PO-12396,SKU-019,WH-CA1,SUP-002,2014-08-16,2014-08-20,2014-08-20,96,96,4,4,0,1,1.98,190.08,Delivered
PO-12397,SKU-019,WH-CA1,SUP-002,2014-08-31,2014-09-04,2014-09-04,96,96,4,4,0,1,1.98,190.08,Delivered
PO-12398,SKU-019,WH-CA1,SUP-002,2014-09-14,2014-09-18,2014-09-18,96,96,4,4,0,1,1.98,190.08,Delivered
PO-12399,SKU-019,WH-CA1,SUP-002,2014-09-29,2014-10-03,2014-10-02,96,96,4,3,-1,1,1.98,190.08,Delivered
PO-12400,SKU-019,WH-CA1,SUP-002,2014-10-13,2014-10-17,2014-10-17,96,96,4,4,0,1,1.98,190.08,Delivered
PO-12401,SKU-019,WH-CA1,SUP-002,2014-10-28,2014-11-01,2014-11-01,96,96,4,4,0,1,1.98,190.08,Delivered
PO-12402,SKU-019,WH-CA1,SUP-002,2014-11-13,2014-11-17,2014-11-17,96,96,4,4,0,1,1.98,190.08,Delivered
PO-12403,SKU-019,WH-CA1,SUP-002,2014-11-28,2014-12-02,2014-12-02,96,96,4,4,0,1,1.98,190.08,Delivered
PO-12404,SKU-019,WH-CA1,SUP-002,2014-12-13,2014-12-17,2014-12-17,96,96,4,4,0,1,1.98,190.08,Delivered
PO-12405,SKU-019,WH-CA1,SUP-002,2014-12-28,2015-01-01,2015-01-01,96,96,4,4,0,1,1.98,190.08,Delivered
PO-12406,SKU-019,WH-CA1,SUP-002,2015-01-14,2015-01-18,2015-01-18,96,96,4,4,0,1,1.98,190.08,Delivered
PO-12407,SKU-019,WH-CA1,SUP-002,2015-01-28,2015-02-01,2015-02-01,96,96,4,4,0,1,1.98,190.08,Delivered
PO-12408,SKU-019,WH-CA1,SUP-002,2015-02-13,2015-02-17,2015-02-17,96,96,4,4,0,1,1.98,190.08,Delivered
PO-12409,SKU-019,WH-CA1,SUP-002,2015-03-01,2015-03-05,2015-03-04,96,96,4,3,-1,1,1.98,190.08,Delivered
PO-12410,SKU-019,WH-CA1,SUP-002,2015-03-15,2015-03-19,2015-03-19,96,96,4,4,0,1,1.98,190.08,Delivered
PO-12411,SKU-019,WH-CA1,SUP-002,2015-04-01,2015-04-05,2015-04-05,96,96,4,4,0,1,1.98,190.08,Delivered
PO-12412,SKU-019,WH-CA1,SUP-002,2015-04-16,2015-04-20,2015-04-20,96,96,4,4,0,1,1.98,190.08,Delivered
PO-12413,SKU-019,WH-CA1,SUP-002,2015-05-01,2015-05-05,2015-05-05,96,96,4,4,0,1,1.98,190.08,Delivered
PO-12414,SKU-019,WH-CA1,SUP-002,2015-05-16,2015-05-20,2015-05-20,96,96,4,4,0,1,1.98,190.08,Delivered
PO-12415,SKU-019,WH-CA1,SUP-002,2015-06-02,2015-06-06,2015-06-05,96,96,4,3,-1,1,1.98,190.08,Delivered
PO-12416,SKU-019,WH-CA1,SUP-002,2015-06-17,2015-06-21,2015-06-21,96,96,4,4,0,1,1.98,190.08,Delivered
PO-12417,SKU-019,WH-CA1,SUP-002,2015-07-04,2015-07-08,2015-07-08,96,96,4,4,0,1,1.98,190.08,Delivered
PO-12418,SKU-019,WH-CA1,SUP-002,2015-07-21,2015-07-25,2015-07-25,96,96,4,4,0,1,1.98,190.08,Delivered
PO-12419,SKU-019,WH-CA1,SUP-002,2015-08-07,2015-08-11,2015-08-11,96,96,4,4,0,1,1.98,190.08,Delivered
PO-12420,SKU-019,WH-CA1,SUP-002,2015-08-23,2015-08-27,2015-08-27,96,96,4,4,0,1,1.98,190.08,Delivered
PO-12421,SKU-019,WH-CA1,SUP-002,2015-09-06,2015-09-10,2015-09-10,96,96,4,4,0,1,1.98,190.08,Delivered
PO-12422,SKU-019,WH-CA1,SUP-002,2015-09-21,2015-09-25,2015-09-25,96,96,4,4,0,1,1.98,190.08,Delivered
PO-12423,SKU-019,WH-CA1,SUP-002,2015-10-08,2015-10-12,2015-10-12,96,96,4,4,0,1,1.98,190.08,Delivered
PO-12424,SKU-019,WH-CA1,SUP-002,2015-10-22,2015-10-26,2015-10-25,96,96,4,3,-1,1,1.98,190.08,Delivered
PO-12425,SKU-019,WH-CA1,SUP-002,2015-11-08,2015-11-12,2015-11-12,96,96,4,4,0,1,1.98,190.08,Delivered
PO-12426,SKU-019,WH-CA1,SUP-002,2015-11-24,2015-11-28,2015-11-28,96,96,4,4,0,1,1.98,190.08,Delivered
PO-12427,SKU-019,WH-CA1,SUP-002,2015-12-10,2015-12-14,2015-12-14,96,96,4,4,0,1,1.98,190.08,Delivered
PO-12428,SKU-019,WH-CA1,SUP-002,2015-12-25,2015-12-29,2015-12-29,96,96,4,4,0,1,1.98,190.08,Delivered
PO-12429,SKU-019,WH-CA1,SUP-002,2016-01-10,2016-01-14,2016-01-14,96,96,4,4,0,1,1.98,190.08,Delivered
PO-12430,SKU-019,WH-CA1,SUP-002,2016-01-26,2016-01-30,2016-01-29,96,96,4,3,-1,1,1.98,190.08,Delivered
PO-12431,SKU-019,WH-CA1,SUP-002,2016-02-09,2016-02-13,2016-02-12,96,96,4,3,-1,1,1.98,190.08,Delivered
PO-12432,SKU-019,WH-CA1,SUP-002,2016-02-24,2016-02-28,2016-02-28,96,96,4,4,0,1,1.98,190.08,Delivered
PO-12433,SKU-019,WH-CA1,SUP-002,2016-03-09,2016-03-13,2016-03-13,96,96,4,4,0,1,1.98,190.08,Delivered
PO-12434,SKU-019,WH-CA1,SUP-002,2016-03-24,2016-03-28,2016-03-28,96,96,4,4,0,1,1.98,190.08,Delivered
PO-12435,SKU-019,WH-CA1,SUP-002,2016-04-09,2016-04-13,2016-04-13,96,96,4,4,0,1,1.98,190.08,Delivered
PO-12436,SKU-019,WH-TX1,SUP-002,2014-05-02,2014-05-06,2014-05-06,96,96,4,4,0,1,1.98,190.08,Delivered
PO-12437,SKU-019,WH-TX1,SUP-002,2014-05-19,2014-05-23,2014-05-23,96,96,4,4,0,1,1.98,190.08,Delivered
PO-12438,SKU-019,WH-TX1,SUP-002,2014-06-05,2014-06-09,2014-06-09,96,96,4,4,0,1,1.98,190.08,Delivered
PO-12439,SKU-019,WH-TX1,SUP-002,2014-06-24,2014-06-28,2014-06-28,96,96,4,4,0,1,1.98,190.08,Delivered
PO-12440,SKU-019,WH-TX1,SUP-002,2014-07-11,2014-07-15,2014-07-15,96,96,4,4,0,1,1.98,190.08,Delivered
PO-12441,SKU-019,WH-TX1,SUP-002,2014-07-28,2014-08-01,2014-08-01,96,96,4,4,0,1,1.98,190.08,Delivered
PO-12442,SKU-019,WH-TX1,SUP-002,2014-08-14,2014-08-18,2014-08-18,96,96,4,4,0,1,1.98,190.08,Delivered
PO-12443,SKU-019,WH-TX1,SUP-002,2014-09-01,2014-09-05,2014-09-05,96,96,4,4,0,1,1.98,190.08,Delivered
PO-12444,SKU-019,WH-TX1,SUP-002,2014-09-18,2014-09-22,2014-09-22,96,96,4,4,0,1,1.98,190.08,Delivered
PO-12445,SKU-019,WH-TX1,SUP-002,2014-10-07,2014-10-11,2014-10-11,96,96,4,4,0,1,1.98,190.08,Delivered
PO-12446,SKU-019,WH-TX1,SUP-002,2014-10-23,2014-10-27,2014-10-26,96,96,4,3,-1,1,1.98,190.08,Delivered
PO-12447,SKU-019,WH-TX1,SUP-002,2014-11-10,2014-11-14,2014-11-14,96,96,4,4,0,1,1.98,190.08,Delivered
PO-12448,SKU-019,WH-TX1,SUP-002,2014-11-29,2014-12-03,2014-12-03,96,96,4,4,0,1,1.98,190.08,Delivered
PO-12449,SKU-019,WH-TX1,SUP-002,2014-12-18,2014-12-22,2014-12-22,96,96,4,4,0,1,1.98,190.08,Delivered
PO-12450,SKU-019,WH-TX1,SUP-002,2015-01-06,2015-01-10,2015-01-09,96,96,4,3,-1,1,1.98,190.08,Delivered
PO-12451,SKU-019,WH-TX1,SUP-002,2015-01-23,2015-01-27,2015-01-27,96,96,4,4,0,1,1.98,190.08,Delivered
PO-12452,SKU-019,WH-TX1,SUP-002,2015-02-10,2015-02-14,2015-02-13,96,96,4,3,-1,1,1.98,190.08,Delivered
PO-12453,SKU-019,WH-TX1,SUP-002,2015-02-27,2015-03-03,2015-03-03,96,96,4,4,0,1,1.98,190.08,Delivered
PO-12454,SKU-019,WH-TX1,SUP-002,2015-03-16,2015-03-20,2015-03-20,96,96,4,4,0,1,1.98,190.08,Delivered
PO-12455,SKU-019,WH-TX1,SUP-002,2015-04-04,2015-04-08,2015-04-08,96,96,4,4,0,1,1.98,190.08,Delivered
PO-12456,SKU-019,WH-TX1,SUP-002,2015-04-22,2015-04-26,2015-04-26,96,96,4,4,0,1,1.98,190.08,Delivered
PO-12457,SKU-019,WH-TX1,SUP-002,2015-05-09,2015-05-13,2015-05-12,96,96,4,3,-1,1,1.98,190.08,Delivered
PO-12458,SKU-019,WH-TX1,SUP-002,2015-05-26,2015-05-30,2015-05-30,96,96,4,4,0,1,1.98,190.08,Delivered
PO-12459,SKU-019,WH-TX1,SUP-002,2015-06-14,2015-06-18,2015-06-18,96,96,4,4,0,1,1.98,190.08,Delivered
PO-12460,SKU-019,WH-TX1,SUP-002,2015-06-30,2015-07-04,2015-07-04,96,96,4,4,0,1,1.98,190.08,Delivered
PO-12461,SKU-019,WH-TX1,SUP-002,2015-07-17,2015-07-21,2015-07-24,96,96,4,7,3,0,1.98,190.08,Delivered
PO-12462,SKU-019,WH-TX1,SUP-002,2015-08-05,2015-08-09,2015-08-09,96,96,4,4,0,1,1.98,190.08,Delivered
PO-12463,SKU-019,WH-TX1,SUP-002,2015-08-21,2015-08-25,2015-08-25,96,96,4,4,0,1,1.98,190.08,Delivered
PO-12464,SKU-019,WH-TX1,SUP-002,2015-09-09,2015-09-13,2015-09-13,96,96,4,4,0,1,1.98,190.08,Delivered
PO-12465,SKU-019,WH-TX1,SUP-002,2015-09-25,2015-09-29,2015-09-28,96,96,4,3,-1,1,1.98,190.08,Delivered
PO-12466,SKU-019,WH-TX1,SUP-002,2015-10-12,2015-10-16,2015-10-16,96,96,4,4,0,1,1.98,190.08,Delivered
PO-12467,SKU-019,WH-TX1,SUP-002,2015-10-30,2015-11-03,2015-11-02,96,96,4,3,-1,1,1.98,190.08,Delivered
PO-12468,SKU-019,WH-TX1,SUP-002,2015-11-16,2015-11-20,2015-11-20,96,96,4,4,0,1,1.98,190.08,Delivered
PO-12469,SKU-019,WH-TX1,SUP-002,2015-12-03,2015-12-07,2015-12-06,96,96,4,3,-1,1,1.98,190.08,Delivered
PO-12470,SKU-019,WH-TX1,SUP-002,2015-12-21,2015-12-25,2015-12-25,96,96,4,4,0,1,1.98,190.08,Delivered
PO-12471,SKU-019,WH-TX1,SUP-002,2016-01-08,2016-01-12,2016-01-12,96,96,4,4,0,1,1.98,190.08,Delivered
PO-12472,SKU-019,WH-TX1,SUP-002,2016-01-26,2016-01-30,2016-02-01,96,96,4,6,2,0,1.98,190.08,Delivered
PO-12473,SKU-019,WH-TX1,SUP-002,2016-02-13,2016-02-17,2016-02-17,96,96,4,4,0,1,1.98,190.08,Delivered
PO-12474,SKU-019,WH-TX1,SUP-002,2016-03-01,2016-03-05,2016-03-04,96,96,4,3,-1,1,1.98,190.08,Delivered
PO-12475,SKU-019,WH-TX1,SUP-002,2016-03-17,2016-03-21,2016-03-21,96,96,4,4,0,1,1.98,190.08,Delivered
PO-12476,SKU-019,WH-TX1,SUP-002,2016-04-04,2016-04-08,2016-04-08,96,96,4,4,0,1,1.98,190.08,Delivered
PO-12477,SKU-019,WH-WI1,SUP-002,2014-05-01,2014-05-05,2014-05-05,96,96,4,4,0,1,1.98,190.08,Delivered
PO-12478,SKU-019,WH-WI1,SUP-002,2014-05-15,2014-05-19,2014-05-19,96,96,4,4,0,1,1.98,190.08,Delivered
PO-12479,SKU-019,WH-WI1,SUP-002,2014-05-31,2014-06-04,2014-06-04,96,96,4,4,0,1,1.98,190.08,Delivered
PO-12480,SKU-019,WH-WI1,SUP-002,2014-06-15,2014-06-19,2014-06-19,96,96,4,4,0,1,1.98,190.08,Delivered
PO-12481,SKU-019,WH-WI1,SUP-002,2014-06-30,2014-07-04,2014-07-03,96,96,4,3,-1,1,1.98,190.08,Delivered
PO-12482,SKU-019,WH-WI1,SUP-002,2014-07-14,2014-07-18,2014-07-17,96,96,4,3,-1,1,1.98,190.08,Delivered
PO-12483,SKU-019,WH-WI1,SUP-002,2014-07-31,2014-08-04,2014-08-04,96,96,4,4,0,1,1.98,190.08,Delivered
PO-12484,SKU-019,WH-WI1,SUP-002,2014-08-15,2014-08-19,2014-08-18,96,96,4,3,-1,1,1.98,190.08,Delivered
PO-12485,SKU-019,WH-WI1,SUP-002,2014-08-30,2014-09-03,2014-09-03,96,96,4,4,0,1,1.98,190.08,Delivered
PO-12486,SKU-019,WH-WI1,SUP-002,2014-09-13,2014-09-17,2014-09-17,96,96,4,4,0,1,1.98,190.08,Delivered
PO-12487,SKU-019,WH-WI1,SUP-002,2014-09-28,2014-10-02,2014-10-02,96,96,4,4,0,1,1.98,190.08,Delivered
PO-12488,SKU-019,WH-WI1,SUP-002,2014-10-13,2014-10-17,2014-10-17,96,96,4,4,0,1,1.98,190.08,Delivered
PO-12489,SKU-019,WH-WI1,SUP-002,2014-10-28,2014-11-01,2014-11-01,96,96,4,4,0,1,1.98,190.08,Delivered
PO-12490,SKU-019,WH-WI1,SUP-002,2014-11-12,2014-11-16,2014-11-15,96,96,4,3,-1,1,1.98,190.08,Delivered
PO-12491,SKU-019,WH-WI1,SUP-002,2014-11-27,2014-12-01,2014-12-01,96,96,4,4,0,1,1.98,190.08,Delivered
PO-12492,SKU-019,WH-WI1,SUP-002,2014-12-11,2014-12-15,2014-12-15,96,96,4,4,0,1,1.98,190.08,Delivered
PO-12493,SKU-019,WH-WI1,SUP-002,2014-12-27,2014-12-31,2014-12-31,96,96,4,4,0,1,1.98,190.08,Delivered
PO-12494,SKU-019,WH-WI1,SUP-002,2015-01-10,2015-01-14,2015-01-14,96,96,4,4,0,1,1.98,190.08,Delivered
PO-12495,SKU-019,WH-WI1,SUP-002,2015-01-24,2015-01-28,2015-01-28,96,96,4,4,0,1,1.98,190.08,Delivered
PO-12496,SKU-019,WH-WI1,SUP-002,2015-02-07,2015-02-11,2015-02-11,96,96,4,4,0,1,1.98,190.08,Delivered
PO-12497,SKU-019,WH-WI1,SUP-002,2015-02-22,2015-02-26,2015-02-25,96,96,4,3,-1,1,1.98,190.08,Delivered
PO-12498,SKU-019,WH-WI1,SUP-002,2015-03-09,2015-03-13,2015-03-13,96,96,4,4,0,1,1.98,190.08,Delivered
PO-12499,SKU-019,WH-WI1,SUP-002,2015-03-23,2015-03-27,2015-03-27,96,96,4,4,0,1,1.98,190.08,Delivered
PO-12500,SKU-019,WH-WI1,SUP-002,2015-04-07,2015-04-11,2015-04-11,96,96,4,4,0,1,1.98,190.08,Delivered
PO-12501,SKU-019,WH-WI1,SUP-002,2015-04-22,2015-04-26,2015-04-26,96,96,4,4,0,1,1.98,190.08,Delivered
PO-12502,SKU-019,WH-WI1,SUP-002,2015-05-07,2015-05-11,2015-05-11,96,96,4,4,0,1,1.98,190.08,Delivered
PO-12503,SKU-019,WH-WI1,SUP-002,2015-05-21,2015-05-25,2015-05-25,96,96,4,4,0,1,1.98,190.08,Delivered
PO-12504,SKU-019,WH-WI1,SUP-002,2015-06-06,2015-06-10,2015-06-09,96,96,4,3,-1,1,1.98,190.08,Delivered
PO-12505,SKU-019,WH-WI1,SUP-002,2015-06-22,2015-06-26,2015-06-26,96,96,4,4,0,1,1.98,190.08,Delivered
PO-12506,SKU-019,WH-WI1,SUP-002,2015-07-06,2015-07-10,2015-07-10,96,96,4,4,0,1,1.98,190.08,Delivered
PO-12507,SKU-019,WH-WI1,SUP-002,2015-07-21,2015-07-25,2015-07-24,96,96,4,3,-1,1,1.98,190.08,Delivered
PO-12508,SKU-019,WH-WI1,SUP-002,2015-08-07,2015-08-11,2015-08-11,96,96,4,4,0,1,1.98,190.08,Delivered
PO-12509,SKU-019,WH-WI1,SUP-002,2015-08-22,2015-08-26,2015-08-29,96,96,4,7,3,0,1.98,190.08,Delivered
PO-12510,SKU-019,WH-WI1,SUP-002,2015-09-07,2015-09-11,2015-09-11,96,96,4,4,0,1,1.98,190.08,Delivered
PO-12511,SKU-019,WH-WI1,SUP-002,2015-09-21,2015-09-25,2015-09-25,96,96,4,4,0,1,1.98,190.08,Delivered
PO-12512,SKU-019,WH-WI1,SUP-002,2015-10-07,2015-10-11,2015-10-10,96,96,4,3,-1,1,1.98,190.08,Delivered
PO-12513,SKU-019,WH-WI1,SUP-002,2015-10-21,2015-10-25,2015-10-25,96,96,4,4,0,1,1.98,190.08,Delivered
PO-12514,SKU-019,WH-WI1,SUP-002,2015-11-06,2015-11-10,2015-11-10,96,96,4,4,0,1,1.98,190.08,Delivered
PO-12515,SKU-019,WH-WI1,SUP-002,2015-11-21,2015-11-25,2015-11-25,96,96,4,4,0,1,1.98,190.08,Delivered
PO-12516,SKU-019,WH-WI1,SUP-002,2015-12-08,2015-12-12,2015-12-11,96,96,4,3,-1,1,1.98,190.08,Delivered
PO-12517,SKU-019,WH-WI1,SUP-002,2015-12-22,2015-12-26,2015-12-26,96,96,4,4,0,1,1.98,190.08,Delivered
PO-12518,SKU-019,WH-WI1,SUP-002,2016-01-07,2016-01-11,2016-01-11,96,96,4,4,0,1,1.98,190.08,Delivered
PO-12519,SKU-019,WH-WI1,SUP-002,2016-01-21,2016-01-25,2016-01-25,96,96,4,4,0,1,1.98,190.08,Delivered
PO-12520,SKU-019,WH-WI1,SUP-002,2016-02-06,2016-02-10,2016-02-10,96,96,4,4,0,1,1.98,190.08,Delivered
PO-12521,SKU-019,WH-WI1,SUP-002,2016-02-23,2016-02-27,2016-02-27,96,96,4,4,0,1,1.98,190.08,Delivered
PO-12522,SKU-019,WH-WI1,SUP-002,2016-03-09,2016-03-13,2016-03-12,96,96,4,3,-1,1,1.98,190.08,Delivered
PO-12523,SKU-019,WH-WI1,SUP-002,2016-03-24,2016-03-28,2016-03-27,96,96,4,3,-1,1,1.98,190.08,Delivered
PO-12524,SKU-019,WH-WI1,SUP-002,2016-04-08,2016-04-12,2016-04-11,96,96,4,3,-1,1,1.98,190.08,Delivered
PO-12525,SKU-020,WH-CA1,SUP-003,2014-05-02,2014-05-09,2014-05-09,96,96,7,7,0,1,1.79,171.84,Delivered
PO-12526,SKU-020,WH-CA1,SUP-003,2014-05-15,2014-05-22,2014-05-22,96,96,7,7,0,1,1.79,171.84,Delivered
PO-12527,SKU-020,WH-CA1,SUP-003,2014-05-27,2014-06-03,2014-06-02,96,96,7,6,-1,1,1.79,171.84,Delivered
PO-12528,SKU-020,WH-CA1,SUP-003,2014-06-08,2014-06-15,2014-06-15,96,96,7,7,0,1,1.79,171.84,Delivered
PO-12529,SKU-020,WH-CA1,SUP-003,2014-06-22,2014-06-29,2014-06-29,96,96,7,7,0,1,1.79,171.84,Delivered
PO-12530,SKU-020,WH-CA1,SUP-003,2014-07-05,2014-07-12,2014-07-12,96,96,7,7,0,1,1.79,171.84,Delivered
PO-12531,SKU-020,WH-CA1,SUP-003,2014-07-17,2014-07-24,2014-07-24,96,96,7,7,0,1,1.79,171.84,Delivered
PO-12532,SKU-020,WH-CA1,SUP-003,2014-07-29,2014-08-05,2014-08-05,96,96,7,7,0,1,1.79,171.84,Delivered
PO-12533,SKU-020,WH-CA1,SUP-003,2014-08-11,2014-08-18,2014-08-17,96,96,7,6,-1,1,1.79,171.84,Delivered
PO-12534,SKU-020,WH-CA1,SUP-003,2014-08-23,2014-08-30,2014-09-04,96,96,7,12,5,0,1.79,171.84,Delivered
PO-12535,SKU-020,WH-CA1,SUP-003,2014-09-06,2014-09-13,2014-09-13,96,96,7,7,0,1,1.79,171.84,Delivered
PO-12536,SKU-020,WH-CA1,SUP-003,2014-09-18,2014-09-25,2014-09-25,96,96,7,7,0,1,1.79,171.84,Delivered
PO-12537,SKU-020,WH-CA1,SUP-003,2014-09-29,2014-10-06,2014-10-06,96,96,7,7,0,1,1.79,171.84,Delivered
PO-12538,SKU-020,WH-CA1,SUP-003,2014-10-11,2014-10-18,2014-10-18,96,96,7,7,0,1,1.79,171.84,Delivered
PO-12539,SKU-020,WH-CA1,SUP-003,2014-10-23,2014-10-30,2014-10-30,96,96,7,7,0,1,1.79,171.84,Delivered
PO-12540,SKU-020,WH-CA1,SUP-003,2014-11-04,2014-11-11,2014-11-11,96,96,7,7,0,1,1.79,171.84,Delivered
PO-12541,SKU-020,WH-CA1,SUP-003,2014-11-17,2014-11-24,2014-11-24,96,96,7,7,0,1,1.79,171.84,Delivered
PO-12542,SKU-020,WH-CA1,SUP-003,2014-11-28,2014-12-05,2014-12-05,96,96,7,7,0,1,1.79,171.84,Delivered
PO-12543,SKU-020,WH-CA1,SUP-003,2014-12-10,2014-12-17,2014-12-16,96,96,7,6,-1,1,1.79,171.84,Delivered
PO-12544,SKU-020,WH-CA1,SUP-003,2014-12-21,2014-12-28,2014-12-26,96,96,7,5,-2,1,1.79,171.84,Delivered
PO-12545,SKU-020,WH-CA1,SUP-003,2015-01-02,2015-01-09,2015-01-09,96,96,7,7,0,1,1.79,171.84,Delivered
PO-12546,SKU-020,WH-CA1,SUP-003,2015-01-15,2015-01-22,2015-01-22,96,96,7,7,0,1,1.79,171.84,Delivered
PO-12547,SKU-020,WH-CA1,SUP-003,2015-01-29,2015-02-05,2015-02-03,96,96,7,5,-2,1,1.79,171.84,Delivered
PO-12548,SKU-020,WH-CA1,SUP-003,2015-02-10,2015-02-17,2015-02-16,96,96,7,6,-1,1,1.79,171.84,Delivered
PO-12549,SKU-020,WH-CA1,SUP-003,2015-02-24,2015-03-03,2015-03-03,96,96,7,7,0,1,1.79,171.84,Delivered
PO-12550,SKU-020,WH-CA1,SUP-003,2015-03-09,2015-03-16,2015-03-15,96,96,7,6,-1,1,1.79,171.84,Delivered
PO-12551,SKU-020,WH-CA1,SUP-003,2015-03-23,2015-03-30,2015-04-02,96,96,7,10,3,0,1.79,171.84,Delivered
PO-12552,SKU-020,WH-CA1,SUP-003,2015-04-06,2015-04-13,2015-04-13,96,96,7,7,0,1,1.79,171.84,Delivered
PO-12553,SKU-020,WH-CA1,SUP-003,2015-04-18,2015-04-25,2015-04-25,96,96,7,7,0,1,1.79,171.84,Delivered
PO-12554,SKU-020,WH-CA1,SUP-003,2015-04-30,2015-05-07,2015-05-05,96,96,7,5,-2,1,1.79,171.84,Delivered
PO-12555,SKU-020,WH-CA1,SUP-003,2015-05-14,2015-05-21,2015-05-20,96,96,7,6,-1,1,1.79,171.84,Delivered
PO-12556,SKU-020,WH-CA1,SUP-003,2015-05-25,2015-06-01,2015-06-01,96,96,7,7,0,1,1.79,171.84,Delivered
PO-12557,SKU-020,WH-CA1,SUP-003,2015-06-06,2015-06-13,2015-06-13,96,96,7,7,0,1,1.79,171.84,Delivered
PO-12558,SKU-020,WH-CA1,SUP-003,2015-06-18,2015-06-25,2015-06-24,96,96,7,6,-1,1,1.79,171.84,Delivered
PO-12559,SKU-020,WH-CA1,SUP-003,2015-06-29,2015-07-06,2015-07-05,96,96,7,6,-1,1,1.79,171.84,Delivered
PO-12560,SKU-020,WH-CA1,SUP-003,2015-07-13,2015-07-20,2015-07-20,96,96,7,7,0,1,1.79,171.84,Delivered
PO-12561,SKU-020,WH-CA1,SUP-003,2015-07-24,2015-07-31,2015-07-30,96,96,7,6,-1,1,1.79,171.84,Delivered
PO-12562,SKU-020,WH-CA1,SUP-003,2015-08-07,2015-08-14,2015-08-15,96,96,7,8,1,0,1.79,171.84,Delivered
PO-12563,SKU-020,WH-CA1,SUP-003,2015-08-19,2015-08-26,2015-08-26,96,96,7,7,0,1,1.79,171.84,Delivered
PO-12564,SKU-020,WH-CA1,SUP-003,2015-09-01,2015-09-08,2015-09-07,96,96,7,6,-1,1,1.79,171.84,Delivered
PO-12565,SKU-020,WH-CA1,SUP-003,2015-09-14,2015-09-21,2015-09-20,96,96,7,6,-1,1,1.79,171.84,Delivered
PO-12566,SKU-020,WH-CA1,SUP-003,2015-09-25,2015-10-02,2015-10-02,96,96,7,7,0,1,1.79,171.84,Delivered
PO-12567,SKU-020,WH-CA1,SUP-003,2015-10-06,2015-10-13,2015-10-13,96,96,7,7,0,1,1.79,171.84,Delivered
PO-12568,SKU-020,WH-CA1,SUP-003,2015-10-19,2015-10-26,2015-10-25,96,96,7,6,-1,1,1.79,171.84,Delivered
PO-12569,SKU-020,WH-CA1,SUP-003,2015-11-02,2015-11-09,2015-11-09,96,96,7,7,0,1,1.79,171.84,Delivered
PO-12570,SKU-020,WH-CA1,SUP-003,2015-11-15,2015-11-22,2015-11-22,96,96,7,7,0,1,1.79,171.84,Delivered
PO-12571,SKU-020,WH-CA1,SUP-003,2015-11-29,2015-12-06,2015-12-06,96,96,7,7,0,1,1.79,171.84,Delivered
PO-12572,SKU-020,WH-CA1,SUP-003,2015-12-11,2015-12-18,2015-12-18,96,96,7,7,0,1,1.79,171.84,Delivered
PO-12573,SKU-020,WH-CA1,SUP-003,2015-12-23,2015-12-30,2015-12-27,96,96,7,4,-3,1,1.79,171.84,Delivered
PO-12574,SKU-020,WH-CA1,SUP-003,2016-01-04,2016-01-11,2016-01-10,96,96,7,6,-1,1,1.79,171.84,Delivered
PO-12575,SKU-020,WH-CA1,SUP-003,2016-01-18,2016-01-25,2016-01-25,96,96,7,7,0,1,1.79,171.84,Delivered
PO-12576,SKU-020,WH-CA1,SUP-003,2016-01-29,2016-02-05,2016-02-05,96,96,7,7,0,1,1.79,171.84,Delivered
PO-12577,SKU-020,WH-CA1,SUP-003,2016-02-09,2016-02-16,2016-02-16,96,96,7,7,0,1,1.79,171.84,Delivered
PO-12578,SKU-020,WH-CA1,SUP-003,2016-02-23,2016-03-01,2016-03-01,96,96,7,7,0,1,1.79,171.84,Delivered
PO-12579,SKU-020,WH-CA1,SUP-003,2016-03-05,2016-03-12,2016-03-12,96,96,7,7,0,1,1.79,171.84,Delivered
PO-12580,SKU-020,WH-CA1,SUP-003,2016-03-17,2016-03-24,2016-03-24,96,96,7,7,0,1,1.79,171.84,Delivered
PO-12581,SKU-020,WH-CA1,SUP-003,2016-03-29,2016-04-05,2016-04-05,96,96,7,7,0,1,1.79,171.84,Delivered
PO-12582,SKU-020,WH-CA1,SUP-003,2016-04-09,2016-04-16,2016-05-02,96,0,7,23,16,0,1.79,171.84,In-Transit
PO-12583,SKU-020,WH-TX1,SUP-003,2014-04-29,2014-05-06,2014-05-05,96,96,7,6,-1,1,1.79,171.84,Delivered
PO-12584,SKU-020,WH-TX1,SUP-003,2014-05-15,2014-05-22,2014-05-21,96,96,7,6,-1,1,1.79,171.84,Delivered
PO-12585,SKU-020,WH-TX1,SUP-003,2014-05-30,2014-06-06,2014-06-06,96,96,7,7,0,1,1.79,171.84,Delivered
PO-12586,SKU-020,WH-TX1,SUP-003,2014-06-13,2014-06-20,2014-06-20,96,96,7,7,0,1,1.79,171.84,Delivered
PO-12587,SKU-020,WH-TX1,SUP-003,2014-06-28,2014-07-05,2014-07-04,96,96,7,6,-1,1,1.79,171.84,Delivered
PO-12588,SKU-020,WH-TX1,SUP-003,2014-07-12,2014-07-19,2014-07-27,96,96,7,15,8,0,1.79,171.84,Delivered
PO-12589,SKU-020,WH-TX1,SUP-003,2014-07-26,2014-08-02,2014-08-02,96,96,7,7,0,1,1.79,171.84,Delivered
PO-12590,SKU-020,WH-TX1,SUP-003,2014-08-09,2014-08-16,2014-08-16,96,96,7,7,0,1,1.79,171.84,Delivered
PO-12591,SKU-020,WH-TX1,SUP-003,2014-08-23,2014-08-30,2014-08-29,96,96,7,6,-1,1,1.79,171.84,Delivered
PO-12592,SKU-020,WH-TX1,SUP-003,2014-09-06,2014-09-13,2014-09-13,96,96,7,7,0,1,1.79,171.84,Delivered
PO-12593,SKU-020,WH-TX1,SUP-003,2014-09-22,2014-09-29,2014-09-29,96,96,7,7,0,1,1.79,171.84,Delivered
PO-12594,SKU-020,WH-TX1,SUP-003,2014-10-06,2014-10-13,2014-10-11,96,96,7,5,-2,1,1.79,171.84,Delivered
PO-12595,SKU-020,WH-TX1,SUP-003,2014-10-19,2014-10-26,2014-10-26,96,96,7,7,0,1,1.79,171.84,Delivered
PO-12596,SKU-020,WH-TX1,SUP-003,2014-11-02,2014-11-09,2014-11-09,96,96,7,7,0,1,1.79,171.84,Delivered
PO-12597,SKU-020,WH-TX1,SUP-003,2014-11-18,2014-11-25,2014-11-25,96,96,7,7,0,1,1.79,171.84,Delivered
PO-12598,SKU-020,WH-TX1,SUP-003,2014-12-02,2014-12-09,2014-12-09,96,96,7,7,0,1,1.79,171.84,Delivered
PO-12599,SKU-020,WH-TX1,SUP-003,2014-12-16,2014-12-23,2014-12-23,96,96,7,7,0,1,1.79,171.84,Delivered
PO-12600,SKU-020,WH-TX1,SUP-003,2015-01-01,2015-01-08,2015-01-07,96,96,7,6,-1,1,1.79,171.84,Delivered
PO-12601,SKU-020,WH-TX1,SUP-003,2015-01-15,2015-01-22,2015-01-22,96,96,7,7,0,1,1.79,171.84,Delivered
PO-12602,SKU-020,WH-TX1,SUP-003,2015-01-28,2015-02-04,2015-02-04,96,96,7,7,0,1,1.79,171.84,Delivered
PO-12603,SKU-020,WH-TX1,SUP-003,2015-02-10,2015-02-17,2015-02-17,96,96,7,7,0,1,1.79,171.84,Delivered
PO-12604,SKU-020,WH-TX1,SUP-003,2015-02-25,2015-03-04,2015-03-04,96,96,7,7,0,1,1.79,171.84,Delivered
PO-12605,SKU-020,WH-TX1,SUP-003,2015-03-13,2015-03-20,2015-03-19,96,96,7,6,-1,1,1.79,171.84,Delivered
PO-12606,SKU-020,WH-TX1,SUP-003,2015-03-27,2015-04-03,2015-04-01,96,96,7,5,-2,1,1.79,171.84,Delivered
PO-12607,SKU-020,WH-TX1,SUP-003,2015-04-10,2015-04-17,2015-04-16,96,96,7,6,-1,1,1.79,171.84,Delivered
PO-12608,SKU-020,WH-TX1,SUP-003,2015-04-26,2015-05-03,2015-05-02,96,96,7,6,-1,1,1.79,171.84,Delivered
PO-12609,SKU-020,WH-TX1,SUP-003,2015-05-10,2015-05-17,2015-05-17,96,96,7,7,0,1,1.79,171.84,Delivered
PO-12610,SKU-020,WH-TX1,SUP-003,2015-05-24,2015-05-31,2015-05-31,96,96,7,7,0,1,1.79,171.84,Delivered
PO-12611,SKU-020,WH-TX1,SUP-003,2015-06-07,2015-06-14,2015-06-14,96,96,7,7,0,1,1.79,171.84,Delivered
PO-12612,SKU-020,WH-TX1,SUP-003,2015-06-23,2015-06-30,2015-06-30,96,96,7,7,0,1,1.79,171.84,Delivered
PO-12613,SKU-020,WH-TX1,SUP-003,2015-07-09,2015-07-16,2015-07-16,96,96,7,7,0,1,1.79,171.84,Delivered
PO-12614,SKU-020,WH-TX1,SUP-003,2015-07-23,2015-07-30,2015-07-30,96,96,7,7,0,1,1.79,171.84,Delivered
PO-12615,SKU-020,WH-TX1,SUP-003,2015-08-06,2015-08-13,2015-08-13,96,96,7,7,0,1,1.79,171.84,Delivered
PO-12616,SKU-020,WH-TX1,SUP-003,2015-08-20,2015-08-27,2015-08-27,96,96,7,7,0,1,1.79,171.84,Delivered
PO-12617,SKU-020,WH-TX1,SUP-003,2015-09-05,2015-09-12,2015-09-11,96,96,7,6,-1,1,1.79,171.84,Delivered
PO-12618,SKU-020,WH-TX1,SUP-003,2015-09-19,2015-09-26,2015-09-25,96,96,7,6,-1,1,1.79,171.84,Delivered
PO-12619,SKU-020,WH-TX1,SUP-003,2015-10-04,2015-10-11,2015-10-11,96,96,7,7,0,1,1.79,171.84,Delivered
PO-12620,SKU-020,WH-TX1,SUP-003,2015-10-18,2015-10-25,2015-10-25,96,96,7,7,0,1,1.79,171.84,Delivered
PO-12621,SKU-020,WH-TX1,SUP-003,2015-10-31,2015-11-07,2015-11-07,96,96,7,7,0,1,1.79,171.84,Delivered
PO-12622,SKU-020,WH-TX1,SUP-003,2015-11-14,2015-11-21,2015-11-21,96,96,7,7,0,1,1.79,171.84,Delivered
PO-12623,SKU-020,WH-TX1,SUP-003,2015-11-29,2015-12-06,2015-12-05,96,96,7,6,-1,1,1.79,171.84,Delivered
PO-12624,SKU-020,WH-TX1,SUP-003,2015-12-12,2015-12-19,2015-12-19,96,96,7,7,0,1,1.79,171.84,Delivered
PO-12625,SKU-020,WH-TX1,SUP-003,2015-12-28,2016-01-04,2016-01-03,96,96,7,6,-1,1,1.79,171.84,Delivered
PO-12626,SKU-020,WH-TX1,SUP-003,2016-01-12,2016-01-19,2016-01-19,96,96,7,7,0,1,1.79,171.84,Delivered
PO-12627,SKU-020,WH-TX1,SUP-003,2016-01-26,2016-02-02,2016-02-02,96,96,7,7,0,1,1.79,171.84,Delivered
PO-12628,SKU-020,WH-TX1,SUP-003,2016-02-09,2016-02-16,2016-02-15,96,96,7,6,-1,1,1.79,171.84,Delivered
PO-12629,SKU-020,WH-TX1,SUP-003,2016-02-24,2016-03-02,2016-03-02,96,96,7,7,0,1,1.79,171.84,Delivered
PO-12630,SKU-020,WH-TX1,SUP-003,2016-03-08,2016-03-15,2016-03-15,96,96,7,7,0,1,1.79,171.84,Delivered
PO-12631,SKU-020,WH-TX1,SUP-003,2016-03-22,2016-03-29,2016-03-28,96,96,7,6,-1,1,1.79,171.84,Delivered
PO-12632,SKU-020,WH-TX1,SUP-003,2016-04-05,2016-04-12,2016-04-10,96,96,7,5,-2,1,1.79,171.84,Delivered
PO-12633,SKU-020,WH-WI1,SUP-003,2014-05-01,2014-05-08,2014-05-07,96,96,7,6,-1,1,1.79,171.84,Delivered
PO-12634,SKU-020,WH-WI1,SUP-003,2014-05-19,2014-05-26,2014-05-26,96,96,7,7,0,1,1.79,171.84,Delivered
PO-12635,SKU-020,WH-WI1,SUP-003,2014-06-07,2014-06-14,2014-06-13,96,96,7,6,-1,1,1.79,171.84,Delivered
PO-12636,SKU-020,WH-WI1,SUP-003,2014-06-24,2014-07-01,2014-07-01,96,96,7,7,0,1,1.79,171.84,Delivered
PO-12637,SKU-020,WH-WI1,SUP-003,2014-07-10,2014-07-17,2014-07-17,96,96,7,7,0,1,1.79,171.84,Delivered
PO-12638,SKU-020,WH-WI1,SUP-003,2014-07-27,2014-08-03,2014-08-03,96,96,7,7,0,1,1.79,171.84,Delivered
PO-12639,SKU-020,WH-WI1,SUP-003,2014-08-13,2014-08-20,2014-08-19,96,96,7,6,-1,1,1.79,171.84,Delivered
PO-12640,SKU-020,WH-WI1,SUP-003,2014-08-30,2014-09-06,2014-09-05,96,96,7,6,-1,1,1.79,171.84,Delivered
PO-12641,SKU-020,WH-WI1,SUP-003,2014-09-16,2014-09-23,2014-09-22,96,96,7,6,-1,1,1.79,171.84,Delivered
PO-12642,SKU-020,WH-WI1,SUP-003,2014-10-03,2014-10-10,2014-10-10,96,96,7,7,0,1,1.79,171.84,Delivered
PO-12643,SKU-020,WH-WI1,SUP-003,2014-10-22,2014-10-29,2014-10-29,96,96,7,7,0,1,1.79,171.84,Delivered
PO-12644,SKU-020,WH-WI1,SUP-003,2014-11-08,2014-11-15,2014-11-14,96,96,7,6,-1,1,1.79,171.84,Delivered
PO-12645,SKU-020,WH-WI1,SUP-003,2014-11-25,2014-12-02,2014-12-01,96,96,7,6,-1,1,1.79,171.84,Delivered
PO-12646,SKU-020,WH-WI1,SUP-003,2014-12-13,2014-12-20,2014-12-20,96,96,7,7,0,1,1.79,171.84,Delivered
PO-12647,SKU-020,WH-WI1,SUP-003,2015-01-01,2015-01-08,2015-01-08,96,96,7,7,0,1,1.79,171.84,Delivered
PO-12648,SKU-020,WH-WI1,SUP-003,2015-01-19,2015-01-26,2015-01-26,96,96,7,7,0,1,1.79,171.84,Delivered
PO-12649,SKU-020,WH-WI1,SUP-003,2015-02-07,2015-02-14,2015-02-14,96,96,7,7,0,1,1.79,171.84,Delivered
PO-12650,SKU-020,WH-WI1,SUP-003,2015-02-24,2015-03-03,2015-03-02,96,96,7,6,-1,1,1.79,171.84,Delivered
PO-12651,SKU-020,WH-WI1,SUP-003,2015-03-15,2015-03-22,2015-03-21,96,96,7,6,-1,1,1.79,171.84,Delivered
PO-12652,SKU-020,WH-WI1,SUP-003,2015-04-01,2015-04-08,2015-04-07,96,96,7,6,-1,1,1.79,171.84,Delivered
PO-12653,SKU-020,WH-WI1,SUP-003,2015-04-17,2015-04-24,2015-04-23,96,96,7,6,-1,1,1.79,171.84,Delivered
PO-12654,SKU-020,WH-WI1,SUP-003,2015-05-04,2015-05-11,2015-05-11,96,96,7,7,0,1,1.79,171.84,Delivered
PO-12655,SKU-020,WH-WI1,SUP-003,2015-05-21,2015-05-28,2015-05-28,96,96,7,7,0,1,1.79,171.84,Delivered
PO-12656,SKU-020,WH-WI1,SUP-003,2015-06-06,2015-06-13,2015-06-12,96,96,7,6,-1,1,1.79,171.84,Delivered
PO-12657,SKU-020,WH-WI1,SUP-003,2015-06-23,2015-06-30,2015-06-30,96,96,7,7,0,1,1.79,171.84,Delivered
PO-12658,SKU-020,WH-WI1,SUP-003,2015-07-10,2015-07-17,2015-07-16,96,96,7,6,-1,1,1.79,171.84,Delivered
PO-12659,SKU-020,WH-WI1,SUP-003,2015-07-27,2015-08-03,2015-08-03,96,96,7,7,0,1,1.79,171.84,Delivered
PO-12660,SKU-020,WH-WI1,SUP-003,2015-08-15,2015-08-22,2015-08-21,96,96,7,6,-1,1,1.79,171.84,Delivered
PO-12661,SKU-020,WH-WI1,SUP-003,2015-09-01,2015-09-08,2015-09-07,96,96,7,6,-1,1,1.79,171.84,Delivered
PO-12662,SKU-020,WH-WI1,SUP-003,2015-09-17,2015-09-24,2015-09-24,96,96,7,7,0,1,1.79,171.84,Delivered
PO-12663,SKU-020,WH-WI1,SUP-003,2015-10-03,2015-10-10,2015-10-10,96,96,7,7,0,1,1.79,171.84,Delivered
PO-12664,SKU-020,WH-WI1,SUP-003,2015-10-21,2015-10-28,2015-10-27,96,96,7,6,-1,1,1.79,171.84,Delivered
PO-12665,SKU-020,WH-WI1,SUP-003,2015-11-07,2015-11-14,2015-11-14,96,96,7,7,0,1,1.79,171.84,Delivered
PO-12666,SKU-020,WH-WI1,SUP-003,2015-11-24,2015-12-01,2015-11-30,96,96,7,6,-1,1,1.79,171.84,Delivered
PO-12667,SKU-020,WH-WI1,SUP-003,2015-12-10,2015-12-17,2015-12-17,96,96,7,7,0,1,1.79,171.84,Delivered
PO-12668,SKU-020,WH-WI1,SUP-003,2015-12-27,2016-01-03,2016-01-02,96,96,7,6,-1,1,1.79,171.84,Delivered
PO-12669,SKU-020,WH-WI1,SUP-003,2016-01-13,2016-01-20,2016-01-20,96,96,7,7,0,1,1.79,171.84,Delivered
PO-12670,SKU-020,WH-WI1,SUP-003,2016-01-29,2016-02-05,2016-02-05,96,96,7,7,0,1,1.79,171.84,Delivered
PO-12671,SKU-020,WH-WI1,SUP-003,2016-02-15,2016-02-22,2016-02-21,96,96,7,6,-1,1,1.79,171.84,Delivered
PO-12672,SKU-020,WH-WI1,SUP-003,2016-03-02,2016-03-09,2016-03-09,96,96,7,7,0,1,1.79,171.84,Delivered
PO-12673,SKU-020,WH-WI1,SUP-003,2016-03-20,2016-03-27,2016-03-26,96,96,7,6,-1,1,1.79,171.84,Delivered
PO-12674,SKU-020,WH-WI1,SUP-003,2016-04-06,2016-04-13,2016-04-17,96,96,7,11,4,0,1.79,171.84,Delivered
PO-12675,SKU-021,WH-CA1,SUP-004,2014-05-03,2014-05-13,2014-05-13,48,48,10,10,0,1,5.09,244.32,Delivered
PO-12676,SKU-021,WH-CA1,SUP-004,2014-05-19,2014-05-29,2014-05-29,48,48,10,10,0,1,5.09,244.32,Delivered
PO-12677,SKU-021,WH-CA1,SUP-004,2014-06-04,2014-06-14,2014-06-14,48,48,10,10,0,1,5.09,244.32,Delivered
PO-12678,SKU-021,WH-CA1,SUP-004,2014-06-20,2014-06-30,2014-06-30,48,48,10,10,0,1,5.09,244.32,Delivered
PO-12679,SKU-021,WH-CA1,SUP-004,2014-07-06,2014-07-16,2014-07-16,48,48,10,10,0,1,5.09,244.32,Delivered
PO-12680,SKU-021,WH-CA1,SUP-004,2014-07-22,2014-08-01,2014-07-30,48,48,10,8,-2,1,5.09,244.32,Delivered
PO-12681,SKU-021,WH-CA1,SUP-004,2014-08-07,2014-08-17,2014-08-17,48,48,10,10,0,1,5.09,244.32,Delivered
PO-12682,SKU-021,WH-CA1,SUP-004,2014-08-23,2014-09-02,2014-09-01,48,48,10,9,-1,1,5.09,244.32,Delivered
PO-12683,SKU-021,WH-CA1,SUP-004,2014-09-07,2014-09-17,2014-09-17,48,48,10,10,0,1,5.09,244.32,Delivered
PO-12684,SKU-021,WH-CA1,SUP-004,2014-09-22,2014-10-02,2014-10-02,48,48,10,10,0,1,5.09,244.32,Delivered
PO-12685,SKU-021,WH-CA1,SUP-004,2014-10-10,2014-10-20,2014-10-20,48,48,10,10,0,1,5.09,244.32,Delivered
PO-12686,SKU-021,WH-CA1,SUP-004,2014-10-27,2014-11-06,2014-11-06,48,48,10,10,0,1,5.09,244.32,Delivered
PO-12687,SKU-021,WH-CA1,SUP-004,2014-11-11,2014-11-21,2014-11-20,48,48,10,9,-1,1,5.09,244.32,Delivered
PO-12688,SKU-021,WH-CA1,SUP-004,2014-11-28,2014-12-08,2014-12-08,48,48,10,10,0,1,5.09,244.32,Delivered
PO-12689,SKU-021,WH-CA1,SUP-004,2014-12-13,2014-12-23,2014-12-23,48,48,10,10,0,1,5.09,244.32,Delivered
PO-12690,SKU-021,WH-CA1,SUP-004,2014-12-30,2015-01-09,2015-01-08,48,48,10,9,-1,1,5.09,244.32,Delivered
PO-12691,SKU-021,WH-CA1,SUP-004,2015-01-17,2015-01-27,2015-01-26,48,48,10,9,-1,1,5.09,244.32,Delivered
PO-12692,SKU-021,WH-CA1,SUP-004,2015-02-02,2015-02-12,2015-02-12,48,48,10,10,0,1,5.09,244.32,Delivered
PO-12693,SKU-021,WH-CA1,SUP-004,2015-02-18,2015-02-28,2015-02-28,48,48,10,10,0,1,5.09,244.32,Delivered
PO-12694,SKU-021,WH-CA1,SUP-004,2015-03-05,2015-03-15,2015-03-14,48,48,10,9,-1,1,5.09,244.32,Delivered
PO-12695,SKU-021,WH-CA1,SUP-004,2015-03-20,2015-03-30,2015-03-29,48,48,10,9,-1,1,5.09,244.32,Delivered
PO-12696,SKU-021,WH-CA1,SUP-004,2015-04-05,2015-04-15,2015-04-13,48,48,10,8,-2,1,5.09,244.32,Delivered
PO-12697,SKU-021,WH-CA1,SUP-004,2015-04-21,2015-05-01,2015-05-01,48,48,10,10,0,1,5.09,244.32,Delivered
PO-12698,SKU-021,WH-CA1,SUP-004,2015-05-08,2015-05-18,2015-05-17,48,48,10,9,-1,1,5.09,244.32,Delivered
PO-12699,SKU-021,WH-CA1,SUP-004,2015-05-25,2015-06-04,2015-06-04,48,48,10,10,0,1,5.09,244.32,Delivered
PO-12700,SKU-021,WH-CA1,SUP-004,2015-06-12,2015-06-22,2015-06-25,48,48,10,13,3,0,5.09,244.32,Delivered
PO-12701,SKU-021,WH-CA1,SUP-004,2015-06-27,2015-07-07,2015-07-06,48,48,10,9,-1,1,5.09,244.32,Delivered
PO-12702,SKU-021,WH-CA1,SUP-004,2015-07-13,2015-07-23,2015-07-23,48,48,10,10,0,1,5.09,244.32,Delivered
PO-12703,SKU-021,WH-CA1,SUP-004,2015-07-30,2015-08-09,2015-08-09,48,48,10,10,0,1,5.09,244.32,Delivered
PO-12704,SKU-021,WH-CA1,SUP-004,2015-08-16,2015-08-26,2015-08-26,48,48,10,10,0,1,5.09,244.32,Delivered
PO-12705,SKU-021,WH-CA1,SUP-004,2015-09-01,2015-09-11,2015-09-16,48,48,10,15,5,0,5.09,244.32,Delivered
PO-12706,SKU-021,WH-CA1,SUP-004,2015-09-18,2015-09-28,2015-09-28,48,48,10,10,0,1,5.09,244.32,Delivered
PO-12707,SKU-021,WH-CA1,SUP-004,2015-10-04,2015-10-14,2015-10-14,48,48,10,10,0,1,5.09,244.32,Delivered
PO-12708,SKU-021,WH-CA1,SUP-004,2015-10-22,2015-11-01,2015-10-29,48,48,10,7,-3,1,5.09,244.32,Delivered
PO-12709,SKU-021,WH-CA1,SUP-004,2015-11-07,2015-11-17,2015-11-17,48,48,10,10,0,1,5.09,244.32,Delivered
PO-12710,SKU-021,WH-CA1,SUP-004,2015-11-25,2015-12-05,2015-12-04,48,48,10,9,-1,1,5.09,244.32,Delivered
PO-12711,SKU-021,WH-CA1,SUP-004,2015-12-11,2015-12-21,2015-12-21,48,48,10,10,0,1,5.09,244.32,Delivered
PO-12712,SKU-021,WH-CA1,SUP-004,2015-12-27,2016-01-06,2016-01-06,48,48,10,10,0,1,5.09,244.32,Delivered
PO-12713,SKU-021,WH-CA1,SUP-004,2016-01-13,2016-01-23,2016-01-22,48,48,10,9,-1,1,5.09,244.32,Delivered
PO-12714,SKU-021,WH-CA1,SUP-004,2016-01-31,2016-02-10,2016-02-10,48,48,10,10,0,1,5.09,244.32,Delivered
PO-12715,SKU-021,WH-CA1,SUP-004,2016-02-16,2016-02-26,2016-02-26,48,48,10,10,0,1,5.09,244.32,Delivered
PO-12716,SKU-021,WH-CA1,SUP-004,2016-03-05,2016-03-15,2016-03-15,48,48,10,10,0,1,5.09,244.32,Delivered
PO-12717,SKU-021,WH-CA1,SUP-004,2016-03-23,2016-04-02,2016-03-31,48,48,10,8,-2,1,5.09,244.32,Delivered
PO-12718,SKU-021,WH-CA1,SUP-004,2016-04-10,2016-04-20,2016-04-20,48,48,10,10,0,1,5.09,244.32,Delivered
PO-12719,SKU-021,WH-TX1,SUP-004,2014-04-29,2014-05-09,2014-05-09,60,60,10,10,0,1,5.09,305.4,Delivered
PO-12720,SKU-021,WH-TX1,SUP-004,2014-05-17,2014-05-27,2014-05-27,60,60,10,10,0,1,5.09,305.4,Delivered
PO-12721,SKU-021,WH-TX1,SUP-004,2014-06-02,2014-06-12,2014-06-12,60,60,10,10,0,1,5.09,305.4,Delivered
PO-12722,SKU-021,WH-TX1,SUP-004,2014-06-19,2014-06-29,2014-06-29,60,60,10,10,0,1,5.09,305.4,Delivered
PO-12723,SKU-021,WH-TX1,SUP-004,2014-07-06,2014-07-16,2014-07-14,60,60,10,8,-2,1,5.09,305.4,Delivered
PO-12724,SKU-021,WH-TX1,SUP-004,2014-07-21,2014-07-31,2014-07-31,60,60,10,10,0,1,5.09,305.4,Delivered
PO-12725,SKU-021,WH-TX1,SUP-004,2014-08-06,2014-08-16,2014-08-16,60,60,10,10,0,1,5.09,305.4,Delivered
PO-12726,SKU-021,WH-TX1,SUP-004,2014-08-22,2014-09-01,2014-09-01,60,60,10,10,0,1,5.09,305.4,Delivered
PO-12727,SKU-021,WH-TX1,SUP-004,2014-09-08,2014-09-18,2014-09-18,60,60,10,10,0,1,5.09,305.4,Delivered
PO-12728,SKU-021,WH-TX1,SUP-004,2014-09-25,2014-10-05,2014-10-05,60,60,10,10,0,1,5.09,305.4,Delivered
PO-12729,SKU-021,WH-TX1,SUP-004,2014-10-13,2014-10-23,2014-10-21,60,60,10,8,-2,1,5.09,305.4,Delivered
PO-12730,SKU-021,WH-TX1,SUP-004,2014-10-29,2014-11-08,2014-11-08,60,60,10,10,0,1,5.09,305.4,Delivered
PO-12731,SKU-021,WH-TX1,SUP-004,2014-11-14,2014-11-24,2014-11-22,60,60,10,8,-2,1,5.09,305.4,Delivered
PO-12732,SKU-021,WH-TX1,SUP-004,2014-12-02,2014-12-12,2014-12-12,60,60,10,10,0,1,5.09,305.4,Delivered
PO-12733,SKU-021,WH-TX1,SUP-004,2014-12-20,2014-12-30,2014-12-30,60,60,10,10,0,1,5.09,305.4,Delivered
PO-12734,SKU-021,WH-TX1,SUP-004,2015-01-05,2015-01-15,2015-01-15,60,60,10,10,0,1,5.09,305.4,Delivered
PO-12735,SKU-021,WH-TX1,SUP-004,2015-01-21,2015-01-31,2015-01-31,60,60,10,10,0,1,5.09,305.4,Delivered
PO-12736,SKU-021,WH-TX1,SUP-004,2015-02-06,2015-02-16,2015-02-16,60,60,10,10,0,1,5.09,305.4,Delivered
PO-12737,SKU-021,WH-TX1,SUP-004,2015-02-22,2015-03-04,2015-03-02,60,60,10,8,-2,1,5.09,305.4,Delivered
PO-12738,SKU-021,WH-TX1,SUP-004,2015-03-12,2015-03-22,2015-03-22,60,60,10,10,0,1,5.09,305.4,Delivered
PO-12739,SKU-021,WH-TX1,SUP-004,2015-03-28,2015-04-07,2015-04-07,60,60,10,10,0,1,5.09,305.4,Delivered
PO-12740,SKU-021,WH-TX1,SUP-004,2015-04-12,2015-04-22,2015-04-24,60,60,10,12,2,0,5.09,305.4,Delivered
PO-12741,SKU-021,WH-TX1,SUP-004,2015-04-28,2015-05-08,2015-05-05,60,60,10,7,-3,1,5.09,305.4,Delivered
PO-12742,SKU-021,WH-TX1,SUP-004,2015-05-14,2015-05-24,2015-05-24,60,60,10,10,0,1,5.09,305.4,Delivered
PO-12743,SKU-021,WH-TX1,SUP-004,2015-05-29,2015-06-08,2015-06-08,60,60,10,10,0,1,5.09,305.4,Delivered
PO-12744,SKU-021,WH-TX1,SUP-004,2015-06-15,2015-06-25,2015-06-24,60,60,10,9,-1,1,5.09,305.4,Delivered
PO-12745,SKU-021,WH-TX1,SUP-004,2015-07-03,2015-07-13,2015-07-12,60,60,10,9,-1,1,5.09,305.4,Delivered
PO-12746,SKU-021,WH-TX1,SUP-004,2015-07-19,2015-07-29,2015-07-29,60,60,10,10,0,1,5.09,305.4,Delivered
PO-12747,SKU-021,WH-TX1,SUP-004,2015-08-06,2015-08-16,2015-08-14,60,60,10,8,-2,1,5.09,305.4,Delivered
PO-12748,SKU-021,WH-TX1,SUP-004,2015-08-24,2015-09-03,2015-09-03,60,60,10,10,0,1,5.09,305.4,Delivered
PO-12749,SKU-021,WH-TX1,SUP-004,2015-09-09,2015-09-19,2015-09-26,60,60,10,17,7,0,5.09,305.4,Delivered
PO-12750,SKU-021,WH-TX1,SUP-004,2015-09-25,2015-10-05,2015-10-05,60,60,10,10,0,1,5.09,305.4,Delivered
PO-12751,SKU-021,WH-TX1,SUP-004,2015-10-11,2015-10-21,2015-10-21,60,60,10,10,0,1,5.09,305.4,Delivered
PO-12752,SKU-021,WH-TX1,SUP-004,2015-10-27,2015-11-06,2015-11-06,60,60,10,10,0,1,5.09,305.4,Delivered
PO-12753,SKU-021,WH-TX1,SUP-004,2015-11-12,2015-11-22,2015-11-21,60,60,10,9,-1,1,5.09,305.4,Delivered
PO-12754,SKU-021,WH-TX1,SUP-004,2015-11-27,2015-12-07,2015-12-07,60,60,10,10,0,1,5.09,305.4,Delivered
PO-12755,SKU-021,WH-TX1,SUP-004,2015-12-14,2015-12-24,2015-12-21,60,60,10,7,-3,1,5.09,305.4,Delivered
PO-12756,SKU-021,WH-TX1,SUP-004,2015-12-31,2016-01-10,2016-01-10,60,60,10,10,0,1,5.09,305.4,Delivered
PO-12757,SKU-021,WH-TX1,SUP-004,2016-01-17,2016-01-27,2016-01-26,60,60,10,9,-1,1,5.09,305.4,Delivered
PO-12758,SKU-021,WH-TX1,SUP-004,2016-02-02,2016-02-12,2016-02-11,60,60,10,9,-1,1,5.09,305.4,Delivered
PO-12759,SKU-021,WH-TX1,SUP-004,2016-02-19,2016-02-29,2016-02-29,60,60,10,10,0,1,5.09,305.4,Delivered
PO-12760,SKU-021,WH-TX1,SUP-004,2016-03-08,2016-03-18,2016-03-17,60,60,10,9,-1,1,5.09,305.4,Delivered
PO-12761,SKU-021,WH-TX1,SUP-004,2016-03-25,2016-04-04,2016-04-04,60,60,10,10,0,1,5.09,305.4,Delivered
PO-12762,SKU-021,WH-WI1,SUP-004,2014-05-04,2014-05-14,2014-05-13,48,48,10,9,-1,1,5.09,244.32,Delivered
PO-12763,SKU-021,WH-WI1,SUP-004,2014-05-21,2014-05-31,2014-05-31,48,48,10,10,0,1,5.09,244.32,Delivered
PO-12764,SKU-021,WH-WI1,SUP-004,2014-06-09,2014-06-19,2014-06-17,48,48,10,8,-2,1,5.09,244.32,Delivered
PO-12765,SKU-021,WH-WI1,SUP-004,2014-06-28,2014-07-08,2014-07-07,48,48,10,9,-1,1,5.09,244.32,Delivered
PO-12766,SKU-021,WH-WI1,SUP-004,2014-07-18,2014-07-28,2014-07-27,48,48,10,9,-1,1,5.09,244.32,Delivered
PO-12767,SKU-021,WH-WI1,SUP-004,2014-08-06,2014-08-16,2014-08-16,48,48,10,10,0,1,5.09,244.32,Delivered
PO-12768,SKU-021,WH-WI1,SUP-004,2014-08-24,2014-09-03,2014-09-03,48,48,10,10,0,1,5.09,244.32,Delivered
PO-12769,SKU-021,WH-WI1,SUP-004,2014-09-11,2014-09-21,2014-09-21,48,48,10,10,0,1,5.09,244.32,Delivered
PO-12770,SKU-021,WH-WI1,SUP-004,2014-10-01,2014-10-11,2014-10-10,48,48,10,9,-1,1,5.09,244.32,Delivered
PO-12771,SKU-021,WH-WI1,SUP-004,2014-10-21,2014-10-31,2014-10-31,48,48,10,10,0,1,5.09,244.32,Delivered
PO-12772,SKU-021,WH-WI1,SUP-004,2014-11-10,2014-11-20,2014-11-20,48,48,10,10,0,1,5.09,244.32,Delivered
PO-12773,SKU-021,WH-WI1,SUP-004,2014-11-29,2014-12-09,2014-12-09,48,48,10,10,0,1,5.09,244.32,Delivered
PO-12774,SKU-021,WH-WI1,SUP-004,2014-12-17,2014-12-27,2014-12-26,48,48,10,9,-1,1,5.09,244.32,Delivered
PO-12775,SKU-021,WH-WI1,SUP-004,2015-01-04,2015-01-14,2015-01-12,48,48,10,8,-2,1,5.09,244.32,Delivered
PO-12776,SKU-021,WH-WI1,SUP-004,2015-01-21,2015-01-31,2015-02-03,48,48,10,13,3,0,5.09,244.32,Delivered
PO-12777,SKU-021,WH-WI1,SUP-004,2015-02-09,2015-02-19,2015-02-19,48,48,10,10,0,1,5.09,244.32,Delivered
PO-12778,SKU-021,WH-WI1,SUP-004,2015-02-27,2015-03-09,2015-03-09,48,48,10,10,0,1,5.09,244.32,Delivered
PO-12779,SKU-021,WH-WI1,SUP-004,2015-03-17,2015-03-27,2015-03-24,48,48,10,7,-3,1,5.09,244.32,Delivered
PO-12780,SKU-021,WH-WI1,SUP-004,2015-04-03,2015-04-13,2015-04-13,48,48,10,10,0,1,5.09,244.32,Delivered
PO-12781,SKU-021,WH-WI1,SUP-004,2015-04-23,2015-05-03,2015-05-03,48,48,10,10,0,1,5.09,244.32,Delivered
PO-12782,SKU-021,WH-WI1,SUP-004,2015-05-12,2015-05-22,2015-05-22,48,48,10,10,0,1,5.09,244.32,Delivered
PO-12783,SKU-021,WH-WI1,SUP-004,2015-05-31,2015-06-10,2015-06-10,48,48,10,10,0,1,5.09,244.32,Delivered
PO-12784,SKU-021,WH-WI1,SUP-004,2015-06-20,2015-06-30,2015-06-30,48,48,10,10,0,1,5.09,244.32,Delivered
PO-12785,SKU-021,WH-WI1,SUP-004,2015-07-08,2015-07-18,2015-07-18,48,48,10,10,0,1,5.09,244.32,Delivered
PO-12786,SKU-021,WH-WI1,SUP-004,2015-07-26,2015-08-05,2015-08-04,48,48,10,9,-1,1,5.09,244.32,Delivered
PO-12787,SKU-021,WH-WI1,SUP-004,2015-08-13,2015-08-23,2015-08-22,48,48,10,9,-1,1,5.09,244.32,Delivered
PO-12788,SKU-021,WH-WI1,SUP-004,2015-08-31,2015-09-10,2015-09-08,48,48,10,8,-2,1,5.09,244.32,Delivered
PO-12789,SKU-021,WH-WI1,SUP-004,2015-09-17,2015-09-27,2015-09-25,48,48,10,8,-2,1,5.09,244.32,Delivered
PO-12790,SKU-021,WH-WI1,SUP-004,2015-10-06,2015-10-16,2015-10-16,48,48,10,10,0,1,5.09,244.32,Delivered
PO-12791,SKU-021,WH-WI1,SUP-004,2015-10-26,2015-11-05,2015-11-05,48,48,10,10,0,1,5.09,244.32,Delivered
PO-12792,SKU-021,WH-WI1,SUP-004,2015-11-13,2015-11-23,2015-11-23,48,48,10,10,0,1,5.09,244.32,Delivered
PO-12793,SKU-021,WH-WI1,SUP-004,2015-12-02,2015-12-12,2015-12-12,48,48,10,10,0,1,5.09,244.32,Delivered
PO-12794,SKU-021,WH-WI1,SUP-004,2015-12-22,2016-01-01,2016-01-01,48,48,10,10,0,1,5.09,244.32,Delivered
PO-12795,SKU-021,WH-WI1,SUP-004,2016-01-08,2016-01-18,2016-01-17,48,48,10,9,-1,1,5.09,244.32,Delivered
PO-12796,SKU-021,WH-WI1,SUP-004,2016-01-26,2016-02-05,2016-02-05,48,48,10,10,0,1,5.09,244.32,Delivered
PO-12797,SKU-021,WH-WI1,SUP-004,2016-02-13,2016-02-23,2016-02-22,48,48,10,9,-1,1,5.09,244.32,Delivered
PO-12798,SKU-021,WH-WI1,SUP-004,2016-03-04,2016-03-14,2016-03-14,48,48,10,10,0,1,5.09,244.32,Delivered
PO-12799,SKU-021,WH-WI1,SUP-004,2016-03-22,2016-04-01,2016-04-01,48,48,10,10,0,1,5.09,244.32,Delivered
PO-12800,SKU-021,WH-WI1,SUP-004,2016-04-09,2016-04-19,2016-04-19,48,48,10,10,0,1,5.09,244.32,Delivered
PO-12801,SKU-022,WH-CA1,SUP-005,2014-04-27,2014-05-11,2014-05-11,96,96,14,14,0,1,1.34,128.64,Delivered
PO-12802,SKU-022,WH-CA1,SUP-005,2014-05-13,2014-05-27,2014-05-27,96,96,14,14,0,1,1.34,128.64,Delivered
PO-12803,SKU-022,WH-CA1,SUP-005,2014-05-30,2014-06-13,2014-06-11,96,96,14,12,-2,1,1.34,128.64,Delivered
PO-12804,SKU-022,WH-CA1,SUP-005,2014-06-15,2014-06-29,2014-07-03,96,96,14,18,4,0,1.34,128.64,Delivered
PO-12805,SKU-022,WH-CA1,SUP-005,2014-07-01,2014-07-15,2014-07-15,96,96,14,14,0,1,1.34,128.64,Delivered
PO-12806,SKU-022,WH-CA1,SUP-005,2014-07-18,2014-08-01,2014-08-01,96,96,14,14,0,1,1.34,128.64,Delivered
PO-12807,SKU-022,WH-CA1,SUP-005,2014-08-03,2014-08-17,2014-08-15,96,96,14,12,-2,1,1.34,128.64,Delivered
PO-12808,SKU-022,WH-CA1,SUP-005,2014-08-18,2014-09-01,2014-08-31,96,96,14,13,-1,1,1.34,128.64,Delivered
PO-12809,SKU-022,WH-CA1,SUP-005,2014-09-02,2014-09-16,2014-09-16,96,96,14,14,0,1,1.34,128.64,Delivered
PO-12810,SKU-022,WH-CA1,SUP-005,2014-09-19,2014-10-03,2014-10-03,96,96,14,14,0,1,1.34,128.64,Delivered
PO-12811,SKU-022,WH-CA1,SUP-005,2014-10-04,2014-10-18,2014-10-17,96,96,14,13,-1,1,1.34,128.64,Delivered
PO-12812,SKU-022,WH-CA1,SUP-005,2014-10-20,2014-11-03,2014-11-02,96,96,14,13,-1,1,1.34,128.64,Delivered
PO-12813,SKU-022,WH-CA1,SUP-005,2014-11-05,2014-11-19,2014-11-19,96,96,14,14,0,1,1.34,128.64,Delivered
PO-12814,SKU-022,WH-CA1,SUP-005,2014-11-21,2014-12-05,2014-12-04,96,96,14,13,-1,1,1.34,128.64,Delivered
PO-12815,SKU-022,WH-CA1,SUP-005,2014-12-07,2014-12-21,2014-12-21,96,96,14,14,0,1,1.34,128.64,Delivered
PO-12816,SKU-022,WH-CA1,SUP-005,2014-12-25,2015-01-08,2015-01-07,96,96,14,13,-1,1,1.34,128.64,Delivered
PO-12817,SKU-022,WH-CA1,SUP-005,2015-01-09,2015-01-23,2015-01-23,96,96,14,14,0,1,1.34,128.64,Delivered
PO-12818,SKU-022,WH-CA1,SUP-005,2015-01-27,2015-02-10,2015-02-10,96,96,14,14,0,1,1.34,128.64,Delivered
PO-12819,SKU-022,WH-CA1,SUP-005,2015-02-12,2015-02-26,2015-02-26,96,96,14,14,0,1,1.34,128.64,Delivered
PO-12820,SKU-022,WH-CA1,SUP-005,2015-02-28,2015-03-14,2015-03-26,96,96,14,26,12,0,1.34,128.64,Delivered
PO-12821,SKU-022,WH-CA1,SUP-005,2015-03-18,2015-04-01,2015-04-01,96,96,14,14,0,1,1.34,128.64,Delivered
PO-12822,SKU-022,WH-CA1,SUP-005,2015-04-05,2015-04-19,2015-04-19,96,96,14,14,0,1,1.34,128.64,Delivered
PO-12823,SKU-022,WH-CA1,SUP-005,2015-04-23,2015-05-07,2015-05-04,96,96,14,11,-3,1,1.34,128.64,Delivered
PO-12824,SKU-022,WH-CA1,SUP-005,2015-05-10,2015-05-24,2015-05-24,96,96,14,14,0,1,1.34,128.64,Delivered
PO-12825,SKU-022,WH-CA1,SUP-005,2015-05-25,2015-06-08,2015-06-06,96,96,14,12,-2,1,1.34,128.64,Delivered
PO-12826,SKU-022,WH-CA1,SUP-005,2015-06-10,2015-06-24,2015-06-22,96,96,14,12,-2,1,1.34,128.64,Delivered
PO-12827,SKU-022,WH-CA1,SUP-005,2015-06-26,2015-07-10,2015-07-10,96,96,14,14,0,1,1.34,128.64,Delivered
PO-12828,SKU-022,WH-CA1,SUP-005,2015-07-14,2015-07-28,2015-07-28,96,96,14,14,0,1,1.34,128.64,Delivered
PO-12829,SKU-022,WH-CA1,SUP-005,2015-07-30,2015-08-13,2015-08-13,96,96,14,14,0,1,1.34,128.64,Delivered
PO-12830,SKU-022,WH-CA1,SUP-005,2015-08-16,2015-08-30,2015-08-29,96,96,14,13,-1,1,1.34,128.64,Delivered
PO-12831,SKU-022,WH-CA1,SUP-005,2015-09-01,2015-09-15,2015-09-15,96,96,14,14,0,1,1.34,128.64,Delivered
PO-12832,SKU-022,WH-CA1,SUP-005,2015-09-18,2015-10-02,2015-10-02,96,96,14,14,0,1,1.34,128.64,Delivered
PO-12833,SKU-022,WH-CA1,SUP-005,2015-10-04,2015-10-18,2015-10-17,96,96,14,13,-1,1,1.34,128.64,Delivered
PO-12834,SKU-022,WH-CA1,SUP-005,2015-10-21,2015-11-04,2015-11-06,96,96,14,16,2,0,1.34,128.64,Delivered
PO-12835,SKU-022,WH-CA1,SUP-005,2015-11-06,2015-11-20,2015-11-20,96,96,14,14,0,1,1.34,128.64,Delivered
PO-12836,SKU-022,WH-CA1,SUP-005,2015-11-23,2015-12-07,2015-12-07,96,96,14,14,0,1,1.34,128.64,Delivered
PO-12837,SKU-022,WH-CA1,SUP-005,2015-12-11,2015-12-25,2015-12-25,96,96,14,14,0,1,1.34,128.64,Delivered
PO-12838,SKU-022,WH-CA1,SUP-005,2015-12-29,2016-01-12,2016-01-12,96,96,14,14,0,1,1.34,128.64,Delivered
PO-12839,SKU-022,WH-CA1,SUP-005,2016-01-14,2016-01-28,2016-01-28,96,96,14,14,0,1,1.34,128.64,Delivered
PO-12840,SKU-022,WH-CA1,SUP-005,2016-01-29,2016-02-12,2016-02-12,96,96,14,14,0,1,1.34,128.64,Delivered
PO-12841,SKU-022,WH-CA1,SUP-005,2016-02-15,2016-02-29,2016-02-28,96,96,14,13,-1,1,1.34,128.64,Delivered
PO-12842,SKU-022,WH-CA1,SUP-005,2016-03-01,2016-03-15,2016-03-15,96,96,14,14,0,1,1.34,128.64,Delivered
PO-12843,SKU-022,WH-CA1,SUP-005,2016-03-17,2016-03-31,2016-03-31,96,96,14,14,0,1,1.34,128.64,Delivered
PO-12844,SKU-022,WH-CA1,SUP-005,2016-04-02,2016-04-16,2016-04-16,96,96,14,14,0,1,1.34,128.64,Delivered
PO-12845,SKU-022,WH-TX1,SUP-005,2014-05-04,2014-05-18,2014-05-18,96,96,14,14,0,1,1.34,128.64,Delivered
PO-12846,SKU-022,WH-TX1,SUP-005,2014-05-16,2014-05-30,2014-05-28,96,96,14,12,-2,1,1.34,128.64,Delivered
PO-12847,SKU-022,WH-TX1,SUP-005,2014-05-28,2014-06-11,2014-06-11,96,96,14,14,0,1,1.34,128.64,Delivered
PO-12848,SKU-022,WH-TX1,SUP-005,2014-06-09,2014-06-23,2014-06-20,96,96,14,11,-3,1,1.34,128.64,Delivered
PO-12849,SKU-022,WH-TX1,SUP-005,2014-06-23,2014-07-07,2014-07-09,96,96,14,16,2,0,1.34,128.64,Delivered
PO-12850,SKU-022,WH-TX1,SUP-005,2014-07-05,2014-07-19,2014-07-19,96,96,14,14,0,1,1.34,128.64,Delivered
PO-12851,SKU-022,WH-TX1,SUP-005,2014-07-17,2014-07-31,2014-07-29,96,96,14,12,-2,1,1.34,128.64,Delivered
PO-12852,SKU-022,WH-TX1,SUP-005,2014-07-28,2014-08-11,2014-08-10,96,96,14,13,-1,1,1.34,128.64,Delivered
PO-12853,SKU-022,WH-TX1,SUP-005,2014-08-10,2014-08-24,2014-08-24,96,96,14,14,0,1,1.34,128.64,Delivered
PO-12854,SKU-022,WH-TX1,SUP-005,2014-08-22,2014-09-05,2014-09-04,96,96,14,13,-1,1,1.34,128.64,Delivered
PO-12855,SKU-022,WH-TX1,SUP-005,2014-09-03,2014-09-17,2014-09-15,96,96,14,12,-2,1,1.34,128.64,Delivered
PO-12856,SKU-022,WH-TX1,SUP-005,2014-09-14,2014-09-28,2014-09-28,96,96,14,14,0,1,1.34,128.64,Delivered
PO-12857,SKU-022,WH-TX1,SUP-005,2014-09-27,2014-10-11,2014-10-09,96,96,14,12,-2,1,1.34,128.64,Delivered
PO-12858,SKU-022,WH-TX1,SUP-005,2014-10-09,2014-10-23,2014-10-20,96,96,14,11,-3,1,1.34,128.64,Delivered
PO-12859,SKU-022,WH-TX1,SUP-005,2014-10-21,2014-11-04,2014-11-04,96,96,14,14,0,1,1.34,128.64,Delivered
PO-12860,SKU-022,WH-TX1,SUP-005,2014-11-04,2014-11-18,2014-11-15,96,96,14,11,-3,1,1.34,128.64,Delivered
PO-12861,SKU-022,WH-TX1,SUP-005,2014-11-18,2014-12-02,2014-12-02,96,96,14,14,0,1,1.34,128.64,Delivered
PO-12862,SKU-022,WH-TX1,SUP-005,2014-11-30,2014-12-14,2014-12-14,96,96,14,14,0,1,1.34,128.64,Delivered
PO-12863,SKU-022,WH-TX1,SUP-005,2014-12-14,2014-12-28,2014-12-28,96,96,14,14,0,1,1.34,128.64,Delivered
PO-12864,SKU-022,WH-TX1,SUP-005,2014-12-27,2015-01-10,2015-01-08,96,96,14,12,-2,1,1.34,128.64,Delivered
PO-12865,SKU-022,WH-TX1,SUP-005,2015-01-09,2015-01-23,2015-01-21,96,96,14,12,-2,1,1.34,128.64,Delivered
PO-12866,SKU-022,WH-TX1,SUP-005,2015-01-20,2015-02-03,2015-02-02,96,96,14,13,-1,1,1.34,128.64,Delivered
PO-12867,SKU-022,WH-TX1,SUP-005,2015-02-01,2015-02-15,2015-02-13,96,96,14,12,-2,1,1.34,128.64,Delivered
PO-12868,SKU-022,WH-TX1,SUP-005,2015-02-15,2015-03-01,2015-02-27,96,96,14,12,-2,1,1.34,128.64,Delivered
PO-12869,SKU-022,WH-TX1,SUP-005,2015-02-27,2015-03-13,2015-03-11,96,96,14,12,-2,1,1.34,128.64,Delivered
PO-12870,SKU-022,WH-TX1,SUP-005,2015-03-10,2015-03-24,2015-03-23,96,96,14,13,-1,1,1.34,128.64,Delivered
PO-12871,SKU-022,WH-TX1,SUP-005,2015-03-22,2015-04-05,2015-04-05,96,96,14,14,0,1,1.34,128.64,Delivered
PO-12872,SKU-022,WH-TX1,SUP-005,2015-04-04,2015-04-18,2015-04-18,96,96,14,14,0,1,1.34,128.64,Delivered
PO-12873,SKU-022,WH-TX1,SUP-005,2015-04-18,2015-05-02,2015-05-15,96,96,14,27,13,0,1.34,128.64,Delivered
PO-12874,SKU-022,WH-TX1,SUP-005,2015-05-02,2015-05-16,2015-05-16,96,96,14,14,0,1,1.34,128.64,Delivered
PO-12875,SKU-022,WH-TX1,SUP-005,2015-05-14,2015-05-28,2015-05-28,96,96,14,14,0,1,1.34,128.64,Delivered
PO-12876,SKU-022,WH-TX1,SUP-005,2015-05-26,2015-06-09,2015-06-18,96,96,14,23,9,0,1.34,128.64,Delivered
PO-12877,SKU-022,WH-TX1,SUP-005,2015-06-09,2015-06-23,2015-06-23,96,96,14,14,0,1,1.34,128.64,Delivered
PO-12878,SKU-022,WH-TX1,SUP-005,2015-06-21,2015-07-05,2015-07-04,96,96,14,13,-1,1,1.34,128.64,Delivered
PO-12879,SKU-022,WH-TX1,SUP-005,2015-07-04,2015-07-18,2015-07-17,96,96,14,13,-1,1,1.34,128.64,Delivered
PO-12880,SKU-022,WH-TX1,SUP-005,2015-07-18,2015-08-01,2015-08-01,96,96,14,14,0,1,1.34,128.64,Delivered
PO-12881,SKU-022,WH-TX1,SUP-005,2015-07-30,2015-08-13,2015-08-12,96,96,14,13,-1,1,1.34,128.64,Delivered
PO-12882,SKU-022,WH-TX1,SUP-005,2015-08-11,2015-08-25,2015-08-24,96,96,14,13,-1,1,1.34,128.64,Delivered
PO-12883,SKU-022,WH-TX1,SUP-005,2015-08-23,2015-09-06,2015-09-06,96,96,14,14,0,1,1.34,128.64,Delivered
PO-12884,SKU-022,WH-TX1,SUP-005,2015-09-06,2015-09-20,2015-09-20,96,96,14,14,0,1,1.34,128.64,Delivered
PO-12885,SKU-022,WH-TX1,SUP-005,2015-09-18,2015-10-02,2015-10-05,96,96,14,17,3,0,1.34,128.64,Delivered
PO-12886,SKU-022,WH-TX1,SUP-005,2015-09-30,2015-10-14,2015-10-14,96,96,14,14,0,1,1.34,128.64,Delivered
PO-12887,SKU-022,WH-TX1,SUP-005,2015-10-13,2015-10-27,2015-10-27,96,96,14,14,0,1,1.34,128.64,Delivered
PO-12888,SKU-022,WH-TX1,SUP-005,2015-10-25,2015-11-08,2015-11-06,96,96,14,12,-2,1,1.34,128.64,Delivered
PO-12889,SKU-022,WH-TX1,SUP-005,2015-11-07,2015-11-21,2015-11-21,96,96,14,14,0,1,1.34,128.64,Delivered
PO-12890,SKU-022,WH-TX1,SUP-005,2015-11-20,2015-12-04,2015-12-02,96,96,14,12,-2,1,1.34,128.64,Delivered
PO-12891,SKU-022,WH-TX1,SUP-005,2015-12-02,2015-12-16,2015-12-16,96,96,14,14,0,1,1.34,128.64,Delivered
PO-12892,SKU-022,WH-TX1,SUP-005,2015-12-15,2015-12-29,2015-12-29,96,96,14,14,0,1,1.34,128.64,Delivered
PO-12893,SKU-022,WH-TX1,SUP-005,2015-12-27,2016-01-10,2016-01-10,96,96,14,14,0,1,1.34,128.64,Delivered
PO-12894,SKU-022,WH-TX1,SUP-005,2016-01-10,2016-01-24,2016-01-24,96,96,14,14,0,1,1.34,128.64,Delivered
PO-12895,SKU-022,WH-TX1,SUP-005,2016-01-22,2016-02-05,2016-02-03,96,96,14,12,-2,1,1.34,128.64,Delivered
PO-12896,SKU-022,WH-TX1,SUP-005,2016-02-03,2016-02-17,2016-02-17,96,96,14,14,0,1,1.34,128.64,Delivered
PO-12897,SKU-022,WH-TX1,SUP-005,2016-02-15,2016-02-29,2016-02-29,96,96,14,14,0,1,1.34,128.64,Delivered
PO-12898,SKU-022,WH-TX1,SUP-005,2016-02-29,2016-03-14,2016-03-13,96,96,14,13,-1,1,1.34,128.64,Delivered
PO-12899,SKU-022,WH-TX1,SUP-005,2016-03-14,2016-03-28,2016-03-28,96,96,14,14,0,1,1.34,128.64,Delivered
PO-12900,SKU-022,WH-TX1,SUP-005,2016-03-28,2016-04-11,2016-04-11,96,96,14,14,0,1,1.34,128.64,Delivered
PO-12901,SKU-022,WH-TX1,SUP-005,2016-04-09,2016-04-23,2016-04-23,96,96,14,14,0,1,1.34,128.64,Delivered
PO-12902,SKU-022,WH-WI1,SUP-005,2014-05-01,2014-05-15,2014-05-15,96,96,14,14,0,1,1.34,128.64,Delivered
PO-12903,SKU-022,WH-WI1,SUP-005,2014-05-21,2014-06-04,2014-06-04,96,96,14,14,0,1,1.34,128.64,Delivered
PO-12904,SKU-022,WH-WI1,SUP-005,2014-06-12,2014-06-26,2014-06-26,96,96,14,14,0,1,1.34,128.64,Delivered
PO-12905,SKU-022,WH-WI1,SUP-005,2014-07-01,2014-07-15,2014-07-15,96,96,14,14,0,1,1.34,128.64,Delivered
PO-12906,SKU-022,WH-WI1,SUP-005,2014-07-21,2014-08-04,2014-08-03,96,96,14,13,-1,1,1.34,128.64,Delivered
PO-12907,SKU-022,WH-WI1,SUP-005,2014-08-11,2014-08-25,2014-08-24,96,96,14,13,-1,1,1.34,128.64,Delivered
PO-12908,SKU-022,WH-WI1,SUP-005,2014-08-31,2014-09-14,2014-09-12,96,96,14,12,-2,1,1.34,128.64,Delivered
PO-12909,SKU-022,WH-WI1,SUP-005,2014-09-19,2014-10-03,2014-10-11,96,96,14,22,8,0,1.34,128.64,Delivered
PO-12910,SKU-022,WH-WI1,SUP-005,2014-10-08,2014-10-22,2014-10-22,96,96,14,14,0,1,1.34,128.64,Delivered
PO-12911,SKU-022,WH-WI1,SUP-005,2014-10-28,2014-11-11,2014-11-10,96,96,14,13,-1,1,1.34,128.64,Delivered
PO-12912,SKU-022,WH-WI1,SUP-005,2014-11-18,2014-12-02,2014-12-01,96,96,14,13,-1,1,1.34,128.64,Delivered
PO-12913,SKU-022,WH-WI1,SUP-005,2014-12-08,2014-12-22,2014-12-20,96,96,14,12,-2,1,1.34,128.64,Delivered
PO-12914,SKU-022,WH-WI1,SUP-005,2014-12-28,2015-01-11,2015-01-11,96,96,14,14,0,1,1.34,128.64,Delivered
PO-12915,SKU-022,WH-WI1,SUP-005,2015-01-19,2015-02-02,2015-02-02,96,96,14,14,0,1,1.34,128.64,Delivered
PO-12916,SKU-022,WH-WI1,SUP-005,2015-02-08,2015-02-22,2015-02-20,96,96,14,12,-2,1,1.34,128.64,Delivered
PO-12917,SKU-022,WH-WI1,SUP-005,2015-03-02,2015-03-16,2015-03-16,96,96,14,14,0,1,1.34,128.64,Delivered
PO-12918,SKU-022,WH-WI1,SUP-005,2015-03-24,2015-04-07,2015-04-07,96,96,14,14,0,1,1.34,128.64,Delivered
PO-12919,SKU-022,WH-WI1,SUP-005,2015-04-14,2015-04-28,2015-04-28,96,96,14,14,0,1,1.34,128.64,Delivered
PO-12920,SKU-022,WH-WI1,SUP-005,2015-05-04,2015-05-18,2015-05-18,96,96,14,14,0,1,1.34,128.64,Delivered
PO-12921,SKU-022,WH-WI1,SUP-005,2015-05-24,2015-06-07,2015-06-06,96,96,14,13,-1,1,1.34,128.64,Delivered
PO-12922,SKU-022,WH-WI1,SUP-005,2015-06-13,2015-06-27,2015-06-27,96,96,14,14,0,1,1.34,128.64,Delivered
PO-12923,SKU-022,WH-WI1,SUP-005,2015-07-02,2015-07-16,2015-07-15,96,96,14,13,-1,1,1.34,128.64,Delivered
PO-12924,SKU-022,WH-WI1,SUP-005,2015-07-21,2015-08-04,2015-08-02,96,96,14,12,-2,1,1.34,128.64,Delivered
PO-12925,SKU-022,WH-WI1,SUP-005,2015-08-12,2015-08-26,2015-08-25,96,96,14,13,-1,1,1.34,128.64,Delivered
PO-12926,SKU-022,WH-WI1,SUP-005,2015-09-01,2015-09-15,2015-09-15,96,96,14,14,0,1,1.34,128.64,Delivered
PO-12927,SKU-022,WH-WI1,SUP-005,2015-09-21,2015-10-05,2015-09-29,96,96,14,8,-6,1,1.34,128.64,Delivered
PO-12928,SKU-022,WH-WI1,SUP-005,2015-10-11,2015-10-25,2015-10-25,96,96,14,14,0,1,1.34,128.64,Delivered
PO-12929,SKU-022,WH-WI1,SUP-005,2015-10-31,2015-11-14,2015-11-14,96,96,14,14,0,1,1.34,128.64,Delivered
PO-12930,SKU-022,WH-WI1,SUP-005,2015-11-20,2015-12-04,2015-12-03,96,96,14,13,-1,1,1.34,128.64,Delivered
PO-12931,SKU-022,WH-WI1,SUP-005,2015-12-10,2015-12-24,2015-12-23,96,96,14,13,-1,1,1.34,128.64,Delivered
PO-12932,SKU-022,WH-WI1,SUP-005,2016-01-01,2016-01-15,2016-01-15,96,96,14,14,0,1,1.34,128.64,Delivered
PO-12933,SKU-022,WH-WI1,SUP-005,2016-01-21,2016-02-04,2016-02-04,96,96,14,14,0,1,1.34,128.64,Delivered
PO-12934,SKU-022,WH-WI1,SUP-005,2016-02-10,2016-02-24,2016-02-24,96,96,14,14,0,1,1.34,128.64,Delivered
PO-12935,SKU-022,WH-WI1,SUP-005,2016-02-29,2016-03-14,2016-03-13,96,96,14,13,-1,1,1.34,128.64,Delivered
PO-12936,SKU-022,WH-WI1,SUP-005,2016-03-21,2016-04-04,2016-04-04,96,96,14,14,0,1,1.34,128.64,Delivered
PO-12937,SKU-022,WH-WI1,SUP-005,2016-04-10,2016-04-24,2016-04-23,96,96,14,13,-1,1,1.34,128.64,Delivered
PO-12938,SKU-023,WH-CA1,SUP-008,2014-05-05,2014-05-17,2014-05-14,96,96,12,9,-3,1,1.27,121.92,Delivered
PO-12939,SKU-023,WH-CA1,SUP-008,2014-05-23,2014-06-04,2014-06-04,96,96,12,12,0,1,1.27,121.92,Delivered
PO-12940,SKU-023,WH-CA1,SUP-008,2014-06-10,2014-06-22,2014-06-19,96,96,12,9,-3,1,1.27,121.92,Delivered
PO-12941,SKU-023,WH-CA1,SUP-008,2014-06-28,2014-07-10,2014-07-10,96,96,12,12,0,1,1.27,121.92,Delivered
PO-12942,SKU-023,WH-CA1,SUP-008,2014-07-16,2014-07-28,2014-07-28,96,96,12,12,0,1,1.27,121.92,Delivered
PO-12943,SKU-023,WH-CA1,SUP-008,2014-08-03,2014-08-15,2014-08-15,96,96,12,12,0,1,1.27,121.92,Delivered
PO-12944,SKU-023,WH-CA1,SUP-008,2014-08-21,2014-09-02,2014-09-02,96,96,12,12,0,1,1.27,121.92,Delivered
PO-12945,SKU-023,WH-CA1,SUP-008,2014-09-08,2014-09-20,2014-09-19,96,96,12,11,-1,1,1.27,121.92,Delivered
PO-12946,SKU-023,WH-CA1,SUP-008,2014-09-27,2014-10-09,2014-10-09,96,96,12,12,0,1,1.27,121.92,Delivered
PO-12947,SKU-023,WH-CA1,SUP-008,2014-10-15,2014-10-27,2014-10-27,96,96,12,12,0,1,1.27,121.92,Delivered
PO-12948,SKU-023,WH-CA1,SUP-008,2014-11-01,2014-11-13,2014-11-13,96,96,12,12,0,1,1.27,121.92,Delivered
PO-12949,SKU-023,WH-CA1,SUP-008,2014-11-18,2014-11-30,2014-11-27,96,96,12,9,-3,1,1.27,121.92,Delivered
PO-12950,SKU-023,WH-CA1,SUP-008,2014-12-06,2014-12-18,2014-12-18,96,96,12,12,0,1,1.27,121.92,Delivered
PO-12951,SKU-023,WH-CA1,SUP-008,2014-12-24,2015-01-05,2014-12-31,96,96,12,7,-5,1,1.27,121.92,Delivered
PO-12952,SKU-023,WH-CA1,SUP-008,2015-01-10,2015-01-22,2015-01-22,96,96,12,12,0,1,1.27,121.92,Delivered
PO-12953,SKU-023,WH-CA1,SUP-008,2015-01-29,2015-02-10,2015-02-10,96,96,12,12,0,1,1.27,121.92,Delivered
PO-12954,SKU-023,WH-CA1,SUP-008,2015-02-15,2015-02-27,2015-03-07,96,96,12,20,8,0,1.27,121.92,Delivered
PO-12955,SKU-023,WH-CA1,SUP-008,2015-03-05,2015-03-17,2015-03-17,96,96,12,12,0,1,1.27,121.92,Delivered
PO-12956,SKU-023,WH-CA1,SUP-008,2015-03-24,2015-04-05,2015-04-05,96,96,12,12,0,1,1.27,121.92,Delivered
PO-12957,SKU-023,WH-CA1,SUP-008,2015-04-12,2015-04-24,2015-04-22,96,96,12,10,-2,1,1.27,121.92,Delivered
PO-12958,SKU-023,WH-CA1,SUP-008,2015-05-01,2015-05-13,2015-05-13,96,96,12,12,0,1,1.27,121.92,Delivered
PO-12959,SKU-023,WH-CA1,SUP-008,2015-05-19,2015-05-31,2015-05-31,96,96,12,12,0,1,1.27,121.92,Delivered
PO-12960,SKU-023,WH-CA1,SUP-008,2015-06-05,2015-06-17,2015-06-17,96,96,12,12,0,1,1.27,121.92,Delivered
PO-12961,SKU-023,WH-CA1,SUP-008,2015-06-24,2015-07-06,2015-07-05,96,96,12,11,-1,1,1.27,121.92,Delivered
PO-12962,SKU-023,WH-CA1,SUP-008,2015-07-14,2015-07-26,2015-07-25,96,96,12,11,-1,1,1.27,121.92,Delivered
PO-12963,SKU-023,WH-CA1,SUP-008,2015-08-01,2015-08-13,2015-08-13,96,96,12,12,0,1,1.27,121.92,Delivered
PO-12964,SKU-023,WH-CA1,SUP-008,2015-08-20,2015-09-01,2015-09-02,96,96,12,13,1,0,1.27,121.92,Delivered
PO-12965,SKU-023,WH-CA1,SUP-008,2015-09-08,2015-09-20,2015-09-18,96,96,12,10,-2,1,1.27,121.92,Delivered
PO-12966,SKU-023,WH-CA1,SUP-008,2015-09-25,2015-10-07,2015-10-07,96,96,12,12,0,1,1.27,121.92,Delivered
PO-12967,SKU-023,WH-CA1,SUP-008,2015-10-13,2015-10-25,2015-10-28,96,96,12,15,3,0,1.27,121.92,Delivered
PO-12968,SKU-023,WH-CA1,SUP-008,2015-11-01,2015-11-13,2015-11-13,96,96,12,12,0,1,1.27,121.92,Delivered
PO-12969,SKU-023,WH-CA1,SUP-008,2015-11-19,2015-12-01,2015-12-01,96,96,12,12,0,1,1.27,121.92,Delivered
PO-12970,SKU-023,WH-CA1,SUP-008,2015-12-08,2015-12-20,2015-12-20,96,96,12,12,0,1,1.27,121.92,Delivered
PO-12971,SKU-023,WH-CA1,SUP-008,2015-12-26,2016-01-07,2016-01-06,96,96,12,11,-1,1,1.27,121.92,Delivered
PO-12972,SKU-023,WH-CA1,SUP-008,2016-01-13,2016-01-25,2016-01-25,96,96,12,12,0,1,1.27,121.92,Delivered
PO-12973,SKU-023,WH-CA1,SUP-008,2016-01-31,2016-02-12,2016-02-10,96,96,12,10,-2,1,1.27,121.92,Delivered
PO-12974,SKU-023,WH-CA1,SUP-008,2016-02-20,2016-03-03,2016-03-03,96,96,12,12,0,1,1.27,121.92,Delivered
PO-12975,SKU-023,WH-CA1,SUP-008,2016-03-09,2016-03-21,2016-03-21,96,96,12,12,0,1,1.27,121.92,Delivered
PO-12976,SKU-023,WH-CA1,SUP-008,2016-03-28,2016-04-09,2016-04-09,96,96,12,12,0,1,1.27,121.92,Delivered
PO-12977,SKU-023,WH-TX1,SUP-008,2014-05-01,2014-05-13,2014-05-12,96,96,12,11,-1,1,1.27,121.92,Delivered
PO-12978,SKU-023,WH-TX1,SUP-008,2014-05-25,2014-06-06,2014-06-12,96,96,12,18,6,0,1.27,121.92,Delivered
PO-12979,SKU-023,WH-TX1,SUP-008,2014-06-17,2014-06-29,2014-06-29,96,96,12,12,0,1,1.27,121.92,Delivered
PO-12980,SKU-023,WH-TX1,SUP-008,2014-07-10,2014-07-22,2014-07-22,96,96,12,12,0,1,1.27,121.92,Delivered
PO-12981,SKU-023,WH-TX1,SUP-008,2014-08-03,2014-08-15,2014-08-15,96,96,12,12,0,1,1.27,121.92,Delivered
PO-12982,SKU-023,WH-TX1,SUP-008,2014-08-26,2014-09-07,2014-09-07,96,96,12,12,0,1,1.27,121.92,Delivered
PO-12983,SKU-023,WH-TX1,SUP-008,2014-09-19,2014-10-01,2014-09-28,96,96,12,9,-3,1,1.27,121.92,Delivered
PO-12984,SKU-023,WH-TX1,SUP-008,2014-10-12,2014-10-24,2014-10-24,96,96,12,12,0,1,1.27,121.92,Delivered
PO-12985,SKU-023,WH-TX1,SUP-008,2014-11-05,2014-11-17,2014-11-17,96,96,12,12,0,1,1.27,121.92,Delivered
PO-12986,SKU-023,WH-TX1,SUP-008,2014-11-30,2014-12-12,2014-12-14,96,96,12,14,2,0,1.27,121.92,Delivered
PO-12987,SKU-023,WH-TX1,SUP-008,2014-12-24,2015-01-05,2015-01-05,96,96,12,12,0,1,1.27,121.92,Delivered
PO-12988,SKU-023,WH-TX1,SUP-008,2015-01-16,2015-01-28,2015-01-28,96,96,12,12,0,1,1.27,121.92,Delivered
PO-12989,SKU-023,WH-TX1,SUP-008,2015-02-08,2015-02-20,2015-02-20,96,96,12,12,0,1,1.27,121.92,Delivered
PO-12990,SKU-023,WH-TX1,SUP-008,2015-03-03,2015-03-15,2015-03-15,96,96,12,12,0,1,1.27,121.92,Delivered
PO-12991,SKU-023,WH-TX1,SUP-008,2015-03-26,2015-04-07,2015-04-07,96,96,12,12,0,1,1.27,121.92,Delivered
PO-12992,SKU-023,WH-TX1,SUP-008,2015-04-18,2015-04-30,2015-05-07,96,96,12,19,7,0,1.27,121.92,Delivered
PO-12993,SKU-023,WH-TX1,SUP-008,2015-05-12,2015-05-24,2015-05-24,96,96,12,12,0,1,1.27,121.92,Delivered
PO-12994,SKU-023,WH-TX1,SUP-008,2015-06-04,2015-06-16,2015-06-16,96,96,12,12,0,1,1.27,121.92,Delivered
PO-12995,SKU-023,WH-TX1,SUP-008,2015-06-27,2015-07-09,2015-07-06,96,96,12,9,-3,1,1.27,121.92,Delivered
PO-12996,SKU-023,WH-TX1,SUP-008,2015-07-20,2015-08-01,2015-08-01,96,96,12,12,0,1,1.27,121.92,Delivered
PO-12997,SKU-023,WH-TX1,SUP-008,2015-08-13,2015-08-25,2015-08-24,96,96,12,11,-1,1,1.27,121.92,Delivered
PO-12998,SKU-023,WH-TX1,SUP-008,2015-09-05,2015-09-17,2015-09-17,96,96,12,12,0,1,1.27,121.92,Delivered
PO-12999,SKU-023,WH-TX1,SUP-008,2015-09-27,2015-10-09,2015-10-09,96,96,12,12,0,1,1.27,121.92,Delivered
PO-13000,SKU-023,WH-TX1,SUP-008,2015-10-22,2015-11-03,2015-11-02,96,96,12,11,-1,1,1.27,121.92,Delivered
PO-13001,SKU-023,WH-TX1,SUP-008,2015-11-15,2015-11-27,2015-11-26,96,96,12,11,-1,1,1.27,121.92,Delivered
PO-13002,SKU-023,WH-TX1,SUP-008,2015-12-10,2015-12-22,2015-12-21,96,96,12,11,-1,1,1.27,121.92,Delivered
PO-13003,SKU-023,WH-TX1,SUP-008,2016-01-03,2016-01-15,2016-01-15,96,96,12,12,0,1,1.27,121.92,Delivered
PO-13004,SKU-023,WH-TX1,SUP-008,2016-01-28,2016-02-09,2016-02-09,96,96,12,12,0,1,1.27,121.92,Delivered
PO-13005,SKU-023,WH-TX1,SUP-008,2016-02-19,2016-03-02,2016-03-02,96,96,12,12,0,1,1.27,121.92,Delivered
PO-13006,SKU-023,WH-TX1,SUP-008,2016-03-15,2016-03-27,2016-03-27,96,96,12,12,0,1,1.27,121.92,Delivered
PO-13007,SKU-023,WH-TX1,SUP-008,2016-04-06,2016-04-18,2016-04-18,96,96,12,12,0,1,1.27,121.92,Delivered
PO-13008,SKU-023,WH-WI1,SUP-008,2014-04-28,2014-05-10,2014-05-10,96,96,12,12,0,1,1.27,121.92,Delivered
PO-13009,SKU-023,WH-WI1,SUP-008,2014-05-21,2014-06-02,2014-06-01,96,96,12,11,-1,1,1.27,121.92,Delivered
PO-13010,SKU-023,WH-WI1,SUP-008,2014-06-14,2014-06-26,2014-06-25,96,96,12,11,-1,1,1.27,121.92,Delivered
PO-13011,SKU-023,WH-WI1,SUP-008,2014-07-07,2014-07-19,2014-07-27,96,96,12,20,8,0,1.27,121.92,Delivered
PO-13012,SKU-023,WH-WI1,SUP-008,2014-08-01,2014-08-13,2014-08-13,96,96,12,12,0,1,1.27,121.92,Delivered
PO-13013,SKU-023,WH-WI1,SUP-008,2014-08-23,2014-09-04,2014-09-04,96,96,12,12,0,1,1.27,121.92,Delivered
PO-13014,SKU-023,WH-WI1,SUP-008,2014-09-16,2014-09-28,2014-09-27,96,96,12,11,-1,1,1.27,121.92,Delivered
PO-13015,SKU-023,WH-WI1,SUP-008,2014-10-10,2014-10-22,2014-10-23,96,96,12,13,1,0,1.27,121.92,Delivered
PO-13016,SKU-023,WH-WI1,SUP-008,2014-11-01,2014-11-13,2014-11-12,96,96,12,11,-1,1,1.27,121.92,Delivered
PO-13017,SKU-023,WH-WI1,SUP-008,2014-11-24,2014-12-06,2014-12-05,96,96,12,11,-1,1,1.27,121.92,Delivered
PO-13018,SKU-023,WH-WI1,SUP-008,2014-12-17,2014-12-29,2014-12-29,96,96,12,12,0,1,1.27,121.92,Delivered
PO-13019,SKU-023,WH-WI1,SUP-008,2015-01-09,2015-01-21,2015-01-21,96,96,12,12,0,1,1.27,121.92,Delivered
PO-13020,SKU-023,WH-WI1,SUP-008,2015-01-31,2015-02-12,2015-02-12,96,96,12,12,0,1,1.27,121.92,Delivered
PO-13021,SKU-023,WH-WI1,SUP-008,2015-02-24,2015-03-08,2015-03-08,96,96,12,12,0,1,1.27,121.92,Delivered
PO-13022,SKU-023,WH-WI1,SUP-008,2015-03-19,2015-03-31,2015-03-31,96,96,12,12,0,1,1.27,121.92,Delivered
PO-13023,SKU-023,WH-WI1,SUP-008,2015-04-11,2015-04-23,2015-04-22,96,96,12,11,-1,1,1.27,121.92,Delivered
PO-13024,SKU-023,WH-WI1,SUP-008,2015-05-05,2015-05-17,2015-05-16,96,96,12,11,-1,1,1.27,121.92,Delivered
PO-13025,SKU-023,WH-WI1,SUP-008,2015-05-27,2015-06-08,2015-06-22,96,96,12,26,14,0,1.27,121.92,Delivered
PO-13026,SKU-023,WH-WI1,SUP-008,2015-06-18,2015-06-30,2015-06-30,96,96,12,12,0,1,1.27,121.92,Delivered
PO-13027,SKU-023,WH-WI1,SUP-008,2015-07-10,2015-07-22,2015-07-20,96,96,12,10,-2,1,1.27,121.92,Delivered
PO-13028,SKU-023,WH-WI1,SUP-008,2015-08-03,2015-08-15,2015-08-15,96,96,12,12,0,1,1.27,121.92,Delivered
PO-13029,SKU-023,WH-WI1,SUP-008,2015-08-28,2015-09-09,2015-09-06,96,96,12,9,-3,1,1.27,121.92,Delivered
PO-13030,SKU-023,WH-WI1,SUP-008,2015-09-20,2015-10-02,2015-10-02,96,96,12,12,0,1,1.27,121.92,Delivered
PO-13031,SKU-023,WH-WI1,SUP-008,2015-10-15,2015-10-27,2015-10-27,96,96,12,12,0,1,1.27,121.92,Delivered
PO-13032,SKU-023,WH-WI1,SUP-008,2015-11-09,2015-11-21,2015-11-18,96,96,12,9,-3,1,1.27,121.92,Delivered
PO-13033,SKU-023,WH-WI1,SUP-008,2015-12-04,2015-12-16,2015-12-16,96,96,12,12,0,1,1.27,121.92,Delivered
PO-13034,SKU-023,WH-WI1,SUP-008,2015-12-27,2016-01-08,2016-01-08,96,96,12,12,0,1,1.27,121.92,Delivered
PO-13035,SKU-023,WH-WI1,SUP-008,2016-01-19,2016-01-31,2016-01-30,96,96,12,11,-1,1,1.27,121.92,Delivered
PO-13036,SKU-023,WH-WI1,SUP-008,2016-02-13,2016-02-25,2016-02-25,96,96,12,12,0,1,1.27,121.92,Delivered
PO-13037,SKU-023,WH-WI1,SUP-008,2016-03-08,2016-03-20,2016-03-20,96,96,12,12,0,1,1.27,121.92,Delivered
PO-13038,SKU-023,WH-WI1,SUP-008,2016-04-01,2016-04-13,2016-04-13,96,96,12,12,0,1,1.27,121.92,Delivered
PO-13039,SKU-024,WH-CA1,SUP-004,2014-04-27,2014-05-07,2014-05-07,96,96,10,10,0,1,1.62,155.52,Delivered
PO-13040,SKU-024,WH-CA1,SUP-004,2014-05-15,2014-05-25,2014-05-25,96,96,10,10,0,1,1.62,155.52,Delivered
PO-13041,SKU-024,WH-CA1,SUP-004,2014-06-01,2014-06-11,2014-06-11,96,96,10,10,0,1,1.62,155.52,Delivered
PO-13042,SKU-024,WH-CA1,SUP-004,2014-06-20,2014-06-30,2014-06-30,96,96,10,10,0,1,1.62,155.52,Delivered
PO-13043,SKU-024,WH-CA1,SUP-004,2014-07-10,2014-07-20,2014-07-20,96,96,10,10,0,1,1.62,155.52,Delivered
PO-13044,SKU-024,WH-CA1,SUP-004,2014-07-28,2014-08-07,2014-08-07,96,96,10,10,0,1,1.62,155.52,Delivered
PO-13045,SKU-024,WH-CA1,SUP-004,2014-08-15,2014-08-25,2014-08-25,96,96,10,10,0,1,1.62,155.52,Delivered
PO-13046,SKU-024,WH-CA1,SUP-004,2014-09-02,2014-09-12,2014-09-11,96,96,10,9,-1,1,1.62,155.52,Delivered
PO-13047,SKU-024,WH-CA1,SUP-004,2014-09-21,2014-10-01,2014-10-01,96,96,10,10,0,1,1.62,155.52,Delivered
PO-13048,SKU-024,WH-CA1,SUP-004,2014-10-09,2014-10-19,2014-10-19,96,96,10,10,0,1,1.62,155.52,Delivered
PO-13049,SKU-024,WH-CA1,SUP-004,2014-10-27,2014-11-06,2014-11-06,96,96,10,10,0,1,1.62,155.52,Delivered
PO-13050,SKU-024,WH-CA1,SUP-004,2014-11-14,2014-11-24,2014-11-24,96,96,10,10,0,1,1.62,155.52,Delivered
PO-13051,SKU-024,WH-CA1,SUP-004,2014-12-01,2014-12-11,2014-12-10,96,96,10,9,-1,1,1.62,155.52,Delivered
PO-13052,SKU-024,WH-CA1,SUP-004,2014-12-20,2014-12-30,2014-12-29,96,96,10,9,-1,1,1.62,155.52,Delivered
PO-13053,SKU-024,WH-CA1,SUP-004,2015-01-08,2015-01-18,2015-01-18,96,96,10,10,0,1,1.62,155.52,Delivered
PO-13054,SKU-024,WH-CA1,SUP-004,2015-01-26,2015-02-05,2015-02-07,96,96,10,12,2,0,1.62,155.52,Delivered
PO-13055,SKU-024,WH-CA1,SUP-004,2015-02-13,2015-02-23,2015-02-23,96,96,10,10,0,1,1.62,155.52,Delivered
PO-13056,SKU-024,WH-CA1,SUP-004,2015-03-02,2015-03-12,2015-03-16,96,96,10,14,4,0,1.62,155.52,Delivered
PO-13057,SKU-024,WH-CA1,SUP-004,2015-03-20,2015-03-30,2015-03-29,96,96,10,9,-1,1,1.62,155.52,Delivered
PO-13058,SKU-024,WH-CA1,SUP-004,2015-04-08,2015-04-18,2015-04-18,96,96,10,10,0,1,1.62,155.52,Delivered
PO-13059,SKU-024,WH-CA1,SUP-004,2015-04-26,2015-05-06,2015-05-05,96,96,10,9,-1,1,1.62,155.52,Delivered
PO-13060,SKU-024,WH-CA1,SUP-004,2015-05-13,2015-05-23,2015-05-22,96,96,10,9,-1,1,1.62,155.52,Delivered
PO-13061,SKU-024,WH-CA1,SUP-004,2015-06-02,2015-06-12,2015-06-12,96,96,10,10,0,1,1.62,155.52,Delivered
PO-13062,SKU-024,WH-CA1,SUP-004,2015-06-21,2015-07-01,2015-06-29,96,96,10,8,-2,1,1.62,155.52,Delivered
PO-13063,SKU-024,WH-CA1,SUP-004,2015-07-08,2015-07-18,2015-07-22,96,96,10,14,4,0,1.62,155.52,Delivered
PO-13064,SKU-024,WH-CA1,SUP-004,2015-07-28,2015-08-07,2015-08-06,96,96,10,9,-1,1,1.62,155.52,Delivered
PO-13065,SKU-024,WH-CA1,SUP-004,2015-08-15,2015-08-25,2015-08-25,96,96,10,10,0,1,1.62,155.52,Delivered
PO-13066,SKU-024,WH-CA1,SUP-004,2015-09-02,2015-09-12,2015-09-12,96,96,10,10,0,1,1.62,155.52,Delivered
PO-13067,SKU-024,WH-CA1,SUP-004,2015-09-19,2015-09-29,2015-09-29,96,96,10,10,0,1,1.62,155.52,Delivered
PO-13068,SKU-024,WH-CA1,SUP-004,2015-10-06,2015-10-16,2015-10-16,96,96,10,10,0,1,1.62,155.52,Delivered
PO-13069,SKU-024,WH-CA1,SUP-004,2015-10-23,2015-11-02,2015-11-02,96,96,10,10,0,1,1.62,155.52,Delivered
PO-13070,SKU-024,WH-CA1,SUP-004,2015-11-12,2015-11-22,2015-11-22,96,96,10,10,0,1,1.62,155.52,Delivered
PO-13071,SKU-024,WH-CA1,SUP-004,2015-12-01,2015-12-11,2015-12-11,96,96,10,10,0,1,1.62,155.52,Delivered
PO-13072,SKU-024,WH-CA1,SUP-004,2015-12-21,2015-12-31,2015-12-30,96,96,10,9,-1,1,1.62,155.52,Delivered
PO-13073,SKU-024,WH-CA1,SUP-004,2016-01-07,2016-01-17,2016-01-17,96,96,10,10,0,1,1.62,155.52,Delivered
PO-13074,SKU-024,WH-CA1,SUP-004,2016-01-24,2016-02-03,2016-02-03,96,96,10,10,0,1,1.62,155.52,Delivered
PO-13075,SKU-024,WH-CA1,SUP-004,2016-02-10,2016-02-20,2016-02-20,96,96,10,10,0,1,1.62,155.52,Delivered
PO-13076,SKU-024,WH-CA1,SUP-004,2016-03-01,2016-03-11,2016-03-11,96,96,10,10,0,1,1.62,155.52,Delivered
PO-13077,SKU-024,WH-CA1,SUP-004,2016-03-20,2016-03-30,2016-03-30,96,96,10,10,0,1,1.62,155.52,Delivered
PO-13078,SKU-024,WH-CA1,SUP-004,2016-04-09,2016-04-19,2016-04-19,96,96,10,10,0,1,1.62,155.52,Delivered
PO-13079,SKU-024,WH-TX1,SUP-004,2014-05-04,2014-05-14,2014-05-14,96,96,10,10,0,1,1.62,155.52,Delivered
PO-13080,SKU-024,WH-TX1,SUP-004,2014-05-16,2014-05-26,2014-05-26,96,96,10,10,0,1,1.62,155.52,Delivered
PO-13081,SKU-024,WH-TX1,SUP-004,2014-05-28,2014-06-07,2014-06-07,96,96,10,10,0,1,1.62,155.52,Delivered
PO-13082,SKU-024,WH-TX1,SUP-004,2014-06-11,2014-06-21,2014-06-19,96,96,10,8,-2,1,1.62,155.52,Delivered
PO-13083,SKU-024,WH-TX1,SUP-004,2014-06-23,2014-07-03,2014-07-02,96,96,10,9,-1,1,1.62,155.52,Delivered
PO-13084,SKU-024,WH-TX1,SUP-004,2014-07-05,2014-07-15,2014-07-13,96,96,10,8,-2,1,1.62,155.52,Delivered
PO-13085,SKU-024,WH-TX1,SUP-004,2014-07-16,2014-07-26,2014-07-26,96,96,10,10,0,1,1.62,155.52,Delivered
PO-13086,SKU-024,WH-TX1,SUP-004,2014-07-29,2014-08-08,2014-08-08,96,96,10,10,0,1,1.62,155.52,Delivered
PO-13087,SKU-024,WH-TX1,SUP-004,2014-08-11,2014-08-21,2014-08-21,96,96,10,10,0,1,1.62,155.52,Delivered
PO-13088,SKU-024,WH-TX1,SUP-004,2014-08-23,2014-09-02,2014-09-02,96,96,10,10,0,1,1.62,155.52,Delivered
PO-13089,SKU-024,WH-TX1,SUP-004,2014-09-06,2014-09-16,2014-09-16,96,96,10,10,0,1,1.62,155.52,Delivered
PO-13090,SKU-024,WH-TX1,SUP-004,2014-09-17,2014-09-27,2014-09-25,96,96,10,8,-2,1,1.62,155.52,Delivered
PO-13091,SKU-024,WH-TX1,SUP-004,2014-09-28,2014-10-08,2014-10-08,96,96,10,10,0,1,1.62,155.52,Delivered
PO-13092,SKU-024,WH-TX1,SUP-004,2014-10-10,2014-10-20,2014-10-20,96,96,10,10,0,1,1.62,155.52,Delivered
PO-13093,SKU-024,WH-TX1,SUP-004,2014-10-22,2014-11-01,2014-11-01,96,96,10,10,0,1,1.62,155.52,Delivered
PO-13094,SKU-024,WH-TX1,SUP-004,2014-11-03,2014-11-13,2014-11-12,96,96,10,9,-1,1,1.62,155.52,Delivered
PO-13095,SKU-024,WH-TX1,SUP-004,2014-11-14,2014-11-24,2014-11-23,96,96,10,9,-1,1,1.62,155.52,Delivered
PO-13096,SKU-024,WH-TX1,SUP-004,2014-11-27,2014-12-07,2014-12-07,96,96,10,10,0,1,1.62,155.52,Delivered
PO-13097,SKU-024,WH-TX1,SUP-004,2014-12-11,2014-12-21,2014-12-21,96,96,10,10,0,1,1.62,155.52,Delivered
PO-13098,SKU-024,WH-TX1,SUP-004,2014-12-22,2015-01-01,2015-01-01,96,96,10,10,0,1,1.62,155.52,Delivered
PO-13099,SKU-024,WH-TX1,SUP-004,2015-01-04,2015-01-14,2015-01-14,96,96,10,10,0,1,1.62,155.52,Delivered
PO-13100,SKU-024,WH-TX1,SUP-004,2015-01-16,2015-01-26,2015-01-26,96,96,10,10,0,1,1.62,155.52,Delivered
PO-13101,SKU-024,WH-TX1,SUP-004,2015-01-30,2015-02-09,2015-02-09,96,96,10,10,0,1,1.62,155.52,Delivered
PO-13102,SKU-024,WH-TX1,SUP-004,2015-02-10,2015-02-20,2015-02-20,96,96,10,10,0,1,1.62,155.52,Delivered
PO-13103,SKU-024,WH-TX1,SUP-004,2015-02-21,2015-03-03,2015-03-03,96,96,10,10,0,1,1.62,155.52,Delivered
PO-13104,SKU-024,WH-TX1,SUP-004,2015-03-05,2015-03-15,2015-03-15,96,96,10,10,0,1,1.62,155.52,Delivered
PO-13105,SKU-024,WH-TX1,SUP-004,2015-03-18,2015-03-28,2015-03-28,96,96,10,10,0,1,1.62,155.52,Delivered
PO-13106,SKU-024,WH-TX1,SUP-004,2015-03-31,2015-04-10,2015-04-09,96,96,10,9,-1,1,1.62,155.52,Delivered
PO-13107,SKU-024,WH-TX1,SUP-004,2015-04-12,2015-04-22,2015-04-22,96,96,10,10,0,1,1.62,155.52,Delivered
PO-13108,SKU-024,WH-TX1,SUP-004,2015-04-24,2015-05-04,2015-05-04,96,96,10,10,0,1,1.62,155.52,Delivered
PO-13109,SKU-024,WH-TX1,SUP-004,2015-05-08,2015-05-18,2015-05-17,96,96,10,9,-1,1,1.62,155.52,Delivered
PO-13110,SKU-024,WH-TX1,SUP-004,2015-05-21,2015-05-31,2015-05-31,96,96,10,10,0,1,1.62,155.52,Delivered
PO-13111,SKU-024,WH-TX1,SUP-004,2015-06-04,2015-06-14,2015-06-13,96,96,10,9,-1,1,1.62,155.52,Delivered
PO-13112,SKU-024,WH-TX1,SUP-004,2015-06-16,2015-06-26,2015-06-26,96,96,10,10,0,1,1.62,155.52,Delivered
PO-13113,SKU-024,WH-TX1,SUP-004,2015-06-29,2015-07-09,2015-07-09,96,96,10,10,0,1,1.62,155.52,Delivered
PO-13114,SKU-024,WH-TX1,SUP-004,2015-07-13,2015-07-23,2015-07-20,96,96,10,7,-3,1,1.62,155.52,Delivered
PO-13115,SKU-024,WH-TX1,SUP-004,2015-07-25,2015-08-04,2015-08-03,96,96,10,9,-1,1,1.62,155.52,Delivered
PO-13116,SKU-024,WH-TX1,SUP-004,2015-08-06,2015-08-16,2015-08-16,96,96,10,10,0,1,1.62,155.52,Delivered
PO-13117,SKU-024,WH-TX1,SUP-004,2015-08-19,2015-08-29,2015-08-29,96,96,10,10,0,1,1.62,155.52,Delivered
PO-13118,SKU-024,WH-TX1,SUP-004,2015-08-31,2015-09-10,2015-09-08,96,96,10,8,-2,1,1.62,155.52,Delivered
PO-13119,SKU-024,WH-TX1,SUP-004,2015-09-14,2015-09-24,2015-09-22,96,96,10,8,-2,1,1.62,155.52,Delivered
PO-13120,SKU-024,WH-TX1,SUP-004,2015-09-25,2015-10-05,2015-10-04,96,96,10,9,-1,1,1.62,155.52,Delivered
PO-13121,SKU-024,WH-TX1,SUP-004,2015-10-08,2015-10-18,2015-10-18,96,96,10,10,0,1,1.62,155.52,Delivered
PO-13122,SKU-024,WH-TX1,SUP-004,2015-10-20,2015-10-30,2015-10-30,96,96,10,10,0,1,1.62,155.52,Delivered
PO-13123,SKU-024,WH-TX1,SUP-004,2015-11-01,2015-11-11,2015-11-19,96,96,10,18,8,0,1.62,155.52,Delivered
PO-13124,SKU-024,WH-TX1,SUP-004,2015-11-13,2015-11-23,2015-11-22,96,96,10,9,-1,1,1.62,155.52,Delivered
PO-13125,SKU-024,WH-TX1,SUP-004,2015-11-27,2015-12-07,2015-12-07,96,96,10,10,0,1,1.62,155.52,Delivered
PO-13126,SKU-024,WH-TX1,SUP-004,2015-12-11,2015-12-21,2015-12-21,96,96,10,10,0,1,1.62,155.52,Delivered
PO-13127,SKU-024,WH-TX1,SUP-004,2015-12-24,2016-01-03,2016-01-03,96,96,10,10,0,1,1.62,155.52,Delivered
PO-13128,SKU-024,WH-TX1,SUP-004,2016-01-05,2016-01-15,2016-01-17,96,96,10,12,2,0,1.62,155.52,Delivered
PO-13129,SKU-024,WH-TX1,SUP-004,2016-01-19,2016-01-29,2016-01-29,96,96,10,10,0,1,1.62,155.52,Delivered
PO-13130,SKU-024,WH-TX1,SUP-004,2016-02-01,2016-02-11,2016-02-09,96,96,10,8,-2,1,1.62,155.52,Delivered
PO-13131,SKU-024,WH-TX1,SUP-004,2016-02-14,2016-02-24,2016-02-24,96,96,10,10,0,1,1.62,155.52,Delivered
PO-13132,SKU-024,WH-TX1,SUP-004,2016-02-26,2016-03-07,2016-03-06,96,96,10,9,-1,1,1.62,155.52,Delivered
PO-13133,SKU-024,WH-TX1,SUP-004,2016-03-09,2016-03-19,2016-03-18,96,96,10,9,-1,1,1.62,155.52,Delivered
PO-13134,SKU-024,WH-TX1,SUP-004,2016-03-21,2016-03-31,2016-03-31,96,96,10,10,0,1,1.62,155.52,Delivered
PO-13135,SKU-024,WH-TX1,SUP-004,2016-04-01,2016-04-11,2016-04-11,96,96,10,10,0,1,1.62,155.52,Delivered
PO-13136,SKU-024,WH-WI1,SUP-004,2014-04-29,2014-05-09,2014-05-09,96,96,10,10,0,1,1.62,155.52,Delivered
PO-13137,SKU-024,WH-WI1,SUP-004,2014-05-19,2014-05-29,2014-05-29,96,96,10,10,0,1,1.62,155.52,Delivered
PO-13138,SKU-024,WH-WI1,SUP-004,2014-06-08,2014-06-18,2014-06-18,96,96,10,10,0,1,1.62,155.52,Delivered
PO-13139,SKU-024,WH-WI1,SUP-004,2014-06-29,2014-07-09,2014-07-09,96,96,10,10,0,1,1.62,155.52,Delivered
PO-13140,SKU-024,WH-WI1,SUP-004,2014-07-20,2014-07-30,2014-07-30,96,96,10,10,0,1,1.62,155.52,Delivered
PO-13141,SKU-024,WH-WI1,SUP-004,2014-08-09,2014-08-19,2014-08-19,96,96,10,10,0,1,1.62,155.52,Delivered
PO-13142,SKU-024,WH-WI1,SUP-004,2014-08-30,2014-09-09,2014-09-08,96,96,10,9,-1,1,1.62,155.52,Delivered
PO-13143,SKU-024,WH-WI1,SUP-004,2014-09-19,2014-09-29,2014-09-29,96,96,10,10,0,1,1.62,155.52,Delivered
PO-13144,SKU-024,WH-WI1,SUP-004,2014-10-12,2014-10-22,2014-10-21,96,96,10,9,-1,1,1.62,155.52,Delivered
PO-13145,SKU-024,WH-WI1,SUP-004,2014-11-03,2014-11-13,2014-11-13,96,96,10,10,0,1,1.62,155.52,Delivered
PO-13146,SKU-024,WH-WI1,SUP-004,2014-11-24,2014-12-04,2014-11-30,96,96,10,6,-4,1,1.62,155.52,Delivered
PO-13147,SKU-024,WH-WI1,SUP-004,2014-12-17,2014-12-27,2014-12-27,96,96,10,10,0,1,1.62,155.52,Delivered
PO-13148,SKU-024,WH-WI1,SUP-004,2015-01-06,2015-01-16,2015-01-16,96,96,10,10,0,1,1.62,155.52,Delivered
PO-13149,SKU-024,WH-WI1,SUP-004,2015-01-28,2015-02-07,2015-02-07,96,96,10,10,0,1,1.62,155.52,Delivered
PO-13150,SKU-024,WH-WI1,SUP-004,2015-02-18,2015-02-28,2015-02-28,96,96,10,10,0,1,1.62,155.52,Delivered
PO-13151,SKU-024,WH-WI1,SUP-004,2015-03-10,2015-03-20,2015-03-28,96,96,10,18,8,0,1.62,155.52,Delivered
PO-13152,SKU-024,WH-WI1,SUP-004,2015-04-02,2015-04-12,2015-04-12,96,96,10,10,0,1,1.62,155.52,Delivered
PO-13153,SKU-024,WH-WI1,SUP-004,2015-04-23,2015-05-03,2015-05-02,96,96,10,9,-1,1,1.62,155.52,Delivered
PO-13154,SKU-024,WH-WI1,SUP-004,2015-05-15,2015-05-25,2015-05-25,96,96,10,10,0,1,1.62,155.52,Delivered
PO-13155,SKU-024,WH-WI1,SUP-004,2015-06-06,2015-06-16,2015-06-14,96,96,10,8,-2,1,1.62,155.52,Delivered
PO-13156,SKU-024,WH-WI1,SUP-004,2015-06-27,2015-07-07,2015-07-07,96,96,10,10,0,1,1.62,155.52,Delivered
PO-13157,SKU-024,WH-WI1,SUP-004,2015-07-17,2015-07-27,2015-07-28,96,96,10,11,1,0,1.62,155.52,Delivered
PO-13158,SKU-024,WH-WI1,SUP-004,2015-08-07,2015-08-17,2015-08-16,96,96,10,9,-1,1,1.62,155.52,Delivered
PO-13159,SKU-024,WH-WI1,SUP-004,2015-08-29,2015-09-08,2015-09-08,96,96,10,10,0,1,1.62,155.52,Delivered
PO-13160,SKU-024,WH-WI1,SUP-004,2015-09-19,2015-09-29,2015-09-28,96,96,10,9,-1,1,1.62,155.52,Delivered
PO-13161,SKU-024,WH-WI1,SUP-004,2015-10-10,2015-10-20,2015-10-20,96,96,10,10,0,1,1.62,155.52,Delivered
PO-13162,SKU-024,WH-WI1,SUP-004,2015-10-30,2015-11-09,2015-11-07,96,96,10,8,-2,1,1.62,155.52,Delivered
PO-13163,SKU-024,WH-WI1,SUP-004,2015-11-21,2015-12-01,2015-12-01,96,96,10,10,0,1,1.62,155.52,Delivered
PO-13164,SKU-024,WH-WI1,SUP-004,2015-12-12,2015-12-22,2015-12-21,96,96,10,9,-1,1,1.62,155.52,Delivered
PO-13165,SKU-024,WH-WI1,SUP-004,2016-01-04,2016-01-14,2016-01-14,96,96,10,10,0,1,1.62,155.52,Delivered
PO-13166,SKU-024,WH-WI1,SUP-004,2016-01-25,2016-02-04,2016-02-01,96,96,10,7,-3,1,1.62,155.52,Delivered
PO-13167,SKU-024,WH-WI1,SUP-004,2016-02-16,2016-02-26,2016-02-25,96,96,10,9,-1,1,1.62,155.52,Delivered
PO-13168,SKU-024,WH-WI1,SUP-004,2016-03-10,2016-03-20,2016-03-22,96,96,10,12,2,0,1.62,155.52,Delivered
PO-13169,SKU-024,WH-WI1,SUP-004,2016-04-01,2016-04-11,2016-04-11,96,96,10,10,0,1,1.62,155.52,Delivered
PO-13170,SKU-025,WH-CA1,SUP-005,2014-05-05,2014-05-19,2014-05-19,96,96,14,14,0,1,0.62,59.52,Delivered
PO-13171,SKU-025,WH-CA1,SUP-005,2014-05-27,2014-06-10,2014-06-07,96,96,14,11,-3,1,0.62,59.52,Delivered
PO-13172,SKU-025,WH-CA1,SUP-005,2014-06-16,2014-06-30,2014-06-30,96,96,14,14,0,1,0.62,59.52,Delivered
PO-13173,SKU-025,WH-CA1,SUP-005,2014-07-06,2014-07-20,2014-07-20,96,96,14,14,0,1,0.62,59.52,Delivered
PO-13174,SKU-025,WH-CA1,SUP-005,2014-07-28,2014-08-11,2014-08-11,96,96,14,14,0,1,0.62,59.52,Delivered
PO-13175,SKU-025,WH-CA1,SUP-005,2014-08-17,2014-08-31,2014-08-31,96,96,14,14,0,1,0.62,59.52,Delivered
PO-13176,SKU-025,WH-CA1,SUP-005,2014-09-06,2014-09-20,2014-09-19,96,96,14,13,-1,1,0.62,59.52,Delivered
PO-13177,SKU-025,WH-CA1,SUP-005,2014-09-28,2014-10-12,2014-10-12,96,96,14,14,0,1,0.62,59.52,Delivered
PO-13178,SKU-025,WH-CA1,SUP-005,2014-10-18,2014-11-01,2014-10-31,96,96,14,13,-1,1,0.62,59.52,Delivered
PO-13179,SKU-025,WH-CA1,SUP-005,2014-11-06,2014-11-20,2014-11-18,96,96,14,12,-2,1,0.62,59.52,Delivered
PO-13180,SKU-025,WH-CA1,SUP-005,2014-11-27,2014-12-11,2014-12-10,96,96,14,13,-1,1,0.62,59.52,Delivered
PO-13181,SKU-025,WH-CA1,SUP-005,2014-12-17,2014-12-31,2014-12-31,96,96,14,14,0,1,0.62,59.52,Delivered
PO-13182,SKU-025,WH-CA1,SUP-005,2015-01-06,2015-01-20,2015-01-20,96,96,14,14,0,1,0.62,59.52,Delivered
PO-13183,SKU-025,WH-CA1,SUP-005,2015-01-25,2015-02-08,2015-02-08,96,96,14,14,0,1,0.62,59.52,Delivered
PO-13184,SKU-025,WH-CA1,SUP-005,2015-02-13,2015-02-27,2015-02-25,96,96,14,12,-2,1,0.62,59.52,Delivered
PO-13185,SKU-025,WH-CA1,SUP-005,2015-03-05,2015-03-19,2015-03-19,96,96,14,14,0,1,0.62,59.52,Delivered
PO-13186,SKU-025,WH-CA1,SUP-005,2015-03-25,2015-04-08,2015-04-07,96,96,14,13,-1,1,0.62,59.52,Delivered
PO-13187,SKU-025,WH-CA1,SUP-005,2015-04-14,2015-04-28,2015-04-27,96,96,14,13,-1,1,0.62,59.52,Delivered
PO-13188,SKU-025,WH-CA1,SUP-005,2015-05-04,2015-05-18,2015-05-17,96,96,14,13,-1,1,0.62,59.52,Delivered
PO-13189,SKU-025,WH-CA1,SUP-005,2015-05-24,2015-06-07,2015-06-07,96,96,14,14,0,1,0.62,59.52,Delivered
PO-13190,SKU-025,WH-CA1,SUP-005,2015-06-13,2015-06-27,2015-06-27,96,96,14,14,0,1,0.62,59.52,Delivered
PO-13191,SKU-025,WH-CA1,SUP-005,2015-07-04,2015-07-18,2015-07-18,96,96,14,14,0,1,0.62,59.52,Delivered
PO-13192,SKU-025,WH-CA1,SUP-005,2015-07-24,2015-08-07,2015-08-07,96,96,14,14,0,1,0.62,59.52,Delivered
PO-13193,SKU-025,WH-CA1,SUP-005,2015-08-14,2015-08-28,2015-08-28,96,96,14,14,0,1,0.62,59.52,Delivered
PO-13194,SKU-025,WH-CA1,SUP-005,2015-09-03,2015-09-17,2015-09-16,96,96,14,13,-1,1,0.62,59.52,Delivered
PO-13195,SKU-025,WH-CA1,SUP-005,2015-09-22,2015-10-06,2015-10-04,96,96,14,12,-2,1,0.62,59.52,Delivered
PO-13196,SKU-025,WH-CA1,SUP-005,2015-10-13,2015-10-27,2015-10-27,96,96,14,14,0,1,0.62,59.52,Delivered
PO-13197,SKU-025,WH-CA1,SUP-005,2015-11-03,2015-11-17,2015-11-17,96,96,14,14,0,1,0.62,59.52,Delivered
PO-13198,SKU-025,WH-CA1,SUP-005,2015-11-25,2015-12-09,2015-12-09,96,96,14,14,0,1,0.62,59.52,Delivered
PO-13199,SKU-025,WH-CA1,SUP-005,2015-12-14,2015-12-28,2015-12-28,96,96,14,14,0,1,0.62,59.52,Delivered
PO-13200,SKU-025,WH-CA1,SUP-005,2016-01-03,2016-01-17,2016-01-14,96,96,14,11,-3,1,0.62,59.52,Delivered
PO-13201,SKU-025,WH-CA1,SUP-005,2016-01-23,2016-02-06,2016-02-05,96,96,14,13,-1,1,0.62,59.52,Delivered
PO-13202,SKU-025,WH-CA1,SUP-005,2016-02-14,2016-02-28,2016-02-28,96,96,14,14,0,1,0.62,59.52,Delivered
PO-13203,SKU-025,WH-CA1,SUP-005,2016-03-07,2016-03-21,2016-03-21,96,96,14,14,0,1,0.62,59.52,Delivered
PO-13204,SKU-025,WH-CA1,SUP-005,2016-03-27,2016-04-10,2016-04-15,96,96,14,19,5,0,0.62,59.52,Delivered
PO-13205,SKU-025,WH-TX1,SUP-005,2014-04-29,2014-05-13,2014-05-13,96,96,14,14,0,1,0.62,59.52,Delivered
PO-13206,SKU-025,WH-TX1,SUP-005,2014-05-23,2014-06-06,2014-06-06,96,96,14,14,0,1,0.62,59.52,Delivered
PO-13207,SKU-025,WH-TX1,SUP-005,2014-06-14,2014-06-28,2014-07-02,96,96,14,18,4,0,0.62,59.52,Delivered
PO-13208,SKU-025,WH-TX1,SUP-005,2014-07-06,2014-07-20,2014-07-20,96,96,14,14,0,1,0.62,59.52,Delivered
PO-13209,SKU-025,WH-TX1,SUP-005,2014-07-28,2014-08-11,2014-08-11,96,96,14,14,0,1,0.62,59.52,Delivered
PO-13210,SKU-025,WH-TX1,SUP-005,2014-08-18,2014-09-01,2014-09-01,96,96,14,14,0,1,0.62,59.52,Delivered
PO-13211,SKU-025,WH-TX1,SUP-005,2014-09-10,2014-09-24,2014-09-24,96,96,14,14,0,1,0.62,59.52,Delivered
PO-13212,SKU-025,WH-TX1,SUP-005,2014-10-03,2014-10-17,2014-10-16,96,96,14,13,-1,1,0.62,59.52,Delivered
PO-13213,SKU-025,WH-TX1,SUP-005,2014-10-26,2014-11-09,2014-11-07,96,96,14,12,-2,1,0.62,59.52,Delivered
PO-13214,SKU-025,WH-TX1,SUP-005,2014-11-17,2014-12-01,2014-12-01,96,96,14,14,0,1,0.62,59.52,Delivered
PO-13215,SKU-025,WH-TX1,SUP-005,2014-12-11,2014-12-25,2014-12-25,96,96,14,14,0,1,0.62,59.52,Delivered
PO-13216,SKU-025,WH-TX1,SUP-005,2015-01-04,2015-01-18,2015-01-16,96,96,14,12,-2,1,0.62,59.52,Delivered
PO-13217,SKU-025,WH-TX1,SUP-005,2015-01-28,2015-02-11,2015-02-10,96,96,14,13,-1,1,0.62,59.52,Delivered
PO-13218,SKU-025,WH-TX1,SUP-005,2015-02-19,2015-03-05,2015-03-05,96,96,14,14,0,1,0.62,59.52,Delivered
PO-13219,SKU-025,WH-TX1,SUP-005,2015-03-13,2015-03-27,2015-04-07,96,96,14,25,11,0,0.62,59.52,Delivered
PO-13220,SKU-025,WH-TX1,SUP-005,2015-04-03,2015-04-17,2015-04-15,96,96,14,12,-2,1,0.62,59.52,Delivered
PO-13221,SKU-025,WH-TX1,SUP-005,2015-04-26,2015-05-10,2015-05-08,96,96,14,12,-2,1,0.62,59.52,Delivered
PO-13222,SKU-025,WH-TX1,SUP-005,2015-05-20,2015-06-03,2015-06-03,96,96,14,14,0,1,0.62,59.52,Delivered
PO-13223,SKU-025,WH-TX1,SUP-005,2015-06-11,2015-06-25,2015-06-25,96,96,14,14,0,1,0.62,59.52,Delivered
PO-13224,SKU-025,WH-TX1,SUP-005,2015-07-03,2015-07-17,2015-07-16,96,96,14,13,-1,1,0.62,59.52,Delivered
PO-13225,SKU-025,WH-TX1,SUP-005,2015-07-25,2015-08-08,2015-08-11,96,96,14,17,3,0,0.62,59.52,Delivered
PO-13226,SKU-025,WH-TX1,SUP-005,2015-08-17,2015-08-31,2015-08-29,96,96,14,12,-2,1,0.62,59.52,Delivered
PO-13227,SKU-025,WH-TX1,SUP-005,2015-09-08,2015-09-22,2015-09-22,96,96,14,14,0,1,0.62,59.52,Delivered
PO-13228,SKU-025,WH-TX1,SUP-005,2015-10-02,2015-10-16,2015-10-16,96,96,14,14,0,1,0.62,59.52,Delivered
PO-13229,SKU-025,WH-TX1,SUP-005,2015-10-23,2015-11-06,2015-11-06,96,96,14,14,0,1,0.62,59.52,Delivered
PO-13230,SKU-025,WH-TX1,SUP-005,2015-11-16,2015-11-30,2015-11-30,96,96,14,14,0,1,0.62,59.52,Delivered
PO-13231,SKU-025,WH-TX1,SUP-005,2015-12-08,2015-12-22,2015-12-22,96,96,14,14,0,1,0.62,59.52,Delivered
PO-13232,SKU-025,WH-TX1,SUP-005,2015-12-30,2016-01-13,2016-01-13,96,96,14,14,0,1,0.62,59.52,Delivered
PO-13233,SKU-025,WH-TX1,SUP-005,2016-01-21,2016-02-04,2016-02-04,96,96,14,14,0,1,0.62,59.52,Delivered
PO-13234,SKU-025,WH-TX1,SUP-005,2016-02-11,2016-02-25,2016-02-23,96,96,14,12,-2,1,0.62,59.52,Delivered
PO-13235,SKU-025,WH-TX1,SUP-005,2016-03-04,2016-03-18,2016-03-17,96,96,14,13,-1,1,0.62,59.52,Delivered
PO-13236,SKU-025,WH-TX1,SUP-005,2016-03-25,2016-04-08,2016-04-07,96,96,14,13,-1,1,0.62,59.52,Delivered
PO-13237,SKU-025,WH-WI1,SUP-005,2014-05-02,2014-05-16,2014-05-16,96,96,14,14,0,1,0.62,59.52,Delivered
PO-13238,SKU-025,WH-WI1,SUP-005,2014-05-26,2014-06-09,2014-06-06,96,96,14,11,-3,1,0.62,59.52,Delivered
PO-13239,SKU-025,WH-WI1,SUP-005,2014-06-18,2014-07-02,2014-07-01,96,96,14,13,-1,1,0.62,59.52,Delivered
PO-13240,SKU-025,WH-WI1,SUP-005,2014-07-09,2014-07-23,2014-07-20,96,96,14,11,-3,1,0.62,59.52,Delivered
PO-13241,SKU-025,WH-WI1,SUP-005,2014-07-31,2014-08-14,2014-08-14,96,96,14,14,0,1,0.62,59.52,Delivered
PO-13242,SKU-025,WH-WI1,SUP-005,2014-08-24,2014-09-07,2014-09-11,96,96,14,18,4,0,0.62,59.52,Delivered
PO-13243,SKU-025,WH-WI1,SUP-005,2014-09-16,2014-09-30,2014-09-30,96,96,14,14,0,1,0.62,59.52,Delivered
PO-13244,SKU-025,WH-WI1,SUP-005,2014-10-07,2014-10-21,2014-10-21,96,96,14,14,0,1,0.62,59.52,Delivered
PO-13245,SKU-025,WH-WI1,SUP-005,2014-10-30,2014-11-13,2014-11-12,96,96,14,13,-1,1,0.62,59.52,Delivered
PO-13246,SKU-025,WH-WI1,SUP-005,2014-11-22,2014-12-06,2014-12-03,96,96,14,11,-3,1,0.62,59.52,Delivered
PO-13247,SKU-025,WH-WI1,SUP-005,2014-12-16,2014-12-30,2014-12-30,96,96,14,14,0,1,0.62,59.52,Delivered
PO-13248,SKU-025,WH-WI1,SUP-005,2015-01-09,2015-01-23,2015-01-21,96,96,14,12,-2,1,0.62,59.52,Delivered
PO-13249,SKU-025,WH-WI1,SUP-005,2015-01-30,2015-02-13,2015-02-12,96,96,14,13,-1,1,0.62,59.52,Delivered
PO-13250,SKU-025,WH-WI1,SUP-005,2015-02-22,2015-03-08,2015-03-08,96,96,14,14,0,1,0.62,59.52,Delivered
PO-13251,SKU-025,WH-WI1,SUP-005,2015-03-17,2015-03-31,2015-03-31,96,96,14,14,0,1,0.62,59.52,Delivered
PO-13252,SKU-025,WH-WI1,SUP-005,2015-04-08,2015-04-22,2015-04-22,96,96,14,14,0,1,0.62,59.52,Delivered
PO-13253,SKU-025,WH-WI1,SUP-005,2015-04-30,2015-05-14,2015-05-12,96,96,14,12,-2,1,0.62,59.52,Delivered
PO-13254,SKU-025,WH-WI1,SUP-005,2015-05-23,2015-06-06,2015-06-04,96,96,14,12,-2,1,0.62,59.52,Delivered
PO-13255,SKU-025,WH-WI1,SUP-005,2015-06-15,2015-06-29,2015-06-28,96,96,14,13,-1,1,0.62,59.52,Delivered
PO-13256,SKU-025,WH-WI1,SUP-005,2015-07-07,2015-07-21,2015-07-21,96,96,14,14,0,1,0.62,59.52,Delivered
PO-13257,SKU-025,WH-WI1,SUP-005,2015-07-29,2015-08-12,2015-08-11,96,96,14,13,-1,1,0.62,59.52,Delivered
PO-13258,SKU-025,WH-WI1,SUP-005,2015-08-20,2015-09-03,2015-09-02,96,96,14,13,-1,1,0.62,59.52,Delivered
PO-13259,SKU-025,WH-WI1,SUP-005,2015-09-11,2015-09-25,2015-09-25,96,96,14,14,0,1,0.62,59.52,Delivered
PO-13260,SKU-025,WH-WI1,SUP-005,2015-10-03,2015-10-17,2015-10-17,96,96,14,14,0,1,0.62,59.52,Delivered
PO-13261,SKU-025,WH-WI1,SUP-005,2015-10-24,2015-11-07,2015-11-05,96,96,14,12,-2,1,0.62,59.52,Delivered
PO-13262,SKU-025,WH-WI1,SUP-005,2015-11-15,2015-11-29,2015-11-29,96,96,14,14,0,1,0.62,59.52,Delivered
PO-13263,SKU-025,WH-WI1,SUP-005,2015-12-08,2015-12-22,2015-12-21,96,96,14,13,-1,1,0.62,59.52,Delivered
PO-13264,SKU-025,WH-WI1,SUP-005,2015-12-31,2016-01-14,2016-01-11,96,96,14,11,-3,1,0.62,59.52,Delivered
PO-13265,SKU-025,WH-WI1,SUP-005,2016-01-22,2016-02-05,2016-02-05,96,96,14,14,0,1,0.62,59.52,Delivered
PO-13266,SKU-025,WH-WI1,SUP-005,2016-02-13,2016-02-27,2016-02-25,96,96,14,12,-2,1,0.62,59.52,Delivered
PO-13267,SKU-025,WH-WI1,SUP-005,2016-03-06,2016-03-20,2016-03-19,96,96,14,13,-1,1,0.62,59.52,Delivered
PO-13268,SKU-025,WH-WI1,SUP-005,2016-03-28,2016-04-11,2016-04-10,96,96,14,13,-1,1,0.62,59.52,Delivered
PO-13269,SKU-026,WH-CA1,SUP-008,2014-05-05,2014-05-17,2014-05-17,96,96,12,12,0,1,2.27,217.92,Delivered
PO-13270,SKU-026,WH-CA1,SUP-008,2014-05-24,2014-06-05,2014-06-04,96,96,12,11,-1,1,2.27,217.92,Delivered
PO-13271,SKU-026,WH-CA1,SUP-008,2014-06-12,2014-06-24,2014-06-24,96,96,12,12,0,1,2.27,217.92,Delivered
PO-13272,SKU-026,WH-CA1,SUP-008,2014-07-02,2014-07-14,2014-07-13,96,96,12,11,-1,1,2.27,217.92,Delivered
PO-13273,SKU-026,WH-CA1,SUP-008,2014-07-20,2014-08-01,2014-07-31,96,96,12,11,-1,1,2.27,217.92,Delivered
PO-13274,SKU-026,WH-CA1,SUP-008,2014-08-08,2014-08-20,2014-08-20,96,96,12,12,0,1,2.27,217.92,Delivered
PO-13275,SKU-026,WH-CA1,SUP-008,2014-08-25,2014-09-06,2014-09-25,96,96,12,31,19,0,2.27,217.92,Delivered
PO-13276,SKU-026,WH-CA1,SUP-008,2014-09-11,2014-09-23,2014-09-22,96,96,12,11,-1,1,2.27,217.92,Delivered
PO-13277,SKU-026,WH-CA1,SUP-008,2014-09-29,2014-10-11,2014-10-11,96,96,12,12,0,1,2.27,217.92,Delivered
PO-13278,SKU-026,WH-CA1,SUP-008,2014-10-18,2014-10-30,2014-10-30,96,96,12,12,0,1,2.27,217.92,Delivered
PO-13279,SKU-026,WH-CA1,SUP-008,2014-11-07,2014-11-19,2014-11-19,96,96,12,12,0,1,2.27,217.92,Delivered
PO-13280,SKU-026,WH-CA1,SUP-008,2014-11-26,2014-12-08,2014-12-08,96,96,12,12,0,1,2.27,217.92,Delivered
PO-13281,SKU-026,WH-CA1,SUP-008,2014-12-14,2014-12-26,2014-12-26,96,96,12,12,0,1,2.27,217.92,Delivered
PO-13282,SKU-026,WH-CA1,SUP-008,2015-01-01,2015-01-13,2015-01-12,96,96,12,11,-1,1,2.27,217.92,Delivered
PO-13283,SKU-026,WH-CA1,SUP-008,2015-01-21,2015-02-02,2015-01-31,96,96,12,10,-2,1,2.27,217.92,Delivered
PO-13284,SKU-026,WH-CA1,SUP-008,2015-02-07,2015-02-19,2015-02-19,96,96,12,12,0,1,2.27,217.92,Delivered
PO-13285,SKU-026,WH-CA1,SUP-008,2015-02-25,2015-03-09,2015-03-09,96,96,12,12,0,1,2.27,217.92,Delivered
PO-13286,SKU-026,WH-CA1,SUP-008,2015-03-17,2015-03-29,2015-03-29,96,96,12,12,0,1,2.27,217.92,Delivered
PO-13287,SKU-026,WH-CA1,SUP-008,2015-04-04,2015-04-16,2015-04-16,96,96,12,12,0,1,2.27,217.92,Delivered
PO-13288,SKU-026,WH-CA1,SUP-008,2015-04-22,2015-05-04,2015-05-04,96,96,12,12,0,1,2.27,217.92,Delivered
PO-13289,SKU-026,WH-CA1,SUP-008,2015-05-12,2015-05-24,2015-05-24,96,96,12,12,0,1,2.27,217.92,Delivered
PO-13290,SKU-026,WH-CA1,SUP-008,2015-05-30,2015-06-11,2015-06-10,96,96,12,11,-1,1,2.27,217.92,Delivered
PO-13291,SKU-026,WH-CA1,SUP-008,2015-06-18,2015-06-30,2015-06-30,96,96,12,12,0,1,2.27,217.92,Delivered
PO-13292,SKU-026,WH-CA1,SUP-008,2015-07-05,2015-07-17,2015-07-17,96,96,12,12,0,1,2.27,217.92,Delivered
PO-13293,SKU-026,WH-CA1,SUP-008,2015-07-24,2015-08-05,2015-08-07,96,96,12,14,2,0,2.27,217.92,Delivered
PO-13294,SKU-026,WH-CA1,SUP-008,2015-08-10,2015-08-22,2015-08-19,96,96,12,9,-3,1,2.27,217.92,Delivered
PO-13295,SKU-026,WH-CA1,SUP-008,2015-08-27,2015-09-08,2015-09-08,96,96,12,12,0,1,2.27,217.92,Delivered
PO-13296,SKU-026,WH-CA1,SUP-008,2015-09-14,2015-09-26,2015-09-26,96,96,12,12,0,1,2.27,217.92,Delivered
PO-13297,SKU-026,WH-CA1,SUP-008,2015-10-02,2015-10-14,2015-10-14,96,96,12,12,0,1,2.27,217.92,Delivered
PO-13298,SKU-026,WH-CA1,SUP-008,2015-10-19,2015-10-31,2015-11-02,96,96,12,14,2,0,2.27,217.92,Delivered
PO-13299,SKU-026,WH-CA1,SUP-008,2015-11-05,2015-11-17,2015-11-17,96,96,12,12,0,1,2.27,217.92,Delivered
PO-13300,SKU-026,WH-CA1,SUP-008,2015-11-24,2015-12-06,2015-12-06,96,96,12,12,0,1,2.27,217.92,Delivered
PO-13301,SKU-026,WH-CA1,SUP-008,2015-12-12,2015-12-24,2015-12-24,96,96,12,12,0,1,2.27,217.92,Delivered
PO-13302,SKU-026,WH-CA1,SUP-008,2015-12-29,2016-01-10,2016-01-08,96,96,12,10,-2,1,2.27,217.92,Delivered
PO-13303,SKU-026,WH-CA1,SUP-008,2016-01-16,2016-01-28,2016-01-28,96,96,12,12,0,1,2.27,217.92,Delivered
PO-13304,SKU-026,WH-CA1,SUP-008,2016-02-03,2016-02-15,2016-02-12,96,96,12,9,-3,1,2.27,217.92,Delivered
PO-13305,SKU-026,WH-CA1,SUP-008,2016-02-22,2016-03-05,2016-03-04,96,96,12,11,-1,1,2.27,217.92,Delivered
PO-13306,SKU-026,WH-CA1,SUP-008,2016-03-11,2016-03-23,2016-03-19,96,96,12,8,-4,1,2.27,217.92,Delivered
PO-13307,SKU-026,WH-CA1,SUP-008,2016-03-29,2016-04-10,2016-04-08,96,96,12,10,-2,1,2.27,217.92,Delivered
PO-13308,SKU-026,WH-TX1,SUP-008,2014-04-27,2014-05-09,2014-05-09,96,96,12,12,0,1,2.27,217.92,Delivered
PO-13309,SKU-026,WH-TX1,SUP-008,2014-05-19,2014-05-31,2014-05-31,96,96,12,12,0,1,2.27,217.92,Delivered
PO-13310,SKU-026,WH-TX1,SUP-008,2014-06-10,2014-06-22,2014-06-21,96,96,12,11,-1,1,2.27,217.92,Delivered
PO-13311,SKU-026,WH-TX1,SUP-008,2014-07-01,2014-07-13,2014-07-13,96,96,12,12,0,1,2.27,217.92,Delivered
PO-13312,SKU-026,WH-TX1,SUP-008,2014-07-23,2014-08-04,2014-08-03,96,96,12,11,-1,1,2.27,217.92,Delivered
PO-13313,SKU-026,WH-TX1,SUP-008,2014-08-16,2014-08-28,2014-08-26,96,96,12,10,-2,1,2.27,217.92,Delivered
PO-13314,SKU-026,WH-TX1,SUP-008,2014-09-08,2014-09-20,2014-09-19,96,96,12,11,-1,1,2.27,217.92,Delivered
PO-13315,SKU-026,WH-TX1,SUP-008,2014-09-29,2014-10-11,2014-10-11,96,96,12,12,0,1,2.27,217.92,Delivered
PO-13316,SKU-026,WH-TX1,SUP-008,2014-10-22,2014-11-03,2014-11-03,96,96,12,12,0,1,2.27,217.92,Delivered
PO-13317,SKU-026,WH-TX1,SUP-008,2014-11-13,2014-11-25,2014-11-24,96,96,12,11,-1,1,2.27,217.92,Delivered
PO-13318,SKU-026,WH-TX1,SUP-008,2014-12-07,2014-12-19,2014-12-19,96,96,12,12,0,1,2.27,217.92,Delivered
PO-13319,SKU-026,WH-TX1,SUP-008,2014-12-31,2015-01-12,2015-01-11,96,96,12,11,-1,1,2.27,217.92,Delivered
PO-13320,SKU-026,WH-TX1,SUP-008,2015-01-21,2015-02-02,2015-02-02,96,96,12,12,0,1,2.27,217.92,Delivered
PO-13321,SKU-026,WH-TX1,SUP-008,2015-02-14,2015-02-26,2015-02-26,96,96,12,12,0,1,2.27,217.92,Delivered
PO-13322,SKU-026,WH-TX1,SUP-008,2015-03-10,2015-03-22,2015-03-22,96,96,12,12,0,1,2.27,217.92,Delivered
PO-13323,SKU-026,WH-TX1,SUP-008,2015-04-01,2015-04-13,2015-04-13,96,96,12,12,0,1,2.27,217.92,Delivered
PO-13324,SKU-026,WH-TX1,SUP-008,2015-04-22,2015-05-04,2015-05-04,96,96,12,12,0,1,2.27,217.92,Delivered
PO-13325,SKU-026,WH-TX1,SUP-008,2015-05-14,2015-05-26,2015-05-25,96,96,12,11,-1,1,2.27,217.92,Delivered
PO-13326,SKU-026,WH-TX1,SUP-008,2015-06-07,2015-06-19,2015-06-17,96,96,12,10,-2,1,2.27,217.92,Delivered
PO-13327,SKU-026,WH-TX1,SUP-008,2015-06-30,2015-07-12,2015-07-12,96,96,12,12,0,1,2.27,217.92,Delivered
PO-13328,SKU-026,WH-TX1,SUP-008,2015-07-23,2015-08-04,2015-08-04,96,96,12,12,0,1,2.27,217.92,Delivered
PO-13329,SKU-026,WH-TX1,SUP-008,2015-08-14,2015-08-26,2015-08-26,96,96,12,12,0,1,2.27,217.92,Delivered
PO-13330,SKU-026,WH-TX1,SUP-008,2015-09-05,2015-09-17,2015-09-17,96,96,12,12,0,1,2.27,217.92,Delivered
PO-13331,SKU-026,WH-TX1,SUP-008,2015-09-27,2015-10-09,2015-10-09,96,96,12,12,0,1,2.27,217.92,Delivered
PO-13332,SKU-026,WH-TX1,SUP-008,2015-10-20,2015-11-01,2015-11-01,96,96,12,12,0,1,2.27,217.92,Delivered
PO-13333,SKU-026,WH-TX1,SUP-008,2015-11-11,2015-11-23,2015-11-23,96,96,12,12,0,1,2.27,217.92,Delivered
PO-13334,SKU-026,WH-TX1,SUP-008,2015-12-04,2015-12-16,2015-12-16,96,96,12,12,0,1,2.27,217.92,Delivered
PO-13335,SKU-026,WH-TX1,SUP-008,2015-12-26,2016-01-07,2016-01-07,96,96,12,12,0,1,2.27,217.92,Delivered
PO-13336,SKU-026,WH-TX1,SUP-008,2016-01-17,2016-01-29,2016-01-27,96,96,12,10,-2,1,2.27,217.92,Delivered
PO-13337,SKU-026,WH-TX1,SUP-008,2016-02-10,2016-02-22,2016-02-22,96,96,12,12,0,1,2.27,217.92,Delivered
PO-13338,SKU-026,WH-TX1,SUP-008,2016-03-03,2016-03-15,2016-03-15,96,96,12,12,0,1,2.27,217.92,Delivered
PO-13339,SKU-026,WH-TX1,SUP-008,2016-03-26,2016-04-07,2016-04-09,96,96,12,14,2,0,2.27,217.92,Delivered
PO-13340,SKU-026,WH-WI1,SUP-008,2014-05-03,2014-05-15,2014-05-18,96,96,12,15,3,0,2.27,217.92,Delivered
PO-13341,SKU-026,WH-WI1,SUP-008,2014-05-28,2014-06-09,2014-06-05,96,96,12,8,-4,1,2.27,217.92,Delivered
PO-13342,SKU-026,WH-WI1,SUP-008,2014-06-20,2014-07-02,2014-06-30,96,96,12,10,-2,1,2.27,217.92,Delivered
PO-13343,SKU-026,WH-WI1,SUP-008,2014-07-13,2014-07-25,2014-07-25,96,96,12,12,0,1,2.27,217.92,Delivered
PO-13344,SKU-026,WH-WI1,SUP-008,2014-08-07,2014-08-19,2014-08-19,96,96,12,12,0,1,2.27,217.92,Delivered
PO-13345,SKU-026,WH-WI1,SUP-008,2014-08-30,2014-09-11,2014-09-11,96,96,12,12,0,1,2.27,217.92,Delivered
PO-13346,SKU-026,WH-WI1,SUP-008,2014-09-23,2014-10-05,2014-10-05,96,96,12,12,0,1,2.27,217.92,Delivered
PO-13347,SKU-026,WH-WI1,SUP-008,2014-10-17,2014-10-29,2014-10-27,96,96,12,10,-2,1,2.27,217.92,Delivered
PO-13348,SKU-026,WH-WI1,SUP-008,2014-11-08,2014-11-20,2014-11-17,96,96,12,9,-3,1,2.27,217.92,Delivered
PO-13349,SKU-026,WH-WI1,SUP-008,2014-11-30,2014-12-12,2014-12-12,96,96,12,12,0,1,2.27,217.92,Delivered
PO-13350,SKU-026,WH-WI1,SUP-008,2014-12-25,2015-01-06,2015-01-04,96,96,12,10,-2,1,2.27,217.92,Delivered
PO-13351,SKU-026,WH-WI1,SUP-008,2015-01-18,2015-01-30,2015-01-30,96,96,12,12,0,1,2.27,217.92,Delivered
PO-13352,SKU-026,WH-WI1,SUP-008,2015-02-10,2015-02-22,2015-02-19,96,96,12,9,-3,1,2.27,217.92,Delivered
PO-13353,SKU-026,WH-WI1,SUP-008,2015-03-07,2015-03-19,2015-03-19,96,96,12,12,0,1,2.27,217.92,Delivered
PO-13354,SKU-026,WH-WI1,SUP-008,2015-03-30,2015-04-11,2015-04-11,96,96,12,12,0,1,2.27,217.92,Delivered
PO-13355,SKU-026,WH-WI1,SUP-008,2015-04-22,2015-05-04,2015-05-02,96,96,12,10,-2,1,2.27,217.92,Delivered
PO-13356,SKU-026,WH-WI1,SUP-008,2015-05-16,2015-05-28,2015-05-26,96,96,12,10,-2,1,2.27,217.92,Delivered
PO-13357,SKU-026,WH-WI1,SUP-008,2015-06-08,2015-06-20,2015-06-17,96,96,12,9,-3,1,2.27,217.92,Delivered
PO-13358,SKU-026,WH-WI1,SUP-008,2015-07-02,2015-07-14,2015-07-21,96,96,12,19,7,0,2.27,217.92,Delivered
PO-13359,SKU-026,WH-WI1,SUP-008,2015-07-24,2015-08-05,2015-08-05,96,96,12,12,0,1,2.27,217.92,Delivered
PO-13360,SKU-026,WH-WI1,SUP-008,2015-08-16,2015-08-28,2015-08-28,96,96,12,12,0,1,2.27,217.92,Delivered
PO-13361,SKU-026,WH-WI1,SUP-008,2015-09-09,2015-09-21,2015-09-23,96,96,12,14,2,0,2.27,217.92,Delivered
PO-13362,SKU-026,WH-WI1,SUP-008,2015-10-04,2015-10-16,2015-10-16,96,96,12,12,0,1,2.27,217.92,Delivered
PO-13363,SKU-026,WH-WI1,SUP-008,2015-10-27,2015-11-08,2015-11-08,96,96,12,12,0,1,2.27,217.92,Delivered
PO-13364,SKU-026,WH-WI1,SUP-008,2015-11-19,2015-12-01,2015-12-01,96,96,12,12,0,1,2.27,217.92,Delivered
PO-13365,SKU-026,WH-WI1,SUP-008,2015-12-13,2015-12-25,2015-12-25,96,96,12,12,0,1,2.27,217.92,Delivered
PO-13366,SKU-026,WH-WI1,SUP-008,2016-01-07,2016-01-19,2016-01-16,96,96,12,9,-3,1,2.27,217.92,Delivered
PO-13367,SKU-026,WH-WI1,SUP-008,2016-01-30,2016-02-11,2016-02-11,96,96,12,12,0,1,2.27,217.92,Delivered
PO-13368,SKU-026,WH-WI1,SUP-008,2016-02-22,2016-03-05,2016-03-04,96,96,12,11,-1,1,2.27,217.92,Delivered
PO-13369,SKU-026,WH-WI1,SUP-008,2016-03-17,2016-03-29,2016-03-29,96,96,12,12,0,1,2.27,217.92,Delivered
PO-13370,SKU-026,WH-WI1,SUP-008,2016-04-09,2016-04-21,2016-04-21,96,96,12,12,0,1,2.27,217.92,Delivered
PO-13371,SKU-027,WH-CA1,SUP-004,2014-04-29,2014-05-09,2014-05-09,96,96,10,10,0,1,2.5,240.0,Delivered
PO-13372,SKU-027,WH-CA1,SUP-004,2014-05-19,2014-05-29,2014-05-29,96,96,10,10,0,1,2.5,240.0,Delivered
PO-13373,SKU-027,WH-CA1,SUP-004,2014-06-11,2014-06-21,2014-06-21,96,96,10,10,0,1,2.5,240.0,Delivered
PO-13374,SKU-027,WH-CA1,SUP-004,2014-07-02,2014-07-12,2014-07-12,96,96,10,10,0,1,2.5,240.0,Delivered
PO-13375,SKU-027,WH-CA1,SUP-004,2014-07-25,2014-08-04,2014-08-02,96,96,10,8,-2,1,2.5,240.0,Delivered
PO-13376,SKU-027,WH-CA1,SUP-004,2014-08-15,2014-08-25,2014-08-25,96,96,10,10,0,1,2.5,240.0,Delivered
PO-13377,SKU-027,WH-CA1,SUP-004,2014-09-05,2014-09-15,2014-09-15,96,96,10,10,0,1,2.5,240.0,Delivered
PO-13378,SKU-027,WH-CA1,SUP-004,2014-09-27,2014-10-07,2014-10-06,96,96,10,9,-1,1,2.5,240.0,Delivered
PO-13379,SKU-027,WH-CA1,SUP-004,2014-10-18,2014-10-28,2014-10-27,96,96,10,9,-1,1,2.5,240.0,Delivered
PO-13380,SKU-027,WH-CA1,SUP-004,2014-11-08,2014-11-18,2014-11-18,96,96,10,10,0,1,2.5,240.0,Delivered
PO-13381,SKU-027,WH-CA1,SUP-004,2014-11-29,2014-12-09,2014-12-09,96,96,10,10,0,1,2.5,240.0,Delivered
PO-13382,SKU-027,WH-CA1,SUP-004,2014-12-21,2014-12-31,2014-12-31,96,96,10,10,0,1,2.5,240.0,Delivered
PO-13383,SKU-027,WH-CA1,SUP-004,2015-01-11,2015-01-21,2015-01-21,96,96,10,10,0,1,2.5,240.0,Delivered
PO-13384,SKU-027,WH-CA1,SUP-004,2015-01-31,2015-02-10,2015-02-10,96,96,10,10,0,1,2.5,240.0,Delivered
PO-13385,SKU-027,WH-CA1,SUP-004,2015-02-23,2015-03-05,2015-03-05,96,96,10,10,0,1,2.5,240.0,Delivered
PO-13386,SKU-027,WH-CA1,SUP-004,2015-03-18,2015-03-28,2015-03-28,96,96,10,10,0,1,2.5,240.0,Delivered
PO-13387,SKU-027,WH-CA1,SUP-004,2015-04-09,2015-04-19,2015-04-19,96,96,10,10,0,1,2.5,240.0,Delivered
PO-13388,SKU-027,WH-CA1,SUP-004,2015-04-29,2015-05-09,2015-05-09,96,96,10,10,0,1,2.5,240.0,Delivered
PO-13389,SKU-027,WH-CA1,SUP-004,2015-05-21,2015-05-31,2015-05-31,96,96,10,10,0,1,2.5,240.0,Delivered
PO-13390,SKU-027,WH-CA1,SUP-004,2015-06-11,2015-06-21,2015-06-20,96,96,10,9,-1,1,2.5,240.0,Delivered
PO-13391,SKU-027,WH-CA1,SUP-004,2015-07-04,2015-07-14,2015-07-14,96,96,10,10,0,1,2.5,240.0,Delivered
PO-13392,SKU-027,WH-CA1,SUP-004,2015-07-26,2015-08-05,2015-08-03,96,96,10,8,-2,1,2.5,240.0,Delivered
PO-13393,SKU-027,WH-CA1,SUP-004,2015-08-18,2015-08-28,2015-08-27,96,96,10,9,-1,1,2.5,240.0,Delivered
PO-13394,SKU-027,WH-CA1,SUP-004,2015-09-09,2015-09-19,2015-09-19,96,96,10,10,0,1,2.5,240.0,Delivered
PO-13395,SKU-027,WH-CA1,SUP-004,2015-09-29,2015-10-09,2015-10-08,96,96,10,9,-1,1,2.5,240.0,Delivered
PO-13396,SKU-027,WH-CA1,SUP-004,2015-10-21,2015-10-31,2015-10-29,96,96,10,8,-2,1,2.5,240.0,Delivered
PO-13397,SKU-027,WH-CA1,SUP-004,2015-11-11,2015-11-21,2015-11-21,96,96,10,10,0,1,2.5,240.0,Delivered
PO-13398,SKU-027,WH-CA1,SUP-004,2015-12-04,2015-12-14,2015-12-13,96,96,10,9,-1,1,2.5,240.0,Delivered
PO-13399,SKU-027,WH-CA1,SUP-004,2015-12-25,2016-01-04,2016-01-04,96,96,10,10,0,1,2.5,240.0,Delivered
PO-13400,SKU-027,WH-CA1,SUP-004,2016-01-16,2016-01-26,2016-01-26,96,96,10,10,0,1,2.5,240.0,Delivered
PO-13401,SKU-027,WH-CA1,SUP-004,2016-02-07,2016-02-17,2016-02-17,96,96,10,10,0,1,2.5,240.0,Delivered
PO-13402,SKU-027,WH-CA1,SUP-004,2016-03-01,2016-03-11,2016-03-11,96,96,10,10,0,1,2.5,240.0,Delivered
PO-13403,SKU-027,WH-CA1,SUP-004,2016-03-22,2016-04-01,2016-04-01,96,96,10,10,0,1,2.5,240.0,Delivered
PO-13404,SKU-027,WH-TX1,SUP-004,2014-05-03,2014-05-13,2014-05-13,96,96,10,10,0,1,2.5,240.0,Delivered
PO-13405,SKU-027,WH-TX1,SUP-004,2014-05-17,2014-05-27,2014-05-27,96,96,10,10,0,1,2.5,240.0,Delivered
PO-13406,SKU-027,WH-TX1,SUP-004,2014-06-01,2014-06-11,2014-06-11,96,96,10,10,0,1,2.5,240.0,Delivered
PO-13407,SKU-027,WH-TX1,SUP-004,2014-06-17,2014-06-27,2014-06-27,96,96,10,10,0,1,2.5,240.0,Delivered
PO-13408,SKU-027,WH-TX1,SUP-004,2014-07-01,2014-07-11,2014-07-11,96,96,10,10,0,1,2.5,240.0,Delivered
PO-13409,SKU-027,WH-TX1,SUP-004,2014-07-15,2014-07-25,2014-07-25,96,96,10,10,0,1,2.5,240.0,Delivered
PO-13410,SKU-027,WH-TX1,SUP-004,2014-07-31,2014-08-10,2014-08-09,96,96,10,9,-1,1,2.5,240.0,Delivered
PO-13411,SKU-027,WH-TX1,SUP-004,2014-08-14,2014-08-24,2014-08-23,96,96,10,9,-1,1,2.5,240.0,Delivered
PO-13412,SKU-027,WH-TX1,SUP-004,2014-08-27,2014-09-06,2014-09-05,96,96,10,9,-1,1,2.5,240.0,Delivered
PO-13413,SKU-027,WH-TX1,SUP-004,2014-09-09,2014-09-19,2014-09-18,96,96,10,9,-1,1,2.5,240.0,Delivered
PO-13414,SKU-027,WH-TX1,SUP-004,2014-09-24,2014-10-04,2014-10-03,96,96,10,9,-1,1,2.5,240.0,Delivered
PO-13415,SKU-027,WH-TX1,SUP-004,2014-10-09,2014-10-19,2014-10-18,96,96,10,9,-1,1,2.5,240.0,Delivered
PO-13416,SKU-027,WH-TX1,SUP-004,2014-10-24,2014-11-03,2014-11-01,96,96,10,8,-2,1,2.5,240.0,Delivered
PO-13417,SKU-027,WH-TX1,SUP-004,2014-11-07,2014-11-17,2014-11-17,96,96,10,10,0,1,2.5,240.0,Delivered
PO-13418,SKU-027,WH-TX1,SUP-004,2014-11-20,2014-11-30,2014-11-30,96,96,10,10,0,1,2.5,240.0,Delivered
PO-13419,SKU-027,WH-TX1,SUP-004,2014-12-04,2014-12-14,2014-12-14,96,96,10,10,0,1,2.5,240.0,Delivered
PO-13420,SKU-027,WH-TX1,SUP-004,2014-12-17,2014-12-27,2014-12-25,96,96,10,8,-2,1,2.5,240.0,Delivered
PO-13421,SKU-027,WH-TX1,SUP-004,2014-12-30,2015-01-09,2015-01-10,96,96,10,11,1,0,2.5,240.0,Delivered
PO-13422,SKU-027,WH-TX1,SUP-004,2015-01-14,2015-01-24,2015-01-24,96,96,10,10,0,1,2.5,240.0,Delivered
PO-13423,SKU-027,WH-TX1,SUP-004,2015-01-28,2015-02-07,2015-02-18,96,96,10,21,11,0,2.5,240.0,Delivered
PO-13424,SKU-027,WH-TX1,SUP-004,2015-02-12,2015-02-22,2015-02-21,96,96,10,9,-1,1,2.5,240.0,Delivered
PO-13425,SKU-027,WH-TX1,SUP-004,2015-02-26,2015-03-08,2015-03-08,96,96,10,10,0,1,2.5,240.0,Delivered
PO-13426,SKU-027,WH-TX1,SUP-004,2015-03-12,2015-03-22,2015-03-22,96,96,10,10,0,1,2.5,240.0,Delivered
PO-13427,SKU-027,WH-TX1,SUP-004,2015-03-25,2015-04-04,2015-04-03,96,96,10,9,-1,1,2.5,240.0,Delivered
PO-13428,SKU-027,WH-TX1,SUP-004,2015-04-07,2015-04-17,2015-04-15,96,96,10,8,-2,1,2.5,240.0,Delivered
PO-13429,SKU-027,WH-TX1,SUP-004,2015-04-20,2015-04-30,2015-04-29,96,96,10,9,-1,1,2.5,240.0,Delivered
PO-13430,SKU-027,WH-TX1,SUP-004,2015-05-04,2015-05-14,2015-05-14,96,96,10,10,0,1,2.5,240.0,Delivered
PO-13431,SKU-027,WH-TX1,SUP-004,2015-05-17,2015-05-27,2015-05-25,96,96,10,8,-2,1,2.5,240.0,Delivered
PO-13432,SKU-027,WH-TX1,SUP-004,2015-05-30,2015-06-09,2015-06-07,96,96,10,8,-2,1,2.5,240.0,Delivered
PO-13433,SKU-027,WH-TX1,SUP-004,2015-06-15,2015-06-25,2015-06-25,96,96,10,10,0,1,2.5,240.0,Delivered
PO-13434,SKU-027,WH-TX1,SUP-004,2015-07-01,2015-07-11,2015-07-11,96,96,10,10,0,1,2.5,240.0,Delivered
PO-13435,SKU-027,WH-TX1,SUP-004,2015-07-14,2015-07-24,2015-07-24,96,96,10,10,0,1,2.5,240.0,Delivered
PO-13436,SKU-027,WH-TX1,SUP-004,2015-07-27,2015-08-06,2015-08-06,96,96,10,10,0,1,2.5,240.0,Delivered
PO-13437,SKU-027,WH-TX1,SUP-004,2015-08-12,2015-08-22,2015-08-22,96,96,10,10,0,1,2.5,240.0,Delivered
PO-13438,SKU-027,WH-TX1,SUP-004,2015-08-26,2015-09-05,2015-09-05,96,96,10,10,0,1,2.5,240.0,Delivered
PO-13439,SKU-027,WH-TX1,SUP-004,2015-09-09,2015-09-19,2015-09-18,96,96,10,9,-1,1,2.5,240.0,Delivered
PO-13440,SKU-027,WH-TX1,SUP-004,2015-09-25,2015-10-05,2015-10-05,96,96,10,10,0,1,2.5,240.0,Delivered
PO-13441,SKU-027,WH-TX1,SUP-004,2015-10-11,2015-10-21,2015-10-21,96,96,10,10,0,1,2.5,240.0,Delivered
PO-13442,SKU-027,WH-TX1,SUP-004,2015-10-25,2015-11-04,2015-11-03,96,96,10,9,-1,1,2.5,240.0,Delivered
PO-13443,SKU-027,WH-TX1,SUP-004,2015-11-08,2015-11-18,2015-11-16,96,96,10,8,-2,1,2.5,240.0,Delivered
PO-13444,SKU-027,WH-TX1,SUP-004,2015-11-21,2015-12-01,2015-12-01,96,96,10,10,0,1,2.5,240.0,Delivered
PO-13445,SKU-027,WH-TX1,SUP-004,2015-12-06,2015-12-16,2015-12-15,96,96,10,9,-1,1,2.5,240.0,Delivered
PO-13446,SKU-027,WH-TX1,SUP-004,2015-12-20,2015-12-30,2015-12-30,96,96,10,10,0,1,2.5,240.0,Delivered
PO-13447,SKU-027,WH-TX1,SUP-004,2016-01-05,2016-01-15,2016-01-17,96,96,10,12,2,0,2.5,240.0,Delivered
PO-13448,SKU-027,WH-TX1,SUP-004,2016-01-18,2016-01-28,2016-01-28,96,96,10,10,0,1,2.5,240.0,Delivered
PO-13449,SKU-027,WH-TX1,SUP-004,2016-02-02,2016-02-12,2016-02-12,96,96,10,10,0,1,2.5,240.0,Delivered
PO-13450,SKU-027,WH-TX1,SUP-004,2016-02-17,2016-02-27,2016-02-27,96,96,10,10,0,1,2.5,240.0,Delivered
PO-13451,SKU-027,WH-TX1,SUP-004,2016-03-01,2016-03-11,2016-03-09,96,96,10,8,-2,1,2.5,240.0,Delivered
PO-13452,SKU-027,WH-TX1,SUP-004,2016-03-17,2016-03-27,2016-03-27,96,96,10,10,0,1,2.5,240.0,Delivered
PO-13453,SKU-027,WH-TX1,SUP-004,2016-03-30,2016-04-09,2016-04-09,96,96,10,10,0,1,2.5,240.0,Delivered
PO-13454,SKU-027,WH-WI1,SUP-004,2014-04-28,2014-05-08,2014-05-06,96,96,10,8,-2,1,2.5,240.0,Delivered
PO-13455,SKU-027,WH-WI1,SUP-004,2014-05-16,2014-05-26,2014-05-25,96,96,10,9,-1,1,2.5,240.0,Delivered
PO-13456,SKU-027,WH-WI1,SUP-004,2014-06-02,2014-06-12,2014-06-11,96,96,10,9,-1,1,2.5,240.0,Delivered
PO-13457,SKU-027,WH-WI1,SUP-004,2014-06-20,2014-06-30,2014-06-30,96,96,10,10,0,1,2.5,240.0,Delivered
PO-13458,SKU-027,WH-WI1,SUP-004,2014-07-08,2014-07-18,2014-07-18,96,96,10,10,0,1,2.5,240.0,Delivered
PO-13459,SKU-027,WH-WI1,SUP-004,2014-07-23,2014-08-02,2014-08-01,96,96,10,9,-1,1,2.5,240.0,Delivered
PO-13460,SKU-027,WH-WI1,SUP-004,2014-08-07,2014-08-17,2014-08-17,96,96,10,10,0,1,2.5,240.0,Delivered
PO-13461,SKU-027,WH-WI1,SUP-004,2014-08-25,2014-09-04,2014-09-04,96,96,10,10,0,1,2.5,240.0,Delivered
PO-13462,SKU-027,WH-WI1,SUP-004,2014-09-10,2014-09-20,2014-09-20,96,96,10,10,0,1,2.5,240.0,Delivered
PO-13463,SKU-027,WH-WI1,SUP-004,2014-09-26,2014-10-06,2014-10-06,96,96,10,10,0,1,2.5,240.0,Delivered
PO-13464,SKU-027,WH-WI1,SUP-004,2014-10-12,2014-10-22,2014-10-22,96,96,10,10,0,1,2.5,240.0,Delivered
PO-13465,SKU-027,WH-WI1,SUP-004,2014-10-30,2014-11-09,2014-11-09,96,96,10,10,0,1,2.5,240.0,Delivered
PO-13466,SKU-027,WH-WI1,SUP-004,2014-11-14,2014-11-24,2014-11-24,96,96,10,10,0,1,2.5,240.0,Delivered
PO-13467,SKU-027,WH-WI1,SUP-004,2014-11-29,2014-12-09,2014-12-08,96,96,10,9,-1,1,2.5,240.0,Delivered
PO-13468,SKU-027,WH-WI1,SUP-004,2014-12-17,2014-12-27,2014-12-25,96,96,10,8,-2,1,2.5,240.0,Delivered
PO-13469,SKU-027,WH-WI1,SUP-004,2015-01-04,2015-01-14,2015-01-13,96,96,10,9,-1,1,2.5,240.0,Delivered
PO-13470,SKU-027,WH-WI1,SUP-004,2015-01-20,2015-01-30,2015-01-28,96,96,10,8,-2,1,2.5,240.0,Delivered
PO-13471,SKU-027,WH-WI1,SUP-004,2015-02-06,2015-02-16,2015-02-16,96,96,10,10,0,1,2.5,240.0,Delivered
PO-13472,SKU-027,WH-WI1,SUP-004,2015-02-21,2015-03-03,2015-03-03,96,96,10,10,0,1,2.5,240.0,Delivered
PO-13473,SKU-027,WH-WI1,SUP-004,2015-03-08,2015-03-18,2015-03-18,96,96,10,10,0,1,2.5,240.0,Delivered
PO-13474,SKU-027,WH-WI1,SUP-004,2015-03-26,2015-04-05,2015-04-04,96,96,10,9,-1,1,2.5,240.0,Delivered
PO-13475,SKU-027,WH-WI1,SUP-004,2015-04-12,2015-04-22,2015-04-22,96,96,10,10,0,1,2.5,240.0,Delivered
PO-13476,SKU-027,WH-WI1,SUP-004,2015-04-28,2015-05-08,2015-05-06,96,96,10,8,-2,1,2.5,240.0,Delivered
PO-13477,SKU-027,WH-WI1,SUP-004,2015-05-14,2015-05-24,2015-05-24,96,96,10,10,0,1,2.5,240.0,Delivered
PO-13478,SKU-027,WH-WI1,SUP-004,2015-05-29,2015-06-08,2015-06-07,96,96,10,9,-1,1,2.5,240.0,Delivered
PO-13479,SKU-027,WH-WI1,SUP-004,2015-06-15,2015-06-25,2015-06-23,96,96,10,8,-2,1,2.5,240.0,Delivered
PO-13480,SKU-027,WH-WI1,SUP-004,2015-07-03,2015-07-13,2015-07-13,96,96,10,10,0,1,2.5,240.0,Delivered
PO-13481,SKU-027,WH-WI1,SUP-004,2015-07-19,2015-07-29,2015-07-28,96,96,10,9,-1,1,2.5,240.0,Delivered
PO-13482,SKU-027,WH-WI1,SUP-004,2015-08-03,2015-08-13,2015-08-13,96,96,10,10,0,1,2.5,240.0,Delivered
PO-13483,SKU-027,WH-WI1,SUP-004,2015-08-20,2015-08-30,2015-08-30,96,96,10,10,0,1,2.5,240.0,Delivered
PO-13484,SKU-027,WH-WI1,SUP-004,2015-09-05,2015-09-15,2015-09-13,96,96,10,8,-2,1,2.5,240.0,Delivered
PO-13485,SKU-027,WH-WI1,SUP-004,2015-09-20,2015-09-30,2015-09-28,96,96,10,8,-2,1,2.5,240.0,Delivered
PO-13486,SKU-027,WH-WI1,SUP-004,2015-10-08,2015-10-18,2015-10-18,96,96,10,10,0,1,2.5,240.0,Delivered
PO-13487,SKU-027,WH-WI1,SUP-004,2015-10-24,2015-11-03,2015-11-03,96,96,10,10,0,1,2.5,240.0,Delivered
PO-13488,SKU-027,WH-WI1,SUP-004,2015-11-10,2015-11-20,2015-11-20,96,96,10,10,0,1,2.5,240.0,Delivered
PO-13489,SKU-027,WH-WI1,SUP-004,2015-11-25,2015-12-05,2015-12-05,96,96,10,10,0,1,2.5,240.0,Delivered
PO-13490,SKU-027,WH-WI1,SUP-004,2015-12-11,2015-12-21,2015-12-21,96,96,10,10,0,1,2.5,240.0,Delivered
PO-13491,SKU-027,WH-WI1,SUP-004,2015-12-29,2016-01-08,2016-01-08,96,96,10,10,0,1,2.5,240.0,Delivered
PO-13492,SKU-027,WH-WI1,SUP-004,2016-01-14,2016-01-24,2016-01-24,96,96,10,10,0,1,2.5,240.0,Delivered
PO-13493,SKU-027,WH-WI1,SUP-004,2016-01-30,2016-02-09,2016-02-09,96,96,10,10,0,1,2.5,240.0,Delivered
PO-13494,SKU-027,WH-WI1,SUP-004,2016-02-15,2016-02-25,2016-02-25,96,96,10,10,0,1,2.5,240.0,Delivered
PO-13495,SKU-027,WH-WI1,SUP-004,2016-03-01,2016-03-11,2016-03-11,96,96,10,10,0,1,2.5,240.0,Delivered
PO-13496,SKU-027,WH-WI1,SUP-004,2016-03-19,2016-03-29,2016-03-29,96,96,10,10,0,1,2.5,240.0,Delivered
PO-13497,SKU-027,WH-WI1,SUP-004,2016-04-06,2016-04-16,2016-04-16,96,96,10,10,0,1,2.5,240.0,Delivered
PO-13498,SKU-028,WH-CA1,SUP-005,2014-04-30,2014-05-14,2014-05-14,48,48,14,14,0,1,6.44,309.12,Delivered
PO-13499,SKU-028,WH-CA1,SUP-005,2014-05-24,2014-06-07,2014-06-07,48,48,14,14,0,1,6.44,309.12,Delivered
PO-13500,SKU-028,WH-CA1,SUP-005,2014-06-14,2014-06-28,2014-06-28,48,48,14,14,0,1,6.44,309.12,Delivered
PO-13501,SKU-028,WH-CA1,SUP-005,2014-07-06,2014-07-20,2014-07-19,48,48,14,13,-1,1,6.44,309.12,Delivered
PO-13502,SKU-028,WH-CA1,SUP-005,2014-07-27,2014-08-10,2014-08-09,48,48,14,13,-1,1,6.44,309.12,Delivered
PO-13503,SKU-028,WH-CA1,SUP-005,2014-08-19,2014-09-02,2014-09-08,48,48,14,20,6,0,6.44,309.12,Delivered
PO-13504,SKU-028,WH-CA1,SUP-005,2014-09-12,2014-09-26,2014-09-26,48,48,14,14,0,1,6.44,309.12,Delivered
PO-13505,SKU-028,WH-CA1,SUP-005,2014-10-04,2014-10-18,2014-10-18,48,48,14,14,0,1,6.44,309.12,Delivered
PO-13506,SKU-028,WH-CA1,SUP-005,2014-10-27,2014-11-10,2014-11-10,48,48,14,14,0,1,6.44,309.12,Delivered
PO-13507,SKU-028,WH-CA1,SUP-005,2014-11-17,2014-12-01,2014-11-30,48,48,14,13,-1,1,6.44,309.12,Delivered
PO-13508,SKU-028,WH-CA1,SUP-005,2014-12-11,2014-12-25,2014-12-25,48,48,14,14,0,1,6.44,309.12,Delivered
PO-13509,SKU-028,WH-CA1,SUP-005,2015-01-02,2015-01-16,2015-01-16,48,48,14,14,0,1,6.44,309.12,Delivered
PO-13510,SKU-028,WH-CA1,SUP-005,2015-01-23,2015-02-06,2015-02-06,48,48,14,14,0,1,6.44,309.12,Delivered
PO-13511,SKU-028,WH-CA1,SUP-005,2015-02-15,2015-03-01,2015-02-28,48,48,14,13,-1,1,6.44,309.12,Delivered
PO-13512,SKU-028,WH-CA1,SUP-005,2015-03-10,2015-03-24,2015-03-24,48,48,14,14,0,1,6.44,309.12,Delivered
PO-13513,SKU-028,WH-CA1,SUP-005,2015-03-31,2015-04-14,2015-04-14,48,48,14,14,0,1,6.44,309.12,Delivered
PO-13514,SKU-028,WH-CA1,SUP-005,2015-04-22,2015-05-06,2015-05-06,48,48,14,14,0,1,6.44,309.12,Delivered
PO-13515,SKU-028,WH-CA1,SUP-005,2015-05-16,2015-05-30,2015-05-29,48,48,14,13,-1,1,6.44,309.12,Delivered
PO-13516,SKU-028,WH-CA1,SUP-005,2015-06-06,2015-06-20,2015-06-21,48,48,14,15,1,0,6.44,309.12,Delivered
PO-13517,SKU-028,WH-CA1,SUP-005,2015-06-28,2015-07-12,2015-07-12,48,48,14,14,0,1,6.44,309.12,Delivered
PO-13518,SKU-028,WH-CA1,SUP-005,2015-07-19,2015-08-02,2015-08-02,48,48,14,14,0,1,6.44,309.12,Delivered
PO-13519,SKU-028,WH-CA1,SUP-005,2015-08-10,2015-08-24,2015-08-24,48,48,14,14,0,1,6.44,309.12,Delivered
PO-13520,SKU-028,WH-CA1,SUP-005,2015-09-03,2015-09-17,2015-09-24,48,48,14,21,7,0,6.44,309.12,Delivered
PO-13521,SKU-028,WH-CA1,SUP-005,2015-09-27,2015-10-11,2015-10-11,48,48,14,14,0,1,6.44,309.12,Delivered
PO-13522,SKU-028,WH-CA1,SUP-005,2015-10-20,2015-11-03,2015-10-31,48,48,14,11,-3,1,6.44,309.12,Delivered
PO-13523,SKU-028,WH-CA1,SUP-005,2015-11-11,2015-11-25,2015-12-04,48,48,14,23,9,0,6.44,309.12,Delivered
PO-13524,SKU-028,WH-CA1,SUP-005,2015-12-03,2015-12-17,2015-12-16,48,48,14,13,-1,1,6.44,309.12,Delivered
PO-13525,SKU-028,WH-CA1,SUP-005,2015-12-25,2016-01-08,2016-01-08,48,48,14,14,0,1,6.44,309.12,Delivered
PO-13526,SKU-028,WH-CA1,SUP-005,2016-01-15,2016-01-29,2016-01-29,48,48,14,14,0,1,6.44,309.12,Delivered
PO-13527,SKU-028,WH-CA1,SUP-005,2016-02-05,2016-02-19,2016-02-16,48,48,14,11,-3,1,6.44,309.12,Delivered
PO-13528,SKU-028,WH-CA1,SUP-005,2016-02-29,2016-03-14,2016-03-11,48,48,14,11,-3,1,6.44,309.12,Delivered
PO-13529,SKU-028,WH-CA1,SUP-005,2016-03-24,2016-04-07,2016-04-12,48,48,14,19,5,0,6.44,309.12,Delivered
PO-13530,SKU-028,WH-TX1,SUP-005,2014-04-30,2014-05-14,2014-05-12,60,60,14,12,-2,1,6.44,386.4,Delivered
PO-13531,SKU-028,WH-TX1,SUP-005,2014-05-23,2014-06-06,2014-06-05,60,60,14,13,-1,1,6.44,386.4,Delivered
PO-13532,SKU-028,WH-TX1,SUP-005,2014-06-15,2014-06-29,2014-06-28,60,60,14,13,-1,1,6.44,386.4,Delivered
PO-13533,SKU-028,WH-TX1,SUP-005,2014-07-06,2014-07-20,2014-07-20,60,60,14,14,0,1,6.44,386.4,Delivered
PO-13534,SKU-028,WH-TX1,SUP-005,2014-07-27,2014-08-10,2014-08-10,60,60,14,14,0,1,6.44,386.4,Delivered
PO-13535,SKU-028,WH-TX1,SUP-005,2014-08-17,2014-08-31,2014-08-30,60,60,14,13,-1,1,6.44,386.4,Delivered
PO-13536,SKU-028,WH-TX1,SUP-005,2014-09-08,2014-09-22,2014-09-22,60,60,14,14,0,1,6.44,386.4,Delivered
PO-13537,SKU-028,WH-TX1,SUP-005,2014-09-30,2014-10-14,2014-10-14,60,60,14,14,0,1,6.44,386.4,Delivered
PO-13538,SKU-028,WH-TX1,SUP-005,2014-10-23,2014-11-06,2014-11-06,60,60,14,14,0,1,6.44,386.4,Delivered
PO-13539,SKU-028,WH-TX1,SUP-005,2014-11-13,2014-11-27,2014-11-25,60,60,14,12,-2,1,6.44,386.4,Delivered
PO-13540,SKU-028,WH-TX1,SUP-005,2014-12-04,2014-12-18,2014-12-18,60,60,14,14,0,1,6.44,386.4,Delivered
PO-13541,SKU-028,WH-TX1,SUP-005,2014-12-26,2015-01-09,2015-02-07,60,60,14,43,29,0,6.44,386.4,Delivered
PO-13542,SKU-028,WH-TX1,SUP-005,2015-01-16,2015-01-30,2015-01-29,60,60,14,13,-1,1,6.44,386.4,Delivered
PO-13543,SKU-028,WH-TX1,SUP-005,2015-02-06,2015-02-20,2015-02-20,60,60,14,14,0,1,6.44,386.4,Delivered
PO-13544,SKU-028,WH-TX1,SUP-005,2015-02-26,2015-03-12,2015-03-11,60,60,14,13,-1,1,6.44,386.4,Delivered
PO-13545,SKU-028,WH-TX1,SUP-005,2015-03-18,2015-04-01,2015-03-30,60,60,14,12,-2,1,6.44,386.4,Delivered
PO-13546,SKU-028,WH-TX1,SUP-005,2015-04-08,2015-04-22,2015-04-19,60,60,14,11,-3,1,6.44,386.4,Delivered
PO-13547,SKU-028,WH-TX1,SUP-005,2015-04-28,2015-05-12,2015-05-12,60,60,14,14,0,1,6.44,386.4,Delivered
PO-13548,SKU-028,WH-TX1,SUP-005,2015-05-18,2015-06-01,2015-05-30,60,60,14,12,-2,1,6.44,386.4,Delivered
PO-13549,SKU-028,WH-TX1,SUP-005,2015-06-08,2015-06-22,2015-06-22,60,60,14,14,0,1,6.44,386.4,Delivered
PO-13550,SKU-028,WH-TX1,SUP-005,2015-06-29,2015-07-13,2015-07-13,60,60,14,14,0,1,6.44,386.4,Delivered
PO-13551,SKU-028,WH-TX1,SUP-005,2015-07-21,2015-08-04,2015-08-04,60,60,14,14,0,1,6.44,386.4,Delivered
PO-13552,SKU-028,WH-TX1,SUP-005,2015-08-11,2015-08-25,2015-08-24,60,60,14,13,-1,1,6.44,386.4,Delivered
PO-13553,SKU-028,WH-TX1,SUP-005,2015-08-31,2015-09-14,2015-09-14,60,60,14,14,0,1,6.44,386.4,Delivered
PO-13554,SKU-028,WH-TX1,SUP-005,2015-09-21,2015-10-05,2015-10-05,60,60,14,14,0,1,6.44,386.4,Delivered
PO-13555,SKU-028,WH-TX1,SUP-005,2015-10-13,2015-10-27,2015-10-27,60,60,14,14,0,1,6.44,386.4,Delivered
PO-13556,SKU-028,WH-TX1,SUP-005,2015-11-03,2015-11-17,2015-11-17,60,60,14,14,0,1,6.44,386.4,Delivered
PO-13557,SKU-028,WH-TX1,SUP-005,2015-11-26,2015-12-10,2015-12-10,60,60,14,14,0,1,6.44,386.4,Delivered
PO-13558,SKU-028,WH-TX1,SUP-005,2015-12-18,2016-01-01,2015-12-29,60,60,14,11,-3,1,6.44,386.4,Delivered
PO-13559,SKU-028,WH-TX1,SUP-005,2016-01-08,2016-01-22,2016-01-22,60,60,14,14,0,1,6.44,386.4,Delivered
PO-13560,SKU-028,WH-TX1,SUP-005,2016-01-29,2016-02-12,2016-02-11,60,60,14,13,-1,1,6.44,386.4,Delivered
PO-13561,SKU-028,WH-TX1,SUP-005,2016-02-21,2016-03-06,2016-03-05,60,60,14,13,-1,1,6.44,386.4,Delivered
PO-13562,SKU-028,WH-TX1,SUP-005,2016-03-12,2016-03-26,2016-03-26,60,60,14,14,0,1,6.44,386.4,Delivered
PO-13563,SKU-028,WH-TX1,SUP-005,2016-04-02,2016-04-16,2016-04-16,60,60,14,14,0,1,6.44,386.4,Delivered
PO-13564,SKU-028,WH-WI1,SUP-005,2014-05-02,2014-05-16,2014-05-16,48,48,14,14,0,1,6.44,309.12,Delivered
PO-13565,SKU-028,WH-WI1,SUP-005,2014-05-22,2014-06-05,2014-06-05,48,48,14,14,0,1,6.44,309.12,Delivered
PO-13566,SKU-028,WH-WI1,SUP-005,2014-06-13,2014-06-27,2014-06-27,48,48,14,14,0,1,6.44,309.12,Delivered
PO-13567,SKU-028,WH-WI1,SUP-005,2014-07-03,2014-07-17,2014-07-17,48,48,14,14,0,1,6.44,309.12,Delivered
PO-13568,SKU-028,WH-WI1,SUP-005,2014-07-22,2014-08-05,2014-08-04,48,48,14,13,-1,1,6.44,309.12,Delivered
PO-13569,SKU-028,WH-WI1,SUP-005,2014-08-11,2014-08-25,2014-09-20,48,48,14,40,26,0,6.44,309.12,Delivered
PO-13570,SKU-028,WH-WI1,SUP-005,2014-08-30,2014-09-13,2014-09-11,48,48,14,12,-2,1,6.44,309.12,Delivered
PO-13571,SKU-028,WH-WI1,SUP-005,2014-09-18,2014-10-02,2014-10-01,48,48,14,13,-1,1,6.44,309.12,Delivered
PO-13572,SKU-028,WH-WI1,SUP-005,2014-10-08,2014-10-22,2014-10-21,48,48,14,13,-1,1,6.44,309.12,Delivered
PO-13573,SKU-028,WH-WI1,SUP-005,2014-10-28,2014-11-11,2014-11-11,48,48,14,14,0,1,6.44,309.12,Delivered
PO-13574,SKU-028,WH-WI1,SUP-005,2014-11-18,2014-12-02,2014-12-02,48,48,14,14,0,1,6.44,309.12,Delivered
PO-13575,SKU-028,WH-WI1,SUP-005,2014-12-09,2014-12-23,2014-12-21,48,48,14,12,-2,1,6.44,309.12,Delivered
PO-13576,SKU-028,WH-WI1,SUP-005,2014-12-31,2015-01-14,2015-01-12,48,48,14,12,-2,1,6.44,309.12,Delivered
PO-13577,SKU-028,WH-WI1,SUP-005,2015-01-19,2015-02-02,2015-02-02,48,48,14,14,0,1,6.44,309.12,Delivered
PO-13578,SKU-028,WH-WI1,SUP-005,2015-02-10,2015-02-24,2015-02-24,48,48,14,14,0,1,6.44,309.12,Delivered
PO-13579,SKU-028,WH-WI1,SUP-005,2015-03-01,2015-03-15,2015-03-15,48,48,14,14,0,1,6.44,309.12,Delivered
PO-13580,SKU-028,WH-WI1,SUP-005,2015-03-20,2015-04-03,2015-04-03,48,48,14,14,0,1,6.44,309.12,Delivered
PO-13581,SKU-028,WH-WI1,SUP-005,2015-04-09,2015-04-23,2015-04-22,48,48,14,13,-1,1,6.44,309.12,Delivered
PO-13582,SKU-028,WH-WI1,SUP-005,2015-05-01,2015-05-15,2015-05-15,48,48,14,14,0,1,6.44,309.12,Delivered
PO-13583,SKU-028,WH-WI1,SUP-005,2015-05-23,2015-06-06,2015-06-06,48,48,14,14,0,1,6.44,309.12,Delivered
PO-13584,SKU-028,WH-WI1,SUP-005,2015-06-11,2015-06-25,2015-06-25,48,48,14,14,0,1,6.44,309.12,Delivered
PO-13585,SKU-028,WH-WI1,SUP-005,2015-07-01,2015-07-15,2015-07-15,48,48,14,14,0,1,6.44,309.12,Delivered
PO-13586,SKU-028,WH-WI1,SUP-005,2015-07-20,2015-08-03,2015-08-03,48,48,14,14,0,1,6.44,309.12,Delivered
PO-13587,SKU-028,WH-WI1,SUP-005,2015-08-11,2015-08-25,2015-08-25,48,48,14,14,0,1,6.44,309.12,Delivered
PO-13588,SKU-028,WH-WI1,SUP-005,2015-09-01,2015-09-15,2015-09-18,48,48,14,17,3,0,6.44,309.12,Delivered
PO-13589,SKU-028,WH-WI1,SUP-005,2015-09-21,2015-10-05,2015-10-05,48,48,14,14,0,1,6.44,309.12,Delivered
PO-13590,SKU-028,WH-WI1,SUP-005,2015-10-13,2015-10-27,2015-11-04,48,48,14,22,8,0,6.44,309.12,Delivered
PO-13591,SKU-028,WH-WI1,SUP-005,2015-11-02,2015-11-16,2015-11-16,48,48,14,14,0,1,6.44,309.12,Delivered
PO-13592,SKU-028,WH-WI1,SUP-005,2015-11-22,2015-12-06,2015-12-06,48,48,14,14,0,1,6.44,309.12,Delivered
PO-13593,SKU-028,WH-WI1,SUP-005,2015-12-11,2015-12-25,2015-12-24,48,48,14,13,-1,1,6.44,309.12,Delivered
PO-13594,SKU-028,WH-WI1,SUP-005,2015-12-31,2016-01-14,2016-01-13,48,48,14,13,-1,1,6.44,309.12,Delivered
PO-13595,SKU-028,WH-WI1,SUP-005,2016-01-20,2016-02-03,2016-01-30,48,48,14,10,-4,1,6.44,309.12,Delivered
PO-13596,SKU-028,WH-WI1,SUP-005,2016-02-09,2016-02-23,2016-02-23,48,48,14,14,0,1,6.44,309.12,Delivered
PO-13597,SKU-028,WH-WI1,SUP-005,2016-03-02,2016-03-16,2016-03-16,48,48,14,14,0,1,6.44,309.12,Delivered
PO-13598,SKU-028,WH-WI1,SUP-005,2016-03-23,2016-04-06,2016-04-05,48,48,14,13,-1,1,6.44,309.12,Delivered
PO-13599,SKU-029,WH-CA1,SUP-008,2014-04-27,2014-05-09,2014-05-07,48,48,12,10,-2,1,7.73,371.04,Delivered
PO-13600,SKU-029,WH-CA1,SUP-008,2014-05-16,2014-05-28,2014-05-28,48,48,12,12,0,1,7.73,371.04,Delivered
PO-13601,SKU-029,WH-CA1,SUP-008,2014-06-04,2014-06-16,2014-06-16,48,48,12,12,0,1,7.73,371.04,Delivered
PO-13602,SKU-029,WH-CA1,SUP-008,2014-06-21,2014-07-03,2014-07-03,48,48,12,12,0,1,7.73,371.04,Delivered
PO-13603,SKU-029,WH-CA1,SUP-008,2014-07-10,2014-07-22,2014-07-22,48,48,12,12,0,1,7.73,371.04,Delivered
PO-13604,SKU-029,WH-CA1,SUP-008,2014-07-27,2014-08-08,2014-08-07,48,48,12,11,-1,1,7.73,371.04,Delivered
PO-13605,SKU-029,WH-CA1,SUP-008,2014-08-13,2014-08-25,2014-08-24,48,48,12,11,-1,1,7.73,371.04,Delivered
PO-13606,SKU-029,WH-CA1,SUP-008,2014-08-29,2014-09-10,2014-09-08,48,48,12,10,-2,1,7.73,371.04,Delivered
PO-13607,SKU-029,WH-CA1,SUP-008,2014-09-15,2014-09-27,2014-09-26,48,48,12,11,-1,1,7.73,371.04,Delivered
PO-13608,SKU-029,WH-CA1,SUP-008,2014-10-01,2014-10-13,2014-10-13,48,48,12,12,0,1,7.73,371.04,Delivered
PO-13609,SKU-029,WH-CA1,SUP-008,2014-10-20,2014-11-01,2014-10-31,48,48,12,11,-1,1,7.73,371.04,Delivered
PO-13610,SKU-029,WH-CA1,SUP-008,2014-11-06,2014-11-18,2014-11-18,48,48,12,12,0,1,7.73,371.04,Delivered
PO-13611,SKU-029,WH-CA1,SUP-008,2014-11-24,2014-12-06,2014-12-07,48,48,12,13,1,0,7.73,371.04,Delivered
PO-13612,SKU-029,WH-CA1,SUP-008,2014-12-10,2014-12-22,2014-12-22,48,48,12,12,0,1,7.73,371.04,Delivered
PO-13613,SKU-029,WH-CA1,SUP-008,2014-12-28,2015-01-09,2015-01-13,48,48,12,16,4,0,7.73,371.04,Delivered
PO-13614,SKU-029,WH-CA1,SUP-008,2015-01-16,2015-01-28,2015-02-05,48,48,12,20,8,0,7.73,371.04,Delivered
PO-13615,SKU-029,WH-CA1,SUP-008,2015-02-02,2015-02-14,2015-02-14,48,48,12,12,0,1,7.73,371.04,Delivered
PO-13616,SKU-029,WH-CA1,SUP-008,2015-02-19,2015-03-03,2015-03-03,48,48,12,12,0,1,7.73,371.04,Delivered
PO-13617,SKU-029,WH-CA1,SUP-008,2015-03-07,2015-03-19,2015-03-18,48,48,12,11,-1,1,7.73,371.04,Delivered
PO-13618,SKU-029,WH-CA1,SUP-008,2015-03-24,2015-04-05,2015-04-05,48,48,12,12,0,1,7.73,371.04,Delivered
PO-13619,SKU-029,WH-CA1,SUP-008,2015-04-10,2015-04-22,2015-04-22,48,48,12,12,0,1,7.73,371.04,Delivered
PO-13620,SKU-029,WH-CA1,SUP-008,2015-04-27,2015-05-09,2015-05-08,48,48,12,11,-1,1,7.73,371.04,Delivered
PO-13621,SKU-029,WH-CA1,SUP-008,2015-05-14,2015-05-26,2015-05-26,48,48,12,12,0,1,7.73,371.04,Delivered
PO-13622,SKU-029,WH-CA1,SUP-008,2015-05-31,2015-06-12,2015-06-11,48,48,12,11,-1,1,7.73,371.04,Delivered
PO-13623,SKU-029,WH-CA1,SUP-008,2015-06-19,2015-07-01,2015-07-01,48,48,12,12,0,1,7.73,371.04,Delivered
PO-13624,SKU-029,WH-CA1,SUP-008,2015-07-07,2015-07-19,2015-07-19,48,48,12,12,0,1,7.73,371.04,Delivered
PO-13625,SKU-029,WH-CA1,SUP-008,2015-07-24,2015-08-05,2015-08-04,48,48,12,11,-1,1,7.73,371.04,Delivered
PO-13626,SKU-029,WH-CA1,SUP-008,2015-08-10,2015-08-22,2015-08-22,48,48,12,12,0,1,7.73,371.04,Delivered
PO-13627,SKU-029,WH-CA1,SUP-008,2015-08-29,2015-09-10,2015-09-10,48,48,12,12,0,1,7.73,371.04,Delivered
PO-13628,SKU-029,WH-CA1,SUP-008,2015-09-17,2015-09-29,2015-09-29,48,48,12,12,0,1,7.73,371.04,Delivered
PO-13629,SKU-029,WH-CA1,SUP-008,2015-10-03,2015-10-15,2015-10-13,48,48,12,10,-2,1,7.73,371.04,Delivered
PO-13630,SKU-029,WH-CA1,SUP-008,2015-10-19,2015-10-31,2015-10-31,48,48,12,12,0,1,7.73,371.04,Delivered
PO-13631,SKU-029,WH-CA1,SUP-008,2015-11-07,2015-11-19,2015-11-22,48,48,12,15,3,0,7.73,371.04,Delivered
PO-13632,SKU-029,WH-CA1,SUP-008,2015-11-23,2015-12-05,2015-12-02,48,48,12,9,-3,1,7.73,371.04,Delivered
PO-13633,SKU-029,WH-CA1,SUP-008,2015-12-10,2015-12-22,2015-12-22,48,48,12,12,0,1,7.73,371.04,Delivered
PO-13634,SKU-029,WH-CA1,SUP-008,2015-12-27,2016-01-08,2016-01-05,48,48,12,9,-3,1,7.73,371.04,Delivered
PO-13635,SKU-029,WH-CA1,SUP-008,2016-01-13,2016-01-25,2016-01-23,48,48,12,10,-2,1,7.73,371.04,Delivered
PO-13636,SKU-029,WH-CA1,SUP-008,2016-02-01,2016-02-13,2016-02-13,48,48,12,12,0,1,7.73,371.04,Delivered
PO-13637,SKU-029,WH-CA1,SUP-008,2016-02-18,2016-03-01,2016-03-01,48,48,12,12,0,1,7.73,371.04,Delivered
PO-13638,SKU-029,WH-CA1,SUP-008,2016-03-06,2016-03-18,2016-03-17,48,48,12,11,-1,1,7.73,371.04,Delivered
PO-13639,SKU-029,WH-CA1,SUP-008,2016-03-22,2016-04-03,2016-04-02,48,48,12,11,-1,1,7.73,371.04,Delivered
PO-13640,SKU-029,WH-CA1,SUP-008,2016-04-08,2016-04-20,2016-04-19,48,48,12,11,-1,1,7.73,371.04,Delivered
PO-13641,SKU-029,WH-TX1,SUP-008,2014-05-01,2014-05-13,2014-05-11,48,48,12,10,-2,1,7.73,371.04,Delivered
PO-13642,SKU-029,WH-TX1,SUP-008,2014-05-21,2014-06-02,2014-06-09,48,48,12,19,7,0,7.73,371.04,Delivered
PO-13643,SKU-029,WH-TX1,SUP-008,2014-06-10,2014-06-22,2014-06-22,48,48,12,12,0,1,7.73,371.04,Delivered
PO-13644,SKU-029,WH-TX1,SUP-008,2014-07-02,2014-07-14,2014-07-13,48,48,12,11,-1,1,7.73,371.04,Delivered
PO-13645,SKU-029,WH-TX1,SUP-008,2014-07-22,2014-08-03,2014-08-03,48,48,12,12,0,1,7.73,371.04,Delivered
PO-13646,SKU-029,WH-TX1,SUP-008,2014-08-10,2014-08-22,2014-08-25,48,48,12,15,3,0,7.73,371.04,Delivered
PO-13647,SKU-029,WH-TX1,SUP-008,2014-09-01,2014-09-13,2014-09-12,48,48,12,11,-1,1,7.73,371.04,Delivered
PO-13648,SKU-029,WH-TX1,SUP-008,2014-09-22,2014-10-04,2014-10-04,48,48,12,12,0,1,7.73,371.04,Delivered
PO-13649,SKU-029,WH-TX1,SUP-008,2014-10-13,2014-10-25,2014-10-25,48,48,12,12,0,1,7.73,371.04,Delivered
PO-13650,SKU-029,WH-TX1,SUP-008,2014-11-02,2014-11-14,2014-11-12,48,48,12,10,-2,1,7.73,371.04,Delivered
PO-13651,SKU-029,WH-TX1,SUP-008,2014-11-22,2014-12-04,2014-12-03,48,48,12,11,-1,1,7.73,371.04,Delivered
PO-13652,SKU-029,WH-TX1,SUP-008,2014-12-14,2014-12-26,2014-12-25,48,48,12,11,-1,1,7.73,371.04,Delivered
PO-13653,SKU-029,WH-TX1,SUP-008,2015-01-02,2015-01-14,2015-01-14,48,48,12,12,0,1,7.73,371.04,Delivered
PO-13654,SKU-029,WH-TX1,SUP-008,2015-01-23,2015-02-04,2015-02-04,48,48,12,12,0,1,7.73,371.04,Delivered
PO-13655,SKU-029,WH-TX1,SUP-008,2015-02-12,2015-02-24,2015-03-03,48,48,12,19,7,0,7.73,371.04,Delivered
PO-13656,SKU-029,WH-TX1,SUP-008,2015-03-04,2015-03-16,2015-03-15,48,48,12,11,-1,1,7.73,371.04,Delivered
PO-13657,SKU-029,WH-TX1,SUP-008,2015-03-24,2015-04-05,2015-04-05,48,48,12,12,0,1,7.73,371.04,Delivered
PO-13658,SKU-029,WH-TX1,SUP-008,2015-04-12,2015-04-24,2015-04-24,48,48,12,12,0,1,7.73,371.04,Delivered
PO-13659,SKU-029,WH-TX1,SUP-008,2015-05-04,2015-05-16,2015-05-15,48,48,12,11,-1,1,7.73,371.04,Delivered
PO-13660,SKU-029,WH-TX1,SUP-008,2015-05-24,2015-06-05,2015-06-05,48,48,12,12,0,1,7.73,371.04,Delivered
PO-13661,SKU-029,WH-TX1,SUP-008,2015-06-13,2015-06-25,2015-06-25,48,48,12,12,0,1,7.73,371.04,Delivered
PO-13662,SKU-029,WH-TX1,SUP-008,2015-07-03,2015-07-15,2015-07-17,48,48,12,14,2,0,7.73,371.04,Delivered
PO-13663,SKU-029,WH-TX1,SUP-008,2015-07-25,2015-08-06,2015-08-06,48,48,12,12,0,1,7.73,371.04,Delivered
PO-13664,SKU-029,WH-TX1,SUP-008,2015-08-14,2015-08-26,2015-08-25,48,48,12,11,-1,1,7.73,371.04,Delivered
PO-13665,SKU-029,WH-TX1,SUP-008,2015-09-02,2015-09-14,2015-09-14,48,48,12,12,0,1,7.73,371.04,Delivered
PO-13666,SKU-029,WH-TX1,SUP-008,2015-09-23,2015-10-05,2015-10-04,48,48,12,11,-1,1,7.73,371.04,Delivered
PO-13667,SKU-029,WH-TX1,SUP-008,2015-10-15,2015-10-27,2015-10-27,48,48,12,12,0,1,7.73,371.04,Delivered
PO-13668,SKU-029,WH-TX1,SUP-008,2015-11-03,2015-11-15,2015-11-15,48,48,12,12,0,1,7.73,371.04,Delivered
PO-13669,SKU-029,WH-TX1,SUP-008,2015-11-24,2015-12-06,2015-12-05,48,48,12,11,-1,1,7.73,371.04,Delivered
PO-13670,SKU-029,WH-TX1,SUP-008,2015-12-14,2015-12-26,2015-12-24,48,48,12,10,-2,1,7.73,371.04,Delivered
PO-13671,SKU-029,WH-TX1,SUP-008,2016-01-04,2016-01-16,2016-01-16,48,48,12,12,0,1,7.73,371.04,Delivered
PO-13672,SKU-029,WH-TX1,SUP-008,2016-01-23,2016-02-04,2016-02-03,48,48,12,11,-1,1,7.73,371.04,Delivered
PO-13673,SKU-029,WH-TX1,SUP-008,2016-02-13,2016-02-25,2016-02-24,48,48,12,11,-1,1,7.73,371.04,Delivered
PO-13674,SKU-029,WH-TX1,SUP-008,2016-03-05,2016-03-17,2016-03-15,48,48,12,10,-2,1,7.73,371.04,Delivered
PO-13675,SKU-029,WH-TX1,SUP-008,2016-03-26,2016-04-07,2016-04-05,48,48,12,10,-2,1,7.73,371.04,Delivered
PO-13676,SKU-029,WH-WI1,SUP-008,2014-05-05,2014-05-17,2014-05-15,48,48,12,10,-2,1,7.73,371.04,Delivered
PO-13677,SKU-029,WH-WI1,SUP-008,2014-05-18,2014-05-30,2014-05-29,48,48,12,11,-1,1,7.73,371.04,Delivered
PO-13678,SKU-029,WH-WI1,SUP-008,2014-05-29,2014-06-10,2014-06-10,48,48,12,12,0,1,7.73,371.04,Delivered
PO-13679,SKU-029,WH-WI1,SUP-008,2014-06-12,2014-06-24,2014-06-23,48,48,12,11,-1,1,7.73,371.04,Delivered
PO-13680,SKU-029,WH-WI1,SUP-008,2014-06-25,2014-07-07,2014-07-07,48,48,12,12,0,1,7.73,371.04,Delivered
PO-13681,SKU-029,WH-WI1,SUP-008,2014-07-08,2014-07-20,2014-07-20,48,48,12,12,0,1,7.73,371.04,Delivered
PO-13682,SKU-029,WH-WI1,SUP-008,2014-07-20,2014-08-01,2014-08-05,48,48,12,16,4,0,7.73,371.04,Delivered
PO-13683,SKU-029,WH-WI1,SUP-008,2014-08-01,2014-08-13,2014-08-11,48,48,12,10,-2,1,7.73,371.04,Delivered
PO-13684,SKU-029,WH-WI1,SUP-008,2014-08-15,2014-08-27,2014-08-27,48,48,12,12,0,1,7.73,371.04,Delivered
PO-13685,SKU-029,WH-WI1,SUP-008,2014-08-27,2014-09-08,2014-09-06,48,48,12,10,-2,1,7.73,371.04,Delivered
PO-13686,SKU-029,WH-WI1,SUP-008,2014-09-07,2014-09-19,2014-09-19,48,48,12,12,0,1,7.73,371.04,Delivered
PO-13687,SKU-029,WH-WI1,SUP-008,2014-09-19,2014-10-01,2014-10-01,48,48,12,12,0,1,7.73,371.04,Delivered
PO-13688,SKU-029,WH-WI1,SUP-008,2014-10-02,2014-10-14,2014-10-13,48,48,12,11,-1,1,7.73,371.04,Delivered
PO-13689,SKU-029,WH-WI1,SUP-008,2014-10-14,2014-10-26,2014-10-26,48,48,12,12,0,1,7.73,371.04,Delivered
PO-13690,SKU-029,WH-WI1,SUP-008,2014-10-25,2014-11-06,2014-11-06,48,48,12,12,0,1,7.73,371.04,Delivered
PO-13691,SKU-029,WH-WI1,SUP-008,2014-11-07,2014-11-19,2014-11-17,48,48,12,10,-2,1,7.73,371.04,Delivered
PO-13692,SKU-029,WH-WI1,SUP-008,2014-11-19,2014-12-01,2014-11-28,48,48,12,9,-3,1,7.73,371.04,Delivered
PO-13693,SKU-029,WH-WI1,SUP-008,2014-12-02,2014-12-14,2014-12-15,48,48,12,13,1,0,7.73,371.04,Delivered
PO-13694,SKU-029,WH-WI1,SUP-008,2014-12-14,2014-12-26,2014-12-26,48,48,12,12,0,1,7.73,371.04,Delivered
PO-13695,SKU-029,WH-WI1,SUP-008,2014-12-28,2015-01-09,2015-01-09,48,48,12,12,0,1,7.73,371.04,Delivered
PO-13696,SKU-029,WH-WI1,SUP-008,2015-01-11,2015-01-23,2015-01-23,48,48,12,12,0,1,7.73,371.04,Delivered
PO-13697,SKU-029,WH-WI1,SUP-008,2015-01-22,2015-02-03,2015-02-03,48,48,12,12,0,1,7.73,371.04,Delivered
PO-13698,SKU-029,WH-WI1,SUP-008,2015-02-05,2015-02-17,2015-02-17,48,48,12,12,0,1,7.73,371.04,Delivered
PO-13699,SKU-029,WH-WI1,SUP-008,2015-02-18,2015-03-02,2015-03-02,48,48,12,12,0,1,7.73,371.04,Delivered
PO-13700,SKU-029,WH-WI1,SUP-008,2015-03-02,2015-03-14,2015-03-14,48,48,12,12,0,1,7.73,371.04,Delivered
PO-13701,SKU-029,WH-WI1,SUP-008,2015-03-14,2015-03-26,2015-03-26,48,48,12,12,0,1,7.73,371.04,Delivered
PO-13702,SKU-029,WH-WI1,SUP-008,2015-03-25,2015-04-06,2015-04-05,48,48,12,11,-1,1,7.73,371.04,Delivered
PO-13703,SKU-029,WH-WI1,SUP-008,2015-04-06,2015-04-18,2015-04-18,48,48,12,12,0,1,7.73,371.04,Delivered
PO-13704,SKU-029,WH-WI1,SUP-008,2015-04-17,2015-04-29,2015-04-27,48,48,12,10,-2,1,7.73,371.04,Delivered
PO-13705,SKU-029,WH-WI1,SUP-008,2015-04-28,2015-05-10,2015-05-16,48,48,12,18,6,0,7.73,371.04,Delivered
PO-13706,SKU-029,WH-WI1,SUP-008,2015-05-10,2015-05-22,2015-05-22,48,48,12,12,0,1,7.73,371.04,Delivered
PO-13707,SKU-029,WH-WI1,SUP-008,2015-05-23,2015-06-04,2015-06-04,48,48,12,12,0,1,7.73,371.04,Delivered
PO-13708,SKU-029,WH-WI1,SUP-008,2015-06-04,2015-06-16,2015-06-18,48,48,12,14,2,0,7.73,371.04,Delivered
PO-13709,SKU-029,WH-WI1,SUP-008,2015-06-16,2015-06-28,2015-06-28,48,48,12,12,0,1,7.73,371.04,Delivered
PO-13710,SKU-029,WH-WI1,SUP-008,2015-06-28,2015-07-10,2015-07-10,48,48,12,12,0,1,7.73,371.04,Delivered
PO-13711,SKU-029,WH-WI1,SUP-008,2015-07-09,2015-07-21,2015-07-21,48,48,12,12,0,1,7.73,371.04,Delivered
PO-13712,SKU-029,WH-WI1,SUP-008,2015-07-21,2015-08-02,2015-08-02,48,48,12,12,0,1,7.73,371.04,Delivered
PO-13713,SKU-029,WH-WI1,SUP-008,2015-08-04,2015-08-16,2015-08-15,48,48,12,11,-1,1,7.73,371.04,Delivered
PO-13714,SKU-029,WH-WI1,SUP-008,2015-08-16,2015-08-28,2015-09-01,48,48,12,16,4,0,7.73,371.04,Delivered
PO-13715,SKU-029,WH-WI1,SUP-008,2015-08-28,2015-09-09,2015-09-09,48,48,12,12,0,1,7.73,371.04,Delivered
PO-13716,SKU-029,WH-WI1,SUP-008,2015-09-11,2015-09-23,2015-09-23,48,48,12,12,0,1,7.73,371.04,Delivered
PO-13717,SKU-029,WH-WI1,SUP-008,2015-09-22,2015-10-04,2015-10-04,48,48,12,12,0,1,7.73,371.04,Delivered
PO-13718,SKU-029,WH-WI1,SUP-008,2015-10-05,2015-10-17,2015-10-15,48,48,12,10,-2,1,7.73,371.04,Delivered
PO-13719,SKU-029,WH-WI1,SUP-008,2015-10-18,2015-10-30,2015-10-28,48,48,12,10,-2,1,7.73,371.04,Delivered
PO-13720,SKU-029,WH-WI1,SUP-008,2015-10-30,2015-11-11,2015-11-11,48,48,12,12,0,1,7.73,371.04,Delivered
PO-13721,SKU-029,WH-WI1,SUP-008,2015-11-10,2015-11-22,2015-11-22,48,48,12,12,0,1,7.73,371.04,Delivered
PO-13722,SKU-029,WH-WI1,SUP-008,2015-11-22,2015-12-04,2015-12-04,48,48,12,12,0,1,7.73,371.04,Delivered
PO-13723,SKU-029,WH-WI1,SUP-008,2015-12-06,2015-12-18,2015-12-18,48,48,12,12,0,1,7.73,371.04,Delivered
PO-13724,SKU-029,WH-WI1,SUP-008,2015-12-19,2015-12-31,2016-01-09,48,48,12,21,9,0,7.73,371.04,Delivered
PO-13725,SKU-029,WH-WI1,SUP-008,2016-01-02,2016-01-14,2016-01-14,48,48,12,12,0,1,7.73,371.04,Delivered
PO-13726,SKU-029,WH-WI1,SUP-008,2016-01-13,2016-01-25,2016-01-25,48,48,12,12,0,1,7.73,371.04,Delivered
PO-13727,SKU-029,WH-WI1,SUP-008,2016-01-25,2016-02-06,2016-02-05,48,48,12,11,-1,1,7.73,371.04,Delivered
PO-13728,SKU-029,WH-WI1,SUP-008,2016-02-08,2016-02-20,2016-02-20,48,48,12,12,0,1,7.73,371.04,Delivered
PO-13729,SKU-029,WH-WI1,SUP-008,2016-02-21,2016-03-04,2016-03-04,48,48,12,12,0,1,7.73,371.04,Delivered
PO-13730,SKU-029,WH-WI1,SUP-008,2016-03-06,2016-03-18,2016-03-16,48,48,12,10,-2,1,7.73,371.04,Delivered
PO-13731,SKU-029,WH-WI1,SUP-008,2016-03-18,2016-03-30,2016-03-30,48,48,12,12,0,1,7.73,371.04,Delivered
PO-13732,SKU-029,WH-WI1,SUP-008,2016-03-31,2016-04-12,2016-04-11,48,48,12,11,-1,1,7.73,371.04,Delivered
PO-13733,SKU-030,WH-CA1,SUP-004,2014-04-30,2014-05-10,2014-05-10,96,96,10,10,0,1,2.51,240.96,Delivered
PO-13734,SKU-030,WH-CA1,SUP-004,2014-05-20,2014-05-30,2014-05-29,96,96,10,9,-1,1,2.51,240.96,Delivered
PO-13735,SKU-030,WH-CA1,SUP-004,2014-06-10,2014-06-20,2014-06-18,96,96,10,8,-2,1,2.51,240.96,Delivered
PO-13736,SKU-030,WH-CA1,SUP-004,2014-07-01,2014-07-11,2014-07-09,96,96,10,8,-2,1,2.51,240.96,Delivered
PO-13737,SKU-030,WH-CA1,SUP-004,2014-07-23,2014-08-02,2014-08-02,96,96,10,10,0,1,2.51,240.96,Delivered
PO-13738,SKU-030,WH-CA1,SUP-004,2014-08-15,2014-08-25,2014-08-25,96,96,10,10,0,1,2.51,240.96,Delivered
PO-13739,SKU-030,WH-CA1,SUP-004,2014-09-05,2014-09-15,2014-09-11,96,96,10,6,-4,1,2.51,240.96,Delivered
PO-13740,SKU-030,WH-CA1,SUP-004,2014-09-26,2014-10-06,2014-10-05,96,96,10,9,-1,1,2.51,240.96,Delivered
PO-13741,SKU-030,WH-CA1,SUP-004,2014-10-17,2014-10-27,2014-10-29,96,96,10,12,2,0,2.51,240.96,Delivered
PO-13742,SKU-030,WH-CA1,SUP-004,2014-11-08,2014-11-18,2014-11-18,96,96,10,10,0,1,2.51,240.96,Delivered
PO-13743,SKU-030,WH-CA1,SUP-004,2014-12-01,2014-12-11,2014-12-11,96,96,10,10,0,1,2.51,240.96,Delivered
PO-13744,SKU-030,WH-CA1,SUP-004,2014-12-23,2015-01-02,2014-12-31,96,96,10,8,-2,1,2.51,240.96,Delivered
PO-13745,SKU-030,WH-CA1,SUP-004,2015-01-14,2015-01-24,2015-01-24,96,96,10,10,0,1,2.51,240.96,Delivered
PO-13746,SKU-030,WH-CA1,SUP-004,2015-02-04,2015-02-14,2015-02-14,96,96,10,10,0,1,2.51,240.96,Delivered
PO-13747,SKU-030,WH-CA1,SUP-004,2015-02-25,2015-03-07,2015-03-08,96,96,10,11,1,0,2.51,240.96,Delivered
PO-13748,SKU-030,WH-CA1,SUP-004,2015-03-17,2015-03-27,2015-03-27,96,96,10,10,0,1,2.51,240.96,Delivered
PO-13749,SKU-030,WH-CA1,SUP-004,2015-04-07,2015-04-17,2015-04-17,96,96,10,10,0,1,2.51,240.96,Delivered
PO-13750,SKU-030,WH-CA1,SUP-004,2015-04-28,2015-05-08,2015-05-08,96,96,10,10,0,1,2.51,240.96,Delivered
PO-13751,SKU-030,WH-CA1,SUP-004,2015-05-19,2015-05-29,2015-05-29,96,96,10,10,0,1,2.51,240.96,Delivered
PO-13752,SKU-030,WH-CA1,SUP-004,2015-06-09,2015-06-19,2015-06-19,96,96,10,10,0,1,2.51,240.96,Delivered
PO-13753,SKU-030,WH-CA1,SUP-004,2015-07-01,2015-07-11,2015-07-12,96,96,10,11,1,0,2.51,240.96,Delivered
PO-13754,SKU-030,WH-CA1,SUP-004,2015-07-24,2015-08-03,2015-07-31,96,96,10,7,-3,1,2.51,240.96,Delivered
PO-13755,SKU-030,WH-CA1,SUP-004,2015-08-13,2015-08-23,2015-08-23,96,96,10,10,0,1,2.51,240.96,Delivered
PO-13756,SKU-030,WH-CA1,SUP-004,2015-09-05,2015-09-15,2015-09-15,96,96,10,10,0,1,2.51,240.96,Delivered
PO-13757,SKU-030,WH-CA1,SUP-004,2015-09-25,2015-10-05,2015-10-05,96,96,10,10,0,1,2.51,240.96,Delivered
PO-13758,SKU-030,WH-CA1,SUP-004,2015-10-16,2015-10-26,2015-10-31,96,96,10,15,5,0,2.51,240.96,Delivered
PO-13759,SKU-030,WH-CA1,SUP-004,2015-11-06,2015-11-16,2015-11-15,96,96,10,9,-1,1,2.51,240.96,Delivered
PO-13760,SKU-030,WH-CA1,SUP-004,2015-11-26,2015-12-06,2015-12-06,96,96,10,10,0,1,2.51,240.96,Delivered
PO-13761,SKU-030,WH-CA1,SUP-004,2015-12-17,2015-12-27,2015-12-26,96,96,10,9,-1,1,2.51,240.96,Delivered
PO-13762,SKU-030,WH-CA1,SUP-004,2016-01-08,2016-01-18,2016-01-24,96,96,10,16,6,0,2.51,240.96,Delivered
PO-13763,SKU-030,WH-CA1,SUP-004,2016-01-29,2016-02-08,2016-02-07,96,96,10,9,-1,1,2.51,240.96,Delivered
PO-13764,SKU-030,WH-CA1,SUP-004,2016-02-19,2016-02-29,2016-02-29,96,96,10,10,0,1,2.51,240.96,Delivered
PO-13765,SKU-030,WH-CA1,SUP-004,2016-03-12,2016-03-22,2016-03-22,96,96,10,10,0,1,2.51,240.96,Delivered
PO-13766,SKU-030,WH-CA1,SUP-004,2016-04-02,2016-04-12,2016-04-11,96,96,10,9,-1,1,2.51,240.96,Delivered
PO-13767,SKU-030,WH-TX1,SUP-004,2014-04-29,2014-05-09,2014-05-09,96,96,10,10,0,1,2.51,240.96,Delivered
PO-13768,SKU-030,WH-TX1,SUP-004,2014-05-17,2014-05-27,2014-05-26,96,96,10,9,-1,1,2.51,240.96,Delivered
PO-13769,SKU-030,WH-TX1,SUP-004,2014-06-02,2014-06-12,2014-06-12,96,96,10,10,0,1,2.51,240.96,Delivered
PO-13770,SKU-030,WH-TX1,SUP-004,2014-06-18,2014-06-28,2014-06-27,96,96,10,9,-1,1,2.51,240.96,Delivered
PO-13771,SKU-030,WH-TX1,SUP-004,2014-07-04,2014-07-14,2014-07-14,96,96,10,10,0,1,2.51,240.96,Delivered
PO-13772,SKU-030,WH-TX1,SUP-004,2014-07-19,2014-07-29,2014-08-02,96,96,10,14,4,0,2.51,240.96,Delivered
PO-13773,SKU-030,WH-TX1,SUP-004,2014-08-04,2014-08-14,2014-08-14,96,96,10,10,0,1,2.51,240.96,Delivered
PO-13774,SKU-030,WH-TX1,SUP-004,2014-08-19,2014-08-29,2014-08-29,96,96,10,10,0,1,2.51,240.96,Delivered
PO-13775,SKU-030,WH-TX1,SUP-004,2014-09-05,2014-09-15,2014-09-14,96,96,10,9,-1,1,2.51,240.96,Delivered
PO-13776,SKU-030,WH-TX1,SUP-004,2014-09-23,2014-10-03,2014-10-03,96,96,10,10,0,1,2.51,240.96,Delivered
PO-13777,SKU-030,WH-TX1,SUP-004,2014-10-09,2014-10-19,2014-10-18,96,96,10,9,-1,1,2.51,240.96,Delivered
PO-13778,SKU-030,WH-TX1,SUP-004,2014-10-27,2014-11-06,2014-11-03,96,96,10,7,-3,1,2.51,240.96,Delivered
PO-13779,SKU-030,WH-TX1,SUP-004,2014-11-13,2014-11-23,2014-11-23,96,96,10,10,0,1,2.51,240.96,Delivered
PO-13780,SKU-030,WH-TX1,SUP-004,2014-11-29,2014-12-09,2014-12-09,96,96,10,10,0,1,2.51,240.96,Delivered
PO-13781,SKU-030,WH-TX1,SUP-004,2014-12-15,2014-12-25,2014-12-24,96,96,10,9,-1,1,2.51,240.96,Delivered
PO-13782,SKU-030,WH-TX1,SUP-004,2015-01-01,2015-01-11,2015-01-10,96,96,10,9,-1,1,2.51,240.96,Delivered
PO-13783,SKU-030,WH-TX1,SUP-004,2015-01-17,2015-01-27,2015-01-27,96,96,10,10,0,1,2.51,240.96,Delivered
PO-13784,SKU-030,WH-TX1,SUP-004,2015-02-03,2015-02-13,2015-02-13,96,96,10,10,0,1,2.51,240.96,Delivered
PO-13785,SKU-030,WH-TX1,SUP-004,2015-02-18,2015-02-28,2015-02-28,96,96,10,10,0,1,2.51,240.96,Delivered
PO-13786,SKU-030,WH-TX1,SUP-004,2015-03-06,2015-03-16,2015-03-16,96,96,10,10,0,1,2.51,240.96,Delivered
PO-13787,SKU-030,WH-TX1,SUP-004,2015-03-21,2015-03-31,2015-03-31,96,96,10,10,0,1,2.51,240.96,Delivered
PO-13788,SKU-030,WH-TX1,SUP-004,2015-04-08,2015-04-18,2015-04-18,96,96,10,10,0,1,2.51,240.96,Delivered
PO-13789,SKU-030,WH-TX1,SUP-004,2015-04-23,2015-05-03,2015-05-03,96,96,10,10,0,1,2.51,240.96,Delivered
PO-13790,SKU-030,WH-TX1,SUP-004,2015-05-09,2015-05-19,2015-05-19,96,96,10,10,0,1,2.51,240.96,Delivered
PO-13791,SKU-030,WH-TX1,SUP-004,2015-05-26,2015-06-05,2015-06-05,96,96,10,10,0,1,2.51,240.96,Delivered
PO-13792,SKU-030,WH-TX1,SUP-004,2015-06-11,2015-06-21,2015-06-21,96,96,10,10,0,1,2.51,240.96,Delivered
PO-13793,SKU-030,WH-TX1,SUP-004,2015-06-29,2015-07-09,2015-07-09,96,96,10,10,0,1,2.51,240.96,Delivered
PO-13794,SKU-030,WH-TX1,SUP-004,2015-07-14,2015-07-24,2015-07-24,96,96,10,10,0,1,2.51,240.96,Delivered
PO-13795,SKU-030,WH-TX1,SUP-004,2015-07-29,2015-08-08,2015-08-14,96,96,10,16,6,0,2.51,240.96,Delivered
PO-13796,SKU-030,WH-TX1,SUP-004,2015-08-13,2015-08-23,2015-08-21,96,96,10,8,-2,1,2.51,240.96,Delivered
PO-13797,SKU-030,WH-TX1,SUP-004,2015-08-28,2015-09-07,2015-09-07,96,96,10,10,0,1,2.51,240.96,Delivered
PO-13798,SKU-030,WH-TX1,SUP-004,2015-09-13,2015-09-23,2015-09-23,96,96,10,10,0,1,2.51,240.96,Delivered
PO-13799,SKU-030,WH-TX1,SUP-004,2015-09-29,2015-10-09,2015-10-09,96,96,10,10,0,1,2.51,240.96,Delivered
PO-13800,SKU-030,WH-TX1,SUP-004,2015-10-15,2015-10-25,2015-10-25,96,96,10,10,0,1,2.51,240.96,Delivered
PO-13801,SKU-030,WH-TX1,SUP-004,2015-11-02,2015-11-12,2015-11-12,96,96,10,10,0,1,2.51,240.96,Delivered
PO-13802,SKU-030,WH-TX1,SUP-004,2015-11-18,2015-11-28,2015-11-27,96,96,10,9,-1,1,2.51,240.96,Delivered
PO-13803,SKU-030,WH-TX1,SUP-004,2015-12-04,2015-12-14,2015-12-14,96,96,10,10,0,1,2.51,240.96,Delivered
PO-13804,SKU-030,WH-TX1,SUP-004,2015-12-20,2015-12-30,2015-12-27,96,96,10,7,-3,1,2.51,240.96,Delivered
PO-13805,SKU-030,WH-TX1,SUP-004,2016-01-07,2016-01-17,2016-01-16,96,96,10,9,-1,1,2.51,240.96,Delivered
PO-13806,SKU-030,WH-TX1,SUP-004,2016-01-24,2016-02-03,2016-02-02,96,96,10,9,-1,1,2.51,240.96,Delivered
PO-13807,SKU-030,WH-TX1,SUP-004,2016-02-11,2016-02-21,2016-02-20,96,96,10,9,-1,1,2.51,240.96,Delivered
PO-13808,SKU-030,WH-TX1,SUP-004,2016-02-26,2016-03-07,2016-03-07,96,96,10,10,0,1,2.51,240.96,Delivered
PO-13809,SKU-030,WH-TX1,SUP-004,2016-03-14,2016-03-24,2016-03-23,96,96,10,9,-1,1,2.51,240.96,Delivered
PO-13810,SKU-030,WH-TX1,SUP-004,2016-04-01,2016-04-11,2016-04-10,96,96,10,9,-1,1,2.51,240.96,Delivered
PO-13811,SKU-030,WH-WI1,SUP-004,2014-05-02,2014-05-12,2014-05-11,96,96,10,9,-1,1,2.51,240.96,Delivered
PO-13812,SKU-030,WH-WI1,SUP-004,2014-05-24,2014-06-03,2014-06-03,96,96,10,10,0,1,2.51,240.96,Delivered
PO-13813,SKU-030,WH-WI1,SUP-004,2014-06-16,2014-06-26,2014-06-25,96,96,10,9,-1,1,2.51,240.96,Delivered
PO-13814,SKU-030,WH-WI1,SUP-004,2014-07-09,2014-07-19,2014-07-19,96,96,10,10,0,1,2.51,240.96,Delivered
PO-13815,SKU-030,WH-WI1,SUP-004,2014-07-31,2014-08-10,2014-08-09,96,96,10,9,-1,1,2.51,240.96,Delivered
PO-13816,SKU-030,WH-WI1,SUP-004,2014-08-23,2014-09-02,2014-09-04,96,96,10,12,2,0,2.51,240.96,Delivered
PO-13817,SKU-030,WH-WI1,SUP-004,2014-09-14,2014-09-24,2014-09-24,96,96,10,10,0,1,2.51,240.96,Delivered
PO-13818,SKU-030,WH-WI1,SUP-004,2014-10-08,2014-10-18,2014-10-17,96,96,10,9,-1,1,2.51,240.96,Delivered
PO-13819,SKU-030,WH-WI1,SUP-004,2014-10-29,2014-11-08,2014-11-06,96,96,10,8,-2,1,2.51,240.96,Delivered
PO-13820,SKU-030,WH-WI1,SUP-004,2014-11-20,2014-11-30,2014-11-30,96,96,10,10,0,1,2.51,240.96,Delivered
PO-13821,SKU-030,WH-WI1,SUP-004,2014-12-11,2014-12-21,2014-12-20,96,96,10,9,-1,1,2.51,240.96,Delivered
PO-13822,SKU-030,WH-WI1,SUP-004,2015-01-03,2015-01-13,2015-01-13,96,96,10,10,0,1,2.51,240.96,Delivered
PO-13823,SKU-030,WH-WI1,SUP-004,2015-01-26,2015-02-05,2015-02-05,96,96,10,10,0,1,2.51,240.96,Delivered
PO-13824,SKU-030,WH-WI1,SUP-004,2015-02-18,2015-02-28,2015-02-27,96,96,10,9,-1,1,2.51,240.96,Delivered
PO-13825,SKU-030,WH-WI1,SUP-004,2015-03-11,2015-03-21,2015-03-21,96,96,10,10,0,1,2.51,240.96,Delivered
PO-13826,SKU-030,WH-WI1,SUP-004,2015-04-01,2015-04-11,2015-04-10,96,96,10,9,-1,1,2.51,240.96,Delivered
PO-13827,SKU-030,WH-WI1,SUP-004,2015-04-24,2015-05-04,2015-05-04,96,96,10,10,0,1,2.51,240.96,Delivered
PO-13828,SKU-030,WH-WI1,SUP-004,2015-05-16,2015-05-26,2015-05-26,96,96,10,10,0,1,2.51,240.96,Delivered
PO-13829,SKU-030,WH-WI1,SUP-004,2015-06-08,2015-06-18,2015-06-18,96,96,10,10,0,1,2.51,240.96,Delivered
PO-13830,SKU-030,WH-WI1,SUP-004,2015-07-02,2015-07-12,2015-07-10,96,96,10,8,-2,1,2.51,240.96,Delivered
PO-13831,SKU-030,WH-WI1,SUP-004,2015-07-23,2015-08-02,2015-08-02,96,96,10,10,0,1,2.51,240.96,Delivered
PO-13832,SKU-030,WH-WI1,SUP-004,2015-08-15,2015-08-25,2015-08-23,96,96,10,8,-2,1,2.51,240.96,Delivered
PO-13833,SKU-030,WH-WI1,SUP-004,2015-09-08,2015-09-18,2015-09-17,96,96,10,9,-1,1,2.51,240.96,Delivered
PO-13834,SKU-030,WH-WI1,SUP-004,2015-10-02,2015-10-12,2015-10-12,96,96,10,10,0,1,2.51,240.96,Delivered
PO-13835,SKU-030,WH-WI1,SUP-004,2015-10-23,2015-11-02,2015-11-02,96,96,10,10,0,1,2.51,240.96,Delivered
PO-13836,SKU-030,WH-WI1,SUP-004,2015-11-15,2015-11-25,2015-11-24,96,96,10,9,-1,1,2.51,240.96,Delivered
PO-13837,SKU-030,WH-WI1,SUP-004,2015-12-09,2015-12-19,2015-12-19,96,96,10,10,0,1,2.51,240.96,Delivered
PO-13838,SKU-030,WH-WI1,SUP-004,2015-12-31,2016-01-10,2016-01-10,96,96,10,10,0,1,2.51,240.96,Delivered
PO-13839,SKU-030,WH-WI1,SUP-004,2016-01-21,2016-01-31,2016-01-30,96,96,10,9,-1,1,2.51,240.96,Delivered
PO-13840,SKU-030,WH-WI1,SUP-004,2016-02-11,2016-02-21,2016-02-21,96,96,10,10,0,1,2.51,240.96,Delivered
PO-13841,SKU-030,WH-WI1,SUP-004,2016-03-05,2016-03-15,2016-03-15,96,96,10,10,0,1,2.51,240.96,Delivered
PO-13842,SKU-030,WH-WI1,SUP-004,2016-03-26,2016-04-05,2016-04-04,96,96,10,9,-1,1,2.51,240.96,Delivered
PO-13843,SKU-031,WH-CA1,SUP-005,2014-05-05,2014-05-19,2014-05-19,48,48,14,14,0,1,3.5,168.0,Delivered
PO-13844,SKU-031,WH-CA1,SUP-005,2014-05-25,2014-06-08,2014-06-08,48,48,14,14,0,1,3.5,168.0,Delivered
PO-13845,SKU-031,WH-CA1,SUP-005,2014-06-14,2014-06-28,2014-06-27,48,48,14,13,-1,1,3.5,168.0,Delivered
PO-13846,SKU-031,WH-CA1,SUP-005,2014-07-04,2014-07-18,2014-07-17,48,48,14,13,-1,1,3.5,168.0,Delivered
PO-13847,SKU-031,WH-CA1,SUP-005,2014-07-24,2014-08-07,2014-08-14,48,48,14,21,7,0,3.5,168.0,Delivered
PO-13848,SKU-031,WH-CA1,SUP-005,2014-08-14,2014-08-28,2014-08-26,48,48,14,12,-2,1,3.5,168.0,Delivered
PO-13849,SKU-031,WH-CA1,SUP-005,2014-09-05,2014-09-19,2014-09-19,48,48,14,14,0,1,3.5,168.0,Delivered
PO-13850,SKU-031,WH-CA1,SUP-005,2014-09-24,2014-10-08,2014-10-07,48,48,14,13,-1,1,3.5,168.0,Delivered
PO-13851,SKU-031,WH-CA1,SUP-005,2014-10-13,2014-10-27,2014-10-25,48,48,14,12,-2,1,3.5,168.0,Delivered
PO-13852,SKU-031,WH-CA1,SUP-005,2014-11-01,2014-11-15,2014-11-15,48,48,14,14,0,1,3.5,168.0,Delivered
PO-13853,SKU-031,WH-CA1,SUP-005,2014-11-21,2014-12-05,2014-12-05,48,48,14,14,0,1,3.5,168.0,Delivered
PO-13854,SKU-031,WH-CA1,SUP-005,2014-12-11,2014-12-25,2014-12-25,48,48,14,14,0,1,3.5,168.0,Delivered
PO-13855,SKU-031,WH-CA1,SUP-005,2014-12-31,2015-01-14,2015-01-12,48,48,14,12,-2,1,3.5,168.0,Delivered
PO-13856,SKU-031,WH-CA1,SUP-005,2015-01-21,2015-02-04,2015-02-04,48,48,14,14,0,1,3.5,168.0,Delivered
PO-13857,SKU-031,WH-CA1,SUP-005,2015-02-10,2015-02-24,2015-02-24,48,48,14,14,0,1,3.5,168.0,Delivered
PO-13858,SKU-031,WH-CA1,SUP-005,2015-03-03,2015-03-17,2015-03-16,48,48,14,13,-1,1,3.5,168.0,Delivered
PO-13859,SKU-031,WH-CA1,SUP-005,2015-03-23,2015-04-06,2015-04-04,48,48,14,12,-2,1,3.5,168.0,Delivered
PO-13860,SKU-031,WH-CA1,SUP-005,2015-04-11,2015-04-25,2015-05-03,48,48,14,22,8,0,3.5,168.0,Delivered
PO-13861,SKU-031,WH-CA1,SUP-005,2015-05-01,2015-05-15,2015-05-15,48,48,14,14,0,1,3.5,168.0,Delivered
PO-13862,SKU-031,WH-CA1,SUP-005,2015-05-22,2015-06-05,2015-06-02,48,48,14,11,-3,1,3.5,168.0,Delivered
PO-13863,SKU-031,WH-CA1,SUP-005,2015-06-13,2015-06-27,2015-06-25,48,48,14,12,-2,1,3.5,168.0,Delivered
PO-13864,SKU-031,WH-CA1,SUP-005,2015-07-02,2015-07-16,2015-07-14,48,48,14,12,-2,1,3.5,168.0,Delivered
PO-13865,SKU-031,WH-CA1,SUP-005,2015-07-24,2015-08-07,2015-08-07,48,48,14,14,0,1,3.5,168.0,Delivered
PO-13866,SKU-031,WH-CA1,SUP-005,2015-08-13,2015-08-27,2015-08-27,48,48,14,14,0,1,3.5,168.0,Delivered
PO-13867,SKU-031,WH-CA1,SUP-005,2015-09-01,2015-09-15,2015-09-14,48,48,14,13,-1,1,3.5,168.0,Delivered
PO-13868,SKU-031,WH-CA1,SUP-005,2015-09-21,2015-10-05,2015-10-05,48,48,14,14,0,1,3.5,168.0,Delivered
PO-13869,SKU-031,WH-CA1,SUP-005,2015-10-11,2015-10-25,2015-10-22,48,48,14,11,-3,1,3.5,168.0,Delivered
PO-13870,SKU-031,WH-CA1,SUP-005,2015-10-30,2015-11-13,2015-11-13,48,48,14,14,0,1,3.5,168.0,Delivered
PO-13871,SKU-031,WH-CA1,SUP-005,2015-11-18,2015-12-02,2015-12-02,48,48,14,14,0,1,3.5,168.0,Delivered
PO-13872,SKU-031,WH-CA1,SUP-005,2015-12-08,2015-12-22,2015-12-22,48,48,14,14,0,1,3.5,168.0,Delivered
PO-13873,SKU-031,WH-CA1,SUP-005,2015-12-28,2016-01-11,2016-01-11,48,48,14,14,0,1,3.5,168.0,Delivered
PO-13874,SKU-031,WH-CA1,SUP-005,2016-01-16,2016-01-30,2016-01-30,48,48,14,14,0,1,3.5,168.0,Delivered
PO-13875,SKU-031,WH-CA1,SUP-005,2016-02-04,2016-02-18,2016-02-17,48,48,14,13,-1,1,3.5,168.0,Delivered
PO-13876,SKU-031,WH-CA1,SUP-005,2016-02-23,2016-03-08,2016-03-07,48,48,14,13,-1,1,3.5,168.0,Delivered
PO-13877,SKU-031,WH-CA1,SUP-005,2016-03-14,2016-03-28,2016-03-28,48,48,14,14,0,1,3.5,168.0,Delivered
PO-13878,SKU-031,WH-CA1,SUP-005,2016-04-03,2016-04-17,2016-04-17,48,48,14,14,0,1,3.5,168.0,Delivered
PO-13879,SKU-031,WH-TX1,SUP-005,2014-05-02,2014-05-16,2014-05-16,48,48,14,14,0,1,3.5,168.0,Delivered
PO-13880,SKU-031,WH-TX1,SUP-005,2014-05-24,2014-06-07,2014-06-18,48,48,14,25,11,0,3.5,168.0,Delivered
PO-13881,SKU-031,WH-TX1,SUP-005,2014-06-14,2014-06-28,2014-06-26,48,48,14,12,-2,1,3.5,168.0,Delivered
PO-13882,SKU-031,WH-TX1,SUP-005,2014-07-06,2014-07-20,2014-07-20,48,48,14,14,0,1,3.5,168.0,Delivered
PO-13883,SKU-031,WH-TX1,SUP-005,2014-07-28,2014-08-11,2014-08-11,48,48,14,14,0,1,3.5,168.0,Delivered
PO-13884,SKU-031,WH-TX1,SUP-005,2014-08-21,2014-09-04,2014-09-01,48,48,14,11,-3,1,3.5,168.0,Delivered
PO-13885,SKU-031,WH-TX1,SUP-005,2014-09-12,2014-09-26,2014-09-30,48,48,14,18,4,0,3.5,168.0,Delivered
PO-13886,SKU-031,WH-TX1,SUP-005,2014-10-04,2014-10-18,2014-10-18,48,48,14,14,0,1,3.5,168.0,Delivered
PO-13887,SKU-031,WH-TX1,SUP-005,2014-10-27,2014-11-10,2014-11-10,48,48,14,14,0,1,3.5,168.0,Delivered
PO-13888,SKU-031,WH-TX1,SUP-005,2014-11-19,2014-12-03,2014-12-01,48,48,14,12,-2,1,3.5,168.0,Delivered
PO-13889,SKU-031,WH-TX1,SUP-005,2014-12-13,2014-12-27,2014-12-27,48,48,14,14,0,1,3.5,168.0,Delivered
PO-13890,SKU-031,WH-TX1,SUP-005,2015-01-05,2015-01-19,2015-01-17,48,48,14,12,-2,1,3.5,168.0,Delivered
PO-13891,SKU-031,WH-TX1,SUP-005,2015-01-27,2015-02-10,2015-02-10,48,48,14,14,0,1,3.5,168.0,Delivered
PO-13892,SKU-031,WH-TX1,SUP-005,2015-02-18,2015-03-04,2015-03-04,48,48,14,14,0,1,3.5,168.0,Delivered
PO-13893,SKU-031,WH-TX1,SUP-005,2015-03-11,2015-03-25,2015-03-25,48,48,14,14,0,1,3.5,168.0,Delivered
PO-13894,SKU-031,WH-TX1,SUP-005,2015-04-03,2015-04-17,2015-04-17,48,48,14,14,0,1,3.5,168.0,Delivered
PO-13895,SKU-031,WH-TX1,SUP-005,2015-04-25,2015-05-09,2015-05-09,48,48,14,14,0,1,3.5,168.0,Delivered
PO-13896,SKU-031,WH-TX1,SUP-005,2015-05-16,2015-05-30,2015-05-30,48,48,14,14,0,1,3.5,168.0,Delivered
PO-13897,SKU-031,WH-TX1,SUP-005,2015-06-09,2015-06-23,2015-06-23,48,48,14,14,0,1,3.5,168.0,Delivered
PO-13898,SKU-031,WH-TX1,SUP-005,2015-07-03,2015-07-17,2015-07-17,48,48,14,14,0,1,3.5,168.0,Delivered
PO-13899,SKU-031,WH-TX1,SUP-005,2015-07-27,2015-08-10,2015-08-06,48,48,14,10,-4,1,3.5,168.0,Delivered
PO-13900,SKU-031,WH-TX1,SUP-005,2015-08-19,2015-09-02,2015-09-02,48,48,14,14,0,1,3.5,168.0,Delivered
PO-13901,SKU-031,WH-TX1,SUP-005,2015-09-10,2015-09-24,2015-09-23,48,48,14,13,-1,1,3.5,168.0,Delivered
PO-13902,SKU-031,WH-TX1,SUP-005,2015-10-04,2015-10-18,2015-10-16,48,48,14,12,-2,1,3.5,168.0,Delivered
PO-13903,SKU-031,WH-TX1,SUP-005,2015-10-26,2015-11-09,2015-11-09,48,48,14,14,0,1,3.5,168.0,Delivered
PO-13904,SKU-031,WH-TX1,SUP-005,2015-11-19,2015-12-03,2015-12-03,48,48,14,14,0,1,3.5,168.0,Delivered
PO-13905,SKU-031,WH-TX1,SUP-005,2015-12-13,2015-12-27,2015-12-27,48,48,14,14,0,1,3.5,168.0,Delivered
PO-13906,SKU-031,WH-TX1,SUP-005,2016-01-05,2016-01-19,2016-01-17,48,48,14,12,-2,1,3.5,168.0,Delivered
PO-13907,SKU-031,WH-TX1,SUP-005,2016-01-26,2016-02-09,2016-02-07,48,48,14,12,-2,1,3.5,168.0,Delivered
PO-13908,SKU-031,WH-TX1,SUP-005,2016-02-18,2016-03-03,2016-03-01,48,48,14,12,-2,1,3.5,168.0,Delivered
PO-13909,SKU-031,WH-TX1,SUP-005,2016-03-12,2016-03-26,2016-03-26,48,48,14,14,0,1,3.5,168.0,Delivered
PO-13910,SKU-031,WH-TX1,SUP-005,2016-04-03,2016-04-17,2016-04-14,48,48,14,11,-3,1,3.5,168.0,Delivered
PO-13911,SKU-031,WH-WI1,SUP-005,2014-05-04,2014-05-18,2014-05-17,48,48,14,13,-1,1,3.5,168.0,Delivered
PO-13912,SKU-031,WH-WI1,SUP-005,2014-05-22,2014-06-05,2014-06-16,48,48,14,25,11,0,3.5,168.0,Delivered
PO-13913,SKU-031,WH-WI1,SUP-005,2014-06-08,2014-06-22,2014-06-23,48,48,14,15,1,0,3.5,168.0,Delivered
PO-13914,SKU-031,WH-WI1,SUP-005,2014-06-24,2014-07-08,2014-07-05,48,48,14,11,-3,1,3.5,168.0,Delivered
PO-13915,SKU-031,WH-WI1,SUP-005,2014-07-10,2014-07-24,2014-07-23,48,48,14,13,-1,1,3.5,168.0,Delivered
PO-13916,SKU-031,WH-WI1,SUP-005,2014-07-28,2014-08-11,2014-08-08,48,48,14,11,-3,1,3.5,168.0,Delivered
PO-13917,SKU-031,WH-WI1,SUP-005,2014-08-14,2014-08-28,2014-08-27,48,48,14,13,-1,1,3.5,168.0,Delivered
PO-13918,SKU-031,WH-WI1,SUP-005,2014-08-30,2014-09-13,2014-09-13,48,48,14,14,0,1,3.5,168.0,Delivered
PO-13919,SKU-031,WH-WI1,SUP-005,2014-09-17,2014-10-01,2014-09-29,48,48,14,12,-2,1,3.5,168.0,Delivered
PO-13920,SKU-031,WH-WI1,SUP-005,2014-10-06,2014-10-20,2014-10-20,48,48,14,14,0,1,3.5,168.0,Delivered
PO-13921,SKU-031,WH-WI1,SUP-005,2014-10-25,2014-11-08,2014-11-09,48,48,14,15,1,0,3.5,168.0,Delivered
PO-13922,SKU-031,WH-WI1,SUP-005,2014-11-11,2014-11-25,2014-11-25,48,48,14,14,0,1,3.5,168.0,Delivered
PO-13923,SKU-031,WH-WI1,SUP-005,2014-11-27,2014-12-11,2014-12-11,48,48,14,14,0,1,3.5,168.0,Delivered
PO-13924,SKU-031,WH-WI1,SUP-005,2014-12-14,2014-12-28,2015-01-03,48,48,14,20,6,0,3.5,168.0,Delivered
PO-13925,SKU-031,WH-WI1,SUP-005,2015-01-02,2015-01-16,2015-01-16,48,48,14,14,0,1,3.5,168.0,Delivered
PO-13926,SKU-031,WH-WI1,SUP-005,2015-01-20,2015-02-03,2015-02-01,48,48,14,12,-2,1,3.5,168.0,Delivered
PO-13927,SKU-031,WH-WI1,SUP-005,2015-02-05,2015-02-19,2015-02-24,48,48,14,19,5,0,3.5,168.0,Delivered
PO-13928,SKU-031,WH-WI1,SUP-005,2015-02-24,2015-03-10,2015-03-10,48,48,14,14,0,1,3.5,168.0,Delivered
PO-13929,SKU-031,WH-WI1,SUP-005,2015-03-13,2015-03-27,2015-03-27,48,48,14,14,0,1,3.5,168.0,Delivered
PO-13930,SKU-031,WH-WI1,SUP-005,2015-04-01,2015-04-15,2015-04-15,48,48,14,14,0,1,3.5,168.0,Delivered
PO-13931,SKU-031,WH-WI1,SUP-005,2015-04-17,2015-05-01,2015-05-01,48,48,14,14,0,1,3.5,168.0,Delivered
PO-13932,SKU-031,WH-WI1,SUP-005,2015-05-03,2015-05-17,2015-05-15,48,48,14,12,-2,1,3.5,168.0,Delivered
PO-13933,SKU-031,WH-WI1,SUP-005,2015-05-20,2015-06-03,2015-06-01,48,48,14,12,-2,1,3.5,168.0,Delivered
PO-13934,SKU-031,WH-WI1,SUP-005,2015-06-05,2015-06-19,2015-06-15,48,48,14,10,-4,1,3.5,168.0,Delivered
PO-13935,SKU-031,WH-WI1,SUP-005,2015-06-23,2015-07-07,2015-07-07,48,48,14,14,0,1,3.5,168.0,Delivered
PO-13936,SKU-031,WH-WI1,SUP-005,2015-07-10,2015-07-24,2015-07-24,48,48,14,14,0,1,3.5,168.0,Delivered
PO-13937,SKU-031,WH-WI1,SUP-005,2015-07-26,2015-08-09,2015-08-07,48,48,14,12,-2,1,3.5,168.0,Delivered
PO-13938,SKU-031,WH-WI1,SUP-005,2015-08-14,2015-08-28,2015-08-28,48,48,14,14,0,1,3.5,168.0,Delivered
PO-13939,SKU-031,WH-WI1,SUP-005,2015-09-02,2015-09-16,2015-09-16,48,48,14,14,0,1,3.5,168.0,Delivered
PO-13940,SKU-031,WH-WI1,SUP-005,2015-09-18,2015-10-02,2015-10-01,48,48,14,13,-1,1,3.5,168.0,Delivered
PO-13941,SKU-031,WH-WI1,SUP-005,2015-10-06,2015-10-20,2015-10-20,48,48,14,14,0,1,3.5,168.0,Delivered
PO-13942,SKU-031,WH-WI1,SUP-005,2015-10-22,2015-11-05,2015-11-08,48,48,14,17,3,0,3.5,168.0,Delivered
PO-13943,SKU-031,WH-WI1,SUP-005,2015-11-09,2015-11-23,2015-11-23,48,48,14,14,0,1,3.5,168.0,Delivered
PO-13944,SKU-031,WH-WI1,SUP-005,2015-11-27,2015-12-11,2015-12-11,48,48,14,14,0,1,3.5,168.0,Delivered
PO-13945,SKU-031,WH-WI1,SUP-005,2015-12-16,2015-12-30,2015-12-30,48,48,14,14,0,1,3.5,168.0,Delivered
PO-13946,SKU-031,WH-WI1,SUP-005,2016-01-03,2016-01-17,2016-01-17,48,48,14,14,0,1,3.5,168.0,Delivered
PO-13947,SKU-031,WH-WI1,SUP-005,2016-01-21,2016-02-04,2016-02-04,48,48,14,14,0,1,3.5,168.0,Delivered
PO-13948,SKU-031,WH-WI1,SUP-005,2016-02-06,2016-02-20,2016-02-20,48,48,14,14,0,1,3.5,168.0,Delivered
PO-13949,SKU-031,WH-WI1,SUP-005,2016-02-24,2016-03-09,2016-03-07,48,48,14,12,-2,1,3.5,168.0,Delivered
PO-13950,SKU-031,WH-WI1,SUP-005,2016-03-12,2016-03-26,2016-03-25,48,48,14,13,-1,1,3.5,168.0,Delivered
PO-13951,SKU-031,WH-WI1,SUP-005,2016-03-28,2016-04-11,2016-04-11,48,48,14,14,0,1,3.5,168.0,Delivered
PO-13952,SKU-032,WH-CA1,SUP-008,2014-04-29,2014-05-11,2014-05-10,48,48,12,11,-1,1,4.47,214.56,Delivered
PO-13953,SKU-032,WH-CA1,SUP-008,2014-05-14,2014-05-26,2014-05-24,48,48,12,10,-2,1,4.47,214.56,Delivered
PO-13954,SKU-032,WH-CA1,SUP-008,2014-05-30,2014-06-11,2014-06-12,48,48,12,13,1,0,4.47,214.56,Delivered
PO-13955,SKU-032,WH-CA1,SUP-008,2014-06-13,2014-06-25,2014-06-25,48,48,12,12,0,1,4.47,214.56,Delivered
PO-13956,SKU-032,WH-CA1,SUP-008,2014-06-26,2014-07-08,2014-07-08,48,48,12,12,0,1,4.47,214.56,Delivered
PO-13957,SKU-032,WH-CA1,SUP-008,2014-07-10,2014-07-22,2014-07-22,48,48,12,12,0,1,4.47,214.56,Delivered
PO-13958,SKU-032,WH-CA1,SUP-008,2014-07-26,2014-08-07,2014-08-06,48,48,12,11,-1,1,4.47,214.56,Delivered
PO-13959,SKU-032,WH-CA1,SUP-008,2014-08-08,2014-08-20,2014-08-20,48,48,12,12,0,1,4.47,214.56,Delivered
PO-13960,SKU-032,WH-CA1,SUP-008,2014-08-21,2014-09-02,2014-09-02,48,48,12,12,0,1,4.47,214.56,Delivered
PO-13961,SKU-032,WH-CA1,SUP-008,2014-09-05,2014-09-17,2014-09-15,48,48,12,10,-2,1,4.47,214.56,Delivered
PO-13962,SKU-032,WH-CA1,SUP-008,2014-09-20,2014-10-02,2014-09-30,48,48,12,10,-2,1,4.47,214.56,Delivered
PO-13963,SKU-032,WH-CA1,SUP-008,2014-10-05,2014-10-17,2014-10-29,48,48,12,24,12,0,4.47,214.56,Delivered
PO-13964,SKU-032,WH-CA1,SUP-008,2014-10-18,2014-10-30,2014-10-30,48,48,12,12,0,1,4.47,214.56,Delivered
PO-13965,SKU-032,WH-CA1,SUP-008,2014-10-31,2014-11-12,2014-11-14,48,48,12,14,2,0,4.47,214.56,Delivered
PO-13966,SKU-032,WH-CA1,SUP-008,2014-11-14,2014-11-26,2014-11-26,48,48,12,12,0,1,4.47,214.56,Delivered
PO-13967,SKU-032,WH-CA1,SUP-008,2014-11-30,2014-12-12,2014-12-11,48,48,12,11,-1,1,4.47,214.56,Delivered
PO-13968,SKU-032,WH-CA1,SUP-008,2014-12-15,2014-12-27,2014-12-27,48,48,12,12,0,1,4.47,214.56,Delivered
PO-13969,SKU-032,WH-CA1,SUP-008,2014-12-31,2015-01-12,2015-01-12,48,48,12,12,0,1,4.47,214.56,Delivered
PO-13970,SKU-032,WH-CA1,SUP-008,2015-01-14,2015-01-26,2015-01-25,48,48,12,11,-1,1,4.47,214.56,Delivered
PO-13971,SKU-032,WH-CA1,SUP-008,2015-01-28,2015-02-09,2015-02-09,48,48,12,12,0,1,4.47,214.56,Delivered
PO-13972,SKU-032,WH-CA1,SUP-008,2015-02-11,2015-02-23,2015-02-23,48,48,12,12,0,1,4.47,214.56,Delivered
PO-13973,SKU-032,WH-CA1,SUP-008,2015-02-25,2015-03-09,2015-03-09,48,48,12,12,0,1,4.47,214.56,Delivered
PO-13974,SKU-032,WH-CA1,SUP-008,2015-03-11,2015-03-23,2015-03-23,48,48,12,12,0,1,4.47,214.56,Delivered
PO-13975,SKU-032,WH-CA1,SUP-008,2015-03-26,2015-04-07,2015-04-06,48,48,12,11,-1,1,4.47,214.56,Delivered
PO-13976,SKU-032,WH-CA1,SUP-008,2015-04-09,2015-04-21,2015-04-21,48,48,12,12,0,1,4.47,214.56,Delivered
PO-13977,SKU-032,WH-CA1,SUP-008,2015-04-23,2015-05-05,2015-05-05,48,48,12,12,0,1,4.47,214.56,Delivered
PO-13978,SKU-032,WH-CA1,SUP-008,2015-05-07,2015-05-19,2015-06-02,48,48,12,26,14,0,4.47,214.56,Delivered
PO-13979,SKU-032,WH-CA1,SUP-008,2015-05-23,2015-06-04,2015-06-03,48,48,12,11,-1,1,4.47,214.56,Delivered
PO-13980,SKU-032,WH-CA1,SUP-008,2015-06-06,2015-06-18,2015-06-18,48,48,12,12,0,1,4.47,214.56,Delivered
PO-13981,SKU-032,WH-CA1,SUP-008,2015-06-22,2015-07-04,2015-07-07,48,48,12,15,3,0,4.47,214.56,Delivered
PO-13982,SKU-032,WH-CA1,SUP-008,2015-07-06,2015-07-18,2015-07-18,48,48,12,12,0,1,4.47,214.56,Delivered
PO-13983,SKU-032,WH-CA1,SUP-008,2015-07-20,2015-08-01,2015-08-01,48,48,12,12,0,1,4.47,214.56,Delivered
PO-13984,SKU-032,WH-CA1,SUP-008,2015-08-03,2015-08-15,2015-08-15,48,48,12,12,0,1,4.47,214.56,Delivered
PO-13985,SKU-032,WH-CA1,SUP-008,2015-08-16,2015-08-28,2015-08-28,48,48,12,12,0,1,4.47,214.56,Delivered
PO-13986,SKU-032,WH-CA1,SUP-008,2015-08-31,2015-09-12,2015-09-12,48,48,12,12,0,1,4.47,214.56,Delivered
PO-13987,SKU-032,WH-CA1,SUP-008,2015-09-14,2015-09-26,2015-09-25,48,48,12,11,-1,1,4.47,214.56,Delivered
PO-13988,SKU-032,WH-CA1,SUP-008,2015-09-30,2015-10-12,2015-10-12,48,48,12,12,0,1,4.47,214.56,Delivered
PO-13989,SKU-032,WH-CA1,SUP-008,2015-10-15,2015-10-27,2015-10-27,48,48,12,12,0,1,4.47,214.56,Delivered
PO-13990,SKU-032,WH-CA1,SUP-008,2015-10-29,2015-11-10,2015-11-10,48,48,12,12,0,1,4.47,214.56,Delivered
PO-13991,SKU-032,WH-CA1,SUP-008,2015-11-11,2015-11-23,2015-11-22,48,48,12,11,-1,1,4.47,214.56,Delivered
PO-13992,SKU-032,WH-CA1,SUP-008,2015-11-24,2015-12-06,2015-12-06,48,48,12,12,0,1,4.47,214.56,Delivered
PO-13993,SKU-032,WH-CA1,SUP-008,2015-12-08,2015-12-20,2015-12-20,48,48,12,12,0,1,4.47,214.56,Delivered
PO-13994,SKU-032,WH-CA1,SUP-008,2015-12-24,2016-01-05,2016-01-07,48,48,12,14,2,0,4.47,214.56,Delivered
PO-13995,SKU-032,WH-CA1,SUP-008,2016-01-06,2016-01-18,2016-01-18,48,48,12,12,0,1,4.47,214.56,Delivered
PO-13996,SKU-032,WH-CA1,SUP-008,2016-01-21,2016-02-02,2016-02-02,48,48,12,12,0,1,4.47,214.56,Delivered
PO-13997,SKU-032,WH-CA1,SUP-008,2016-02-03,2016-02-15,2016-02-15,48,48,12,12,0,1,4.47,214.56,Delivered
PO-13998,SKU-032,WH-CA1,SUP-008,2016-02-17,2016-02-29,2016-02-29,48,48,12,12,0,1,4.47,214.56,Delivered
PO-13999,SKU-032,WH-CA1,SUP-008,2016-03-02,2016-03-14,2016-03-13,48,48,12,11,-1,1,4.47,214.56,Delivered
PO-14000,SKU-032,WH-CA1,SUP-008,2016-03-16,2016-03-28,2016-03-28,48,48,12,12,0,1,4.47,214.56,Delivered
PO-14001,SKU-032,WH-CA1,SUP-008,2016-03-29,2016-04-10,2016-04-10,48,48,12,12,0,1,4.47,214.56,Delivered
PO-14002,SKU-032,WH-TX1,SUP-008,2014-05-05,2014-05-17,2014-05-15,48,48,12,10,-2,1,4.47,214.56,Delivered
PO-14003,SKU-032,WH-TX1,SUP-008,2014-05-24,2014-06-05,2014-06-14,48,48,12,21,9,0,4.47,214.56,Delivered
PO-14004,SKU-032,WH-TX1,SUP-008,2014-06-10,2014-06-22,2014-06-22,48,48,12,12,0,1,4.47,214.56,Delivered
PO-14005,SKU-032,WH-TX1,SUP-008,2014-06-29,2014-07-11,2014-07-09,48,48,12,10,-2,1,4.47,214.56,Delivered
PO-14006,SKU-032,WH-TX1,SUP-008,2014-07-17,2014-07-29,2014-07-29,48,48,12,12,0,1,4.47,214.56,Delivered
PO-14007,SKU-032,WH-TX1,SUP-008,2014-08-05,2014-08-17,2014-08-17,48,48,12,12,0,1,4.47,214.56,Delivered
PO-14008,SKU-032,WH-TX1,SUP-008,2014-08-24,2014-09-05,2014-09-05,48,48,12,12,0,1,4.47,214.56,Delivered
PO-14009,SKU-032,WH-TX1,SUP-008,2014-09-13,2014-09-25,2014-09-25,48,48,12,12,0,1,4.47,214.56,Delivered
PO-14010,SKU-032,WH-TX1,SUP-008,2014-10-01,2014-10-13,2014-10-12,48,48,12,11,-1,1,4.47,214.56,Delivered
PO-14011,SKU-032,WH-TX1,SUP-008,2014-10-19,2014-10-31,2014-10-31,48,48,12,12,0,1,4.47,214.56,Delivered
PO-14012,SKU-032,WH-TX1,SUP-008,2014-11-06,2014-11-18,2014-11-17,48,48,12,11,-1,1,4.47,214.56,Delivered
PO-14013,SKU-032,WH-TX1,SUP-008,2014-11-24,2014-12-06,2014-12-06,48,48,12,12,0,1,4.47,214.56,Delivered
PO-14014,SKU-032,WH-TX1,SUP-008,2014-12-12,2014-12-24,2014-12-24,48,48,12,12,0,1,4.47,214.56,Delivered
PO-14015,SKU-032,WH-TX1,SUP-008,2014-12-30,2015-01-11,2015-01-11,48,48,12,12,0,1,4.47,214.56,Delivered
PO-14016,SKU-032,WH-TX1,SUP-008,2015-01-19,2015-01-31,2015-01-30,48,48,12,11,-1,1,4.47,214.56,Delivered
PO-14017,SKU-032,WH-TX1,SUP-008,2015-02-05,2015-02-17,2015-02-14,48,48,12,9,-3,1,4.47,214.56,Delivered
PO-14018,SKU-032,WH-TX1,SUP-008,2015-02-23,2015-03-07,2015-03-07,48,48,12,12,0,1,4.47,214.56,Delivered
PO-14019,SKU-032,WH-TX1,SUP-008,2015-03-15,2015-03-27,2015-03-25,48,48,12,10,-2,1,4.47,214.56,Delivered
PO-14020,SKU-032,WH-TX1,SUP-008,2015-04-03,2015-04-15,2015-04-13,48,48,12,10,-2,1,4.47,214.56,Delivered
PO-14021,SKU-032,WH-TX1,SUP-008,2015-04-22,2015-05-04,2015-05-04,48,48,12,12,0,1,4.47,214.56,Delivered
PO-14022,SKU-032,WH-TX1,SUP-008,2015-05-10,2015-05-22,2015-05-22,48,48,12,12,0,1,4.47,214.56,Delivered
PO-14023,SKU-032,WH-TX1,SUP-008,2015-05-27,2015-06-08,2015-06-08,48,48,12,12,0,1,4.47,214.56,Delivered
PO-14024,SKU-032,WH-TX1,SUP-008,2015-06-14,2015-06-26,2015-06-26,48,48,12,12,0,1,4.47,214.56,Delivered
PO-14025,SKU-032,WH-TX1,SUP-008,2015-07-04,2015-07-16,2015-07-15,48,48,12,11,-1,1,4.47,214.56,Delivered
PO-14026,SKU-032,WH-TX1,SUP-008,2015-07-22,2015-08-03,2015-08-03,48,48,12,12,0,1,4.47,214.56,Delivered
PO-14027,SKU-032,WH-TX1,SUP-008,2015-08-09,2015-08-21,2015-08-19,48,48,12,10,-2,1,4.47,214.56,Delivered
PO-14028,SKU-032,WH-TX1,SUP-008,2015-08-27,2015-09-08,2015-09-08,48,48,12,12,0,1,4.47,214.56,Delivered
PO-14029,SKU-032,WH-TX1,SUP-008,2015-09-16,2015-09-28,2015-09-24,48,48,12,8,-4,1,4.47,214.56,Delivered
PO-14030,SKU-032,WH-TX1,SUP-008,2015-10-06,2015-10-18,2015-10-17,48,48,12,11,-1,1,4.47,214.56,Delivered
PO-14031,SKU-032,WH-TX1,SUP-008,2015-10-24,2015-11-05,2015-11-05,48,48,12,12,0,1,4.47,214.56,Delivered
PO-14032,SKU-032,WH-TX1,SUP-008,2015-11-11,2015-11-23,2015-11-23,48,48,12,12,0,1,4.47,214.56,Delivered
PO-14033,SKU-032,WH-TX1,SUP-008,2015-11-28,2015-12-10,2015-12-08,48,48,12,10,-2,1,4.47,214.56,Delivered
PO-14034,SKU-032,WH-TX1,SUP-008,2015-12-18,2015-12-30,2015-12-29,48,48,12,11,-1,1,4.47,214.56,Delivered
PO-14035,SKU-032,WH-TX1,SUP-008,2016-01-04,2016-01-16,2016-01-16,48,48,12,12,0,1,4.47,214.56,Delivered
PO-14036,SKU-032,WH-TX1,SUP-008,2016-01-22,2016-02-03,2016-02-03,48,48,12,12,0,1,4.47,214.56,Delivered
PO-14037,SKU-032,WH-TX1,SUP-008,2016-02-08,2016-02-20,2016-02-20,48,48,12,12,0,1,4.47,214.56,Delivered
PO-14038,SKU-032,WH-TX1,SUP-008,2016-02-27,2016-03-10,2016-03-07,48,48,12,9,-3,1,4.47,214.56,Delivered
PO-14039,SKU-032,WH-TX1,SUP-008,2016-03-17,2016-03-29,2016-03-28,48,48,12,11,-1,1,4.47,214.56,Delivered
PO-14040,SKU-032,WH-TX1,SUP-008,2016-04-05,2016-04-17,2016-04-17,48,48,12,12,0,1,4.47,214.56,Delivered
PO-14041,SKU-032,WH-WI1,SUP-008,2014-04-27,2014-05-09,2014-05-08,48,48,12,11,-1,1,4.47,214.56,Delivered
PO-14042,SKU-032,WH-WI1,SUP-008,2014-05-19,2014-05-31,2014-05-30,48,48,12,11,-1,1,4.47,214.56,Delivered
PO-14043,SKU-032,WH-WI1,SUP-008,2014-06-10,2014-06-22,2014-06-19,48,48,12,9,-3,1,4.47,214.56,Delivered
PO-14044,SKU-032,WH-WI1,SUP-008,2014-07-03,2014-07-15,2014-07-15,48,48,12,12,0,1,4.47,214.56,Delivered
PO-14045,SKU-032,WH-WI1,SUP-008,2014-07-24,2014-08-05,2014-08-04,48,48,12,11,-1,1,4.47,214.56,Delivered
PO-14046,SKU-032,WH-WI1,SUP-008,2014-08-14,2014-08-26,2014-08-26,48,48,12,12,0,1,4.47,214.56,Delivered
PO-14047,SKU-032,WH-WI1,SUP-008,2014-09-04,2014-09-16,2014-09-25,48,48,12,21,9,0,4.47,214.56,Delivered
PO-14048,SKU-032,WH-WI1,SUP-008,2014-09-27,2014-10-09,2014-10-11,48,48,12,14,2,0,4.47,214.56,Delivered
PO-14049,SKU-032,WH-WI1,SUP-008,2014-10-21,2014-11-02,2014-11-02,48,48,12,12,0,1,4.47,214.56,Delivered
PO-14050,SKU-032,WH-WI1,SUP-008,2014-11-14,2014-11-26,2014-11-26,48,48,12,12,0,1,4.47,214.56,Delivered
PO-14051,SKU-032,WH-WI1,SUP-008,2014-12-06,2014-12-18,2014-12-17,48,48,12,11,-1,1,4.47,214.56,Delivered
PO-14052,SKU-032,WH-WI1,SUP-008,2014-12-27,2015-01-08,2015-01-10,48,48,12,14,2,0,4.47,214.56,Delivered
PO-14053,SKU-032,WH-WI1,SUP-008,2015-01-18,2015-01-30,2015-01-30,48,48,12,12,0,1,4.47,214.56,Delivered
PO-14054,SKU-032,WH-WI1,SUP-008,2015-02-10,2015-02-22,2015-02-22,48,48,12,12,0,1,4.47,214.56,Delivered
PO-14055,SKU-032,WH-WI1,SUP-008,2015-03-04,2015-03-16,2015-03-16,48,48,12,12,0,1,4.47,214.56,Delivered
PO-14056,SKU-032,WH-WI1,SUP-008,2015-03-27,2015-04-08,2015-04-08,48,48,12,12,0,1,4.47,214.56,Delivered
PO-14057,SKU-032,WH-WI1,SUP-008,2015-04-20,2015-05-02,2015-05-02,48,48,12,12,0,1,4.47,214.56,Delivered
PO-14058,SKU-032,WH-WI1,SUP-008,2015-05-11,2015-05-23,2015-05-23,48,48,12,12,0,1,4.47,214.56,Delivered
PO-14059,SKU-032,WH-WI1,SUP-008,2015-06-02,2015-06-14,2015-06-14,48,48,12,12,0,1,4.47,214.56,Delivered
PO-14060,SKU-032,WH-WI1,SUP-008,2015-06-26,2015-07-08,2015-07-06,48,48,12,10,-2,1,4.47,214.56,Delivered
PO-14061,SKU-032,WH-WI1,SUP-008,2015-07-17,2015-07-29,2015-07-31,48,48,12,14,2,0,4.47,214.56,Delivered
PO-14062,SKU-032,WH-WI1,SUP-008,2015-08-10,2015-08-22,2015-08-22,48,48,12,12,0,1,4.47,214.56,Delivered
PO-14063,SKU-032,WH-WI1,SUP-008,2015-09-02,2015-09-14,2015-09-13,48,48,12,11,-1,1,4.47,214.56,Delivered
PO-14064,SKU-032,WH-WI1,SUP-008,2015-09-24,2015-10-06,2015-10-06,48,48,12,12,0,1,4.47,214.56,Delivered
PO-14065,SKU-032,WH-WI1,SUP-008,2015-10-15,2015-10-27,2015-10-25,48,48,12,10,-2,1,4.47,214.56,Delivered
PO-14066,SKU-032,WH-WI1,SUP-008,2015-11-06,2015-11-18,2015-11-17,48,48,12,11,-1,1,4.47,214.56,Delivered
PO-14067,SKU-032,WH-WI1,SUP-008,2015-11-27,2015-12-09,2015-12-09,48,48,12,12,0,1,4.47,214.56,Delivered
PO-14068,SKU-032,WH-WI1,SUP-008,2015-12-19,2015-12-31,2015-12-30,48,48,12,11,-1,1,4.47,214.56,Delivered
PO-14069,SKU-032,WH-WI1,SUP-008,2016-01-11,2016-01-23,2016-01-27,48,48,12,16,4,0,4.47,214.56,Delivered
PO-14070,SKU-032,WH-WI1,SUP-008,2016-02-03,2016-02-15,2016-02-15,48,48,12,12,0,1,4.47,214.56,Delivered
PO-14071,SKU-032,WH-WI1,SUP-008,2016-02-25,2016-03-08,2016-03-07,48,48,12,11,-1,1,4.47,214.56,Delivered
PO-14072,SKU-032,WH-WI1,SUP-008,2016-03-18,2016-03-30,2016-03-29,48,48,12,11,-1,1,4.47,214.56,Delivered
PO-14073,SKU-032,WH-WI1,SUP-008,2016-04-09,2016-04-21,2016-04-21,48,48,12,12,0,1,4.47,214.56,Delivered
PO-14074,SKU-033,WH-CA1,SUP-004,2014-05-02,2014-05-12,2014-05-11,48,48,10,9,-1,1,6.31,302.88,Delivered
PO-14075,SKU-033,WH-CA1,SUP-004,2014-05-15,2014-05-25,2014-05-25,48,48,10,10,0,1,6.31,302.88,Delivered
PO-14076,SKU-033,WH-CA1,SUP-004,2014-05-30,2014-06-09,2014-06-09,48,48,10,10,0,1,6.31,302.88,Delivered
PO-14077,SKU-033,WH-CA1,SUP-004,2014-06-13,2014-06-23,2014-06-21,48,48,10,8,-2,1,6.31,302.88,Delivered
PO-14078,SKU-033,WH-CA1,SUP-004,2014-06-29,2014-07-09,2014-07-09,48,48,10,10,0,1,6.31,302.88,Delivered
PO-14079,SKU-033,WH-CA1,SUP-004,2014-07-13,2014-07-23,2014-07-22,48,48,10,9,-1,1,6.31,302.88,Delivered
PO-14080,SKU-033,WH-CA1,SUP-004,2014-07-29,2014-08-08,2014-08-08,48,48,10,10,0,1,6.31,302.88,Delivered
PO-14081,SKU-033,WH-CA1,SUP-004,2014-08-14,2014-08-24,2014-08-24,48,48,10,10,0,1,6.31,302.88,Delivered
PO-14082,SKU-033,WH-CA1,SUP-004,2014-08-27,2014-09-06,2014-09-04,48,48,10,8,-2,1,6.31,302.88,Delivered
PO-14083,SKU-033,WH-CA1,SUP-004,2014-09-10,2014-09-20,2014-09-20,48,48,10,10,0,1,6.31,302.88,Delivered
PO-14084,SKU-033,WH-CA1,SUP-004,2014-09-24,2014-10-04,2014-10-02,48,48,10,8,-2,1,6.31,302.88,Delivered
PO-14085,SKU-033,WH-CA1,SUP-004,2014-10-09,2014-10-19,2014-10-19,48,48,10,10,0,1,6.31,302.88,Delivered
PO-14086,SKU-033,WH-CA1,SUP-004,2014-10-25,2014-11-04,2014-11-02,48,48,10,8,-2,1,6.31,302.88,Delivered
PO-14087,SKU-033,WH-CA1,SUP-004,2014-11-10,2014-11-20,2014-11-20,48,48,10,10,0,1,6.31,302.88,Delivered
PO-14088,SKU-033,WH-CA1,SUP-004,2014-11-24,2014-12-04,2014-12-04,48,48,10,10,0,1,6.31,302.88,Delivered
PO-14089,SKU-033,WH-CA1,SUP-004,2014-12-07,2014-12-17,2014-12-17,48,48,10,10,0,1,6.31,302.88,Delivered
PO-14090,SKU-033,WH-CA1,SUP-004,2014-12-21,2014-12-31,2014-12-31,48,48,10,10,0,1,6.31,302.88,Delivered
PO-14091,SKU-033,WH-CA1,SUP-004,2015-01-04,2015-01-14,2015-01-14,48,48,10,10,0,1,6.31,302.88,Delivered
PO-14092,SKU-033,WH-CA1,SUP-004,2015-01-18,2015-01-28,2015-01-28,48,48,10,10,0,1,6.31,302.88,Delivered
PO-14093,SKU-033,WH-CA1,SUP-004,2015-02-01,2015-02-11,2015-02-08,48,48,10,7,-3,1,6.31,302.88,Delivered
PO-14094,SKU-033,WH-CA1,SUP-004,2015-02-15,2015-02-25,2015-02-25,48,48,10,10,0,1,6.31,302.88,Delivered
PO-14095,SKU-033,WH-CA1,SUP-004,2015-03-01,2015-03-11,2015-03-18,48,48,10,17,7,0,6.31,302.88,Delivered
PO-14096,SKU-033,WH-CA1,SUP-004,2015-03-14,2015-03-24,2015-03-24,48,48,10,10,0,1,6.31,302.88,Delivered
PO-14097,SKU-033,WH-CA1,SUP-004,2015-03-28,2015-04-07,2015-04-07,48,48,10,10,0,1,6.31,302.88,Delivered
PO-14098,SKU-033,WH-CA1,SUP-004,2015-04-11,2015-04-21,2015-04-21,48,48,10,10,0,1,6.31,302.88,Delivered
PO-14099,SKU-033,WH-CA1,SUP-004,2015-04-24,2015-05-04,2015-05-04,48,48,10,10,0,1,6.31,302.88,Delivered
PO-14100,SKU-033,WH-CA1,SUP-004,2015-05-08,2015-05-18,2015-05-17,48,48,10,9,-1,1,6.31,302.88,Delivered
PO-14101,SKU-033,WH-CA1,SUP-004,2015-05-24,2015-06-03,2015-06-01,48,48,10,8,-2,1,6.31,302.88,Delivered
PO-14102,SKU-033,WH-CA1,SUP-004,2015-06-07,2015-06-17,2015-06-15,48,48,10,8,-2,1,6.31,302.88,Delivered
PO-14103,SKU-033,WH-CA1,SUP-004,2015-06-20,2015-06-30,2015-06-30,48,48,10,10,0,1,6.31,302.88,Delivered
PO-14104,SKU-033,WH-CA1,SUP-004,2015-07-03,2015-07-13,2015-07-12,48,48,10,9,-1,1,6.31,302.88,Delivered
PO-14105,SKU-033,WH-CA1,SUP-004,2015-07-16,2015-07-26,2015-07-22,48,48,10,6,-4,1,6.31,302.88,Delivered
PO-14106,SKU-033,WH-CA1,SUP-004,2015-07-30,2015-08-09,2015-08-08,48,48,10,9,-1,1,6.31,302.88,Delivered
PO-14107,SKU-033,WH-CA1,SUP-004,2015-08-13,2015-08-23,2015-08-21,48,48,10,8,-2,1,6.31,302.88,Delivered
PO-14108,SKU-033,WH-CA1,SUP-004,2015-08-27,2015-09-06,2015-09-06,48,48,10,10,0,1,6.31,302.88,Delivered
PO-14109,SKU-033,WH-CA1,SUP-004,2015-09-09,2015-09-19,2015-09-19,48,48,10,10,0,1,6.31,302.88,Delivered
PO-14110,SKU-033,WH-CA1,SUP-004,2015-09-22,2015-10-02,2015-09-30,48,48,10,8,-2,1,6.31,302.88,Delivered
PO-14111,SKU-033,WH-CA1,SUP-004,2015-10-08,2015-10-18,2015-10-18,48,48,10,10,0,1,6.31,302.88,Delivered
PO-14112,SKU-033,WH-CA1,SUP-004,2015-10-22,2015-11-01,2015-10-31,48,48,10,9,-1,1,6.31,302.88,Delivered
PO-14113,SKU-033,WH-CA1,SUP-004,2015-11-07,2015-11-17,2015-11-18,48,48,10,11,1,0,6.31,302.88,Delivered
PO-14114,SKU-033,WH-CA1,SUP-004,2015-11-20,2015-11-30,2015-11-30,48,48,10,10,0,1,6.31,302.88,Delivered
PO-14115,SKU-033,WH-CA1,SUP-004,2015-12-05,2015-12-15,2015-12-15,48,48,10,10,0,1,6.31,302.88,Delivered
PO-14116,SKU-033,WH-CA1,SUP-004,2015-12-19,2015-12-29,2015-12-29,48,48,10,10,0,1,6.31,302.88,Delivered
PO-14117,SKU-033,WH-CA1,SUP-004,2016-01-03,2016-01-13,2016-01-13,48,48,10,10,0,1,6.31,302.88,Delivered
PO-14118,SKU-033,WH-CA1,SUP-004,2016-01-17,2016-01-27,2016-01-27,48,48,10,10,0,1,6.31,302.88,Delivered
PO-14119,SKU-033,WH-CA1,SUP-004,2016-02-01,2016-02-11,2016-02-11,48,48,10,10,0,1,6.31,302.88,Delivered
PO-14120,SKU-033,WH-CA1,SUP-004,2016-02-16,2016-02-26,2016-02-26,48,48,10,10,0,1,6.31,302.88,Delivered
PO-14121,SKU-033,WH-CA1,SUP-004,2016-03-01,2016-03-11,2016-03-11,48,48,10,10,0,1,6.31,302.88,Delivered
PO-14122,SKU-033,WH-CA1,SUP-004,2016-03-17,2016-03-27,2016-03-27,48,48,10,10,0,1,6.31,302.88,Delivered
PO-14123,SKU-033,WH-CA1,SUP-004,2016-03-31,2016-04-10,2016-04-10,48,48,10,10,0,1,6.31,302.88,Delivered
PO-14124,SKU-033,WH-TX1,SUP-004,2014-05-04,2014-05-14,2014-05-12,48,48,10,8,-2,1,6.31,302.88,Delivered
PO-14125,SKU-033,WH-TX1,SUP-004,2014-05-21,2014-05-31,2014-05-31,48,48,10,10,0,1,6.31,302.88,Delivered
PO-14126,SKU-033,WH-TX1,SUP-004,2014-06-06,2014-06-16,2014-06-16,48,48,10,10,0,1,6.31,302.88,Delivered
PO-14127,SKU-033,WH-TX1,SUP-004,2014-06-23,2014-07-03,2014-07-06,48,48,10,13,3,0,6.31,302.88,Delivered
PO-14128,SKU-033,WH-TX1,SUP-004,2014-07-10,2014-07-20,2014-07-18,48,48,10,8,-2,1,6.31,302.88,Delivered
PO-14129,SKU-033,WH-TX1,SUP-004,2014-07-29,2014-08-08,2014-08-07,48,48,10,9,-1,1,6.31,302.88,Delivered
PO-14130,SKU-033,WH-TX1,SUP-004,2014-08-17,2014-08-27,2014-08-26,48,48,10,9,-1,1,6.31,302.88,Delivered
PO-14131,SKU-033,WH-TX1,SUP-004,2014-09-03,2014-09-13,2014-09-15,48,48,10,12,2,0,6.31,302.88,Delivered
PO-14132,SKU-033,WH-TX1,SUP-004,2014-09-21,2014-10-01,2014-10-01,48,48,10,10,0,1,6.31,302.88,Delivered
PO-14133,SKU-033,WH-TX1,SUP-004,2014-10-07,2014-10-17,2014-10-17,48,48,10,10,0,1,6.31,302.88,Delivered
PO-14134,SKU-033,WH-TX1,SUP-004,2014-10-23,2014-11-02,2014-11-01,48,48,10,9,-1,1,6.31,302.88,Delivered
PO-14135,SKU-033,WH-TX1,SUP-004,2014-11-09,2014-11-19,2014-11-19,48,48,10,10,0,1,6.31,302.88,Delivered
PO-14136,SKU-033,WH-TX1,SUP-004,2014-11-26,2014-12-06,2014-12-06,48,48,10,10,0,1,6.31,302.88,Delivered
PO-14137,SKU-033,WH-TX1,SUP-004,2014-12-12,2014-12-22,2014-12-22,48,48,10,10,0,1,6.31,302.88,Delivered
PO-14138,SKU-033,WH-TX1,SUP-004,2014-12-28,2015-01-07,2015-01-07,48,48,10,10,0,1,6.31,302.88,Delivered
PO-14139,SKU-033,WH-TX1,SUP-004,2015-01-13,2015-01-23,2015-01-23,48,48,10,10,0,1,6.31,302.88,Delivered
PO-14140,SKU-033,WH-TX1,SUP-004,2015-01-31,2015-02-10,2015-02-08,48,48,10,8,-2,1,6.31,302.88,Delivered
PO-14141,SKU-033,WH-TX1,SUP-004,2015-02-16,2015-02-26,2015-02-25,48,48,10,9,-1,1,6.31,302.88,Delivered
PO-14142,SKU-033,WH-TX1,SUP-004,2015-03-05,2015-03-15,2015-03-15,48,48,10,10,0,1,6.31,302.88,Delivered
PO-14143,SKU-033,WH-TX1,SUP-004,2015-03-24,2015-04-03,2015-04-09,48,48,10,16,6,0,6.31,302.88,Delivered
PO-14144,SKU-033,WH-TX1,SUP-004,2015-04-09,2015-04-19,2015-04-17,48,48,10,8,-2,1,6.31,302.88,Delivered
PO-14145,SKU-033,WH-TX1,SUP-004,2015-04-28,2015-05-08,2015-05-07,48,48,10,9,-1,1,6.31,302.88,Delivered
PO-14146,SKU-033,WH-TX1,SUP-004,2015-05-16,2015-05-26,2015-05-26,48,48,10,10,0,1,6.31,302.88,Delivered
PO-14147,SKU-033,WH-TX1,SUP-004,2015-06-03,2015-06-13,2015-06-13,48,48,10,10,0,1,6.31,302.88,Delivered
PO-14148,SKU-033,WH-TX1,SUP-004,2015-06-19,2015-06-29,2015-06-28,48,48,10,9,-1,1,6.31,302.88,Delivered
PO-14149,SKU-033,WH-TX1,SUP-004,2015-07-05,2015-07-15,2015-07-15,48,48,10,10,0,1,6.31,302.88,Delivered
PO-14150,SKU-033,WH-TX1,SUP-004,2015-07-22,2015-08-01,2015-08-01,48,48,10,10,0,1,6.31,302.88,Delivered
PO-14151,SKU-033,WH-TX1,SUP-004,2015-08-08,2015-08-18,2015-08-16,48,48,10,8,-2,1,6.31,302.88,Delivered
PO-14152,SKU-033,WH-TX1,SUP-004,2015-08-24,2015-09-03,2015-09-03,48,48,10,10,0,1,6.31,302.88,Delivered
PO-14153,SKU-033,WH-TX1,SUP-004,2015-09-09,2015-09-19,2015-09-25,48,48,10,16,6,0,6.31,302.88,Delivered
PO-14154,SKU-033,WH-TX1,SUP-004,2015-09-26,2015-10-06,2015-10-06,48,48,10,10,0,1,6.31,302.88,Delivered
PO-14155,SKU-033,WH-TX1,SUP-004,2015-10-13,2015-10-23,2015-10-23,48,48,10,10,0,1,6.31,302.88,Delivered
PO-14156,SKU-033,WH-TX1,SUP-004,2015-11-01,2015-11-11,2015-11-09,48,48,10,8,-2,1,6.31,302.88,Delivered
PO-14157,SKU-033,WH-TX1,SUP-004,2015-11-20,2015-11-30,2015-11-30,48,48,10,10,0,1,6.31,302.88,Delivered
PO-14158,SKU-033,WH-TX1,SUP-004,2015-12-07,2015-12-17,2015-12-17,48,48,10,10,0,1,6.31,302.88,Delivered
PO-14159,SKU-033,WH-TX1,SUP-004,2015-12-25,2016-01-04,2016-01-05,48,48,10,11,1,0,6.31,302.88,Delivered
PO-14160,SKU-033,WH-TX1,SUP-004,2016-01-11,2016-01-21,2016-01-20,48,48,10,9,-1,1,6.31,302.88,Delivered
PO-14161,SKU-033,WH-TX1,SUP-004,2016-01-29,2016-02-08,2016-02-07,48,48,10,9,-1,1,6.31,302.88,Delivered
PO-14162,SKU-033,WH-TX1,SUP-004,2016-02-16,2016-02-26,2016-02-25,48,48,10,9,-1,1,6.31,302.88,Delivered
PO-14163,SKU-033,WH-TX1,SUP-004,2016-03-05,2016-03-15,2016-03-14,48,48,10,9,-1,1,6.31,302.88,Delivered
PO-14164,SKU-033,WH-TX1,SUP-004,2016-03-24,2016-04-03,2016-04-03,48,48,10,10,0,1,6.31,302.88,Delivered
PO-14165,SKU-033,WH-WI1,SUP-004,2014-05-05,2014-05-15,2014-05-15,48,48,10,10,0,1,6.31,302.88,Delivered
PO-14166,SKU-033,WH-WI1,SUP-004,2014-05-28,2014-06-07,2014-06-07,48,48,10,10,0,1,6.31,302.88,Delivered
PO-14167,SKU-033,WH-WI1,SUP-004,2014-06-18,2014-06-28,2014-06-28,48,48,10,10,0,1,6.31,302.88,Delivered
PO-14168,SKU-033,WH-WI1,SUP-004,2014-07-09,2014-07-19,2014-07-18,48,48,10,9,-1,1,6.31,302.88,Delivered
PO-14169,SKU-033,WH-WI1,SUP-004,2014-07-30,2014-08-09,2014-08-08,48,48,10,9,-1,1,6.31,302.88,Delivered
PO-14170,SKU-033,WH-WI1,SUP-004,2014-08-20,2014-08-30,2014-08-29,48,48,10,9,-1,1,6.31,302.88,Delivered
PO-14171,SKU-033,WH-WI1,SUP-004,2014-09-09,2014-09-19,2014-09-19,48,48,10,10,0,1,6.31,302.88,Delivered
PO-14172,SKU-033,WH-WI1,SUP-004,2014-10-02,2014-10-12,2014-10-10,48,48,10,8,-2,1,6.31,302.88,Delivered
PO-14173,SKU-033,WH-WI1,SUP-004,2014-10-23,2014-11-02,2014-11-02,48,48,10,10,0,1,6.31,302.88,Delivered
PO-14174,SKU-033,WH-WI1,SUP-004,2014-11-12,2014-11-22,2014-11-21,48,48,10,9,-1,1,6.31,302.88,Delivered
PO-14175,SKU-033,WH-WI1,SUP-004,2014-12-04,2014-12-14,2014-12-16,48,48,10,12,2,0,6.31,302.88,Delivered
PO-14176,SKU-033,WH-WI1,SUP-004,2014-12-26,2015-01-05,2015-01-12,48,48,10,17,7,0,6.31,302.88,Delivered
PO-14177,SKU-033,WH-WI1,SUP-004,2015-01-16,2015-01-26,2015-01-26,48,48,10,10,0,1,6.31,302.88,Delivered
PO-14178,SKU-033,WH-WI1,SUP-004,2015-02-05,2015-02-15,2015-02-14,48,48,10,9,-1,1,6.31,302.88,Delivered
PO-14179,SKU-033,WH-WI1,SUP-004,2015-02-26,2015-03-08,2015-03-07,48,48,10,9,-1,1,6.31,302.88,Delivered
PO-14180,SKU-033,WH-WI1,SUP-004,2015-03-20,2015-03-30,2015-03-29,48,48,10,9,-1,1,6.31,302.88,Delivered
PO-14181,SKU-033,WH-WI1,SUP-004,2015-04-09,2015-04-19,2015-04-19,48,48,10,10,0,1,6.31,302.88,Delivered
PO-14182,SKU-033,WH-WI1,SUP-004,2015-05-02,2015-05-12,2015-05-12,48,48,10,10,0,1,6.31,302.88,Delivered
PO-14183,SKU-033,WH-WI1,SUP-004,2015-05-22,2015-06-01,2015-05-31,48,48,10,9,-1,1,6.31,302.88,Delivered
PO-14184,SKU-033,WH-WI1,SUP-004,2015-06-12,2015-06-22,2015-06-21,48,48,10,9,-1,1,6.31,302.88,Delivered
PO-14185,SKU-033,WH-WI1,SUP-004,2015-07-03,2015-07-13,2015-07-12,48,48,10,9,-1,1,6.31,302.88,Delivered
PO-14186,SKU-033,WH-WI1,SUP-004,2015-07-25,2015-08-04,2015-08-03,48,48,10,9,-1,1,6.31,302.88,Delivered
PO-14187,SKU-033,WH-WI1,SUP-004,2015-08-16,2015-08-26,2015-08-26,48,48,10,10,0,1,6.31,302.88,Delivered
PO-14188,SKU-033,WH-WI1,SUP-004,2015-09-07,2015-09-17,2015-09-17,48,48,10,10,0,1,6.31,302.88,Delivered
PO-14189,SKU-033,WH-WI1,SUP-004,2015-09-28,2015-10-08,2015-10-08,48,48,10,10,0,1,6.31,302.88,Delivered
PO-14190,SKU-033,WH-WI1,SUP-004,2015-10-19,2015-10-29,2015-10-29,48,48,10,10,0,1,6.31,302.88,Delivered
PO-14191,SKU-033,WH-WI1,SUP-004,2015-11-09,2015-11-19,2015-11-19,48,48,10,10,0,1,6.31,302.88,Delivered
PO-14192,SKU-033,WH-WI1,SUP-004,2015-12-01,2015-12-11,2015-12-11,48,48,10,10,0,1,6.31,302.88,Delivered
PO-14193,SKU-033,WH-WI1,SUP-004,2015-12-23,2016-01-02,2016-01-02,48,48,10,10,0,1,6.31,302.88,Delivered
PO-14194,SKU-033,WH-WI1,SUP-004,2016-01-13,2016-01-23,2016-01-23,48,48,10,10,0,1,6.31,302.88,Delivered
PO-14195,SKU-033,WH-WI1,SUP-004,2016-02-03,2016-02-13,2016-02-13,48,48,10,10,0,1,6.31,302.88,Delivered
PO-14196,SKU-033,WH-WI1,SUP-004,2016-02-24,2016-03-05,2016-03-04,48,48,10,9,-1,1,6.31,302.88,Delivered
PO-14197,SKU-033,WH-WI1,SUP-004,2016-03-18,2016-03-28,2016-03-28,48,48,10,10,0,1,6.31,302.88,Delivered
PO-14198,SKU-033,WH-WI1,SUP-004,2016-04-08,2016-04-18,2016-04-18,48,48,10,10,0,1,6.31,302.88,Delivered
PO-14199,SKU-034,WH-CA1,SUP-005,2014-05-05,2014-05-19,2014-05-19,48,48,14,14,0,1,3.83,183.84,Delivered
PO-14200,SKU-034,WH-CA1,SUP-005,2014-05-23,2014-06-06,2014-06-06,48,48,14,14,0,1,3.83,183.84,Delivered
PO-14201,SKU-034,WH-CA1,SUP-005,2014-06-08,2014-06-22,2014-06-22,48,48,14,14,0,1,3.83,183.84,Delivered
PO-14202,SKU-034,WH-CA1,SUP-005,2014-06-26,2014-07-10,2014-07-10,48,48,14,14,0,1,3.83,183.84,Delivered
PO-14203,SKU-034,WH-CA1,SUP-005,2014-07-11,2014-07-25,2014-07-25,48,48,14,14,0,1,3.83,183.84,Delivered
PO-14204,SKU-034,WH-CA1,SUP-005,2014-07-27,2014-08-10,2014-08-08,48,48,14,12,-2,1,3.83,183.84,Delivered
PO-14205,SKU-034,WH-CA1,SUP-005,2014-08-11,2014-08-25,2014-08-25,48,48,14,14,0,1,3.83,183.84,Delivered
PO-14206,SKU-034,WH-CA1,SUP-005,2014-08-29,2014-09-12,2014-09-12,48,48,14,14,0,1,3.83,183.84,Delivered
PO-14207,SKU-034,WH-CA1,SUP-005,2014-09-13,2014-09-27,2014-10-02,48,48,14,19,5,0,3.83,183.84,Delivered
PO-14208,SKU-034,WH-CA1,SUP-005,2014-09-28,2014-10-12,2014-10-12,48,48,14,14,0,1,3.83,183.84,Delivered
PO-14209,SKU-034,WH-CA1,SUP-005,2014-10-15,2014-10-29,2014-10-28,48,48,14,13,-1,1,3.83,183.84,Delivered
PO-14210,SKU-034,WH-CA1,SUP-005,2014-10-31,2014-11-14,2014-11-14,48,48,14,14,0,1,3.83,183.84,Delivered
PO-14211,SKU-034,WH-CA1,SUP-005,2014-11-18,2014-12-02,2014-12-02,48,48,14,14,0,1,3.83,183.84,Delivered
PO-14212,SKU-034,WH-CA1,SUP-005,2014-12-06,2014-12-20,2014-12-27,48,48,14,21,7,0,3.83,183.84,Delivered
PO-14213,SKU-034,WH-CA1,SUP-005,2014-12-24,2015-01-07,2015-01-03,48,48,14,10,-4,1,3.83,183.84,Delivered
PO-14214,SKU-034,WH-CA1,SUP-005,2015-01-11,2015-01-25,2015-01-25,48,48,14,14,0,1,3.83,183.84,Delivered
PO-14215,SKU-034,WH-CA1,SUP-005,2015-01-28,2015-02-11,2015-02-10,48,48,14,13,-1,1,3.83,183.84,Delivered
PO-14216,SKU-034,WH-CA1,SUP-005,2015-02-13,2015-02-27,2015-02-27,48,48,14,14,0,1,3.83,183.84,Delivered
PO-14217,SKU-034,WH-CA1,SUP-005,2015-03-03,2015-03-17,2015-03-25,48,48,14,22,8,0,3.83,183.84,Delivered
PO-14218,SKU-034,WH-CA1,SUP-005,2015-03-19,2015-04-02,2015-04-02,48,48,14,14,0,1,3.83,183.84,Delivered
PO-14219,SKU-034,WH-CA1,SUP-005,2015-04-04,2015-04-18,2015-04-18,48,48,14,14,0,1,3.83,183.84,Delivered
PO-14220,SKU-034,WH-CA1,SUP-005,2015-04-19,2015-05-03,2015-05-03,48,48,14,14,0,1,3.83,183.84,Delivered
PO-14221,SKU-034,WH-CA1,SUP-005,2015-05-05,2015-05-19,2015-05-19,48,48,14,14,0,1,3.83,183.84,Delivered
PO-14222,SKU-034,WH-CA1,SUP-005,2015-05-23,2015-06-06,2015-06-06,48,48,14,14,0,1,3.83,183.84,Delivered
PO-14223,SKU-034,WH-CA1,SUP-005,2015-06-08,2015-06-22,2015-06-25,48,48,14,17,3,0,3.83,183.84,Delivered
PO-14224,SKU-034,WH-CA1,SUP-005,2015-06-23,2015-07-07,2015-07-07,48,48,14,14,0,1,3.83,183.84,Delivered
PO-14225,SKU-034,WH-CA1,SUP-005,2015-07-08,2015-07-22,2015-07-21,48,48,14,13,-1,1,3.83,183.84,Delivered
PO-14226,SKU-034,WH-CA1,SUP-005,2015-07-26,2015-08-09,2015-08-09,48,48,14,14,0,1,3.83,183.84,Delivered
PO-14227,SKU-034,WH-CA1,SUP-005,2015-08-11,2015-08-25,2015-08-25,48,48,14,14,0,1,3.83,183.84,Delivered
PO-14228,SKU-034,WH-CA1,SUP-005,2015-08-26,2015-09-09,2015-09-09,48,48,14,14,0,1,3.83,183.84,Delivered
PO-14229,SKU-034,WH-CA1,SUP-005,2015-09-12,2015-09-26,2015-09-29,48,48,14,17,3,0,3.83,183.84,Delivered
PO-14230,SKU-034,WH-CA1,SUP-005,2015-09-28,2015-10-12,2015-10-12,48,48,14,14,0,1,3.83,183.84,Delivered
PO-14231,SKU-034,WH-CA1,SUP-005,2015-10-16,2015-10-30,2015-10-30,48,48,14,14,0,1,3.83,183.84,Delivered
PO-14232,SKU-034,WH-CA1,SUP-005,2015-11-02,2015-11-16,2015-11-16,48,48,14,14,0,1,3.83,183.84,Delivered
PO-14233,SKU-034,WH-CA1,SUP-005,2015-11-18,2015-12-02,2015-12-03,48,48,14,15,1,0,3.83,183.84,Delivered
PO-14234,SKU-034,WH-CA1,SUP-005,2015-12-06,2015-12-20,2015-12-19,48,48,14,13,-1,1,3.83,183.84,Delivered
PO-14235,SKU-034,WH-CA1,SUP-005,2015-12-22,2016-01-05,2016-01-05,48,48,14,14,0,1,3.83,183.84,Delivered
PO-14236,SKU-034,WH-CA1,SUP-005,2016-01-07,2016-01-21,2016-01-21,48,48,14,14,0,1,3.83,183.84,Delivered
PO-14237,SKU-034,WH-CA1,SUP-005,2016-01-25,2016-02-08,2016-02-07,48,48,14,13,-1,1,3.83,183.84,Delivered
PO-14238,SKU-034,WH-CA1,SUP-005,2016-02-10,2016-02-24,2016-02-23,48,48,14,13,-1,1,3.83,183.84,Delivered
PO-14239,SKU-034,WH-CA1,SUP-005,2016-02-26,2016-03-11,2016-03-08,48,48,14,11,-3,1,3.83,183.84,Delivered
PO-14240,SKU-034,WH-CA1,SUP-005,2016-03-12,2016-03-26,2016-03-25,48,48,14,13,-1,1,3.83,183.84,Delivered
PO-14241,SKU-034,WH-CA1,SUP-005,2016-03-27,2016-04-10,2016-04-10,48,48,14,14,0,1,3.83,183.84,Delivered
PO-14242,SKU-034,WH-TX1,SUP-005,2014-05-05,2014-05-19,2014-05-17,48,48,14,12,-2,1,3.83,183.84,Delivered
PO-14243,SKU-034,WH-TX1,SUP-005,2014-05-20,2014-06-03,2014-06-03,48,48,14,14,0,1,3.83,183.84,Delivered
PO-14244,SKU-034,WH-TX1,SUP-005,2014-06-03,2014-06-17,2014-06-17,48,48,14,14,0,1,3.83,183.84,Delivered
PO-14245,SKU-034,WH-TX1,SUP-005,2014-06-17,2014-07-01,2014-07-09,48,48,14,22,8,0,3.83,183.84,Delivered
PO-14246,SKU-034,WH-TX1,SUP-005,2014-07-03,2014-07-17,2014-07-17,48,48,14,14,0,1,3.83,183.84,Delivered
PO-14247,SKU-034,WH-TX1,SUP-005,2014-07-17,2014-07-31,2014-07-31,48,48,14,14,0,1,3.83,183.84,Delivered
PO-14248,SKU-034,WH-TX1,SUP-005,2014-07-31,2014-08-14,2014-08-13,48,48,14,13,-1,1,3.83,183.84,Delivered
PO-14249,SKU-034,WH-TX1,SUP-005,2014-08-13,2014-08-27,2014-08-27,48,48,14,14,0,1,3.83,183.84,Delivered
PO-14250,SKU-034,WH-TX1,SUP-005,2014-08-26,2014-09-09,2014-09-09,48,48,14,14,0,1,3.83,183.84,Delivered
PO-14251,SKU-034,WH-TX1,SUP-005,2014-09-09,2014-09-23,2014-09-22,48,48,14,13,-1,1,3.83,183.84,Delivered
PO-14252,SKU-034,WH-TX1,SUP-005,2014-09-23,2014-10-07,2014-10-06,48,48,14,13,-1,1,3.83,183.84,Delivered
PO-14253,SKU-034,WH-TX1,SUP-005,2014-10-07,2014-10-21,2014-10-21,48,48,14,14,0,1,3.83,183.84,Delivered
PO-14254,SKU-034,WH-TX1,SUP-005,2014-10-21,2014-11-04,2014-11-04,48,48,14,14,0,1,3.83,183.84,Delivered
PO-14255,SKU-034,WH-TX1,SUP-005,2014-11-06,2014-11-20,2014-11-20,48,48,14,14,0,1,3.83,183.84,Delivered
PO-14256,SKU-034,WH-TX1,SUP-005,2014-11-22,2014-12-06,2014-12-06,48,48,14,14,0,1,3.83,183.84,Delivered
PO-14257,SKU-034,WH-TX1,SUP-005,2014-12-08,2014-12-22,2014-12-20,48,48,14,12,-2,1,3.83,183.84,Delivered
PO-14258,SKU-034,WH-TX1,SUP-005,2014-12-22,2015-01-05,2015-01-05,48,48,14,14,0,1,3.83,183.84,Delivered
PO-14259,SKU-034,WH-TX1,SUP-005,2015-01-05,2015-01-19,2015-01-19,48,48,14,14,0,1,3.83,183.84,Delivered
PO-14260,SKU-034,WH-TX1,SUP-005,2015-01-18,2015-02-01,2015-01-31,48,48,14,13,-1,1,3.83,183.84,Delivered
PO-14261,SKU-034,WH-TX1,SUP-005,2015-02-02,2015-02-16,2015-02-13,48,48,14,11,-3,1,3.83,183.84,Delivered
PO-14262,SKU-034,WH-TX1,SUP-005,2015-02-16,2015-03-02,2015-03-02,48,48,14,14,0,1,3.83,183.84,Delivered
PO-14263,SKU-034,WH-TX1,SUP-005,2015-03-01,2015-03-15,2015-03-16,48,48,14,15,1,0,3.83,183.84,Delivered
PO-14264,SKU-034,WH-TX1,SUP-005,2015-03-16,2015-03-30,2015-03-28,48,48,14,12,-2,1,3.83,183.84,Delivered
PO-14265,SKU-034,WH-TX1,SUP-005,2015-03-31,2015-04-14,2015-04-14,48,48,14,14,0,1,3.83,183.84,Delivered
PO-14266,SKU-034,WH-TX1,SUP-005,2015-04-15,2015-04-29,2015-04-27,48,48,14,12,-2,1,3.83,183.84,Delivered
PO-14267,SKU-034,WH-TX1,SUP-005,2015-04-28,2015-05-12,2015-05-12,48,48,14,14,0,1,3.83,183.84,Delivered
PO-14268,SKU-034,WH-TX1,SUP-005,2015-05-12,2015-05-26,2015-05-24,48,48,14,12,-2,1,3.83,183.84,Delivered
PO-14269,SKU-034,WH-TX1,SUP-005,2015-05-26,2015-06-09,2015-06-09,48,48,14,14,0,1,3.83,183.84,Delivered
PO-14270,SKU-034,WH-TX1,SUP-005,2015-06-10,2015-06-24,2015-06-24,48,48,14,14,0,1,3.83,183.84,Delivered
PO-14271,SKU-034,WH-TX1,SUP-005,2015-06-24,2015-07-08,2015-07-06,48,48,14,12,-2,1,3.83,183.84,Delivered
PO-14272,SKU-034,WH-TX1,SUP-005,2015-07-08,2015-07-22,2015-07-20,48,48,14,12,-2,1,3.83,183.84,Delivered
PO-14273,SKU-034,WH-TX1,SUP-005,2015-07-21,2015-08-04,2015-08-04,48,48,14,14,0,1,3.83,183.84,Delivered
PO-14274,SKU-034,WH-TX1,SUP-005,2015-08-05,2015-08-19,2015-08-17,48,48,14,12,-2,1,3.83,183.84,Delivered
PO-14275,SKU-034,WH-TX1,SUP-005,2015-08-20,2015-09-03,2015-09-02,48,48,14,13,-1,1,3.83,183.84,Delivered
PO-14276,SKU-034,WH-TX1,SUP-005,2015-09-05,2015-09-19,2015-09-18,48,48,14,13,-1,1,3.83,183.84,Delivered
PO-14277,SKU-034,WH-TX1,SUP-005,2015-09-19,2015-10-03,2015-10-03,48,48,14,14,0,1,3.83,183.84,Delivered
PO-14278,SKU-034,WH-TX1,SUP-005,2015-10-03,2015-10-17,2015-10-16,48,48,14,13,-1,1,3.83,183.84,Delivered
PO-14279,SKU-034,WH-TX1,SUP-005,2015-10-18,2015-11-01,2015-10-30,48,48,14,12,-2,1,3.83,183.84,Delivered
PO-14280,SKU-034,WH-TX1,SUP-005,2015-11-02,2015-11-16,2015-11-16,48,48,14,14,0,1,3.83,183.84,Delivered
PO-14281,SKU-034,WH-TX1,SUP-005,2015-11-15,2015-11-29,2015-11-26,48,48,14,11,-3,1,3.83,183.84,Delivered
PO-14282,SKU-034,WH-TX1,SUP-005,2015-11-28,2015-12-12,2015-12-11,48,48,14,13,-1,1,3.83,183.84,Delivered
PO-14283,SKU-034,WH-TX1,SUP-005,2015-12-12,2015-12-26,2015-12-26,48,48,14,14,0,1,3.83,183.84,Delivered
PO-14284,SKU-034,WH-TX1,SUP-005,2015-12-26,2016-01-09,2016-01-11,48,48,14,16,2,0,3.83,183.84,Delivered
PO-14285,SKU-034,WH-TX1,SUP-005,2016-01-10,2016-01-24,2016-01-24,48,48,14,14,0,1,3.83,183.84,Delivered
PO-14286,SKU-034,WH-TX1,SUP-005,2016-01-26,2016-02-09,2016-02-08,48,48,14,13,-1,1,3.83,183.84,Delivered
PO-14287,SKU-034,WH-TX1,SUP-005,2016-02-08,2016-02-22,2016-02-22,48,48,14,14,0,1,3.83,183.84,Delivered
PO-14288,SKU-034,WH-TX1,SUP-005,2016-02-22,2016-03-07,2016-03-07,48,48,14,14,0,1,3.83,183.84,Delivered
PO-14289,SKU-034,WH-TX1,SUP-005,2016-03-09,2016-03-23,2016-03-23,48,48,14,14,0,1,3.83,183.84,Delivered
PO-14290,SKU-034,WH-TX1,SUP-005,2016-03-24,2016-04-07,2016-04-07,48,48,14,14,0,1,3.83,183.84,Delivered
PO-14291,SKU-034,WH-TX1,SUP-005,2016-04-09,2016-04-23,2016-04-24,48,48,14,15,1,0,3.83,183.84,Delivered
PO-14292,SKU-034,WH-WI1,SUP-005,2014-04-29,2014-05-13,2014-05-11,48,48,14,12,-2,1,3.83,183.84,Delivered
PO-14293,SKU-034,WH-WI1,SUP-005,2014-05-21,2014-06-04,2014-06-04,48,48,14,14,0,1,3.83,183.84,Delivered
PO-14294,SKU-034,WH-WI1,SUP-005,2014-06-13,2014-06-27,2014-06-27,48,48,14,14,0,1,3.83,183.84,Delivered
PO-14295,SKU-034,WH-WI1,SUP-005,2014-07-06,2014-07-20,2014-07-15,48,48,14,9,-5,1,3.83,183.84,Delivered
PO-14296,SKU-034,WH-WI1,SUP-005,2014-07-29,2014-08-12,2014-08-12,48,48,14,14,0,1,3.83,183.84,Delivered
PO-14297,SKU-034,WH-WI1,SUP-005,2014-08-21,2014-09-04,2014-09-03,48,48,14,13,-1,1,3.83,183.84,Delivered
PO-14298,SKU-034,WH-WI1,SUP-005,2014-09-15,2014-09-29,2014-10-13,48,48,14,28,14,0,3.83,183.84,Delivered
PO-14299,SKU-034,WH-WI1,SUP-005,2014-10-08,2014-10-22,2014-10-22,48,48,14,14,0,1,3.83,183.84,Delivered
PO-14300,SKU-034,WH-WI1,SUP-005,2014-11-02,2014-11-16,2014-11-15,48,48,14,13,-1,1,3.83,183.84,Delivered
PO-14301,SKU-034,WH-WI1,SUP-005,2014-11-25,2014-12-09,2014-12-08,48,48,14,13,-1,1,3.83,183.84,Delivered
PO-14302,SKU-034,WH-WI1,SUP-005,2014-12-20,2015-01-03,2015-01-03,48,48,14,14,0,1,3.83,183.84,Delivered
PO-14303,SKU-034,WH-WI1,SUP-005,2015-01-14,2015-01-28,2015-01-28,48,48,14,14,0,1,3.83,183.84,Delivered
PO-14304,SKU-034,WH-WI1,SUP-005,2015-02-08,2015-02-22,2015-02-22,48,48,14,14,0,1,3.83,183.84,Delivered
PO-14305,SKU-034,WH-WI1,SUP-005,2015-03-05,2015-03-19,2015-03-19,48,48,14,14,0,1,3.83,183.84,Delivered
PO-14306,SKU-034,WH-WI1,SUP-005,2015-03-30,2015-04-13,2015-04-12,48,48,14,13,-1,1,3.83,183.84,Delivered
PO-14307,SKU-034,WH-WI1,SUP-005,2015-04-24,2015-05-08,2015-05-08,48,48,14,14,0,1,3.83,183.84,Delivered
PO-14308,SKU-034,WH-WI1,SUP-005,2015-05-17,2015-05-31,2015-05-28,48,48,14,11,-3,1,3.83,183.84,Delivered
PO-14309,SKU-034,WH-WI1,SUP-005,2015-06-09,2015-06-23,2015-06-22,48,48,14,13,-1,1,3.83,183.84,Delivered
PO-14310,SKU-034,WH-WI1,SUP-005,2015-07-02,2015-07-16,2015-07-15,48,48,14,13,-1,1,3.83,183.84,Delivered
PO-14311,SKU-034,WH-WI1,SUP-005,2015-07-25,2015-08-08,2015-08-08,48,48,14,14,0,1,3.83,183.84,Delivered
PO-14312,SKU-034,WH-WI1,SUP-005,2015-08-18,2015-09-01,2015-09-01,48,48,14,14,0,1,3.83,183.84,Delivered
PO-14313,SKU-034,WH-WI1,SUP-005,2015-09-11,2015-09-25,2015-09-25,48,48,14,14,0,1,3.83,183.84,Delivered
PO-14314,SKU-034,WH-WI1,SUP-005,2015-10-04,2015-10-18,2015-10-18,48,48,14,14,0,1,3.83,183.84,Delivered
PO-14315,SKU-034,WH-WI1,SUP-005,2015-10-26,2015-11-09,2015-11-09,48,48,14,14,0,1,3.83,183.84,Delivered
PO-14316,SKU-034,WH-WI1,SUP-005,2015-11-17,2015-12-01,2015-12-01,48,48,14,14,0,1,3.83,183.84,Delivered
PO-14317,SKU-034,WH-WI1,SUP-005,2015-12-11,2015-12-25,2015-12-24,48,48,14,13,-1,1,3.83,183.84,Delivered
PO-14318,SKU-034,WH-WI1,SUP-005,2016-01-02,2016-01-16,2016-01-16,48,48,14,14,0,1,3.83,183.84,Delivered
PO-14319,SKU-034,WH-WI1,SUP-005,2016-01-26,2016-02-09,2016-02-08,48,48,14,13,-1,1,3.83,183.84,Delivered
PO-14320,SKU-034,WH-WI1,SUP-005,2016-02-18,2016-03-03,2016-03-02,48,48,14,13,-1,1,3.83,183.84,Delivered
PO-14321,SKU-034,WH-WI1,SUP-005,2016-03-12,2016-03-26,2016-03-26,48,48,14,14,0,1,3.83,183.84,Delivered
PO-14322,SKU-034,WH-WI1,SUP-005,2016-04-05,2016-04-19,2016-04-18,48,48,14,13,-1,1,3.83,183.84,Delivered
PO-14323,SKU-035,WH-CA1,SUP-008,2014-04-27,2014-05-09,2014-05-09,48,48,12,12,0,1,3.18,152.64,Delivered
PO-14324,SKU-035,WH-CA1,SUP-008,2014-05-19,2014-05-31,2014-06-10,48,48,12,22,10,0,3.18,152.64,Delivered
PO-14325,SKU-035,WH-CA1,SUP-008,2014-06-10,2014-06-22,2014-06-22,48,48,12,12,0,1,3.18,152.64,Delivered
PO-14326,SKU-035,WH-CA1,SUP-008,2014-07-02,2014-07-14,2014-07-14,48,48,12,12,0,1,3.18,152.64,Delivered
PO-14327,SKU-035,WH-CA1,SUP-008,2014-07-24,2014-08-05,2014-08-09,48,48,12,16,4,0,3.18,152.64,Delivered
PO-14328,SKU-035,WH-CA1,SUP-008,2014-08-17,2014-08-29,2014-08-28,48,48,12,11,-1,1,3.18,152.64,Delivered
PO-14329,SKU-035,WH-CA1,SUP-008,2014-09-08,2014-09-20,2014-09-20,48,48,12,12,0,1,3.18,152.64,Delivered
PO-14330,SKU-035,WH-CA1,SUP-008,2014-10-02,2014-10-14,2014-10-15,48,48,12,13,1,0,3.18,152.64,Delivered
PO-14331,SKU-035,WH-CA1,SUP-008,2014-10-23,2014-11-04,2014-11-04,48,48,12,12,0,1,3.18,152.64,Delivered
PO-14332,SKU-035,WH-CA1,SUP-008,2014-11-13,2014-11-25,2014-11-25,48,48,12,12,0,1,3.18,152.64,Delivered
PO-14333,SKU-035,WH-CA1,SUP-008,2014-12-05,2014-12-17,2014-12-15,48,48,12,10,-2,1,3.18,152.64,Delivered
PO-14334,SKU-035,WH-CA1,SUP-008,2014-12-26,2015-01-07,2015-01-07,48,48,12,12,0,1,3.18,152.64,Delivered
PO-14335,SKU-035,WH-CA1,SUP-008,2015-01-16,2015-01-28,2015-01-28,48,48,12,12,0,1,3.18,152.64,Delivered
PO-14336,SKU-035,WH-CA1,SUP-008,2015-02-09,2015-02-21,2015-02-21,48,48,12,12,0,1,3.18,152.64,Delivered
PO-14337,SKU-035,WH-CA1,SUP-008,2015-03-04,2015-03-16,2015-03-16,48,48,12,12,0,1,3.18,152.64,Delivered
PO-14338,SKU-035,WH-CA1,SUP-008,2015-03-28,2015-04-09,2015-04-09,48,48,12,12,0,1,3.18,152.64,Delivered
PO-14339,SKU-035,WH-CA1,SUP-008,2015-04-19,2015-05-01,2015-05-01,48,48,12,12,0,1,3.18,152.64,Delivered
PO-14340,SKU-035,WH-CA1,SUP-008,2015-05-13,2015-05-25,2015-05-24,48,48,12,11,-1,1,3.18,152.64,Delivered
PO-14341,SKU-035,WH-CA1,SUP-008,2015-06-06,2015-06-18,2015-06-17,48,48,12,11,-1,1,3.18,152.64,Delivered
PO-14342,SKU-035,WH-CA1,SUP-008,2015-06-30,2015-07-12,2015-07-10,48,48,12,10,-2,1,3.18,152.64,Delivered
PO-14343,SKU-035,WH-CA1,SUP-008,2015-07-21,2015-08-02,2015-08-01,48,48,12,11,-1,1,3.18,152.64,Delivered
PO-14344,SKU-035,WH-CA1,SUP-008,2015-08-11,2015-08-23,2015-08-23,48,48,12,12,0,1,3.18,152.64,Delivered
PO-14345,SKU-035,WH-CA1,SUP-008,2015-09-04,2015-09-16,2015-09-16,48,48,12,12,0,1,3.18,152.64,Delivered
PO-14346,SKU-035,WH-CA1,SUP-008,2015-09-27,2015-10-09,2015-10-09,48,48,12,12,0,1,3.18,152.64,Delivered
PO-14347,SKU-035,WH-CA1,SUP-008,2015-10-18,2015-10-30,2015-10-29,48,48,12,11,-1,1,3.18,152.64,Delivered
PO-14348,SKU-035,WH-CA1,SUP-008,2015-11-09,2015-11-21,2015-11-21,48,48,12,12,0,1,3.18,152.64,Delivered
PO-14349,SKU-035,WH-CA1,SUP-008,2015-12-03,2015-12-15,2015-12-14,48,48,12,11,-1,1,3.18,152.64,Delivered
PO-14350,SKU-035,WH-CA1,SUP-008,2015-12-25,2016-01-06,2016-01-04,48,48,12,10,-2,1,3.18,152.64,Delivered
PO-14351,SKU-035,WH-CA1,SUP-008,2016-01-17,2016-01-29,2016-01-29,48,48,12,12,0,1,3.18,152.64,Delivered
PO-14352,SKU-035,WH-CA1,SUP-008,2016-02-09,2016-02-21,2016-02-21,48,48,12,12,0,1,3.18,152.64,Delivered
PO-14353,SKU-035,WH-CA1,SUP-008,2016-03-03,2016-03-15,2016-03-15,48,48,12,12,0,1,3.18,152.64,Delivered
PO-14354,SKU-035,WH-CA1,SUP-008,2016-03-25,2016-04-06,2016-04-05,48,48,12,11,-1,1,3.18,152.64,Delivered
PO-14355,SKU-035,WH-TX1,SUP-008,2014-04-27,2014-05-09,2014-05-09,48,48,12,12,0,1,3.18,152.64,Delivered
PO-14356,SKU-035,WH-TX1,SUP-008,2014-05-21,2014-06-02,2014-06-01,48,48,12,11,-1,1,3.18,152.64,Delivered
PO-14357,SKU-035,WH-TX1,SUP-008,2014-06-13,2014-06-25,2014-06-25,48,48,12,12,0,1,3.18,152.64,Delivered
PO-14358,SKU-035,WH-TX1,SUP-008,2014-07-05,2014-07-17,2014-07-17,48,48,12,12,0,1,3.18,152.64,Delivered
PO-14359,SKU-035,WH-TX1,SUP-008,2014-07-27,2014-08-08,2014-08-08,48,48,12,12,0,1,3.18,152.64,Delivered
PO-14360,SKU-035,WH-TX1,SUP-008,2014-08-20,2014-09-01,2014-09-01,48,48,12,12,0,1,3.18,152.64,Delivered
PO-14361,SKU-035,WH-TX1,SUP-008,2014-09-13,2014-09-25,2014-09-25,48,48,12,12,0,1,3.18,152.64,Delivered
PO-14362,SKU-035,WH-TX1,SUP-008,2014-10-05,2014-10-17,2014-10-19,48,48,12,14,2,0,3.18,152.64,Delivered
PO-14363,SKU-035,WH-TX1,SUP-008,2014-10-27,2014-11-08,2014-11-08,48,48,12,12,0,1,3.18,152.64,Delivered
PO-14364,SKU-035,WH-TX1,SUP-008,2014-11-19,2014-12-01,2014-12-08,48,48,12,19,7,0,3.18,152.64,Delivered
PO-14365,SKU-035,WH-TX1,SUP-008,2014-12-11,2014-12-23,2014-12-22,48,48,12,11,-1,1,3.18,152.64,Delivered
PO-14366,SKU-035,WH-TX1,SUP-008,2015-01-04,2015-01-16,2015-01-16,48,48,12,12,0,1,3.18,152.64,Delivered
PO-14367,SKU-035,WH-TX1,SUP-008,2015-01-26,2015-02-07,2015-02-07,48,48,12,12,0,1,3.18,152.64,Delivered
PO-14368,SKU-035,WH-TX1,SUP-008,2015-02-19,2015-03-03,2015-03-04,48,48,12,13,1,0,3.18,152.64,Delivered
PO-14369,SKU-035,WH-TX1,SUP-008,2015-03-15,2015-03-27,2015-03-27,48,48,12,12,0,1,3.18,152.64,Delivered
PO-14370,SKU-035,WH-TX1,SUP-008,2015-04-08,2015-04-20,2015-04-20,48,48,12,12,0,1,3.18,152.64,Delivered
PO-14371,SKU-035,WH-TX1,SUP-008,2015-04-30,2015-05-12,2015-05-12,48,48,12,12,0,1,3.18,152.64,Delivered
PO-14372,SKU-035,WH-TX1,SUP-008,2015-05-22,2015-06-03,2015-06-03,48,48,12,12,0,1,3.18,152.64,Delivered
PO-14373,SKU-035,WH-TX1,SUP-008,2015-06-13,2015-06-25,2015-06-24,48,48,12,11,-1,1,3.18,152.64,Delivered
PO-14374,SKU-035,WH-TX1,SUP-008,2015-07-05,2015-07-17,2015-07-17,48,48,12,12,0,1,3.18,152.64,Delivered
PO-14375,SKU-035,WH-TX1,SUP-008,2015-07-28,2015-08-09,2015-08-09,48,48,12,12,0,1,3.18,152.64,Delivered
PO-14376,SKU-035,WH-TX1,SUP-008,2015-08-19,2015-08-31,2015-08-30,48,48,12,11,-1,1,3.18,152.64,Delivered
PO-14377,SKU-035,WH-TX1,SUP-008,2015-09-10,2015-09-22,2015-09-22,48,48,12,12,0,1,3.18,152.64,Delivered
PO-14378,SKU-035,WH-TX1,SUP-008,2015-10-04,2015-10-16,2015-10-16,48,48,12,12,0,1,3.18,152.64,Delivered
PO-14379,SKU-035,WH-TX1,SUP-008,2015-10-26,2015-11-07,2015-11-07,48,48,12,12,0,1,3.18,152.64,Delivered
PO-14380,SKU-035,WH-TX1,SUP-008,2015-11-17,2015-11-29,2015-12-04,48,48,12,17,5,0,3.18,152.64,Delivered
PO-14381,SKU-035,WH-TX1,SUP-008,2015-12-11,2015-12-23,2015-12-23,48,48,12,12,0,1,3.18,152.64,Delivered
PO-14382,SKU-035,WH-TX1,SUP-008,2016-01-01,2016-01-13,2016-01-11,48,48,12,10,-2,1,3.18,152.64,Delivered
PO-14383,SKU-035,WH-TX1,SUP-008,2016-01-23,2016-02-04,2016-02-03,48,48,12,11,-1,1,3.18,152.64,Delivered
PO-14384,SKU-035,WH-TX1,SUP-008,2016-02-16,2016-02-28,2016-02-28,48,48,12,12,0,1,3.18,152.64,Delivered
PO-14385,SKU-035,WH-TX1,SUP-008,2016-03-09,2016-03-21,2016-03-21,48,48,12,12,0,1,3.18,152.64,Delivered
PO-14386,SKU-035,WH-TX1,SUP-008,2016-03-31,2016-04-12,2016-04-12,48,48,12,12,0,1,3.18,152.64,Delivered
PO-14387,SKU-035,WH-WI1,SUP-008,2014-04-27,2014-05-09,2014-05-09,48,48,12,12,0,1,3.18,152.64,Delivered
PO-14388,SKU-035,WH-WI1,SUP-008,2014-05-21,2014-06-02,2014-05-31,48,48,12,10,-2,1,3.18,152.64,Delivered
PO-14389,SKU-035,WH-WI1,SUP-008,2014-06-15,2014-06-27,2014-06-27,48,48,12,12,0,1,3.18,152.64,Delivered
PO-14390,SKU-035,WH-WI1,SUP-008,2014-07-08,2014-07-20,2014-07-19,48,48,12,11,-1,1,3.18,152.64,Delivered
PO-14391,SKU-035,WH-WI1,SUP-008,2014-07-31,2014-08-12,2014-08-11,48,48,12,11,-1,1,3.18,152.64,Delivered
PO-14392,SKU-035,WH-WI1,SUP-008,2014-08-23,2014-09-04,2014-09-04,48,48,12,12,0,1,3.18,152.64,Delivered
PO-14393,SKU-035,WH-WI1,SUP-008,2014-09-15,2014-09-27,2014-09-27,48,48,12,12,0,1,3.18,152.64,Delivered
PO-14394,SKU-035,WH-WI1,SUP-008,2014-10-09,2014-10-21,2014-10-20,48,48,12,11,-1,1,3.18,152.64,Delivered
PO-14395,SKU-035,WH-WI1,SUP-008,2014-11-01,2014-11-13,2014-11-11,48,48,12,10,-2,1,3.18,152.64,Delivered
PO-14396,SKU-035,WH-WI1,SUP-008,2014-11-25,2014-12-07,2014-12-07,48,48,12,12,0,1,3.18,152.64,Delivered
PO-14397,SKU-035,WH-WI1,SUP-008,2014-12-18,2014-12-30,2014-12-30,48,48,12,12,0,1,3.18,152.64,Delivered
PO-14398,SKU-035,WH-WI1,SUP-008,2015-01-10,2015-01-22,2015-01-21,48,48,12,11,-1,1,3.18,152.64,Delivered
PO-14399,SKU-035,WH-WI1,SUP-008,2015-02-01,2015-02-13,2015-02-17,48,48,12,16,4,0,3.18,152.64,Delivered
PO-14400,SKU-035,WH-WI1,SUP-008,2015-02-26,2015-03-10,2015-03-10,48,48,12,12,0,1,3.18,152.64,Delivered
PO-14401,SKU-035,WH-WI1,SUP-008,2015-03-21,2015-04-02,2015-04-06,48,48,12,16,4,0,3.18,152.64,Delivered
PO-14402,SKU-035,WH-WI1,SUP-008,2015-04-12,2015-04-24,2015-04-23,48,48,12,11,-1,1,3.18,152.64,Delivered
PO-14403,SKU-035,WH-WI1,SUP-008,2015-05-05,2015-05-17,2015-05-17,48,48,12,12,0,1,3.18,152.64,Delivered
PO-14404,SKU-035,WH-WI1,SUP-008,2015-05-29,2015-06-10,2015-06-09,48,48,12,11,-1,1,3.18,152.64,Delivered
PO-14405,SKU-035,WH-WI1,SUP-008,2015-06-22,2015-07-04,2015-07-12,48,48,12,20,8,0,3.18,152.64,Delivered
PO-14406,SKU-035,WH-WI1,SUP-008,2015-07-15,2015-07-27,2015-07-27,48,48,12,12,0,1,3.18,152.64,Delivered
PO-14407,SKU-035,WH-WI1,SUP-008,2015-08-09,2015-08-21,2015-09-10,48,48,12,32,20,0,3.18,152.64,Delivered
PO-14408,SKU-035,WH-WI1,SUP-008,2015-09-01,2015-09-13,2015-09-14,48,48,12,13,1,0,3.18,152.64,Delivered
PO-14409,SKU-035,WH-WI1,SUP-008,2015-09-24,2015-10-06,2015-10-06,48,48,12,12,0,1,3.18,152.64,Delivered
PO-14410,SKU-035,WH-WI1,SUP-008,2015-10-19,2015-10-31,2015-10-30,48,48,12,11,-1,1,3.18,152.64,Delivered
PO-14411,SKU-035,WH-WI1,SUP-008,2015-11-12,2015-11-24,2015-11-23,48,48,12,11,-1,1,3.18,152.64,Delivered
PO-14412,SKU-035,WH-WI1,SUP-008,2015-12-07,2015-12-19,2015-12-19,48,48,12,12,0,1,3.18,152.64,Delivered
PO-14413,SKU-035,WH-WI1,SUP-008,2015-12-31,2016-01-12,2016-01-12,48,48,12,12,0,1,3.18,152.64,Delivered
PO-14414,SKU-035,WH-WI1,SUP-008,2016-01-23,2016-02-04,2016-02-04,48,48,12,12,0,1,3.18,152.64,Delivered
PO-14415,SKU-035,WH-WI1,SUP-008,2016-02-15,2016-02-27,2016-02-25,48,48,12,10,-2,1,3.18,152.64,Delivered
PO-14416,SKU-035,WH-WI1,SUP-008,2016-03-11,2016-03-23,2016-03-21,48,48,12,10,-2,1,3.18,152.64,Delivered
PO-14417,SKU-035,WH-WI1,SUP-008,2016-04-03,2016-04-15,2016-04-15,48,48,12,12,0,1,3.18,152.64,Delivered
PO-14418,SKU-036,WH-CA1,SUP-006,2014-05-04,2014-05-25,2014-05-22,96,96,21,18,-3,1,0.5,48.0,Delivered
PO-14419,SKU-036,WH-CA1,SUP-006,2014-05-27,2014-06-17,2014-06-15,96,96,21,19,-2,1,0.5,48.0,Delivered
PO-14420,SKU-036,WH-CA1,SUP-006,2014-06-18,2014-07-09,2014-07-07,96,96,21,19,-2,1,0.5,48.0,Delivered
PO-14421,SKU-036,WH-CA1,SUP-006,2014-07-11,2014-08-01,2014-08-01,96,96,21,21,0,1,0.5,48.0,Delivered
PO-14422,SKU-036,WH-CA1,SUP-006,2014-08-03,2014-08-24,2014-08-24,96,96,21,21,0,1,0.5,48.0,Delivered
PO-14423,SKU-036,WH-CA1,SUP-006,2014-08-25,2014-09-15,2014-09-23,96,96,21,29,8,0,0.5,48.0,Delivered
PO-14424,SKU-036,WH-CA1,SUP-006,2014-09-18,2014-10-09,2014-10-09,96,96,21,21,0,1,0.5,48.0,Delivered
PO-14425,SKU-036,WH-CA1,SUP-006,2014-10-10,2014-10-31,2014-10-27,96,96,21,17,-4,1,0.5,48.0,Delivered
PO-14426,SKU-036,WH-CA1,SUP-006,2014-11-01,2014-11-22,2014-11-22,96,96,21,21,0,1,0.5,48.0,Delivered
PO-14427,SKU-036,WH-CA1,SUP-006,2014-11-23,2014-12-14,2014-12-28,96,96,21,35,14,0,0.5,48.0,Delivered
PO-14428,SKU-036,WH-CA1,SUP-006,2014-12-16,2015-01-06,2015-01-06,96,96,21,21,0,1,0.5,48.0,Delivered
PO-14429,SKU-036,WH-CA1,SUP-006,2015-01-07,2015-01-28,2015-01-25,96,96,21,18,-3,1,0.5,48.0,Delivered
PO-14430,SKU-036,WH-CA1,SUP-006,2015-01-29,2015-02-19,2015-02-19,96,96,21,21,0,1,0.5,48.0,Delivered
PO-14431,SKU-036,WH-CA1,SUP-006,2015-02-20,2015-03-13,2015-03-12,96,96,21,20,-1,1,0.5,48.0,Delivered
PO-14432,SKU-036,WH-CA1,SUP-006,2015-03-13,2015-04-03,2015-04-03,96,96,21,21,0,1,0.5,48.0,Delivered
PO-14433,SKU-036,WH-CA1,SUP-006,2015-04-05,2015-04-26,2015-04-26,96,96,21,21,0,1,0.5,48.0,Delivered
PO-14434,SKU-036,WH-CA1,SUP-006,2015-04-26,2015-05-17,2015-05-17,96,96,21,21,0,1,0.5,48.0,Delivered
PO-14435,SKU-036,WH-CA1,SUP-006,2015-05-17,2015-06-07,2015-06-06,96,96,21,20,-1,1,0.5,48.0,Delivered
PO-14436,SKU-036,WH-CA1,SUP-006,2015-06-09,2015-06-30,2015-07-04,96,96,21,25,4,0,0.5,48.0,Delivered
PO-14437,SKU-036,WH-CA1,SUP-006,2015-07-03,2015-07-24,2015-07-21,96,96,21,18,-3,1,0.5,48.0,Delivered
PO-14438,SKU-036,WH-CA1,SUP-006,2015-07-27,2015-08-17,2015-08-15,96,96,21,19,-2,1,0.5,48.0,Delivered
PO-14439,SKU-036,WH-CA1,SUP-006,2015-08-17,2015-09-07,2015-09-04,96,96,21,18,-3,1,0.5,48.0,Delivered
PO-14440,SKU-036,WH-CA1,SUP-006,2015-09-08,2015-09-29,2015-09-29,96,96,21,21,0,1,0.5,48.0,Delivered
PO-14441,SKU-036,WH-CA1,SUP-006,2015-10-02,2015-10-23,2015-10-23,96,96,21,21,0,1,0.5,48.0,Delivered
PO-14442,SKU-036,WH-CA1,SUP-006,2015-10-24,2015-11-14,2015-11-12,96,96,21,19,-2,1,0.5,48.0,Delivered
PO-14443,SKU-036,WH-CA1,SUP-006,2015-11-15,2015-12-06,2015-12-06,96,96,21,21,0,1,0.5,48.0,Delivered
PO-14444,SKU-036,WH-CA1,SUP-006,2015-12-07,2015-12-28,2015-12-27,96,96,21,20,-1,1,0.5,48.0,Delivered
PO-14445,SKU-036,WH-CA1,SUP-006,2015-12-30,2016-01-20,2016-01-17,96,96,21,18,-3,1,0.5,48.0,Delivered
PO-14446,SKU-036,WH-CA1,SUP-006,2016-01-21,2016-02-11,2016-02-11,96,96,21,21,0,1,0.5,48.0,Delivered
PO-14447,SKU-036,WH-CA1,SUP-006,2016-02-14,2016-03-06,2016-04-01,96,96,21,47,26,0,0.5,48.0,Delivered
PO-14448,SKU-036,WH-CA1,SUP-006,2016-03-06,2016-03-27,2016-03-27,96,96,21,21,0,1,0.5,48.0,Delivered
PO-14449,SKU-036,WH-CA1,SUP-006,2016-03-29,2016-04-19,2016-04-19,96,96,21,21,0,1,0.5,48.0,Delivered
PO-14450,SKU-036,WH-TX1,SUP-006,2014-04-30,2014-05-21,2014-05-20,96,96,21,20,-1,1,0.5,48.0,Delivered
PO-14451,SKU-036,WH-TX1,SUP-006,2014-05-21,2014-06-11,2014-06-08,96,96,21,18,-3,1,0.5,48.0,Delivered
PO-14452,SKU-036,WH-TX1,SUP-006,2014-06-13,2014-07-04,2014-07-04,96,96,21,21,0,1,0.5,48.0,Delivered
PO-14453,SKU-036,WH-TX1,SUP-006,2014-07-03,2014-07-24,2014-07-18,96,96,21,15,-6,1,0.5,48.0,Delivered
PO-14454,SKU-036,WH-TX1,SUP-006,2014-07-25,2014-08-15,2014-08-15,96,96,21,21,0,1,0.5,48.0,Delivered
PO-14455,SKU-036,WH-TX1,SUP-006,2014-08-16,2014-09-06,2014-09-06,96,96,21,21,0,1,0.5,48.0,Delivered
PO-14456,SKU-036,WH-TX1,SUP-006,2014-09-08,2014-09-29,2014-09-28,96,96,21,20,-1,1,0.5,48.0,Delivered
PO-14457,SKU-036,WH-TX1,SUP-006,2014-09-29,2014-10-20,2014-10-24,96,96,21,25,4,0,0.5,48.0,Delivered
PO-14458,SKU-036,WH-TX1,SUP-006,2014-10-20,2014-11-10,2014-11-12,96,96,21,23,2,0,0.5,48.0,Delivered
PO-14459,SKU-036,WH-TX1,SUP-006,2014-11-09,2014-11-30,2014-11-30,96,96,21,21,0,1,0.5,48.0,Delivered
PO-14460,SKU-036,WH-TX1,SUP-006,2014-11-30,2014-12-21,2014-12-21,96,96,21,21,0,1,0.5,48.0,Delivered
PO-14461,SKU-036,WH-TX1,SUP-006,2014-12-22,2015-01-12,2015-01-12,96,96,21,21,0,1,0.5,48.0,Delivered
PO-14462,SKU-036,WH-TX1,SUP-006,2015-01-14,2015-02-04,2015-02-27,96,96,21,44,23,0,0.5,48.0,Delivered
PO-14463,SKU-036,WH-TX1,SUP-006,2015-02-06,2015-02-27,2015-02-26,96,96,21,20,-1,1,0.5,48.0,Delivered
PO-14464,SKU-036,WH-TX1,SUP-006,2015-02-27,2015-03-20,2015-03-20,96,96,21,21,0,1,0.5,48.0,Delivered
PO-14465,SKU-036,WH-TX1,SUP-006,2015-03-19,2015-04-09,2015-04-14,96,96,21,26,5,0,0.5,48.0,Delivered
PO-14466,SKU-036,WH-TX1,SUP-006,2015-04-09,2015-04-30,2015-04-30,96,96,21,21,0,1,0.5,48.0,Delivered
PO-14467,SKU-036,WH-TX1,SUP-006,2015-05-01,2015-05-22,2015-05-21,96,96,21,20,-1,1,0.5,48.0,Delivered
PO-14468,SKU-036,WH-TX1,SUP-006,2015-05-21,2015-06-11,2015-06-11,96,96,21,21,0,1,0.5,48.0,Delivered
PO-14469,SKU-036,WH-TX1,SUP-006,2015-06-12,2015-07-03,2015-07-16,96,96,21,34,13,0,0.5,48.0,Delivered
PO-14470,SKU-036,WH-TX1,SUP-006,2015-07-05,2015-07-26,2015-07-26,96,96,21,21,0,1,0.5,48.0,Delivered
PO-14471,SKU-036,WH-TX1,SUP-006,2015-07-26,2015-08-16,2015-08-14,96,96,21,19,-2,1,0.5,48.0,Delivered
PO-14472,SKU-036,WH-TX1,SUP-006,2015-08-17,2015-09-07,2015-09-10,96,96,21,24,3,0,0.5,48.0,Delivered
PO-14473,SKU-036,WH-TX1,SUP-006,2015-09-07,2015-09-28,2015-09-28,96,96,21,21,0,1,0.5,48.0,Delivered
PO-14474,SKU-036,WH-TX1,SUP-006,2015-09-28,2015-10-19,2015-10-15,96,96,21,17,-4,1,0.5,48.0,Delivered
PO-14475,SKU-036,WH-TX1,SUP-006,2015-10-19,2015-11-09,2015-11-03,96,96,21,15,-6,1,0.5,48.0,Delivered
PO-14476,SKU-036,WH-TX1,SUP-006,2015-11-08,2015-11-29,2015-11-29,96,96,21,21,0,1,0.5,48.0,Delivered
PO-14477,SKU-036,WH-TX1,SUP-006,2015-11-29,2015-12-20,2015-12-20,96,96,21,21,0,1,0.5,48.0,Delivered
PO-14478,SKU-036,WH-TX1,SUP-006,2015-12-21,2016-01-11,2016-01-08,96,96,21,18,-3,1,0.5,48.0,Delivered
PO-14479,SKU-036,WH-TX1,SUP-006,2016-01-13,2016-02-03,2016-02-03,96,96,21,21,0,1,0.5,48.0,Delivered
PO-14480,SKU-036,WH-TX1,SUP-006,2016-02-03,2016-02-24,2016-02-24,96,96,21,21,0,1,0.5,48.0,Delivered
PO-14481,SKU-036,WH-TX1,SUP-006,2016-02-24,2016-03-16,2016-03-14,96,96,21,19,-2,1,0.5,48.0,Delivered
PO-14482,SKU-036,WH-TX1,SUP-006,2016-03-16,2016-04-06,2016-04-06,96,96,21,21,0,1,0.5,48.0,Delivered
PO-14483,SKU-036,WH-TX1,SUP-006,2016-04-06,2016-04-27,2016-04-27,96,0,21,21,0,1,0.5,48.0,In-Transit
PO-14484,SKU-036,WH-WI1,SUP-006,2014-05-05,2014-05-26,2014-05-26,96,96,21,21,0,1,0.5,48.0,Delivered
PO-14485,SKU-036,WH-WI1,SUP-006,2014-05-21,2014-06-11,2014-06-11,96,96,21,21,0,1,0.5,48.0,Delivered
PO-14486,SKU-036,WH-WI1,SUP-006,2014-06-05,2014-06-26,2014-06-26,96,96,21,21,0,1,0.5,48.0,Delivered
PO-14487,SKU-036,WH-WI1,SUP-006,2014-06-23,2014-07-14,2014-07-14,96,96,21,21,0,1,0.5,48.0,Delivered
PO-14488,SKU-036,WH-WI1,SUP-006,2014-07-11,2014-08-01,2014-08-01,96,96,21,21,0,1,0.5,48.0,Delivered
PO-14489,SKU-036,WH-WI1,SUP-006,2014-07-27,2014-08-17,2014-08-17,96,96,21,21,0,1,0.5,48.0,Delivered
PO-14490,SKU-036,WH-WI1,SUP-006,2014-08-11,2014-09-01,2014-09-01,96,96,21,21,0,1,0.5,48.0,Delivered
PO-14491,SKU-036,WH-WI1,SUP-006,2014-08-27,2014-09-17,2014-09-14,96,96,21,18,-3,1,0.5,48.0,Delivered
PO-14492,SKU-036,WH-WI1,SUP-006,2014-09-12,2014-10-03,2014-10-02,96,96,21,20,-1,1,0.5,48.0,Delivered
PO-14493,SKU-036,WH-WI1,SUP-006,2014-09-29,2014-10-20,2014-10-19,96,96,21,20,-1,1,0.5,48.0,Delivered
PO-14494,SKU-036,WH-WI1,SUP-006,2014-10-17,2014-11-07,2014-11-07,96,96,21,21,0,1,0.5,48.0,Delivered
PO-14495,SKU-036,WH-WI1,SUP-006,2014-11-01,2014-11-22,2014-11-22,96,96,21,21,0,1,0.5,48.0,Delivered
PO-14496,SKU-036,WH-WI1,SUP-006,2014-11-17,2014-12-08,2014-12-04,96,96,21,17,-4,1,0.5,48.0,Delivered
PO-14497,SKU-036,WH-WI1,SUP-006,2014-12-05,2014-12-26,2014-12-26,96,96,21,21,0,1,0.5,48.0,Delivered
PO-14498,SKU-036,WH-WI1,SUP-006,2014-12-21,2015-01-11,2015-01-11,96,96,21,21,0,1,0.5,48.0,Delivered
PO-14499,SKU-036,WH-WI1,SUP-006,2015-01-07,2015-01-28,2015-01-28,96,96,21,21,0,1,0.5,48.0,Delivered
PO-14500,SKU-036,WH-WI1,SUP-006,2015-01-22,2015-02-12,2015-02-10,96,96,21,19,-2,1,0.5,48.0,Delivered
PO-14501,SKU-036,WH-WI1,SUP-006,2015-02-07,2015-02-28,2015-02-28,96,96,21,21,0,1,0.5,48.0,Delivered
PO-14502,SKU-036,WH-WI1,SUP-006,2015-02-25,2015-03-18,2015-03-16,96,96,21,19,-2,1,0.5,48.0,Delivered
PO-14503,SKU-036,WH-WI1,SUP-006,2015-03-13,2015-04-03,2015-04-03,96,96,21,21,0,1,0.5,48.0,Delivered
PO-14504,SKU-036,WH-WI1,SUP-006,2015-03-29,2015-04-19,2015-04-19,96,96,21,21,0,1,0.5,48.0,Delivered
PO-14505,SKU-036,WH-WI1,SUP-006,2015-04-15,2015-05-06,2015-05-06,96,96,21,21,0,1,0.5,48.0,Delivered
PO-14506,SKU-036,WH-WI1,SUP-006,2015-05-01,2015-05-22,2015-05-21,96,96,21,20,-1,1,0.5,48.0,Delivered
PO-14507,SKU-036,WH-WI1,SUP-006,2015-05-17,2015-06-07,2015-06-07,96,96,21,21,0,1,0.5,48.0,Delivered
PO-14508,SKU-036,WH-WI1,SUP-006,2015-06-02,2015-06-23,2015-06-28,96,96,21,26,5,0,0.5,48.0,Delivered
PO-14509,SKU-036,WH-WI1,SUP-006,2015-06-17,2015-07-08,2015-07-08,96,96,21,21,0,1,0.5,48.0,Delivered
PO-14510,SKU-036,WH-WI1,SUP-006,2015-07-02,2015-07-23,2015-07-18,96,96,21,16,-5,1,0.5,48.0,Delivered
PO-14511,SKU-036,WH-WI1,SUP-006,2015-07-17,2015-08-07,2015-08-18,96,96,21,32,11,0,0.5,48.0,Delivered
PO-14512,SKU-036,WH-WI1,SUP-006,2015-08-04,2015-08-25,2015-08-25,96,96,21,21,0,1,0.5,48.0,Delivered
PO-14513,SKU-036,WH-WI1,SUP-006,2015-08-21,2015-09-11,2015-09-10,96,96,21,20,-1,1,0.5,48.0,Delivered
PO-14514,SKU-036,WH-WI1,SUP-006,2015-09-06,2015-09-27,2015-09-26,96,96,21,20,-1,1,0.5,48.0,Delivered
PO-14515,SKU-036,WH-WI1,SUP-006,2015-09-24,2015-10-15,2015-10-10,96,96,21,16,-5,1,0.5,48.0,Delivered
PO-14516,SKU-036,WH-WI1,SUP-006,2015-10-10,2015-10-31,2015-10-25,96,96,21,15,-6,1,0.5,48.0,Delivered
PO-14517,SKU-036,WH-WI1,SUP-006,2015-10-25,2015-11-15,2015-11-15,96,96,21,21,0,1,0.5,48.0,Delivered
PO-14518,SKU-036,WH-WI1,SUP-006,2015-11-11,2015-12-02,2015-12-16,96,96,21,35,14,0,0.5,48.0,Delivered
PO-14519,SKU-036,WH-WI1,SUP-006,2015-11-28,2015-12-19,2015-12-14,96,96,21,16,-5,1,0.5,48.0,Delivered
PO-14520,SKU-036,WH-WI1,SUP-006,2015-12-14,2016-01-04,2016-01-04,96,96,21,21,0,1,0.5,48.0,Delivered
PO-14521,SKU-036,WH-WI1,SUP-006,2015-12-30,2016-01-20,2016-01-19,96,96,21,20,-1,1,0.5,48.0,Delivered
PO-14522,SKU-036,WH-WI1,SUP-006,2016-01-15,2016-02-05,2016-02-05,96,96,21,21,0,1,0.5,48.0,Delivered
PO-14523,SKU-036,WH-WI1,SUP-006,2016-01-31,2016-02-21,2016-02-21,96,96,21,21,0,1,0.5,48.0,Delivered
PO-14524,SKU-036,WH-WI1,SUP-006,2016-02-15,2016-03-07,2016-03-03,96,96,21,17,-4,1,0.5,48.0,Delivered
PO-14525,SKU-036,WH-WI1,SUP-006,2016-03-03,2016-03-24,2016-03-24,96,96,21,21,0,1,0.5,48.0,Delivered
PO-14526,SKU-036,WH-WI1,SUP-006,2016-03-19,2016-04-09,2016-04-08,96,96,21,20,-1,1,0.5,48.0,Delivered
PO-14527,SKU-036,WH-WI1,SUP-006,2016-04-05,2016-04-26,2016-04-26,96,0,21,21,0,1,0.5,48.0,In-Transit
PO-14528,SKU-037,WH-CA1,SUP-007,2014-05-05,2014-06-02,2014-05-31,288,288,28,26,-2,1,0.5,144.0,Delivered
PO-14529,SKU-037,WH-CA1,SUP-007,2014-05-28,2014-06-25,2014-06-20,288,288,28,23,-5,1,0.5,144.0,Delivered
PO-14530,SKU-037,WH-CA1,SUP-007,2014-06-18,2014-07-16,2014-07-12,288,288,28,24,-4,1,0.5,144.0,Delivered
PO-14531,SKU-037,WH-CA1,SUP-007,2014-07-10,2014-08-07,2014-08-07,288,288,28,28,0,1,0.5,144.0,Delivered
PO-14532,SKU-037,WH-CA1,SUP-007,2014-08-01,2014-08-29,2014-08-27,288,288,28,26,-2,1,0.5,144.0,Delivered
PO-14533,SKU-037,WH-CA1,SUP-007,2014-08-23,2014-09-20,2014-09-18,288,288,28,26,-2,1,0.5,144.0,Delivered
PO-14534,SKU-037,WH-CA1,SUP-007,2014-09-14,2014-10-12,2014-10-12,288,288,28,28,0,1,0.5,144.0,Delivered
PO-14535,SKU-037,WH-CA1,SUP-007,2014-10-08,2014-11-05,2014-11-13,288,288,28,36,8,0,0.5,144.0,Delivered
PO-14536,SKU-037,WH-CA1,SUP-007,2014-10-31,2014-11-28,2014-11-28,288,288,28,28,0,1,0.5,144.0,Delivered
PO-14537,SKU-037,WH-CA1,SUP-007,2014-11-23,2014-12-21,2014-12-20,288,288,28,27,-1,1,0.5,144.0,Delivered
PO-14538,SKU-037,WH-CA1,SUP-007,2014-12-17,2015-01-14,2015-01-14,288,288,28,28,0,1,0.5,144.0,Delivered
PO-14539,SKU-037,WH-CA1,SUP-007,2015-01-09,2015-02-06,2015-02-06,288,288,28,28,0,1,0.5,144.0,Delivered
PO-14540,SKU-037,WH-CA1,SUP-007,2015-02-02,2015-03-02,2015-02-25,288,288,28,23,-5,1,0.5,144.0,Delivered
PO-14541,SKU-037,WH-CA1,SUP-007,2015-02-26,2015-03-26,2015-03-24,288,288,28,26,-2,1,0.5,144.0,Delivered
PO-14542,SKU-037,WH-CA1,SUP-007,2015-03-20,2015-04-17,2015-04-23,288,288,28,34,6,0,0.5,144.0,Delivered
PO-14543,SKU-037,WH-CA1,SUP-007,2015-04-11,2015-05-09,2015-05-09,288,288,28,28,0,1,0.5,144.0,Delivered
PO-14544,SKU-037,WH-CA1,SUP-007,2015-05-02,2015-05-30,2015-05-30,288,288,28,28,0,1,0.5,144.0,Delivered
PO-14545,SKU-037,WH-CA1,SUP-007,2015-05-23,2015-06-20,2015-06-20,288,288,28,28,0,1,0.5,144.0,Delivered
PO-14546,SKU-037,WH-CA1,SUP-007,2015-06-14,2015-07-12,2015-07-12,288,288,28,28,0,1,0.5,144.0,Delivered
PO-14547,SKU-037,WH-CA1,SUP-007,2015-07-05,2015-08-02,2015-08-09,288,288,28,35,7,0,0.5,144.0,Delivered
PO-14548,SKU-037,WH-CA1,SUP-007,2015-07-28,2015-08-25,2015-08-25,288,288,28,28,0,1,0.5,144.0,Delivered
PO-14549,SKU-037,WH-CA1,SUP-007,2015-08-20,2015-09-17,2015-09-16,288,288,28,27,-1,1,0.5,144.0,Delivered
PO-14550,SKU-037,WH-CA1,SUP-007,2015-09-10,2015-10-08,2015-10-08,288,288,28,28,0,1,0.5,144.0,Delivered
PO-14551,SKU-037,WH-CA1,SUP-007,2015-10-02,2015-10-30,2015-10-26,288,288,28,24,-4,1,0.5,144.0,Delivered
PO-14552,SKU-037,WH-CA1,SUP-007,2015-10-26,2015-11-23,2015-11-26,288,288,28,31,3,0,0.5,144.0,Delivered
PO-14553,SKU-037,WH-CA1,SUP-007,2015-11-18,2015-12-16,2015-12-16,288,288,28,28,0,1,0.5,144.0,Delivered
PO-14554,SKU-037,WH-CA1,SUP-007,2015-12-12,2016-01-09,2016-01-09,288,288,28,28,0,1,0.5,144.0,Delivered
PO-14555,SKU-037,WH-CA1,SUP-007,2016-01-02,2016-01-30,2016-01-29,288,288,28,27,-1,1,0.5,144.0,Delivered
PO-14556,SKU-037,WH-CA1,SUP-007,2016-01-25,2016-02-22,2016-02-19,288,288,28,25,-3,1,0.5,144.0,Delivered
PO-14557,SKU-037,WH-CA1,SUP-007,2016-02-16,2016-03-15,2016-03-14,288,288,28,27,-1,1,0.5,144.0,Delivered
PO-14558,SKU-037,WH-CA1,SUP-007,2016-03-11,2016-04-08,2016-04-02,288,288,28,22,-6,1,0.5,144.0,Delivered
PO-14559,SKU-037,WH-CA1,SUP-007,2016-04-02,2016-04-30,2016-04-30,288,0,28,28,0,1,0.5,144.0,In-Transit
PO-14560,SKU-037,WH-TX1,SUP-007,2014-05-02,2014-05-30,2014-05-30,96,96,28,28,0,1,0.5,48.0,Delivered
PO-14561,SKU-037,WH-TX1,SUP-007,2014-05-19,2014-06-16,2014-06-09,96,96,28,21,-7,1,0.5,48.0,Delivered
PO-14562,SKU-037,WH-TX1,SUP-007,2014-06-04,2014-07-02,2014-07-02,96,96,28,28,0,1,0.5,48.0,Delivered
PO-14563,SKU-037,WH-TX1,SUP-007,2014-06-22,2014-07-20,2014-07-21,96,96,28,29,1,0,0.5,48.0,Delivered
PO-14564,SKU-037,WH-TX1,SUP-007,2014-07-08,2014-08-05,2014-07-31,96,96,28,23,-5,1,0.5,48.0,Delivered
PO-14565,SKU-037,WH-TX1,SUP-007,2014-07-23,2014-08-20,2014-08-20,96,96,28,28,0,1,0.5,48.0,Delivered
PO-14566,SKU-037,WH-TX1,SUP-007,2014-08-07,2014-09-04,2014-09-04,96,96,28,28,0,1,0.5,48.0,Delivered
PO-14567,SKU-037,WH-TX1,SUP-007,2014-08-25,2014-09-22,2014-09-22,96,96,28,28,0,1,0.5,48.0,Delivered
PO-14568,SKU-037,WH-TX1,SUP-007,2014-09-09,2014-10-07,2014-10-07,96,96,28,28,0,1,0.5,48.0,Delivered
PO-14569,SKU-037,WH-TX1,SUP-007,2014-09-26,2014-10-24,2014-10-24,96,96,28,28,0,1,0.5,48.0,Delivered
PO-14570,SKU-037,WH-TX1,SUP-007,2014-10-12,2014-11-09,2014-11-14,96,96,28,33,5,0,0.5,48.0,Delivered
PO-14571,SKU-037,WH-TX1,SUP-007,2014-10-28,2014-11-25,2014-12-19,96,96,28,52,24,0,0.5,48.0,Delivered
PO-14572,SKU-037,WH-TX1,SUP-007,2014-11-12,2014-12-10,2014-12-05,96,96,28,23,-5,1,0.5,48.0,Delivered
PO-14573,SKU-037,WH-TX1,SUP-007,2014-11-27,2014-12-25,2014-12-22,96,96,28,25,-3,1,0.5,48.0,Delivered
PO-14574,SKU-037,WH-TX1,SUP-007,2014-12-15,2015-01-12,2015-01-09,96,96,28,25,-3,1,0.5,48.0,Delivered
PO-14575,SKU-037,WH-TX1,SUP-007,2015-01-02,2015-01-30,2015-01-30,96,96,28,28,0,1,0.5,48.0,Delivered
PO-14576,SKU-037,WH-TX1,SUP-007,2015-01-20,2015-02-17,2015-02-14,96,96,28,25,-3,1,0.5,48.0,Delivered
PO-14577,SKU-037,WH-TX1,SUP-007,2015-02-06,2015-03-06,2015-03-08,96,96,28,30,2,0,0.5,48.0,Delivered
PO-14578,SKU-037,WH-TX1,SUP-007,2015-02-23,2015-03-23,2015-04-23,96,96,28,59,31,0,0.5,48.0,Delivered
PO-14579,SKU-037,WH-TX1,SUP-007,2015-03-11,2015-04-08,2015-04-04,96,96,28,24,-4,1,0.5,48.0,Delivered
PO-14580,SKU-037,WH-TX1,SUP-007,2015-03-28,2015-04-25,2015-04-25,96,96,28,28,0,1,0.5,48.0,Delivered
PO-14581,SKU-037,WH-TX1,SUP-007,2015-04-13,2015-05-11,2015-05-02,96,96,28,19,-9,1,0.5,48.0,Delivered
PO-14582,SKU-037,WH-TX1,SUP-007,2015-04-29,2015-05-27,2015-05-27,96,96,28,28,0,1,0.5,48.0,Delivered
PO-14583,SKU-037,WH-TX1,SUP-007,2015-05-14,2015-06-11,2015-06-11,96,96,28,28,0,1,0.5,48.0,Delivered
PO-14584,SKU-037,WH-TX1,SUP-007,2015-05-31,2015-06-28,2015-06-23,96,96,28,23,-5,1,0.5,48.0,Delivered
PO-14585,SKU-037,WH-TX1,SUP-007,2015-06-15,2015-07-13,2015-07-13,96,96,28,28,0,1,0.5,48.0,Delivered
PO-14586,SKU-037,WH-TX1,SUP-007,2015-07-02,2015-07-30,2015-07-30,96,96,28,28,0,1,0.5,48.0,Delivered
PO-14587,SKU-037,WH-TX1,SUP-007,2015-07-18,2015-08-15,2015-08-15,96,96,28,28,0,1,0.5,48.0,Delivered
PO-14588,SKU-037,WH-TX1,SUP-007,2015-08-03,2015-08-31,2015-08-29,96,96,28,26,-2,1,0.5,48.0,Delivered
PO-14589,SKU-037,WH-TX1,SUP-007,2015-08-20,2015-09-17,2015-09-12,96,96,28,23,-5,1,0.5,48.0,Delivered
PO-14590,SKU-037,WH-TX1,SUP-007,2015-09-05,2015-10-03,2015-10-04,96,96,28,29,1,0,0.5,48.0,Delivered
PO-14591,SKU-037,WH-TX1,SUP-007,2015-09-21,2015-10-19,2015-10-19,96,96,28,28,0,1,0.5,48.0,Delivered
PO-14592,SKU-037,WH-TX1,SUP-007,2015-10-07,2015-11-04,2015-11-04,96,96,28,28,0,1,0.5,48.0,Delivered
PO-14593,SKU-037,WH-TX1,SUP-007,2015-10-24,2015-11-21,2015-11-16,96,96,28,23,-5,1,0.5,48.0,Delivered
PO-14594,SKU-037,WH-TX1,SUP-007,2015-11-09,2015-12-07,2015-11-28,96,96,28,19,-9,1,0.5,48.0,Delivered
PO-14595,SKU-037,WH-TX1,SUP-007,2015-11-26,2015-12-24,2015-12-23,96,96,28,27,-1,1,0.5,48.0,Delivered
PO-14596,SKU-037,WH-TX1,SUP-007,2015-12-11,2016-01-08,2016-01-08,96,96,28,28,0,1,0.5,48.0,Delivered
PO-14597,SKU-037,WH-TX1,SUP-007,2015-12-29,2016-01-26,2016-01-26,96,96,28,28,0,1,0.5,48.0,Delivered
PO-14598,SKU-037,WH-TX1,SUP-007,2016-01-14,2016-02-11,2016-02-09,96,96,28,26,-2,1,0.5,48.0,Delivered
PO-14599,SKU-037,WH-TX1,SUP-007,2016-02-01,2016-02-29,2016-04-18,96,96,28,77,49,0,0.5,48.0,Delivered
PO-14600,SKU-037,WH-TX1,SUP-007,2016-02-19,2016-03-18,2016-03-13,96,96,28,23,-5,1,0.5,48.0,Delivered
PO-14601,SKU-037,WH-TX1,SUP-007,2016-03-05,2016-04-02,2016-04-02,96,96,28,28,0,1,0.5,48.0,Delivered
PO-14602,SKU-037,WH-TX1,SUP-007,2016-03-23,2016-04-20,2016-04-18,96,96,28,26,-2,1,0.5,48.0,Delivered
PO-14603,SKU-037,WH-TX1,SUP-007,2016-04-09,2016-05-07,2016-05-14,96,0,28,35,7,0,0.5,48.0,In-Transit
PO-14604,SKU-037,WH-WI1,SUP-007,2014-04-30,2014-05-28,2014-05-27,144,144,28,27,-1,1,0.5,72.0,Delivered
PO-14605,SKU-037,WH-WI1,SUP-007,2014-05-19,2014-06-16,2014-06-16,144,144,28,28,0,1,0.5,72.0,Delivered
PO-14606,SKU-037,WH-WI1,SUP-007,2014-06-05,2014-07-03,2014-07-05,144,144,28,30,2,0,0.5,72.0,Delivered
PO-14607,SKU-037,WH-WI1,SUP-007,2014-06-21,2014-07-19,2014-07-19,144,144,28,28,0,1,0.5,72.0,Delivered
PO-14608,SKU-037,WH-WI1,SUP-007,2014-07-08,2014-08-05,2014-08-03,144,144,28,26,-2,1,0.5,72.0,Delivered
PO-14609,SKU-037,WH-WI1,SUP-007,2014-07-25,2014-08-22,2014-08-22,144,144,28,28,0,1,0.5,72.0,Delivered
PO-14610,SKU-037,WH-WI1,SUP-007,2014-08-13,2014-09-10,2014-09-10,144,144,28,28,0,1,0.5,72.0,Delivered
PO-14611,SKU-037,WH-WI1,SUP-007,2014-08-29,2014-09-26,2014-09-26,144,144,28,28,0,1,0.5,72.0,Delivered
PO-14612,SKU-037,WH-WI1,SUP-007,2014-09-17,2014-10-15,2014-10-15,144,144,28,28,0,1,0.5,72.0,Delivered
PO-14613,SKU-037,WH-WI1,SUP-007,2014-10-04,2014-11-01,2014-10-29,144,144,28,25,-3,1,0.5,72.0,Delivered
PO-14614,SKU-037,WH-WI1,SUP-007,2014-10-22,2014-11-19,2014-11-17,144,144,28,26,-2,1,0.5,72.0,Delivered
PO-14615,SKU-037,WH-WI1,SUP-007,2014-11-07,2014-12-05,2014-11-29,144,144,28,22,-6,1,0.5,72.0,Delivered
PO-14616,SKU-037,WH-WI1,SUP-007,2014-11-25,2014-12-23,2014-12-23,144,144,28,28,0,1,0.5,72.0,Delivered
PO-14617,SKU-037,WH-WI1,SUP-007,2014-12-12,2015-01-09,2015-01-04,144,144,28,23,-5,1,0.5,72.0,Delivered
PO-14618,SKU-037,WH-WI1,SUP-007,2014-12-31,2015-01-28,2015-02-16,144,144,28,47,19,0,0.5,72.0,Delivered
PO-14619,SKU-037,WH-WI1,SUP-007,2015-01-19,2015-02-16,2015-02-16,144,144,28,28,0,1,0.5,72.0,Delivered
PO-14620,SKU-037,WH-WI1,SUP-007,2015-02-05,2015-03-05,2015-03-05,144,144,28,28,0,1,0.5,72.0,Delivered
PO-14621,SKU-037,WH-WI1,SUP-007,2015-02-23,2015-03-23,2015-03-28,144,144,28,33,5,0,0.5,72.0,Delivered
PO-14622,SKU-037,WH-WI1,SUP-007,2015-03-14,2015-04-11,2015-04-11,144,144,28,28,0,1,0.5,72.0,Delivered
PO-14623,SKU-037,WH-WI1,SUP-007,2015-04-01,2015-04-29,2015-04-29,144,144,28,28,0,1,0.5,72.0,Delivered
PO-14624,SKU-037,WH-WI1,SUP-007,2015-04-18,2015-05-16,2015-05-16,144,144,28,28,0,1,0.5,72.0,Delivered
PO-14625,SKU-037,WH-WI1,SUP-007,2015-05-05,2015-06-02,2015-06-09,144,144,28,35,7,0,0.5,72.0,Delivered
PO-14626,SKU-037,WH-WI1,SUP-007,2015-05-22,2015-06-19,2015-06-17,144,144,28,26,-2,1,0.5,72.0,Delivered
PO-14627,SKU-037,WH-WI1,SUP-007,2015-06-09,2015-07-07,2015-07-26,144,144,28,47,19,0,0.5,72.0,Delivered
PO-14628,SKU-037,WH-WI1,SUP-007,2015-06-25,2015-07-23,2015-08-04,144,144,28,40,12,0,0.5,72.0,Delivered
PO-14629,SKU-037,WH-WI1,SUP-007,2015-07-11,2015-08-08,2015-08-08,144,144,28,28,0,1,0.5,72.0,Delivered
PO-14630,SKU-037,WH-WI1,SUP-007,2015-07-27,2015-08-24,2015-08-25,144,144,28,29,1,0,0.5,72.0,Delivered
PO-14631,SKU-037,WH-WI1,SUP-007,2015-08-13,2015-09-10,2015-09-10,144,144,28,28,0,1,0.5,72.0,Delivered
PO-14632,SKU-037,WH-WI1,SUP-007,2015-08-31,2015-09-28,2015-09-28,144,144,28,28,0,1,0.5,72.0,Delivered
PO-14633,SKU-037,WH-WI1,SUP-007,2015-09-19,2015-10-17,2015-10-17,144,144,28,28,0,1,0.5,72.0,Delivered
PO-14634,SKU-037,WH-WI1,SUP-007,2015-10-05,2015-11-02,2015-11-09,144,144,28,35,7,0,0.5,72.0,Delivered
PO-14635,SKU-037,WH-WI1,SUP-007,2015-10-21,2015-11-18,2015-11-27,144,144,28,37,9,0,0.5,72.0,Delivered
PO-14636,SKU-037,WH-WI1,SUP-007,2015-11-08,2015-12-06,2015-12-06,144,144,28,28,0,1,0.5,72.0,Delivered
PO-14637,SKU-037,WH-WI1,SUP-007,2015-11-27,2015-12-25,2015-12-24,144,144,28,27,-1,1,0.5,72.0,Delivered
PO-14638,SKU-037,WH-WI1,SUP-007,2015-12-13,2016-01-10,2016-01-04,144,144,28,22,-6,1,0.5,72.0,Delivered
PO-14639,SKU-037,WH-WI1,SUP-007,2015-12-30,2016-01-27,2016-01-26,144,144,28,27,-1,1,0.5,72.0,Delivered
PO-14640,SKU-037,WH-WI1,SUP-007,2016-01-16,2016-02-13,2016-02-13,144,144,28,28,0,1,0.5,72.0,Delivered
PO-14641,SKU-037,WH-WI1,SUP-007,2016-02-03,2016-03-02,2016-03-02,144,144,28,28,0,1,0.5,72.0,Delivered
PO-14642,SKU-037,WH-WI1,SUP-007,2016-02-22,2016-03-21,2016-03-20,144,144,28,27,-1,1,0.5,72.0,Delivered
PO-14643,SKU-037,WH-WI1,SUP-007,2016-03-11,2016-04-08,2016-04-07,144,144,28,27,-1,1,0.5,72.0,Delivered
PO-14644,SKU-037,WH-WI1,SUP-007,2016-03-28,2016-04-25,2016-04-26,144,0,28,29,1,0,0.5,72.0,In-Transit
PO-14645,SKU-038,WH-CA1,SUP-006,2014-05-04,2014-05-25,2014-05-25,96,96,21,21,0,1,2.81,269.76,Delivered
PO-14646,SKU-038,WH-CA1,SUP-006,2014-05-18,2014-06-08,2014-06-08,96,96,21,21,0,1,2.81,269.76,Delivered
PO-14647,SKU-038,WH-CA1,SUP-006,2014-05-31,2014-06-21,2014-06-18,96,96,21,18,-3,1,2.81,269.76,Delivered
PO-14648,SKU-038,WH-CA1,SUP-006,2014-06-11,2014-07-02,2014-07-02,96,96,21,21,0,1,2.81,269.76,Delivered
PO-14649,SKU-038,WH-CA1,SUP-006,2014-06-25,2014-07-16,2014-07-16,96,96,21,21,0,1,2.81,269.76,Delivered
PO-14650,SKU-038,WH-CA1,SUP-006,2014-07-09,2014-07-30,2014-07-30,96,96,21,21,0,1,2.81,269.76,Delivered
PO-14651,SKU-038,WH-CA1,SUP-006,2014-07-21,2014-08-11,2014-08-11,96,96,21,21,0,1,2.81,269.76,Delivered
PO-14652,SKU-038,WH-CA1,SUP-006,2014-08-02,2014-08-23,2014-08-25,96,96,21,23,2,0,2.81,269.76,Delivered
PO-14653,SKU-038,WH-CA1,SUP-006,2014-08-16,2014-09-06,2014-09-01,96,96,21,16,-5,1,2.81,269.76,Delivered
PO-14654,SKU-038,WH-CA1,SUP-006,2014-08-30,2014-09-20,2014-09-17,96,96,21,18,-3,1,2.81,269.76,Delivered
PO-14655,SKU-038,WH-CA1,SUP-006,2014-09-12,2014-10-03,2014-10-03,96,96,21,21,0,1,2.81,269.76,Delivered
PO-14656,SKU-038,WH-CA1,SUP-006,2014-09-23,2014-10-14,2014-10-17,96,96,21,24,3,0,2.81,269.76,Delivered
PO-14657,SKU-038,WH-CA1,SUP-006,2014-10-06,2014-10-27,2014-10-26,96,96,21,20,-1,1,2.81,269.76,Delivered
PO-14658,SKU-038,WH-CA1,SUP-006,2014-10-18,2014-11-08,2014-11-08,96,96,21,21,0,1,2.81,269.76,Delivered
PO-14659,SKU-038,WH-CA1,SUP-006,2014-11-01,2014-11-22,2014-11-22,96,96,21,21,0,1,2.81,269.76,Delivered
PO-14660,SKU-038,WH-CA1,SUP-006,2014-11-14,2014-12-05,2014-12-04,96,96,21,20,-1,1,2.81,269.76,Delivered
PO-14661,SKU-038,WH-CA1,SUP-006,2014-11-26,2014-12-17,2014-12-14,96,96,21,18,-3,1,2.81,269.76,Delivered
PO-14662,SKU-038,WH-CA1,SUP-006,2014-12-08,2014-12-29,2014-12-29,96,96,21,21,0,1,2.81,269.76,Delivered
PO-14663,SKU-038,WH-CA1,SUP-006,2014-12-22,2015-01-12,2015-01-09,96,96,21,18,-3,1,2.81,269.76,Delivered
PO-14664,SKU-038,WH-CA1,SUP-006,2015-01-04,2015-01-25,2015-01-24,96,96,21,20,-1,1,2.81,269.76,Delivered
PO-14665,SKU-038,WH-CA1,SUP-006,2015-01-17,2015-02-07,2015-02-14,96,96,21,28,7,0,2.81,269.76,Delivered
PO-14666,SKU-038,WH-CA1,SUP-006,2015-01-30,2015-02-20,2015-02-20,96,96,21,21,0,1,2.81,269.76,Delivered
PO-14667,SKU-038,WH-CA1,SUP-006,2015-02-10,2015-03-03,2015-03-03,96,96,21,21,0,1,2.81,269.76,Delivered
PO-14668,SKU-038,WH-CA1,SUP-006,2015-02-22,2015-03-15,2015-03-12,96,96,21,18,-3,1,2.81,269.76,Delivered
PO-14669,SKU-038,WH-CA1,SUP-006,2015-03-06,2015-03-27,2015-03-25,96,96,21,19,-2,1,2.81,269.76,Delivered
PO-14670,SKU-038,WH-CA1,SUP-006,2015-03-18,2015-04-08,2015-04-03,96,96,21,16,-5,1,2.81,269.76,Delivered
PO-14671,SKU-038,WH-CA1,SUP-006,2015-03-30,2015-04-20,2015-04-26,96,96,21,27,6,0,2.81,269.76,Delivered
PO-14672,SKU-038,WH-CA1,SUP-006,2015-04-10,2015-05-01,2015-05-01,96,96,21,21,0,1,2.81,269.76,Delivered
PO-14673,SKU-038,WH-CA1,SUP-006,2015-04-21,2015-05-12,2015-05-12,96,96,21,21,0,1,2.81,269.76,Delivered
PO-14674,SKU-038,WH-CA1,SUP-006,2015-05-03,2015-05-24,2015-05-24,96,96,21,21,0,1,2.81,269.76,Delivered
PO-14675,SKU-038,WH-CA1,SUP-006,2015-05-17,2015-06-07,2015-06-07,96,96,21,21,0,1,2.81,269.76,Delivered
PO-14676,SKU-038,WH-CA1,SUP-006,2015-05-30,2015-06-20,2015-06-18,96,96,21,19,-2,1,2.81,269.76,Delivered
PO-14677,SKU-038,WH-CA1,SUP-006,2015-06-11,2015-07-02,2015-07-02,96,96,21,21,0,1,2.81,269.76,Delivered
PO-14678,SKU-038,WH-CA1,SUP-006,2015-06-24,2015-07-15,2015-07-12,96,96,21,18,-3,1,2.81,269.76,Delivered
PO-14679,SKU-038,WH-CA1,SUP-006,2015-07-07,2015-07-28,2015-07-28,96,96,21,21,0,1,2.81,269.76,Delivered
PO-14680,SKU-038,WH-CA1,SUP-006,2015-07-20,2015-08-10,2015-08-10,96,96,21,21,0,1,2.81,269.76,Delivered
PO-14681,SKU-038,WH-CA1,SUP-006,2015-08-01,2015-08-22,2015-08-19,96,96,21,18,-3,1,2.81,269.76,Delivered
PO-14682,SKU-038,WH-CA1,SUP-006,2015-08-13,2015-09-03,2015-09-03,96,96,21,21,0,1,2.81,269.76,Delivered
PO-14683,SKU-038,WH-CA1,SUP-006,2015-08-25,2015-09-15,2015-09-14,96,96,21,20,-1,1,2.81,269.76,Delivered
PO-14684,SKU-038,WH-CA1,SUP-006,2015-09-05,2015-09-26,2015-09-26,96,96,21,21,0,1,2.81,269.76,Delivered
PO-14685,SKU-038,WH-CA1,SUP-006,2015-09-17,2015-10-08,2015-10-16,96,96,21,29,8,0,2.81,269.76,Delivered
PO-14686,SKU-038,WH-CA1,SUP-006,2015-10-01,2015-10-22,2015-10-22,96,96,21,21,0,1,2.81,269.76,Delivered
PO-14687,SKU-038,WH-CA1,SUP-006,2015-10-13,2015-11-03,2015-11-01,96,96,21,19,-2,1,2.81,269.76,Delivered
PO-14688,SKU-038,WH-CA1,SUP-006,2015-10-26,2015-11-16,2015-11-26,96,96,21,31,10,0,2.81,269.76,Delivered
PO-14689,SKU-038,WH-CA1,SUP-006,2015-11-07,2015-11-28,2015-11-26,96,96,21,19,-2,1,2.81,269.76,Delivered
PO-14690,SKU-038,WH-CA1,SUP-006,2015-11-18,2015-12-09,2015-12-09,96,96,21,21,0,1,2.81,269.76,Delivered
PO-14691,SKU-038,WH-CA1,SUP-006,2015-11-29,2015-12-20,2015-12-24,96,96,21,25,4,0,2.81,269.76,Delivered
PO-14692,SKU-038,WH-CA1,SUP-006,2015-12-13,2016-01-03,2016-01-01,96,96,21,19,-2,1,2.81,269.76,Delivered
PO-14693,SKU-038,WH-CA1,SUP-006,2015-12-24,2016-01-14,2016-01-14,96,96,21,21,0,1,2.81,269.76,Delivered
PO-14694,SKU-038,WH-CA1,SUP-006,2016-01-05,2016-01-26,2016-01-26,96,96,21,21,0,1,2.81,269.76,Delivered
PO-14695,SKU-038,WH-CA1,SUP-006,2016-01-18,2016-02-08,2016-02-09,96,96,21,22,1,0,2.81,269.76,Delivered
PO-14696,SKU-038,WH-CA1,SUP-006,2016-01-30,2016-02-20,2016-02-23,96,96,21,24,3,0,2.81,269.76,Delivered
PO-14697,SKU-038,WH-CA1,SUP-006,2016-02-12,2016-03-04,2016-02-29,96,96,21,17,-4,1,2.81,269.76,Delivered
PO-14698,SKU-038,WH-CA1,SUP-006,2016-02-24,2016-03-16,2016-03-16,96,96,21,21,0,1,2.81,269.76,Delivered
PO-14699,SKU-038,WH-CA1,SUP-006,2016-03-08,2016-03-29,2016-03-29,96,96,21,21,0,1,2.81,269.76,Delivered
PO-14700,SKU-038,WH-CA1,SUP-006,2016-03-20,2016-04-10,2016-04-10,96,96,21,21,0,1,2.81,269.76,Delivered
PO-14701,SKU-038,WH-CA1,SUP-006,2016-04-03,2016-04-24,2016-04-22,96,96,21,19,-2,1,2.81,269.76,Delivered
PO-14702,SKU-038,WH-TX1,SUP-006,2014-05-04,2014-05-25,2014-06-11,96,96,21,38,17,0,2.81,269.76,Delivered
PO-14703,SKU-038,WH-TX1,SUP-006,2014-05-22,2014-06-12,2014-06-18,96,96,21,27,6,0,2.81,269.76,Delivered
PO-14704,SKU-038,WH-TX1,SUP-006,2014-06-07,2014-06-28,2014-06-27,96,96,21,20,-1,1,2.81,269.76,Delivered
PO-14705,SKU-038,WH-TX1,SUP-006,2014-06-23,2014-07-14,2014-07-14,96,96,21,21,0,1,2.81,269.76,Delivered
PO-14706,SKU-038,WH-TX1,SUP-006,2014-07-09,2014-07-30,2014-07-26,96,96,21,17,-4,1,2.81,269.76,Delivered
PO-14707,SKU-038,WH-TX1,SUP-006,2014-07-25,2014-08-15,2014-08-15,96,96,21,21,0,1,2.81,269.76,Delivered
PO-14708,SKU-038,WH-TX1,SUP-006,2014-08-09,2014-08-30,2014-08-30,96,96,21,21,0,1,2.81,269.76,Delivered
PO-14709,SKU-038,WH-TX1,SUP-006,2014-08-25,2014-09-15,2014-09-15,96,96,21,21,0,1,2.81,269.76,Delivered
PO-14710,SKU-038,WH-TX1,SUP-006,2014-09-11,2014-10-02,2014-10-06,96,96,21,25,4,0,2.81,269.76,Delivered
PO-14711,SKU-038,WH-TX1,SUP-006,2014-09-27,2014-10-18,2014-10-18,96,96,21,21,0,1,2.81,269.76,Delivered
PO-14712,SKU-038,WH-TX1,SUP-006,2014-10-12,2014-11-02,2014-11-01,96,96,21,20,-1,1,2.81,269.76,Delivered
PO-14713,SKU-038,WH-TX1,SUP-006,2014-10-27,2014-11-17,2014-11-14,96,96,21,18,-3,1,2.81,269.76,Delivered
PO-14714,SKU-038,WH-TX1,SUP-006,2014-11-13,2014-12-04,2014-12-04,96,96,21,21,0,1,2.81,269.76,Delivered
PO-14715,SKU-038,WH-TX1,SUP-006,2014-11-28,2014-12-19,2014-12-19,96,96,21,21,0,1,2.81,269.76,Delivered
PO-14716,SKU-038,WH-TX1,SUP-006,2014-12-13,2015-01-03,2015-01-01,96,96,21,19,-2,1,2.81,269.76,Delivered
PO-14717,SKU-038,WH-TX1,SUP-006,2014-12-29,2015-01-19,2015-01-26,96,96,21,28,7,0,2.81,269.76,Delivered
PO-14718,SKU-038,WH-TX1,SUP-006,2015-01-16,2015-02-06,2015-02-06,96,96,21,21,0,1,2.81,269.76,Delivered
PO-14719,SKU-038,WH-TX1,SUP-006,2015-02-01,2015-02-22,2015-02-22,96,96,21,21,0,1,2.81,269.76,Delivered
PO-14720,SKU-038,WH-TX1,SUP-006,2015-02-17,2015-03-10,2015-03-10,96,96,21,21,0,1,2.81,269.76,Delivered
PO-14721,SKU-038,WH-TX1,SUP-006,2015-03-06,2015-03-27,2015-03-27,96,96,21,21,0,1,2.81,269.76,Delivered
PO-14722,SKU-038,WH-TX1,SUP-006,2015-03-22,2015-04-12,2015-04-11,96,96,21,20,-1,1,2.81,269.76,Delivered
PO-14723,SKU-038,WH-TX1,SUP-006,2015-04-08,2015-04-29,2015-05-04,96,96,21,26,5,0,2.81,269.76,Delivered
PO-14724,SKU-038,WH-TX1,SUP-006,2015-04-24,2015-05-15,2015-05-15,96,96,21,21,0,1,2.81,269.76,Delivered
PO-14725,SKU-038,WH-TX1,SUP-006,2015-05-10,2015-05-31,2015-05-31,96,96,21,21,0,1,2.81,269.76,Delivered
PO-14726,SKU-038,WH-TX1,SUP-006,2015-05-27,2015-06-17,2015-06-14,96,96,21,18,-3,1,2.81,269.76,Delivered
PO-14727,SKU-038,WH-TX1,SUP-006,2015-06-14,2015-07-05,2015-06-29,96,96,21,15,-6,1,2.81,269.76,Delivered
PO-14728,SKU-038,WH-TX1,SUP-006,2015-06-30,2015-07-21,2015-07-19,96,96,21,19,-2,1,2.81,269.76,Delivered
PO-14729,SKU-038,WH-TX1,SUP-006,2015-07-18,2015-08-08,2015-08-08,96,96,21,21,0,1,2.81,269.76,Delivered
PO-14730,SKU-038,WH-TX1,SUP-006,2015-08-03,2015-08-24,2015-08-23,96,96,21,20,-1,1,2.81,269.76,Delivered
PO-14731,SKU-038,WH-TX1,SUP-006,2015-08-19,2015-09-09,2015-09-22,96,96,21,34,13,0,2.81,269.76,Delivered
PO-14732,SKU-038,WH-TX1,SUP-006,2015-09-06,2015-09-27,2015-09-27,96,96,21,21,0,1,2.81,269.76,Delivered
PO-14733,SKU-038,WH-TX1,SUP-006,2015-09-21,2015-10-12,2015-10-12,96,96,21,21,0,1,2.81,269.76,Delivered
PO-14734,SKU-038,WH-TX1,SUP-006,2015-10-07,2015-10-28,2015-10-26,96,96,21,19,-2,1,2.81,269.76,Delivered
PO-14735,SKU-038,WH-TX1,SUP-006,2015-10-23,2015-11-13,2015-11-09,96,96,21,17,-4,1,2.81,269.76,Delivered
PO-14736,SKU-038,WH-TX1,SUP-006,2015-11-07,2015-11-28,2015-11-26,96,96,21,19,-2,1,2.81,269.76,Delivered
PO-14737,SKU-038,WH-TX1,SUP-006,2015-11-23,2015-12-14,2015-12-14,96,96,21,21,0,1,2.81,269.76,Delivered
PO-14738,SKU-038,WH-TX1,SUP-006,2015-12-08,2015-12-29,2015-12-29,96,96,21,21,0,1,2.81,269.76,Delivered
PO-14739,SKU-038,WH-TX1,SUP-006,2015-12-23,2016-01-13,2016-01-10,96,96,21,18,-3,1,2.81,269.76,Delivered
PO-14740,SKU-038,WH-TX1,SUP-006,2016-01-10,2016-01-31,2016-02-13,96,96,21,34,13,0,2.81,269.76,Delivered
PO-14741,SKU-038,WH-TX1,SUP-006,2016-01-26,2016-02-16,2016-02-16,96,96,21,21,0,1,2.81,269.76,Delivered
PO-14742,SKU-038,WH-TX1,SUP-006,2016-02-13,2016-03-05,2016-03-05,96,96,21,21,0,1,2.81,269.76,Delivered
PO-14743,SKU-038,WH-TX1,SUP-006,2016-03-02,2016-03-23,2016-03-23,96,96,21,21,0,1,2.81,269.76,Delivered
PO-14744,SKU-038,WH-TX1,SUP-006,2016-03-18,2016-04-08,2016-04-10,96,96,21,23,2,0,2.81,269.76,Delivered
PO-14745,SKU-038,WH-TX1,SUP-006,2016-04-04,2016-04-25,2016-04-24,96,96,21,20,-1,1,2.81,269.76,Delivered
PO-14746,SKU-038,WH-WI1,SUP-006,2014-05-03,2014-05-24,2014-05-23,96,96,21,20,-1,1,2.81,269.76,Delivered
PO-14747,SKU-038,WH-WI1,SUP-006,2014-05-25,2014-06-15,2014-06-14,96,96,21,20,-1,1,2.81,269.76,Delivered
PO-14748,SKU-038,WH-WI1,SUP-006,2014-06-15,2014-07-06,2014-07-03,96,96,21,18,-3,1,2.81,269.76,Delivered
PO-14749,SKU-038,WH-WI1,SUP-006,2014-07-07,2014-07-28,2014-07-28,96,96,21,21,0,1,2.81,269.76,Delivered
PO-14750,SKU-038,WH-WI1,SUP-006,2014-07-29,2014-08-19,2014-08-18,96,96,21,20,-1,1,2.81,269.76,Delivered
PO-14751,SKU-038,WH-WI1,SUP-006,2014-08-22,2014-09-12,2014-09-10,96,96,21,19,-2,1,2.81,269.76,Delivered
PO-14752,SKU-038,WH-WI1,SUP-006,2014-09-14,2014-10-05,2014-10-05,96,96,21,21,0,1,2.81,269.76,Delivered
PO-14753,SKU-038,WH-WI1,SUP-006,2014-10-05,2014-10-26,2014-10-26,96,96,21,21,0,1,2.81,269.76,Delivered
PO-14754,SKU-038,WH-WI1,SUP-006,2014-10-28,2014-11-18,2014-11-16,96,96,21,19,-2,1,2.81,269.76,Delivered
PO-14755,SKU-038,WH-WI1,SUP-006,2014-11-19,2014-12-10,2014-12-10,96,96,21,21,0,1,2.81,269.76,Delivered
PO-14756,SKU-038,WH-WI1,SUP-006,2014-12-11,2015-01-01,2014-12-26,96,96,21,15,-6,1,2.81,269.76,Delivered
PO-14757,SKU-038,WH-WI1,SUP-006,2015-01-03,2015-01-24,2015-01-19,96,96,21,16,-5,1,2.81,269.76,Delivered
PO-14758,SKU-038,WH-WI1,SUP-006,2015-01-26,2015-02-16,2015-02-25,96,96,21,30,9,0,2.81,269.76,Delivered
PO-14759,SKU-038,WH-WI1,SUP-006,2015-02-17,2015-03-10,2015-03-06,96,96,21,17,-4,1,2.81,269.76,Delivered
PO-14760,SKU-038,WH-WI1,SUP-006,2015-03-12,2015-04-02,2015-04-02,96,96,21,21,0,1,2.81,269.76,Delivered
PO-14761,SKU-038,WH-WI1,SUP-006,2015-04-03,2015-04-24,2015-04-24,96,96,21,21,0,1,2.81,269.76,Delivered
PO-14762,SKU-038,WH-WI1,SUP-006,2015-04-27,2015-05-18,2015-05-15,96,96,21,18,-3,1,2.81,269.76,Delivered
PO-14763,SKU-038,WH-WI1,SUP-006,2015-05-18,2015-06-08,2015-06-08,96,96,21,21,0,1,2.81,269.76,Delivered
PO-14764,SKU-038,WH-WI1,SUP-006,2015-06-08,2015-06-29,2015-06-27,96,96,21,19,-2,1,2.81,269.76,Delivered
PO-14765,SKU-038,WH-WI1,SUP-006,2015-06-29,2015-07-20,2015-07-20,96,96,21,21,0,1,2.81,269.76,Delivered
PO-14766,SKU-038,WH-WI1,SUP-006,2015-07-22,2015-08-12,2015-08-08,96,96,21,17,-4,1,2.81,269.76,Delivered
PO-14767,SKU-038,WH-WI1,SUP-006,2015-08-13,2015-09-03,2015-09-03,96,96,21,21,0,1,2.81,269.76,Delivered
PO-14768,SKU-038,WH-WI1,SUP-006,2015-09-04,2015-09-25,2015-10-24,96,96,21,50,29,0,2.81,269.76,Delivered
PO-14769,SKU-038,WH-WI1,SUP-006,2015-09-27,2015-10-18,2015-10-26,96,96,21,29,8,0,2.81,269.76,Delivered
PO-14770,SKU-038,WH-WI1,SUP-006,2015-10-18,2015-11-08,2015-11-09,96,96,21,22,1,0,2.81,269.76,Delivered
PO-14771,SKU-038,WH-WI1,SUP-006,2015-11-10,2015-12-01,2015-12-01,96,96,21,21,0,1,2.81,269.76,Delivered
PO-14772,SKU-038,WH-WI1,SUP-006,2015-12-02,2015-12-23,2015-12-20,96,96,21,18,-3,1,2.81,269.76,Delivered
PO-14773,SKU-038,WH-WI1,SUP-006,2015-12-24,2016-01-14,2016-01-10,96,96,21,17,-4,1,2.81,269.76,Delivered
PO-14774,SKU-038,WH-WI1,SUP-006,2016-01-17,2016-02-07,2016-02-06,96,96,21,20,-1,1,2.81,269.76,Delivered
PO-14775,SKU-038,WH-WI1,SUP-006,2016-02-08,2016-02-29,2016-02-29,96,96,21,21,0,1,2.81,269.76,Delivered
PO-14776,SKU-038,WH-WI1,SUP-006,2016-03-01,2016-03-22,2016-03-19,96,96,21,18,-3,1,2.81,269.76,Delivered
PO-14777,SKU-038,WH-WI1,SUP-006,2016-03-23,2016-04-13,2016-04-12,96,96,21,20,-1,1,2.81,269.76,Delivered
PO-14778,SKU-039,WH-CA1,SUP-007,2014-05-03,2014-05-31,2014-05-30,96,96,28,27,-1,1,0.5,48.0,Delivered
PO-14779,SKU-039,WH-CA1,SUP-007,2014-05-23,2014-06-20,2014-06-20,96,96,28,28,0,1,0.5,48.0,Delivered
PO-14780,SKU-039,WH-CA1,SUP-007,2014-06-11,2014-07-09,2014-07-09,96,96,28,28,0,1,0.5,48.0,Delivered
PO-14781,SKU-039,WH-CA1,SUP-007,2014-06-30,2014-07-28,2014-07-22,96,96,28,22,-6,1,0.5,48.0,Delivered
PO-14782,SKU-039,WH-CA1,SUP-007,2014-07-18,2014-08-15,2014-08-15,96,96,28,28,0,1,0.5,48.0,Delivered
PO-14783,SKU-039,WH-CA1,SUP-007,2014-08-06,2014-09-03,2014-09-03,96,96,28,28,0,1,0.5,48.0,Delivered
PO-14784,SKU-039,WH-CA1,SUP-007,2014-08-25,2014-09-22,2014-09-29,96,96,28,35,7,0,0.5,48.0,Delivered
PO-14785,SKU-039,WH-CA1,SUP-007,2014-09-15,2014-10-13,2014-10-22,96,96,28,37,9,0,0.5,48.0,Delivered
PO-14786,SKU-039,WH-CA1,SUP-007,2014-10-06,2014-11-03,2014-11-02,96,96,28,27,-1,1,0.5,48.0,Delivered
PO-14787,SKU-039,WH-CA1,SUP-007,2014-10-25,2014-11-22,2014-11-22,96,96,28,28,0,1,0.5,48.0,Delivered
PO-14788,SKU-039,WH-CA1,SUP-007,2014-11-14,2014-12-12,2014-12-12,96,96,28,28,0,1,0.5,48.0,Delivered
PO-14789,SKU-039,WH-CA1,SUP-007,2014-12-03,2014-12-31,2014-12-28,96,96,28,25,-3,1,0.5,48.0,Delivered
PO-14790,SKU-039,WH-CA1,SUP-007,2014-12-24,2015-01-21,2015-01-21,96,96,28,28,0,1,0.5,48.0,Delivered
PO-14791,SKU-039,WH-CA1,SUP-007,2015-01-12,2015-02-09,2015-02-16,96,96,28,35,7,0,0.5,48.0,Delivered
PO-14792,SKU-039,WH-CA1,SUP-007,2015-01-30,2015-02-27,2015-02-21,96,96,28,22,-6,1,0.5,48.0,Delivered
PO-14793,SKU-039,WH-CA1,SUP-007,2015-02-18,2015-03-18,2015-03-18,96,96,28,28,0,1,0.5,48.0,Delivered
PO-14794,SKU-039,WH-CA1,SUP-007,2015-03-10,2015-04-07,2015-04-28,96,96,28,49,21,0,0.5,48.0,Delivered
PO-14795,SKU-039,WH-CA1,SUP-007,2015-03-29,2015-04-26,2015-04-26,96,96,28,28,0,1,0.5,48.0,Delivered
PO-14796,SKU-039,WH-CA1,SUP-007,2015-04-17,2015-05-15,2015-05-14,96,96,28,27,-1,1,0.5,48.0,Delivered
PO-14797,SKU-039,WH-CA1,SUP-007,2015-05-08,2015-06-05,2015-05-29,96,96,28,21,-7,1,0.5,48.0,Delivered
PO-14798,SKU-039,WH-CA1,SUP-007,2015-05-26,2015-06-23,2015-06-23,96,96,28,28,0,1,0.5,48.0,Delivered
PO-14799,SKU-039,WH-CA1,SUP-007,2015-06-14,2015-07-12,2015-07-12,96,96,28,28,0,1,0.5,48.0,Delivered
PO-14800,SKU-039,WH-CA1,SUP-007,2015-07-05,2015-08-02,2015-07-25,96,96,28,20,-8,1,0.5,48.0,Delivered
PO-14801,SKU-039,WH-CA1,SUP-007,2015-07-24,2015-08-21,2015-08-30,96,96,28,37,9,0,0.5,48.0,Delivered
PO-14802,SKU-039,WH-CA1,SUP-007,2015-08-12,2015-09-09,2015-09-09,96,96,28,28,0,1,0.5,48.0,Delivered
PO-14803,SKU-039,WH-CA1,SUP-007,2015-08-30,2015-09-27,2015-09-27,96,96,28,28,0,1,0.5,48.0,Delivered
PO-14804,SKU-039,WH-CA1,SUP-007,2015-09-18,2015-10-16,2015-10-13,96,96,28,25,-3,1,0.5,48.0,Delivered
PO-14805,SKU-039,WH-CA1,SUP-007,2015-10-06,2015-11-03,2015-10-31,96,96,28,25,-3,1,0.5,48.0,Delivered
PO-14806,SKU-039,WH-CA1,SUP-007,2015-10-27,2015-11-24,2015-11-22,96,96,28,26,-2,1,0.5,48.0,Delivered
PO-14807,SKU-039,WH-CA1,SUP-007,2015-11-17,2015-12-15,2015-12-12,96,96,28,25,-3,1,0.5,48.0,Delivered
PO-14808,SKU-039,WH-CA1,SUP-007,2015-12-07,2016-01-04,2016-01-03,96,96,28,27,-1,1,0.5,48.0,Delivered
PO-14809,SKU-039,WH-CA1,SUP-007,2015-12-26,2016-01-23,2016-01-23,96,96,28,28,0,1,0.5,48.0,Delivered
PO-14810,SKU-039,WH-CA1,SUP-007,2016-01-16,2016-02-13,2016-02-11,96,96,28,26,-2,1,0.5,48.0,Delivered
PO-14811,SKU-039,WH-CA1,SUP-007,2016-02-03,2016-03-02,2016-03-04,96,96,28,30,2,0,0.5,48.0,Delivered
PO-14812,SKU-039,WH-CA1,SUP-007,2016-02-24,2016-03-23,2016-03-18,96,96,28,23,-5,1,0.5,48.0,Delivered
PO-14813,SKU-039,WH-CA1,SUP-007,2016-03-14,2016-04-11,2016-04-11,96,96,28,28,0,1,0.5,48.0,Delivered
PO-14814,SKU-039,WH-CA1,SUP-007,2016-04-01,2016-04-29,2016-04-28,96,0,28,27,-1,1,0.5,48.0,In-Transit
PO-14815,SKU-039,WH-TX1,SUP-007,2014-04-28,2014-05-26,2014-05-25,96,96,28,27,-1,1,0.5,48.0,Delivered
PO-14816,SKU-039,WH-TX1,SUP-007,2014-05-14,2014-06-11,2014-06-11,96,96,28,28,0,1,0.5,48.0,Delivered
PO-14817,SKU-039,WH-TX1,SUP-007,2014-05-29,2014-06-26,2014-06-20,96,96,28,22,-6,1,0.5,48.0,Delivered
PO-14818,SKU-039,WH-TX1,SUP-007,2014-06-15,2014-07-13,2014-07-13,96,96,28,28,0,1,0.5,48.0,Delivered
PO-14819,SKU-039,WH-TX1,SUP-007,2014-07-02,2014-07-30,2014-08-01,96,96,28,30,2,0,0.5,48.0,Delivered
PO-14820,SKU-039,WH-TX1,SUP-007,2014-07-18,2014-08-15,2014-08-15,96,96,28,28,0,1,0.5,48.0,Delivered
PO-14821,SKU-039,WH-TX1,SUP-007,2014-08-04,2014-09-01,2014-08-31,96,96,28,27,-1,1,0.5,48.0,Delivered
PO-14822,SKU-039,WH-TX1,SUP-007,2014-08-20,2014-09-17,2014-09-17,96,96,28,28,0,1,0.5,48.0,Delivered
PO-14823,SKU-039,WH-TX1,SUP-007,2014-09-05,2014-10-03,2014-10-03,96,96,28,28,0,1,0.5,48.0,Delivered
PO-14824,SKU-039,WH-TX1,SUP-007,2014-09-22,2014-10-20,2014-10-17,96,96,28,25,-3,1,0.5,48.0,Delivered
PO-14825,SKU-039,WH-TX1,SUP-007,2014-10-08,2014-11-05,2014-11-05,96,96,28,28,0,1,0.5,48.0,Delivered
PO-14826,SKU-039,WH-TX1,SUP-007,2014-10-26,2014-11-23,2014-11-23,96,96,28,28,0,1,0.5,48.0,Delivered
PO-14827,SKU-039,WH-TX1,SUP-007,2014-11-12,2014-12-10,2014-12-17,96,96,28,35,7,0,0.5,48.0,Delivered
PO-14828,SKU-039,WH-TX1,SUP-007,2014-11-30,2014-12-28,2014-12-28,96,96,28,28,0,1,0.5,48.0,Delivered
PO-14829,SKU-039,WH-TX1,SUP-007,2014-12-15,2015-01-12,2015-01-12,96,96,28,28,0,1,0.5,48.0,Delivered
PO-14830,SKU-039,WH-TX1,SUP-007,2014-12-31,2015-01-28,2015-02-01,96,96,28,32,4,0,0.5,48.0,Delivered
PO-14831,SKU-039,WH-TX1,SUP-007,2015-01-17,2015-02-14,2015-02-14,96,96,28,28,0,1,0.5,48.0,Delivered
PO-14832,SKU-039,WH-TX1,SUP-007,2015-02-03,2015-03-03,2015-03-03,96,96,28,28,0,1,0.5,48.0,Delivered
PO-14833,SKU-039,WH-TX1,SUP-007,2015-02-21,2015-03-21,2015-03-21,96,96,28,28,0,1,0.5,48.0,Delivered
PO-14834,SKU-039,WH-TX1,SUP-007,2015-03-09,2015-04-06,2015-04-06,96,96,28,28,0,1,0.5,48.0,Delivered
PO-14835,SKU-039,WH-TX1,SUP-007,2015-03-24,2015-04-21,2015-04-21,96,96,28,28,0,1,0.5,48.0,Delivered
PO-14836,SKU-039,WH-TX1,SUP-007,2015-04-09,2015-05-07,2015-05-04,96,96,28,25,-3,1,0.5,48.0,Delivered
PO-14837,SKU-039,WH-TX1,SUP-007,2015-04-25,2015-05-23,2015-05-23,96,96,28,28,0,1,0.5,48.0,Delivered
PO-14838,SKU-039,WH-TX1,SUP-007,2015-05-10,2015-06-07,2015-06-07,96,96,28,28,0,1,0.5,48.0,Delivered
PO-14839,SKU-039,WH-TX1,SUP-007,2015-05-28,2015-06-25,2015-06-20,96,96,28,23,-5,1,0.5,48.0,Delivered
PO-14840,SKU-039,WH-TX1,SUP-007,2015-06-15,2015-07-13,2015-07-20,96,96,28,35,7,0,0.5,48.0,Delivered
PO-14841,SKU-039,WH-TX1,SUP-007,2015-07-02,2015-07-30,2015-07-30,96,96,28,28,0,1,0.5,48.0,Delivered
PO-14842,SKU-039,WH-TX1,SUP-007,2015-07-18,2015-08-15,2015-08-14,96,96,28,27,-1,1,0.5,48.0,Delivered
PO-14843,SKU-039,WH-TX1,SUP-007,2015-08-04,2015-09-01,2015-09-01,96,96,28,28,0,1,0.5,48.0,Delivered
PO-14844,SKU-039,WH-TX1,SUP-007,2015-08-20,2015-09-17,2015-09-23,96,96,28,34,6,0,0.5,48.0,Delivered
PO-14845,SKU-039,WH-TX1,SUP-007,2015-09-06,2015-10-04,2015-10-04,96,96,28,28,0,1,0.5,48.0,Delivered
PO-14846,SKU-039,WH-TX1,SUP-007,2015-09-22,2015-10-20,2015-10-13,96,96,28,21,-7,1,0.5,48.0,Delivered
PO-14847,SKU-039,WH-TX1,SUP-007,2015-10-07,2015-11-04,2015-11-05,96,96,28,29,1,0,0.5,48.0,Delivered
PO-14848,SKU-039,WH-TX1,SUP-007,2015-10-25,2015-11-22,2015-11-22,96,96,28,28,0,1,0.5,48.0,Delivered
PO-14849,SKU-039,WH-TX1,SUP-007,2015-11-11,2015-12-09,2015-12-11,96,96,28,30,2,0,0.5,48.0,Delivered
PO-14850,SKU-039,WH-TX1,SUP-007,2015-11-27,2015-12-25,2015-12-25,96,96,28,28,0,1,0.5,48.0,Delivered
PO-14851,SKU-039,WH-TX1,SUP-007,2015-12-14,2016-01-11,2016-01-11,96,96,28,28,0,1,0.5,48.0,Delivered
PO-14852,SKU-039,WH-TX1,SUP-007,2016-01-01,2016-01-29,2016-01-28,96,96,28,27,-1,1,0.5,48.0,Delivered
PO-14853,SKU-039,WH-TX1,SUP-007,2016-01-17,2016-02-14,2016-02-14,96,96,28,28,0,1,0.5,48.0,Delivered
PO-14854,SKU-039,WH-TX1,SUP-007,2016-02-01,2016-02-29,2016-02-29,96,96,28,28,0,1,0.5,48.0,Delivered
PO-14855,SKU-039,WH-TX1,SUP-007,2016-02-16,2016-03-15,2016-03-14,96,96,28,27,-1,1,0.5,48.0,Delivered
PO-14856,SKU-039,WH-TX1,SUP-007,2016-03-02,2016-03-30,2016-03-30,96,96,28,28,0,1,0.5,48.0,Delivered
PO-14857,SKU-039,WH-TX1,SUP-007,2016-03-20,2016-04-17,2016-05-08,96,0,28,49,21,0,0.5,48.0,In-Transit
PO-14858,SKU-039,WH-TX1,SUP-007,2016-04-04,2016-05-02,2016-04-26,96,0,28,22,-6,1,0.5,48.0,In-Transit
PO-14859,SKU-039,WH-WI1,SUP-007,2014-04-27,2014-05-25,2014-05-22,96,96,28,25,-3,1,0.5,48.0,Delivered
PO-14860,SKU-039,WH-WI1,SUP-007,2014-05-20,2014-06-17,2014-06-14,96,96,28,25,-3,1,0.5,48.0,Delivered
PO-14861,SKU-039,WH-WI1,SUP-007,2014-06-12,2014-07-10,2014-07-10,96,96,28,28,0,1,0.5,48.0,Delivered
PO-14862,SKU-039,WH-WI1,SUP-007,2014-07-05,2014-08-02,2014-08-02,96,96,28,28,0,1,0.5,48.0,Delivered
PO-14863,SKU-039,WH-WI1,SUP-007,2014-07-26,2014-08-23,2014-08-23,96,96,28,28,0,1,0.5,48.0,Delivered
PO-14864,SKU-039,WH-WI1,SUP-007,2014-08-18,2014-09-15,2014-09-14,96,96,28,27,-1,1,0.5,48.0,Delivered
PO-14865,SKU-039,WH-WI1,SUP-007,2014-09-08,2014-10-06,2014-10-06,96,96,28,28,0,1,0.5,48.0,Delivered
PO-14866,SKU-039,WH-WI1,SUP-007,2014-09-28,2014-10-26,2014-10-26,96,96,28,28,0,1,0.5,48.0,Delivered
PO-14867,SKU-039,WH-WI1,SUP-007,2014-10-18,2014-11-15,2014-11-14,96,96,28,27,-1,1,0.5,48.0,Delivered
PO-14868,SKU-039,WH-WI1,SUP-007,2014-11-09,2014-12-07,2014-11-30,96,96,28,21,-7,1,0.5,48.0,Delivered
PO-14869,SKU-039,WH-WI1,SUP-007,2014-11-29,2014-12-27,2014-12-24,96,96,28,25,-3,1,0.5,48.0,Delivered
PO-14870,SKU-039,WH-WI1,SUP-007,2014-12-22,2015-01-19,2015-02-10,96,96,28,50,22,0,0.5,48.0,Delivered
PO-14871,SKU-039,WH-WI1,SUP-007,2015-01-14,2015-02-11,2015-02-07,96,96,28,24,-4,1,0.5,48.0,Delivered
PO-14872,SKU-039,WH-WI1,SUP-007,2015-02-04,2015-03-04,2015-03-04,96,96,28,28,0,1,0.5,48.0,Delivered
PO-14873,SKU-039,WH-WI1,SUP-007,2015-02-25,2015-03-25,2015-03-25,96,96,28,28,0,1,0.5,48.0,Delivered
PO-14874,SKU-039,WH-WI1,SUP-007,2015-03-18,2015-04-15,2015-04-14,96,96,28,27,-1,1,0.5,48.0,Delivered
PO-14875,SKU-039,WH-WI1,SUP-007,2015-04-10,2015-05-08,2015-05-08,96,96,28,28,0,1,0.5,48.0,Delivered
PO-14876,SKU-039,WH-WI1,SUP-007,2015-05-02,2015-05-30,2015-06-23,96,96,28,52,24,0,0.5,48.0,Delivered
PO-14877,SKU-039,WH-WI1,SUP-007,2015-05-22,2015-06-19,2015-06-09,96,96,28,18,-10,1,0.5,48.0,Delivered
PO-14878,SKU-039,WH-WI1,SUP-007,2015-06-13,2015-07-11,2015-07-13,96,96,28,30,2,0,0.5,48.0,Delivered
PO-14879,SKU-039,WH-WI1,SUP-007,2015-07-04,2015-08-01,2015-07-29,96,96,28,25,-3,1,0.5,48.0,Delivered
PO-14880,SKU-039,WH-WI1,SUP-007,2015-07-27,2015-08-24,2015-08-31,96,96,28,35,7,0,0.5,48.0,Delivered
PO-14881,SKU-039,WH-WI1,SUP-007,2015-08-16,2015-09-13,2015-09-09,96,96,28,24,-4,1,0.5,48.0,Delivered
PO-14882,SKU-039,WH-WI1,SUP-007,2015-09-08,2015-10-06,2015-10-14,96,96,28,36,8,0,0.5,48.0,Delivered
PO-14883,SKU-039,WH-WI1,SUP-007,2015-09-29,2015-10-27,2015-10-27,96,96,28,28,0,1,0.5,48.0,Delivered
PO-14884,SKU-039,WH-WI1,SUP-007,2015-10-20,2015-11-17,2015-11-16,96,96,28,27,-1,1,0.5,48.0,Delivered
PO-14885,SKU-039,WH-WI1,SUP-007,2015-11-10,2015-12-08,2015-12-07,96,96,28,27,-1,1,0.5,48.0,Delivered
PO-14886,SKU-039,WH-WI1,SUP-007,2015-12-01,2015-12-29,2015-12-23,96,96,28,22,-6,1,0.5,48.0,Delivered
PO-14887,SKU-039,WH-WI1,SUP-007,2015-12-22,2016-01-19,2016-01-26,96,96,28,35,7,0,0.5,48.0,Delivered
PO-14888,SKU-039,WH-WI1,SUP-007,2016-01-14,2016-02-11,2016-02-11,96,96,28,28,0,1,0.5,48.0,Delivered
PO-14889,SKU-039,WH-WI1,SUP-007,2016-02-05,2016-03-04,2016-03-04,96,96,28,28,0,1,0.5,48.0,Delivered
PO-14890,SKU-039,WH-WI1,SUP-007,2016-02-28,2016-03-27,2016-03-31,96,96,28,32,4,0,0.5,48.0,Delivered
PO-14891,SKU-039,WH-WI1,SUP-007,2016-03-20,2016-04-17,2016-04-17,96,96,28,28,0,1,0.5,48.0,Delivered
PO-14892,SKU-039,WH-WI1,SUP-007,2016-04-10,2016-05-08,2016-05-02,96,0,28,22,-6,1,0.5,48.0,In-Transit
PO-14893,SKU-040,WH-CA1,SUP-006,2014-04-29,2014-05-20,2014-05-29,120,120,21,30,9,0,0.5,60.0,Delivered
PO-14894,SKU-040,WH-CA1,SUP-006,2014-05-20,2014-06-10,2014-06-09,120,120,21,20,-1,1,0.5,60.0,Delivered
PO-14895,SKU-040,WH-CA1,SUP-006,2014-06-08,2014-06-29,2014-07-07,120,120,21,29,8,0,0.5,60.0,Delivered
PO-14896,SKU-040,WH-CA1,SUP-006,2014-06-30,2014-07-21,2014-07-20,120,120,21,20,-1,1,0.5,60.0,Delivered
PO-14897,SKU-040,WH-CA1,SUP-006,2014-07-21,2014-08-11,2014-08-11,120,120,21,21,0,1,0.5,60.0,Delivered
PO-14898,SKU-040,WH-CA1,SUP-006,2014-08-11,2014-09-01,2014-09-01,120,120,21,21,0,1,0.5,60.0,Delivered
PO-14899,SKU-040,WH-CA1,SUP-006,2014-09-01,2014-09-22,2014-09-22,120,120,21,21,0,1,0.5,60.0,Delivered
PO-14900,SKU-040,WH-CA1,SUP-006,2014-09-23,2014-10-14,2014-10-07,120,120,21,14,-7,1,0.5,60.0,Delivered
PO-14901,SKU-040,WH-CA1,SUP-006,2014-10-13,2014-11-03,2014-11-03,120,120,21,21,0,1,0.5,60.0,Delivered
PO-14902,SKU-040,WH-CA1,SUP-006,2014-11-01,2014-11-22,2014-11-21,120,120,21,20,-1,1,0.5,60.0,Delivered
PO-14903,SKU-040,WH-CA1,SUP-006,2014-11-21,2014-12-12,2014-12-12,120,120,21,21,0,1,0.5,60.0,Delivered
PO-14904,SKU-040,WH-CA1,SUP-006,2014-12-10,2014-12-31,2015-01-02,120,120,21,23,2,0,0.5,60.0,Delivered
PO-14905,SKU-040,WH-CA1,SUP-006,2015-01-01,2015-01-22,2015-01-21,120,120,21,20,-1,1,0.5,60.0,Delivered
PO-14906,SKU-040,WH-CA1,SUP-006,2015-01-20,2015-02-10,2015-02-10,120,120,21,21,0,1,0.5,60.0,Delivered
PO-14907,SKU-040,WH-CA1,SUP-006,2015-02-09,2015-03-02,2015-02-27,120,120,21,18,-3,1,0.5,60.0,Delivered
PO-14908,SKU-040,WH-CA1,SUP-006,2015-03-03,2015-03-24,2015-03-24,120,120,21,21,0,1,0.5,60.0,Delivered
PO-14909,SKU-040,WH-CA1,SUP-006,2015-03-24,2015-04-14,2015-04-10,120,120,21,17,-4,1,0.5,60.0,Delivered
PO-14910,SKU-040,WH-CA1,SUP-006,2015-04-13,2015-05-04,2015-05-04,120,120,21,21,0,1,0.5,60.0,Delivered
PO-14911,SKU-040,WH-CA1,SUP-006,2015-05-03,2015-05-24,2015-05-24,120,120,21,21,0,1,0.5,60.0,Delivered
PO-14912,SKU-040,WH-CA1,SUP-006,2015-05-22,2015-06-12,2015-06-12,120,120,21,21,0,1,0.5,60.0,Delivered
PO-14913,SKU-040,WH-CA1,SUP-006,2015-06-11,2015-07-02,2015-07-01,120,120,21,20,-1,1,0.5,60.0,Delivered
PO-14914,SKU-040,WH-CA1,SUP-006,2015-07-02,2015-07-23,2015-07-30,120,120,21,28,7,0,0.5,60.0,Delivered
PO-14915,SKU-040,WH-CA1,SUP-006,2015-07-21,2015-08-11,2015-08-11,120,120,21,21,0,1,0.5,60.0,Delivered
PO-14916,SKU-040,WH-CA1,SUP-006,2015-08-12,2015-09-02,2015-08-30,120,120,21,18,-3,1,0.5,60.0,Delivered
PO-14917,SKU-040,WH-CA1,SUP-006,2015-09-01,2015-09-22,2015-09-22,120,120,21,21,0,1,0.5,60.0,Delivered
PO-14918,SKU-040,WH-CA1,SUP-006,2015-09-23,2015-10-14,2015-10-13,120,120,21,20,-1,1,0.5,60.0,Delivered
PO-14919,SKU-040,WH-CA1,SUP-006,2015-10-13,2015-11-03,2015-11-03,120,120,21,21,0,1,0.5,60.0,Delivered
PO-14920,SKU-040,WH-CA1,SUP-006,2015-11-01,2015-11-22,2015-11-22,120,120,21,21,0,1,0.5,60.0,Delivered
PO-14921,SKU-040,WH-CA1,SUP-006,2015-11-23,2015-12-14,2015-12-12,120,120,21,19,-2,1,0.5,60.0,Delivered
PO-14922,SKU-040,WH-CA1,SUP-006,2015-12-12,2016-01-02,2015-12-30,120,120,21,18,-3,1,0.5,60.0,Delivered
PO-14923,SKU-040,WH-CA1,SUP-006,2016-01-03,2016-01-24,2016-01-22,120,120,21,19,-2,1,0.5,60.0,Delivered
PO-14924,SKU-040,WH-CA1,SUP-006,2016-01-23,2016-02-13,2016-02-13,120,120,21,21,0,1,0.5,60.0,Delivered
PO-14925,SKU-040,WH-CA1,SUP-006,2016-02-12,2016-03-04,2016-03-04,120,120,21,21,0,1,0.5,60.0,Delivered
PO-14926,SKU-040,WH-CA1,SUP-006,2016-03-03,2016-03-24,2016-03-20,120,120,21,17,-4,1,0.5,60.0,Delivered
PO-14927,SKU-040,WH-CA1,SUP-006,2016-03-24,2016-04-14,2016-04-11,120,120,21,18,-3,1,0.5,60.0,Delivered
PO-14928,SKU-040,WH-TX1,SUP-006,2014-04-30,2014-05-21,2014-05-21,96,96,21,21,0,1,0.5,48.0,Delivered
PO-14929,SKU-040,WH-TX1,SUP-006,2014-05-12,2014-06-02,2014-06-02,96,96,21,21,0,1,0.5,48.0,Delivered
PO-14930,SKU-040,WH-TX1,SUP-006,2014-05-24,2014-06-14,2014-06-14,96,96,21,21,0,1,0.5,48.0,Delivered
PO-14931,SKU-040,WH-TX1,SUP-006,2014-06-06,2014-06-27,2014-06-26,96,96,21,20,-1,1,0.5,48.0,Delivered
PO-14932,SKU-040,WH-TX1,SUP-006,2014-06-21,2014-07-12,2014-08-05,96,96,21,45,24,0,0.5,48.0,Delivered
PO-14933,SKU-040,WH-TX1,SUP-006,2014-07-05,2014-07-26,2014-07-28,96,96,21,23,2,0,0.5,48.0,Delivered
PO-14934,SKU-040,WH-TX1,SUP-006,2014-07-17,2014-08-07,2014-08-07,96,96,21,21,0,1,0.5,48.0,Delivered
PO-14935,SKU-040,WH-TX1,SUP-006,2014-07-29,2014-08-19,2014-08-19,96,96,21,21,0,1,0.5,48.0,Delivered
PO-14936,SKU-040,WH-TX1,SUP-006,2014-08-12,2014-09-02,2014-09-10,96,96,21,29,8,0,0.5,48.0,Delivered
PO-14937,SKU-040,WH-TX1,SUP-006,2014-08-27,2014-09-17,2014-09-17,96,96,21,21,0,1,0.5,48.0,Delivered
PO-14938,SKU-040,WH-TX1,SUP-006,2014-09-09,2014-09-30,2014-09-24,96,96,21,15,-6,1,0.5,48.0,Delivered
PO-14939,SKU-040,WH-TX1,SUP-006,2014-09-23,2014-10-14,2014-10-12,96,96,21,19,-2,1,0.5,48.0,Delivered
PO-14940,SKU-040,WH-TX1,SUP-006,2014-10-06,2014-10-27,2014-10-27,96,96,21,21,0,1,0.5,48.0,Delivered
PO-14941,SKU-040,WH-TX1,SUP-006,2014-10-18,2014-11-08,2014-11-08,96,96,21,21,0,1,0.5,48.0,Delivered
PO-14942,SKU-040,WH-TX1,SUP-006,2014-11-02,2014-11-23,2014-11-23,96,96,21,21,0,1,0.5,48.0,Delivered
PO-14943,SKU-040,WH-TX1,SUP-006,2014-11-15,2014-12-06,2014-12-05,96,96,21,20,-1,1,0.5,48.0,Delivered
PO-14944,SKU-040,WH-TX1,SUP-006,2014-11-28,2014-12-19,2014-12-19,96,96,21,21,0,1,0.5,48.0,Delivered
PO-14945,SKU-040,WH-TX1,SUP-006,2014-12-11,2015-01-01,2015-01-01,96,96,21,21,0,1,0.5,48.0,Delivered
PO-14946,SKU-040,WH-TX1,SUP-006,2014-12-24,2015-01-14,2015-01-11,96,96,21,18,-3,1,0.5,48.0,Delivered
PO-14947,SKU-040,WH-TX1,SUP-006,2015-01-05,2015-01-26,2015-01-25,96,96,21,20,-1,1,0.5,48.0,Delivered
PO-14948,SKU-040,WH-TX1,SUP-006,2015-01-18,2015-02-08,2015-02-08,96,96,21,21,0,1,0.5,48.0,Delivered
PO-14949,SKU-040,WH-TX1,SUP-006,2015-01-31,2015-02-21,2015-02-21,96,96,21,21,0,1,0.5,48.0,Delivered
PO-14950,SKU-040,WH-TX1,SUP-006,2015-02-15,2015-03-08,2015-03-03,96,96,21,16,-5,1,0.5,48.0,Delivered
PO-14951,SKU-040,WH-TX1,SUP-006,2015-02-28,2015-03-21,2015-03-21,96,96,21,21,0,1,0.5,48.0,Delivered
PO-14952,SKU-040,WH-TX1,SUP-006,2015-03-13,2015-04-03,2015-04-03,96,96,21,21,0,1,0.5,48.0,Delivered
PO-14953,SKU-040,WH-TX1,SUP-006,2015-03-27,2015-04-17,2015-04-17,96,96,21,21,0,1,0.5,48.0,Delivered
PO-14954,SKU-040,WH-TX1,SUP-006,2015-04-08,2015-04-29,2015-04-25,96,96,21,17,-4,1,0.5,48.0,Delivered
PO-14955,SKU-040,WH-TX1,SUP-006,2015-04-21,2015-05-12,2015-05-12,96,96,21,21,0,1,0.5,48.0,Delivered
PO-14956,SKU-040,WH-TX1,SUP-006,2015-05-05,2015-05-26,2015-05-26,96,96,21,21,0,1,0.5,48.0,Delivered
PO-14957,SKU-040,WH-TX1,SUP-006,2015-05-18,2015-06-08,2015-06-07,96,96,21,20,-1,1,0.5,48.0,Delivered
PO-14958,SKU-040,WH-TX1,SUP-006,2015-05-30,2015-06-20,2015-06-20,96,96,21,21,0,1,0.5,48.0,Delivered
PO-14959,SKU-040,WH-TX1,SUP-006,2015-06-14,2015-07-05,2015-07-05,96,96,21,21,0,1,0.5,48.0,Delivered
PO-14960,SKU-040,WH-TX1,SUP-006,2015-06-28,2015-07-19,2015-07-19,96,96,21,21,0,1,0.5,48.0,Delivered
PO-14961,SKU-040,WH-TX1,SUP-006,2015-07-11,2015-08-01,2015-08-08,96,96,21,28,7,0,0.5,48.0,Delivered
PO-14962,SKU-040,WH-TX1,SUP-006,2015-07-25,2015-08-15,2015-08-12,96,96,21,18,-3,1,0.5,48.0,Delivered
PO-14963,SKU-040,WH-TX1,SUP-006,2015-08-07,2015-08-28,2015-08-28,96,96,21,21,0,1,0.5,48.0,Delivered
PO-14964,SKU-040,WH-TX1,SUP-006,2015-08-20,2015-09-10,2015-09-10,96,96,21,21,0,1,0.5,48.0,Delivered
PO-14965,SKU-040,WH-TX1,SUP-006,2015-09-02,2015-09-23,2015-09-19,96,96,21,17,-4,1,0.5,48.0,Delivered
PO-14966,SKU-040,WH-TX1,SUP-006,2015-09-15,2015-10-06,2015-10-04,96,96,21,19,-2,1,0.5,48.0,Delivered
PO-14967,SKU-040,WH-TX1,SUP-006,2015-09-28,2015-10-19,2015-10-19,96,96,21,21,0,1,0.5,48.0,Delivered
PO-14968,SKU-040,WH-TX1,SUP-006,2015-10-12,2015-11-02,2015-10-31,96,96,21,19,-2,1,0.5,48.0,Delivered
PO-14969,SKU-040,WH-TX1,SUP-006,2015-10-25,2015-11-15,2015-11-15,96,96,21,21,0,1,0.5,48.0,Delivered
PO-14970,SKU-040,WH-TX1,SUP-006,2015-11-06,2015-11-27,2015-11-27,96,96,21,21,0,1,0.5,48.0,Delivered
PO-14971,SKU-040,WH-TX1,SUP-006,2015-11-21,2015-12-12,2015-12-12,96,96,21,21,0,1,0.5,48.0,Delivered
PO-14972,SKU-040,WH-TX1,SUP-006,2015-12-06,2015-12-27,2015-12-27,96,96,21,21,0,1,0.5,48.0,Delivered
PO-14973,SKU-040,WH-TX1,SUP-006,2015-12-19,2016-01-09,2016-01-09,96,96,21,21,0,1,0.5,48.0,Delivered
PO-14974,SKU-040,WH-TX1,SUP-006,2015-12-31,2016-01-21,2016-01-21,96,96,21,21,0,1,0.5,48.0,Delivered
PO-14975,SKU-040,WH-TX1,SUP-006,2016-01-13,2016-02-03,2016-02-01,96,96,21,19,-2,1,0.5,48.0,Delivered
PO-14976,SKU-040,WH-TX1,SUP-006,2016-01-26,2016-02-16,2016-02-14,96,96,21,19,-2,1,0.5,48.0,Delivered
PO-14977,SKU-040,WH-TX1,SUP-006,2016-02-08,2016-02-29,2016-02-29,96,96,21,21,0,1,0.5,48.0,Delivered
PO-14978,SKU-040,WH-TX1,SUP-006,2016-02-21,2016-03-13,2016-03-12,96,96,21,20,-1,1,0.5,48.0,Delivered
PO-14979,SKU-040,WH-TX1,SUP-006,2016-03-04,2016-03-25,2016-03-25,96,96,21,21,0,1,0.5,48.0,Delivered
PO-14980,SKU-040,WH-TX1,SUP-006,2016-03-17,2016-04-07,2016-04-07,96,96,21,21,0,1,0.5,48.0,Delivered
PO-14981,SKU-040,WH-TX1,SUP-006,2016-03-29,2016-04-19,2016-04-18,96,96,21,20,-1,1,0.5,48.0,Delivered
PO-14982,SKU-040,WH-WI1,SUP-006,2014-05-05,2014-05-26,2014-05-22,120,120,21,17,-4,1,0.5,60.0,Delivered
PO-14983,SKU-040,WH-WI1,SUP-006,2014-05-23,2014-06-13,2014-06-11,120,120,21,19,-2,1,0.5,60.0,Delivered
PO-14984,SKU-040,WH-WI1,SUP-006,2014-06-11,2014-07-02,2014-07-02,120,120,21,21,0,1,0.5,60.0,Delivered
PO-14985,SKU-040,WH-WI1,SUP-006,2014-06-30,2014-07-21,2014-07-20,120,120,21,20,-1,1,0.5,60.0,Delivered
PO-14986,SKU-040,WH-WI1,SUP-006,2014-07-20,2014-08-10,2014-08-08,120,120,21,19,-2,1,0.5,60.0,Delivered
PO-14987,SKU-040,WH-WI1,SUP-006,2014-08-08,2014-08-29,2014-08-26,120,120,21,18,-3,1,0.5,60.0,Delivered
PO-14988,SKU-040,WH-WI1,SUP-006,2014-08-27,2014-09-17,2014-09-17,120,120,21,21,0,1,0.5,60.0,Delivered
PO-14989,SKU-040,WH-WI1,SUP-006,2014-09-16,2014-10-07,2014-10-07,120,120,21,21,0,1,0.5,60.0,Delivered
PO-14990,SKU-040,WH-WI1,SUP-006,2014-10-07,2014-10-28,2014-10-28,120,120,21,21,0,1,0.5,60.0,Delivered
PO-14991,SKU-040,WH-WI1,SUP-006,2014-10-27,2014-11-17,2014-11-17,120,120,21,21,0,1,0.5,60.0,Delivered
PO-14992,SKU-040,WH-WI1,SUP-006,2014-11-14,2014-12-05,2014-12-05,120,120,21,21,0,1,0.5,60.0,Delivered
PO-14993,SKU-040,WH-WI1,SUP-006,2014-12-03,2014-12-24,2014-12-24,120,120,21,21,0,1,0.5,60.0,Delivered
PO-14994,SKU-040,WH-WI1,SUP-006,2014-12-22,2015-01-12,2015-01-12,120,120,21,21,0,1,0.5,60.0,Delivered
PO-14995,SKU-040,WH-WI1,SUP-006,2015-01-10,2015-01-31,2015-01-31,120,120,21,21,0,1,0.5,60.0,Delivered
PO-14996,SKU-040,WH-WI1,SUP-006,2015-01-29,2015-02-19,2015-02-15,120,120,21,17,-4,1,0.5,60.0,Delivered
PO-14997,SKU-040,WH-WI1,SUP-006,2015-02-18,2015-03-11,2015-03-11,120,120,21,21,0,1,0.5,60.0,Delivered
PO-14998,SKU-040,WH-WI1,SUP-006,2015-03-08,2015-03-29,2015-03-29,120,120,21,21,0,1,0.5,60.0,Delivered
PO-14999,SKU-040,WH-WI1,SUP-006,2015-03-28,2015-04-18,2015-04-18,120,120,21,21,0,1,0.5,60.0,Delivered
PO-15000,SKU-040,WH-WI1,SUP-006,2015-04-18,2015-05-09,2015-05-07,120,120,21,19,-2,1,0.5,60.0,Delivered
PO-15001,SKU-040,WH-WI1,SUP-006,2015-05-06,2015-05-27,2015-05-27,120,120,21,21,0,1,0.5,60.0,Delivered
PO-15002,SKU-040,WH-WI1,SUP-006,2015-05-24,2015-06-14,2015-07-06,120,120,21,43,22,0,0.5,60.0,Delivered
PO-15003,SKU-040,WH-WI1,SUP-006,2015-06-12,2015-07-03,2015-07-03,120,120,21,21,0,1,0.5,60.0,Delivered
PO-15004,SKU-040,WH-WI1,SUP-006,2015-07-02,2015-07-23,2015-07-23,120,120,21,21,0,1,0.5,60.0,Delivered
PO-15005,SKU-040,WH-WI1,SUP-006,2015-07-22,2015-08-12,2015-08-12,120,120,21,21,0,1,0.5,60.0,Delivered
PO-15006,SKU-040,WH-WI1,SUP-006,2015-08-12,2015-09-02,2015-09-02,120,120,21,21,0,1,0.5,60.0,Delivered
PO-15007,SKU-040,WH-WI1,SUP-006,2015-09-01,2015-09-22,2015-09-25,120,120,21,24,3,0,0.5,60.0,Delivered
PO-15008,SKU-040,WH-WI1,SUP-006,2015-09-20,2015-10-11,2015-10-11,120,120,21,21,0,1,0.5,60.0,Delivered
PO-15009,SKU-040,WH-WI1,SUP-006,2015-10-08,2015-10-29,2015-11-08,120,120,21,31,10,0,0.5,60.0,Delivered
PO-15010,SKU-040,WH-WI1,SUP-006,2015-10-29,2015-11-19,2015-11-19,120,120,21,21,0,1,0.5,60.0,Delivered
PO-15011,SKU-040,WH-WI1,SUP-006,2015-11-17,2015-12-08,2015-12-08,120,120,21,21,0,1,0.5,60.0,Delivered
PO-15012,SKU-040,WH-WI1,SUP-006,2015-12-08,2015-12-29,2015-12-29,120,120,21,21,0,1,0.5,60.0,Delivered
PO-15013,SKU-040,WH-WI1,SUP-006,2015-12-29,2016-01-19,2016-01-15,120,120,21,17,-4,1,0.5,60.0,Delivered
PO-15014,SKU-040,WH-WI1,SUP-006,2016-01-19,2016-02-09,2016-02-05,120,120,21,17,-4,1,0.5,60.0,Delivered
PO-15015,SKU-040,WH-WI1,SUP-006,2016-02-07,2016-02-28,2016-02-28,120,120,21,21,0,1,0.5,60.0,Delivered
PO-15016,SKU-040,WH-WI1,SUP-006,2016-02-27,2016-03-19,2016-03-19,120,120,21,21,0,1,0.5,60.0,Delivered
PO-15017,SKU-040,WH-WI1,SUP-006,2016-03-18,2016-04-08,2016-04-08,120,120,21,21,0,1,0.5,60.0,Delivered
PO-15018,SKU-040,WH-WI1,SUP-006,2016-04-08,2016-04-29,2016-04-29,120,0,21,21,0,1,0.5,60.0,In-Transit
PO-15019,SKU-041,WH-CA1,SUP-007,2014-05-01,2014-05-29,2014-05-29,96,96,28,28,0,1,2.71,260.16,Delivered
PO-15020,SKU-041,WH-CA1,SUP-007,2014-05-17,2014-06-14,2014-06-12,96,96,28,26,-2,1,2.71,260.16,Delivered
PO-15021,SKU-041,WH-CA1,SUP-007,2014-06-02,2014-06-30,2014-06-30,96,96,28,28,0,1,2.71,260.16,Delivered
PO-15022,SKU-041,WH-CA1,SUP-007,2014-06-20,2014-07-18,2014-07-18,96,96,28,28,0,1,2.71,260.16,Delivered
PO-15023,SKU-041,WH-CA1,SUP-007,2014-07-08,2014-08-05,2014-08-04,96,96,28,27,-1,1,2.71,260.16,Delivered
PO-15024,SKU-041,WH-CA1,SUP-007,2014-07-25,2014-08-22,2014-08-22,96,96,28,28,0,1,2.71,260.16,Delivered
PO-15025,SKU-041,WH-CA1,SUP-007,2014-08-10,2014-09-07,2014-09-06,96,96,28,27,-1,1,2.71,260.16,Delivered
PO-15026,SKU-041,WH-CA1,SUP-007,2014-08-25,2014-09-22,2014-09-22,96,96,28,28,0,1,2.71,260.16,Delivered
PO-15027,SKU-041,WH-CA1,SUP-007,2014-09-10,2014-10-08,2014-10-09,96,96,28,29,1,0,2.71,260.16,Delivered
PO-15028,SKU-041,WH-CA1,SUP-007,2014-09-26,2014-10-24,2014-11-04,96,96,28,39,11,0,2.71,260.16,Delivered
PO-15029,SKU-041,WH-CA1,SUP-007,2014-10-12,2014-11-09,2014-11-16,96,96,28,35,7,0,2.71,260.16,Delivered
PO-15030,SKU-041,WH-CA1,SUP-007,2014-10-28,2014-11-25,2014-12-24,96,96,28,57,29,0,2.71,260.16,Delivered
PO-15031,SKU-041,WH-CA1,SUP-007,2014-11-13,2014-12-11,2014-12-11,96,96,28,28,0,1,2.71,260.16,Delivered
PO-15032,SKU-041,WH-CA1,SUP-007,2014-12-01,2014-12-29,2015-01-06,96,96,28,36,8,0,2.71,260.16,Delivered
PO-15033,SKU-041,WH-CA1,SUP-007,2014-12-17,2015-01-14,2015-01-13,96,96,28,27,-1,1,2.71,260.16,Delivered
PO-15034,SKU-041,WH-CA1,SUP-007,2015-01-02,2015-01-30,2015-01-28,96,96,28,26,-2,1,2.71,260.16,Delivered
PO-15035,SKU-041,WH-CA1,SUP-007,2015-01-20,2015-02-17,2015-02-17,96,96,28,28,0,1,2.71,260.16,Delivered
PO-15036,SKU-041,WH-CA1,SUP-007,2015-02-05,2015-03-05,2015-03-05,96,96,28,28,0,1,2.71,260.16,Delivered
PO-15037,SKU-041,WH-CA1,SUP-007,2015-02-22,2015-03-22,2015-03-22,96,96,28,28,0,1,2.71,260.16,Delivered
PO-15038,SKU-041,WH-CA1,SUP-007,2015-03-10,2015-04-07,2015-04-02,96,96,28,23,-5,1,2.71,260.16,Delivered
PO-15039,SKU-041,WH-CA1,SUP-007,2015-03-27,2015-04-24,2015-04-24,96,96,28,28,0,1,2.71,260.16,Delivered
PO-15040,SKU-041,WH-CA1,SUP-007,2015-04-11,2015-05-09,2015-05-09,96,96,28,28,0,1,2.71,260.16,Delivered
PO-15041,SKU-041,WH-CA1,SUP-007,2015-04-26,2015-05-24,2015-05-28,96,96,28,32,4,0,2.71,260.16,Delivered
PO-15042,SKU-041,WH-CA1,SUP-007,2015-05-12,2015-06-09,2015-06-09,96,96,28,28,0,1,2.71,260.16,Delivered
PO-15043,SKU-041,WH-CA1,SUP-007,2015-05-28,2015-06-25,2015-06-25,96,96,28,28,0,1,2.71,260.16,Delivered
PO-15044,SKU-041,WH-CA1,SUP-007,2015-06-13,2015-07-11,2015-07-11,96,96,28,28,0,1,2.71,260.16,Delivered
PO-15045,SKU-041,WH-CA1,SUP-007,2015-06-28,2015-07-26,2015-07-26,96,96,28,28,0,1,2.71,260.16,Delivered
PO-15046,SKU-041,WH-CA1,SUP-007,2015-07-14,2015-08-11,2015-08-11,96,96,28,28,0,1,2.71,260.16,Delivered
PO-15047,SKU-041,WH-CA1,SUP-007,2015-07-29,2015-08-26,2015-08-27,96,96,28,29,1,0,2.71,260.16,Delivered
PO-15048,SKU-041,WH-CA1,SUP-007,2015-08-13,2015-09-10,2015-09-09,96,96,28,27,-1,1,2.71,260.16,Delivered
PO-15049,SKU-041,WH-CA1,SUP-007,2015-08-31,2015-09-28,2015-10-08,96,96,28,38,10,0,2.71,260.16,Delivered
PO-15050,SKU-041,WH-CA1,SUP-007,2015-09-16,2015-10-14,2015-10-14,96,96,28,28,0,1,2.71,260.16,Delivered
PO-15051,SKU-041,WH-CA1,SUP-007,2015-10-02,2015-10-30,2015-10-29,96,96,28,27,-1,1,2.71,260.16,Delivered
PO-15052,SKU-041,WH-CA1,SUP-007,2015-10-18,2015-11-15,2015-11-15,96,96,28,28,0,1,2.71,260.16,Delivered
PO-15053,SKU-041,WH-CA1,SUP-007,2015-11-03,2015-12-01,2015-12-01,96,96,28,28,0,1,2.71,260.16,Delivered
PO-15054,SKU-041,WH-CA1,SUP-007,2015-11-20,2015-12-18,2015-12-13,96,96,28,23,-5,1,2.71,260.16,Delivered
PO-15055,SKU-041,WH-CA1,SUP-007,2015-12-08,2016-01-05,2016-01-05,96,96,28,28,0,1,2.71,260.16,Delivered
PO-15056,SKU-041,WH-CA1,SUP-007,2015-12-23,2016-01-20,2016-01-20,96,96,28,28,0,1,2.71,260.16,Delivered
PO-15057,SKU-041,WH-CA1,SUP-007,2016-01-09,2016-02-06,2016-03-02,96,96,28,53,25,0,2.71,260.16,Delivered
PO-15058,SKU-041,WH-CA1,SUP-007,2016-01-25,2016-02-22,2016-02-22,96,96,28,28,0,1,2.71,260.16,Delivered
PO-15059,SKU-041,WH-CA1,SUP-007,2016-02-10,2016-03-09,2016-03-25,96,96,28,44,16,0,2.71,260.16,Delivered
PO-15060,SKU-041,WH-CA1,SUP-007,2016-02-28,2016-03-27,2016-03-27,96,96,28,28,0,1,2.71,260.16,Delivered
PO-15061,SKU-041,WH-CA1,SUP-007,2016-03-15,2016-04-12,2016-04-14,96,96,28,30,2,0,2.71,260.16,Delivered
PO-15062,SKU-041,WH-CA1,SUP-007,2016-04-01,2016-04-29,2016-04-29,96,0,28,28,0,1,2.71,260.16,In-Transit
PO-15063,SKU-041,WH-TX1,SUP-007,2014-05-03,2014-05-31,2014-05-31,96,96,28,28,0,1,2.71,260.16,Delivered
PO-15064,SKU-041,WH-TX1,SUP-007,2014-05-20,2014-06-17,2014-06-25,96,96,28,36,8,0,2.71,260.16,Delivered
PO-15065,SKU-041,WH-TX1,SUP-007,2014-06-06,2014-07-04,2014-07-04,96,96,28,28,0,1,2.71,260.16,Delivered
PO-15066,SKU-041,WH-TX1,SUP-007,2014-06-23,2014-07-21,2014-07-21,96,96,28,28,0,1,2.71,260.16,Delivered
PO-15067,SKU-041,WH-TX1,SUP-007,2014-07-10,2014-08-07,2014-08-07,96,96,28,28,0,1,2.71,260.16,Delivered
PO-15068,SKU-041,WH-TX1,SUP-007,2014-07-29,2014-08-26,2014-08-26,96,96,28,28,0,1,2.71,260.16,Delivered
PO-15069,SKU-041,WH-TX1,SUP-007,2014-08-16,2014-09-13,2014-09-13,96,96,28,28,0,1,2.71,260.16,Delivered
PO-15070,SKU-041,WH-TX1,SUP-007,2014-09-04,2014-10-02,2014-09-28,96,96,28,24,-4,1,2.71,260.16,Delivered
PO-15071,SKU-041,WH-TX1,SUP-007,2014-09-21,2014-10-19,2014-10-16,96,96,28,25,-3,1,2.71,260.16,Delivered
PO-15072,SKU-041,WH-TX1,SUP-007,2014-10-08,2014-11-05,2014-11-05,96,96,28,28,0,1,2.71,260.16,Delivered
PO-15073,SKU-041,WH-TX1,SUP-007,2014-10-25,2014-11-22,2014-11-22,96,96,28,28,0,1,2.71,260.16,Delivered
PO-15074,SKU-041,WH-TX1,SUP-007,2014-11-13,2014-12-11,2014-12-11,96,96,28,28,0,1,2.71,260.16,Delivered
PO-15075,SKU-041,WH-TX1,SUP-007,2014-11-29,2014-12-27,2015-01-08,96,96,28,40,12,0,2.71,260.16,Delivered
PO-15076,SKU-041,WH-TX1,SUP-007,2014-12-16,2015-01-13,2015-01-12,96,96,28,27,-1,1,2.71,260.16,Delivered
PO-15077,SKU-041,WH-TX1,SUP-007,2015-01-01,2015-01-29,2015-02-06,96,96,28,36,8,0,2.71,260.16,Delivered
PO-15078,SKU-041,WH-TX1,SUP-007,2015-01-19,2015-02-16,2015-03-04,96,96,28,44,16,0,2.71,260.16,Delivered
PO-15079,SKU-041,WH-TX1,SUP-007,2015-02-07,2015-03-07,2015-03-13,96,96,28,34,6,0,2.71,260.16,Delivered
PO-15080,SKU-041,WH-TX1,SUP-007,2015-02-26,2015-03-26,2015-03-25,96,96,28,27,-1,1,2.71,260.16,Delivered
PO-15081,SKU-041,WH-TX1,SUP-007,2015-03-14,2015-04-11,2015-04-11,96,96,28,28,0,1,2.71,260.16,Delivered
PO-15082,SKU-041,WH-TX1,SUP-007,2015-03-31,2015-04-28,2015-04-28,96,96,28,28,0,1,2.71,260.16,Delivered
PO-15083,SKU-041,WH-TX1,SUP-007,2015-04-16,2015-05-14,2015-05-14,96,96,28,28,0,1,2.71,260.16,Delivered
PO-15084,SKU-041,WH-TX1,SUP-007,2015-05-05,2015-06-02,2015-05-30,96,96,28,25,-3,1,2.71,260.16,Delivered
PO-15085,SKU-041,WH-TX1,SUP-007,2015-05-22,2015-06-19,2015-06-19,96,96,28,28,0,1,2.71,260.16,Delivered
PO-15086,SKU-041,WH-TX1,SUP-007,2015-06-07,2015-07-05,2015-07-01,96,96,28,24,-4,1,2.71,260.16,Delivered
PO-15087,SKU-041,WH-TX1,SUP-007,2015-06-23,2015-07-21,2015-07-21,96,96,28,28,0,1,2.71,260.16,Delivered
PO-15088,SKU-041,WH-TX1,SUP-007,2015-07-09,2015-08-06,2015-08-06,96,96,28,28,0,1,2.71,260.16,Delivered
PO-15089,SKU-041,WH-TX1,SUP-007,2015-07-28,2015-08-25,2015-08-25,96,96,28,28,0,1,2.71,260.16,Delivered
PO-15090,SKU-041,WH-TX1,SUP-007,2015-08-15,2015-09-12,2015-09-08,96,96,28,24,-4,1,2.71,260.16,Delivered
PO-15091,SKU-041,WH-TX1,SUP-007,2015-09-03,2015-10-01,2015-10-20,96,96,28,47,19,0,2.71,260.16,Delivered
PO-15092,SKU-041,WH-TX1,SUP-007,2015-09-22,2015-10-20,2015-10-20,96,96,28,28,0,1,2.71,260.16,Delivered
PO-15093,SKU-041,WH-TX1,SUP-007,2015-10-11,2015-11-08,2015-11-08,96,96,28,28,0,1,2.71,260.16,Delivered
PO-15094,SKU-041,WH-TX1,SUP-007,2015-10-28,2015-11-25,2015-11-25,96,96,28,28,0,1,2.71,260.16,Delivered
PO-15095,SKU-041,WH-TX1,SUP-007,2015-11-15,2015-12-13,2015-12-25,96,96,28,40,12,0,2.71,260.16,Delivered
PO-15096,SKU-041,WH-TX1,SUP-007,2015-12-01,2015-12-29,2016-01-02,96,96,28,32,4,0,2.71,260.16,Delivered
PO-15097,SKU-041,WH-TX1,SUP-007,2015-12-18,2016-01-15,2016-01-15,96,96,28,28,0,1,2.71,260.16,Delivered
PO-15098,SKU-041,WH-TX1,SUP-007,2016-01-04,2016-02-01,2016-02-01,96,96,28,28,0,1,2.71,260.16,Delivered
PO-15099,SKU-041,WH-TX1,SUP-007,2016-01-23,2016-02-20,2016-02-15,96,96,28,23,-5,1,2.71,260.16,Delivered
PO-15100,SKU-041,WH-TX1,SUP-007,2016-02-09,2016-03-08,2016-03-08,96,96,28,28,0,1,2.71,260.16,Delivered
PO-15101,SKU-041,WH-TX1,SUP-007,2016-02-25,2016-03-24,2016-04-01,96,96,28,36,8,0,2.71,260.16,Delivered
PO-15102,SKU-041,WH-TX1,SUP-007,2016-03-14,2016-04-11,2016-04-11,96,96,28,28,0,1,2.71,260.16,Delivered
PO-15103,SKU-041,WH-TX1,SUP-007,2016-03-31,2016-04-28,2016-04-28,96,0,28,28,0,1,2.71,260.16,In-Transit
PO-15104,SKU-041,WH-WI1,SUP-007,2014-05-02,2014-05-30,2014-05-24,96,96,28,22,-6,1,2.71,260.16,Delivered
PO-15105,SKU-041,WH-WI1,SUP-007,2014-05-22,2014-06-19,2014-06-28,96,96,28,37,9,0,2.71,260.16,Delivered
PO-15106,SKU-041,WH-WI1,SUP-007,2014-06-11,2014-07-09,2014-07-09,96,96,28,28,0,1,2.71,260.16,Delivered
PO-15107,SKU-041,WH-WI1,SUP-007,2014-06-30,2014-07-28,2014-08-09,96,96,28,40,12,0,2.71,260.16,Delivered
PO-15108,SKU-041,WH-WI1,SUP-007,2014-07-21,2014-08-18,2014-08-18,96,96,28,28,0,1,2.71,260.16,Delivered
PO-15109,SKU-041,WH-WI1,SUP-007,2014-08-10,2014-09-07,2014-09-27,96,96,28,48,20,0,2.71,260.16,Delivered
PO-15110,SKU-041,WH-WI1,SUP-007,2014-08-30,2014-09-27,2014-09-20,96,96,28,21,-7,1,2.71,260.16,Delivered
PO-15111,SKU-041,WH-WI1,SUP-007,2014-09-20,2014-10-18,2014-10-23,96,96,28,33,5,0,2.71,260.16,Delivered
PO-15112,SKU-041,WH-WI1,SUP-007,2014-10-09,2014-11-06,2014-11-07,96,96,28,29,1,0,2.71,260.16,Delivered
PO-15113,SKU-041,WH-WI1,SUP-007,2014-10-31,2014-11-28,2014-11-25,96,96,28,25,-3,1,2.71,260.16,Delivered
PO-15114,SKU-041,WH-WI1,SUP-007,2014-11-22,2014-12-20,2014-12-20,96,96,28,28,0,1,2.71,260.16,Delivered
PO-15115,SKU-041,WH-WI1,SUP-007,2014-12-12,2015-01-09,2015-01-07,96,96,28,26,-2,1,2.71,260.16,Delivered
PO-15116,SKU-041,WH-WI1,SUP-007,2015-01-03,2015-01-31,2015-02-11,96,96,28,39,11,0,2.71,260.16,Delivered
PO-15117,SKU-041,WH-WI1,SUP-007,2015-01-22,2015-02-19,2015-02-17,96,96,28,26,-2,1,2.71,260.16,Delivered
PO-15118,SKU-041,WH-WI1,SUP-007,2015-02-13,2015-03-13,2015-03-13,96,96,28,28,0,1,2.71,260.16,Delivered
PO-15119,SKU-041,WH-WI1,SUP-007,2015-03-05,2015-04-02,2015-04-02,96,96,28,28,0,1,2.71,260.16,Delivered
PO-15120,SKU-041,WH-WI1,SUP-007,2015-03-25,2015-04-22,2015-04-22,96,96,28,28,0,1,2.71,260.16,Delivered
PO-15121,SKU-041,WH-WI1,SUP-007,2015-04-13,2015-05-11,2015-05-05,96,96,28,22,-6,1,2.71,260.16,Delivered
PO-15122,SKU-041,WH-WI1,SUP-007,2015-05-03,2015-05-31,2015-06-08,96,96,28,36,8,0,2.71,260.16,Delivered
PO-15123,SKU-041,WH-WI1,SUP-007,2015-05-24,2015-06-21,2015-06-20,96,96,28,27,-1,1,2.71,260.16,Delivered
PO-15124,SKU-041,WH-WI1,SUP-007,2015-06-13,2015-07-11,2015-07-10,96,96,28,27,-1,1,2.71,260.16,Delivered
PO-15125,SKU-041,WH-WI1,SUP-007,2015-07-05,2015-08-02,2015-08-03,96,96,28,29,1,0,2.71,260.16,Delivered
PO-15126,SKU-041,WH-WI1,SUP-007,2015-07-25,2015-08-22,2015-08-23,96,96,28,29,1,0,2.71,260.16,Delivered
PO-15127,SKU-041,WH-WI1,SUP-007,2015-08-15,2015-09-12,2015-10-20,96,96,28,66,38,0,2.71,260.16,Delivered
PO-15128,SKU-041,WH-WI1,SUP-007,2015-09-04,2015-10-02,2015-10-01,96,96,28,27,-1,1,2.71,260.16,Delivered
PO-15129,SKU-041,WH-WI1,SUP-007,2015-09-24,2015-10-22,2015-11-15,96,96,28,52,24,0,2.71,260.16,Delivered
PO-15130,SKU-041,WH-WI1,SUP-007,2015-10-15,2015-11-12,2015-11-12,96,96,28,28,0,1,2.71,260.16,Delivered
PO-15131,SKU-041,WH-WI1,SUP-007,2015-11-06,2015-12-04,2015-12-04,96,96,28,28,0,1,2.71,260.16,Delivered
PO-15132,SKU-041,WH-WI1,SUP-007,2015-11-26,2015-12-24,2015-12-23,96,96,28,27,-1,1,2.71,260.16,Delivered
PO-15133,SKU-041,WH-WI1,SUP-007,2015-12-16,2016-01-13,2016-01-13,96,96,28,28,0,1,2.71,260.16,Delivered
PO-15134,SKU-041,WH-WI1,SUP-007,2016-01-06,2016-02-03,2016-02-05,96,96,28,30,2,0,2.71,260.16,Delivered
PO-15135,SKU-041,WH-WI1,SUP-007,2016-01-27,2016-02-24,2016-02-24,96,96,28,28,0,1,2.71,260.16,Delivered
PO-15136,SKU-041,WH-WI1,SUP-007,2016-02-16,2016-03-15,2016-04-03,96,96,28,47,19,0,2.71,260.16,Delivered
PO-15137,SKU-041,WH-WI1,SUP-007,2016-03-07,2016-04-04,2016-04-04,96,96,28,28,0,1,2.71,260.16,Delivered
PO-15138,SKU-041,WH-WI1,SUP-007,2016-03-27,2016-04-24,2016-04-24,96,96,28,28,0,1,2.71,260.16,Delivered
PO-15139,SKU-042,WH-CA1,SUP-006,2014-04-30,2014-05-21,2014-05-19,48,48,21,19,-2,1,4.3,206.4,Delivered
PO-15140,SKU-042,WH-CA1,SUP-006,2014-05-13,2014-06-03,2014-06-01,48,48,21,19,-2,1,4.3,206.4,Delivered
PO-15141,SKU-042,WH-CA1,SUP-006,2014-05-28,2014-06-18,2014-06-18,48,48,21,21,0,1,4.3,206.4,Delivered
PO-15142,SKU-042,WH-CA1,SUP-006,2014-06-12,2014-07-03,2014-06-28,48,48,21,16,-5,1,4.3,206.4,Delivered
PO-15143,SKU-042,WH-CA1,SUP-006,2014-06-27,2014-07-18,2014-07-15,48,48,21,18,-3,1,4.3,206.4,Delivered
PO-15144,SKU-042,WH-CA1,SUP-006,2014-07-12,2014-08-02,2014-07-31,48,48,21,19,-2,1,4.3,206.4,Delivered
PO-15145,SKU-042,WH-CA1,SUP-006,2014-07-25,2014-08-15,2014-08-18,48,48,21,24,3,0,4.3,206.4,Delivered
PO-15146,SKU-042,WH-CA1,SUP-006,2014-08-06,2014-08-27,2014-08-27,48,48,21,21,0,1,4.3,206.4,Delivered
PO-15147,SKU-042,WH-CA1,SUP-006,2014-08-20,2014-09-10,2014-09-09,48,48,21,20,-1,1,4.3,206.4,Delivered
PO-15148,SKU-042,WH-CA1,SUP-006,2014-09-01,2014-09-22,2014-09-17,48,48,21,16,-5,1,4.3,206.4,Delivered
PO-15149,SKU-042,WH-CA1,SUP-006,2014-09-14,2014-10-05,2014-10-05,48,48,21,21,0,1,4.3,206.4,Delivered
PO-15150,SKU-042,WH-CA1,SUP-006,2014-09-27,2014-10-18,2014-10-18,48,48,21,21,0,1,4.3,206.4,Delivered
PO-15151,SKU-042,WH-CA1,SUP-006,2014-10-10,2014-10-31,2014-10-31,48,48,21,21,0,1,4.3,206.4,Delivered
PO-15152,SKU-042,WH-CA1,SUP-006,2014-10-25,2014-11-15,2014-11-15,48,48,21,21,0,1,4.3,206.4,Delivered
PO-15153,SKU-042,WH-CA1,SUP-006,2014-11-06,2014-11-27,2014-12-04,48,48,21,28,7,0,4.3,206.4,Delivered
PO-15154,SKU-042,WH-CA1,SUP-006,2014-11-19,2014-12-10,2014-12-10,48,48,21,21,0,1,4.3,206.4,Delivered
PO-15155,SKU-042,WH-CA1,SUP-006,2014-12-01,2014-12-22,2014-12-20,48,48,21,19,-2,1,4.3,206.4,Delivered
PO-15156,SKU-042,WH-CA1,SUP-006,2014-12-14,2015-01-04,2015-01-10,48,48,21,27,6,0,4.3,206.4,Delivered
PO-15157,SKU-042,WH-CA1,SUP-006,2014-12-26,2015-01-16,2015-01-16,48,48,21,21,0,1,4.3,206.4,Delivered
PO-15158,SKU-042,WH-CA1,SUP-006,2015-01-07,2015-01-28,2015-01-27,48,48,21,20,-1,1,4.3,206.4,Delivered
PO-15159,SKU-042,WH-CA1,SUP-006,2015-01-22,2015-02-12,2015-02-12,48,48,21,21,0,1,4.3,206.4,Delivered
PO-15160,SKU-042,WH-CA1,SUP-006,2015-02-03,2015-02-24,2015-02-24,48,48,21,21,0,1,4.3,206.4,Delivered
PO-15161,SKU-042,WH-CA1,SUP-006,2015-02-16,2015-03-09,2015-03-08,48,48,21,20,-1,1,4.3,206.4,Delivered
PO-15162,SKU-042,WH-CA1,SUP-006,2015-03-01,2015-03-22,2015-03-22,48,48,21,21,0,1,4.3,206.4,Delivered
PO-15163,SKU-042,WH-CA1,SUP-006,2015-03-14,2015-04-04,2015-04-03,48,48,21,20,-1,1,4.3,206.4,Delivered
PO-15164,SKU-042,WH-CA1,SUP-006,2015-03-27,2015-04-17,2015-04-16,48,48,21,20,-1,1,4.3,206.4,Delivered
PO-15165,SKU-042,WH-CA1,SUP-006,2015-04-11,2015-05-02,2015-04-30,48,48,21,19,-2,1,4.3,206.4,Delivered
PO-15166,SKU-042,WH-CA1,SUP-006,2015-04-26,2015-05-17,2015-05-17,48,48,21,21,0,1,4.3,206.4,Delivered
PO-15167,SKU-042,WH-CA1,SUP-006,2015-05-10,2015-05-31,2015-05-31,48,48,21,21,0,1,4.3,206.4,Delivered
PO-15168,SKU-042,WH-CA1,SUP-006,2015-05-25,2015-06-15,2015-06-11,48,48,21,17,-4,1,4.3,206.4,Delivered
PO-15169,SKU-042,WH-CA1,SUP-006,2015-06-08,2015-06-29,2015-07-02,48,48,21,24,3,0,4.3,206.4,Delivered
PO-15170,SKU-042,WH-CA1,SUP-006,2015-06-23,2015-07-14,2015-07-25,48,48,21,32,11,0,4.3,206.4,Delivered
PO-15171,SKU-042,WH-CA1,SUP-006,2015-07-06,2015-07-27,2015-07-27,48,48,21,21,0,1,4.3,206.4,Delivered
PO-15172,SKU-042,WH-CA1,SUP-006,2015-07-19,2015-08-09,2015-08-09,48,48,21,21,0,1,4.3,206.4,Delivered
PO-15173,SKU-042,WH-CA1,SUP-006,2015-08-02,2015-08-23,2015-08-23,48,48,21,21,0,1,4.3,206.4,Delivered
PO-15174,SKU-042,WH-CA1,SUP-006,2015-08-17,2015-09-07,2015-09-07,48,48,21,21,0,1,4.3,206.4,Delivered
PO-15175,SKU-042,WH-CA1,SUP-006,2015-08-31,2015-09-21,2015-09-21,48,48,21,21,0,1,4.3,206.4,Delivered
PO-15176,SKU-042,WH-CA1,SUP-006,2015-09-13,2015-10-04,2015-10-04,48,48,21,21,0,1,4.3,206.4,Delivered
PO-15177,SKU-042,WH-CA1,SUP-006,2015-09-26,2015-10-17,2015-10-15,48,48,21,19,-2,1,4.3,206.4,Delivered
PO-15178,SKU-042,WH-CA1,SUP-006,2015-10-09,2015-10-30,2015-10-28,48,48,21,19,-2,1,4.3,206.4,Delivered
PO-15179,SKU-042,WH-CA1,SUP-006,2015-10-24,2015-11-14,2015-11-11,48,48,21,18,-3,1,4.3,206.4,Delivered
PO-15180,SKU-042,WH-CA1,SUP-006,2015-11-06,2015-11-27,2015-11-27,48,48,21,21,0,1,4.3,206.4,Delivered
PO-15181,SKU-042,WH-CA1,SUP-006,2015-11-21,2015-12-12,2015-12-12,48,48,21,21,0,1,4.3,206.4,Delivered
PO-15182,SKU-042,WH-CA1,SUP-006,2015-12-04,2015-12-25,2016-01-17,48,48,21,44,23,0,4.3,206.4,Delivered
PO-15183,SKU-042,WH-CA1,SUP-006,2015-12-17,2016-01-07,2016-01-03,48,48,21,17,-4,1,4.3,206.4,Delivered
PO-15184,SKU-042,WH-CA1,SUP-006,2016-01-01,2016-01-22,2016-01-22,48,48,21,21,0,1,4.3,206.4,Delivered
PO-15185,SKU-042,WH-CA1,SUP-006,2016-01-16,2016-02-06,2016-02-06,48,48,21,21,0,1,4.3,206.4,Delivered
PO-15186,SKU-042,WH-CA1,SUP-006,2016-01-30,2016-02-20,2016-02-17,48,48,21,18,-3,1,4.3,206.4,Delivered
PO-15187,SKU-042,WH-CA1,SUP-006,2016-02-12,2016-03-04,2016-03-03,48,48,21,20,-1,1,4.3,206.4,Delivered
PO-15188,SKU-042,WH-CA1,SUP-006,2016-02-27,2016-03-19,2016-03-17,48,48,21,19,-2,1,4.3,206.4,Delivered
PO-15189,SKU-042,WH-CA1,SUP-006,2016-03-13,2016-04-03,2016-04-03,48,48,21,21,0,1,4.3,206.4,Delivered
PO-15190,SKU-042,WH-CA1,SUP-006,2016-03-27,2016-04-17,2016-04-17,48,48,21,21,0,1,4.3,206.4,Delivered
PO-15191,SKU-042,WH-CA1,SUP-006,2016-04-09,2016-04-30,2016-05-17,48,0,21,38,17,0,4.3,206.4,In-Transit
PO-15192,SKU-042,WH-TX1,SUP-006,2014-05-05,2014-05-26,2014-05-26,48,48,21,21,0,1,4.3,206.4,Delivered
PO-15193,SKU-042,WH-TX1,SUP-006,2014-05-25,2014-06-15,2014-06-14,48,48,21,20,-1,1,4.3,206.4,Delivered
PO-15194,SKU-042,WH-TX1,SUP-006,2014-06-14,2014-07-05,2014-07-05,48,48,21,21,0,1,4.3,206.4,Delivered
PO-15195,SKU-042,WH-TX1,SUP-006,2014-07-06,2014-07-27,2014-08-04,48,48,21,29,8,0,4.3,206.4,Delivered
PO-15196,SKU-042,WH-TX1,SUP-006,2014-07-26,2014-08-16,2014-08-14,48,48,21,19,-2,1,4.3,206.4,Delivered
PO-15197,SKU-042,WH-TX1,SUP-006,2014-08-15,2014-09-05,2014-09-06,48,48,21,22,1,0,4.3,206.4,Delivered
PO-15198,SKU-042,WH-TX1,SUP-006,2014-09-03,2014-09-24,2014-09-22,48,48,21,19,-2,1,4.3,206.4,Delivered
PO-15199,SKU-042,WH-TX1,SUP-006,2014-09-24,2014-10-15,2014-10-12,48,48,21,18,-3,1,4.3,206.4,Delivered
PO-15200,SKU-042,WH-TX1,SUP-006,2014-10-14,2014-11-04,2014-11-04,48,48,21,21,0,1,4.3,206.4,Delivered
PO-15201,SKU-042,WH-TX1,SUP-006,2014-11-03,2014-11-24,2014-11-24,48,48,21,21,0,1,4.3,206.4,Delivered
PO-15202,SKU-042,WH-TX1,SUP-006,2014-11-24,2014-12-15,2014-12-15,48,48,21,21,0,1,4.3,206.4,Delivered
PO-15203,SKU-042,WH-TX1,SUP-006,2014-12-14,2015-01-04,2015-01-04,48,48,21,21,0,1,4.3,206.4,Delivered
PO-15204,SKU-042,WH-TX1,SUP-006,2015-01-03,2015-01-24,2015-01-24,48,48,21,21,0,1,4.3,206.4,Delivered
PO-15205,SKU-042,WH-TX1,SUP-006,2015-01-25,2015-02-15,2015-02-15,48,48,21,21,0,1,4.3,206.4,Delivered
PO-15206,SKU-042,WH-TX1,SUP-006,2015-02-13,2015-03-06,2015-03-03,48,48,21,18,-3,1,4.3,206.4,Delivered
PO-15207,SKU-042,WH-TX1,SUP-006,2015-03-05,2015-03-26,2015-03-26,48,48,21,21,0,1,4.3,206.4,Delivered
PO-15208,SKU-042,WH-TX1,SUP-006,2015-03-25,2015-04-15,2015-04-15,48,48,21,21,0,1,4.3,206.4,Delivered
PO-15209,SKU-042,WH-TX1,SUP-006,2015-04-14,2015-05-05,2015-05-12,48,48,21,28,7,0,4.3,206.4,Delivered
PO-15210,SKU-042,WH-TX1,SUP-006,2015-05-06,2015-05-27,2015-05-27,48,48,21,21,0,1,4.3,206.4,Delivered
PO-15211,SKU-042,WH-TX1,SUP-006,2015-05-26,2015-06-16,2015-06-16,48,48,21,21,0,1,4.3,206.4,Delivered
PO-15212,SKU-042,WH-TX1,SUP-006,2015-06-15,2015-07-06,2015-07-06,48,48,21,21,0,1,4.3,206.4,Delivered
PO-15213,SKU-042,WH-TX1,SUP-006,2015-07-06,2015-07-27,2015-07-27,48,48,21,21,0,1,4.3,206.4,Delivered
PO-15214,SKU-042,WH-TX1,SUP-006,2015-07-26,2015-08-16,2015-08-16,48,48,21,21,0,1,4.3,206.4,Delivered
PO-15215,SKU-042,WH-TX1,SUP-006,2015-08-15,2015-09-05,2015-09-03,48,48,21,19,-2,1,4.3,206.4,Delivered
PO-15216,SKU-042,WH-TX1,SUP-006,2015-09-04,2015-09-25,2015-09-25,48,48,21,21,0,1,4.3,206.4,Delivered
PO-15217,SKU-042,WH-TX1,SUP-006,2015-09-24,2015-10-15,2015-10-12,48,48,21,18,-3,1,4.3,206.4,Delivered
PO-15218,SKU-042,WH-TX1,SUP-006,2015-10-14,2015-11-04,2015-11-04,48,48,21,21,0,1,4.3,206.4,Delivered
PO-15219,SKU-042,WH-TX1,SUP-006,2015-11-04,2015-11-25,2015-11-25,48,48,21,21,0,1,4.3,206.4,Delivered
PO-15220,SKU-042,WH-TX1,SUP-006,2015-11-25,2015-12-16,2015-12-16,48,48,21,21,0,1,4.3,206.4,Delivered
PO-15221,SKU-042,WH-TX1,SUP-006,2015-12-15,2016-01-05,2015-12-31,48,48,21,16,-5,1,4.3,206.4,Delivered
PO-15222,SKU-042,WH-TX1,SUP-006,2016-01-04,2016-01-25,2016-01-19,48,48,21,15,-6,1,4.3,206.4,Delivered
PO-15223,SKU-042,WH-TX1,SUP-006,2016-01-24,2016-02-14,2016-02-14,48,48,21,21,0,1,4.3,206.4,Delivered
PO-15224,SKU-042,WH-TX1,SUP-006,2016-02-13,2016-03-05,2016-03-04,48,48,21,20,-1,1,4.3,206.4,Delivered
PO-15225,SKU-042,WH-TX1,SUP-006,2016-03-04,2016-03-25,2016-03-24,48,48,21,20,-1,1,4.3,206.4,Delivered
PO-15226,SKU-042,WH-TX1,SUP-006,2016-03-24,2016-04-14,2016-04-14,48,48,21,21,0,1,4.3,206.4,Delivered
PO-15227,SKU-042,WH-WI1,SUP-006,2014-05-03,2014-05-24,2014-05-19,48,48,21,16,-5,1,4.3,206.4,Delivered
PO-15228,SKU-042,WH-WI1,SUP-006,2014-05-17,2014-06-07,2014-06-07,48,48,21,21,0,1,4.3,206.4,Delivered
PO-15229,SKU-042,WH-WI1,SUP-006,2014-05-31,2014-06-21,2014-06-20,48,48,21,20,-1,1,4.3,206.4,Delivered
PO-15230,SKU-042,WH-WI1,SUP-006,2014-06-16,2014-07-07,2014-07-07,48,48,21,21,0,1,4.3,206.4,Delivered
PO-15231,SKU-042,WH-WI1,SUP-006,2014-06-30,2014-07-21,2014-07-21,48,48,21,21,0,1,4.3,206.4,Delivered
PO-15232,SKU-042,WH-WI1,SUP-006,2014-07-13,2014-08-03,2014-08-03,48,48,21,21,0,1,4.3,206.4,Delivered
PO-15233,SKU-042,WH-WI1,SUP-006,2014-07-26,2014-08-16,2014-08-15,48,48,21,20,-1,1,4.3,206.4,Delivered
PO-15234,SKU-042,WH-WI1,SUP-006,2014-08-09,2014-08-30,2014-08-30,48,48,21,21,0,1,4.3,206.4,Delivered
PO-15235,SKU-042,WH-WI1,SUP-006,2014-08-23,2014-09-13,2014-09-13,48,48,21,21,0,1,4.3,206.4,Delivered
PO-15236,SKU-042,WH-WI1,SUP-006,2014-09-06,2014-09-27,2014-09-26,48,48,21,20,-1,1,4.3,206.4,Delivered
PO-15237,SKU-042,WH-WI1,SUP-006,2014-09-20,2014-10-11,2014-10-11,48,48,21,21,0,1,4.3,206.4,Delivered
PO-15238,SKU-042,WH-WI1,SUP-006,2014-10-05,2014-10-26,2014-10-26,48,48,21,21,0,1,4.3,206.4,Delivered
PO-15239,SKU-042,WH-WI1,SUP-006,2014-10-19,2014-11-09,2014-11-09,48,48,21,21,0,1,4.3,206.4,Delivered
PO-15240,SKU-042,WH-WI1,SUP-006,2014-11-03,2014-11-24,2014-11-24,48,48,21,21,0,1,4.3,206.4,Delivered
PO-15241,SKU-042,WH-WI1,SUP-006,2014-11-16,2014-12-07,2014-12-09,48,48,21,23,2,0,4.3,206.4,Delivered
PO-15242,SKU-042,WH-WI1,SUP-006,2014-12-02,2014-12-23,2014-12-23,48,48,21,21,0,1,4.3,206.4,Delivered
PO-15243,SKU-042,WH-WI1,SUP-006,2014-12-16,2015-01-06,2015-01-06,48,48,21,21,0,1,4.3,206.4,Delivered
PO-15244,SKU-042,WH-WI1,SUP-006,2014-12-30,2015-01-20,2015-01-20,48,48,21,21,0,1,4.3,206.4,Delivered
PO-15245,SKU-042,WH-WI1,SUP-006,2015-01-14,2015-02-04,2015-02-04,48,48,21,21,0,1,4.3,206.4,Delivered
PO-15246,SKU-042,WH-WI1,SUP-006,2015-01-27,2015-02-17,2015-02-17,48,48,21,21,0,1,4.3,206.4,Delivered
PO-15247,SKU-042,WH-WI1,SUP-006,2015-02-11,2015-03-04,2015-03-03,48,48,21,20,-1,1,4.3,206.4,Delivered
PO-15248,SKU-042,WH-WI1,SUP-006,2015-02-25,2015-03-18,2015-03-16,48,48,21,19,-2,1,4.3,206.4,Delivered
PO-15249,SKU-042,WH-WI1,SUP-006,2015-03-11,2015-04-01,2015-04-01,48,48,21,21,0,1,4.3,206.4,Delivered
PO-15250,SKU-042,WH-WI1,SUP-006,2015-03-25,2015-04-15,2015-04-17,48,48,21,23,2,0,4.3,206.4,Delivered
PO-15251,SKU-042,WH-WI1,SUP-006,2015-04-09,2015-04-30,2015-05-10,48,48,21,31,10,0,4.3,206.4,Delivered
PO-15252,SKU-042,WH-WI1,SUP-006,2015-04-25,2015-05-16,2015-05-16,48,48,21,21,0,1,4.3,206.4,Delivered
PO-15253,SKU-042,WH-WI1,SUP-006,2015-05-09,2015-05-30,2015-05-27,48,48,21,18,-3,1,4.3,206.4,Delivered
PO-15254,SKU-042,WH-WI1,SUP-006,2015-05-25,2015-06-15,2015-06-15,48,48,21,21,0,1,4.3,206.4,Delivered
PO-15255,SKU-042,WH-WI1,SUP-006,2015-06-08,2015-06-29,2015-07-02,48,48,21,24,3,0,4.3,206.4,Delivered
PO-15256,SKU-042,WH-WI1,SUP-006,2015-06-23,2015-07-14,2015-07-14,48,48,21,21,0,1,4.3,206.4,Delivered
PO-15257,SKU-042,WH-WI1,SUP-006,2015-07-07,2015-07-28,2015-07-24,48,48,21,17,-4,1,4.3,206.4,Delivered
PO-15258,SKU-042,WH-WI1,SUP-006,2015-07-22,2015-08-12,2015-08-10,48,48,21,19,-2,1,4.3,206.4,Delivered
PO-15259,SKU-042,WH-WI1,SUP-006,2015-08-06,2015-08-27,2015-08-27,48,48,21,21,0,1,4.3,206.4,Delivered
PO-15260,SKU-042,WH-WI1,SUP-006,2015-08-22,2015-09-12,2015-09-12,48,48,21,21,0,1,4.3,206.4,Delivered
PO-15261,SKU-042,WH-WI1,SUP-006,2015-09-05,2015-09-26,2015-09-26,48,48,21,21,0,1,4.3,206.4,Delivered
PO-15262,SKU-042,WH-WI1,SUP-006,2015-09-18,2015-10-09,2015-10-18,48,48,21,30,9,0,4.3,206.4,Delivered
PO-15263,SKU-042,WH-WI1,SUP-006,2015-10-03,2015-10-24,2015-10-24,48,48,21,21,0,1,4.3,206.4,Delivered
PO-15264,SKU-042,WH-WI1,SUP-006,2015-10-18,2015-11-08,2015-11-08,48,48,21,21,0,1,4.3,206.4,Delivered
PO-15265,SKU-042,WH-WI1,SUP-006,2015-11-01,2015-11-22,2015-11-18,48,48,21,17,-4,1,4.3,206.4,Delivered
PO-15266,SKU-042,WH-WI1,SUP-006,2015-11-15,2015-12-06,2015-12-06,48,48,21,21,0,1,4.3,206.4,Delivered
PO-15267,SKU-042,WH-WI1,SUP-006,2015-11-29,2015-12-20,2015-12-20,48,48,21,21,0,1,4.3,206.4,Delivered
PO-15268,SKU-042,WH-WI1,SUP-006,2015-12-13,2016-01-03,2016-01-03,48,48,21,21,0,1,4.3,206.4,Delivered
PO-15269,SKU-042,WH-WI1,SUP-006,2015-12-28,2016-01-18,2016-01-20,48,48,21,23,2,0,4.3,206.4,Delivered
PO-15270,SKU-042,WH-WI1,SUP-006,2016-01-11,2016-02-01,2016-02-05,48,48,21,25,4,0,4.3,206.4,Delivered
PO-15271,SKU-042,WH-WI1,SUP-006,2016-01-24,2016-02-14,2016-02-14,48,48,21,21,0,1,4.3,206.4,Delivered
PO-15272,SKU-042,WH-WI1,SUP-006,2016-02-09,2016-03-01,2016-02-29,48,48,21,20,-1,1,4.3,206.4,Delivered
PO-15273,SKU-042,WH-WI1,SUP-006,2016-02-22,2016-03-14,2016-03-07,48,48,21,14,-7,1,4.3,206.4,Delivered
PO-15274,SKU-042,WH-WI1,SUP-006,2016-03-08,2016-03-29,2016-03-28,48,48,21,20,-1,1,4.3,206.4,Delivered
PO-15275,SKU-042,WH-WI1,SUP-006,2016-03-24,2016-04-14,2016-04-14,48,48,21,21,0,1,4.3,206.4,Delivered
PO-15276,SKU-042,WH-WI1,SUP-006,2016-04-06,2016-04-27,2016-04-27,48,0,21,21,0,1,4.3,206.4,In-Transit
PO-15277,SKU-043,WH-CA1,SUP-007,2014-05-01,2014-05-29,2014-05-29,96,96,28,28,0,1,2.62,251.52,Delivered
PO-15278,SKU-043,WH-CA1,SUP-007,2014-05-13,2014-06-10,2014-06-10,96,96,28,28,0,1,2.62,251.52,Delivered
PO-15279,SKU-043,WH-CA1,SUP-007,2014-05-25,2014-06-22,2014-06-22,96,96,28,28,0,1,2.62,251.52,Delivered
PO-15280,SKU-043,WH-CA1,SUP-007,2014-06-07,2014-07-05,2014-07-05,96,96,28,28,0,1,2.62,251.52,Delivered
PO-15281,SKU-043,WH-CA1,SUP-007,2014-06-20,2014-07-18,2014-07-18,96,96,28,28,0,1,2.62,251.52,Delivered
PO-15282,SKU-043,WH-CA1,SUP-007,2014-07-02,2014-07-30,2014-07-25,96,96,28,23,-5,1,2.62,251.52,Delivered
PO-15283,SKU-043,WH-CA1,SUP-007,2014-07-16,2014-08-13,2014-08-13,96,96,28,28,0,1,2.62,251.52,Delivered
PO-15284,SKU-043,WH-CA1,SUP-007,2014-07-29,2014-08-26,2014-08-24,96,96,28,26,-2,1,2.62,251.52,Delivered
PO-15285,SKU-043,WH-CA1,SUP-007,2014-08-11,2014-09-08,2014-09-08,96,96,28,28,0,1,2.62,251.52,Delivered
PO-15286,SKU-043,WH-CA1,SUP-007,2014-08-26,2014-09-23,2014-09-23,96,96,28,28,0,1,2.62,251.52,Delivered
PO-15287,SKU-043,WH-CA1,SUP-007,2014-09-07,2014-10-05,2014-10-05,96,96,28,28,0,1,2.62,251.52,Delivered
PO-15288,SKU-043,WH-CA1,SUP-007,2014-09-19,2014-10-17,2014-10-21,96,96,28,32,4,0,2.62,251.52,Delivered
PO-15289,SKU-043,WH-CA1,SUP-007,2014-10-02,2014-10-30,2014-10-30,96,96,28,28,0,1,2.62,251.52,Delivered
PO-15290,SKU-043,WH-CA1,SUP-007,2014-10-17,2014-11-14,2014-12-11,96,96,28,55,27,0,2.62,251.52,Delivered
PO-15291,SKU-043,WH-CA1,SUP-007,2014-10-29,2014-11-26,2014-11-27,96,96,28,29,1,0,2.62,251.52,Delivered
PO-15292,SKU-043,WH-CA1,SUP-007,2014-11-11,2014-12-09,2014-12-09,96,96,28,28,0,1,2.62,251.52,Delivered
PO-15293,SKU-043,WH-CA1,SUP-007,2014-11-24,2014-12-22,2014-12-25,96,96,28,31,3,0,2.62,251.52,Delivered
PO-15294,SKU-043,WH-CA1,SUP-007,2014-12-07,2015-01-04,2015-01-05,96,96,28,29,1,0,2.62,251.52,Delivered
PO-15295,SKU-043,WH-CA1,SUP-007,2014-12-21,2015-01-18,2015-01-16,96,96,28,26,-2,1,2.62,251.52,Delivered
PO-15296,SKU-043,WH-CA1,SUP-007,2015-01-03,2015-01-31,2015-01-31,96,96,28,28,0,1,2.62,251.52,Delivered
PO-15297,SKU-043,WH-CA1,SUP-007,2015-01-15,2015-02-12,2015-02-11,96,96,28,27,-1,1,2.62,251.52,Delivered
PO-15298,SKU-043,WH-CA1,SUP-007,2015-01-27,2015-02-24,2015-02-24,96,96,28,28,0,1,2.62,251.52,Delivered
PO-15299,SKU-043,WH-CA1,SUP-007,2015-02-10,2015-03-10,2015-03-10,96,96,28,28,0,1,2.62,251.52,Delivered
PO-15300,SKU-043,WH-CA1,SUP-007,2015-02-25,2015-03-25,2015-03-25,96,96,28,28,0,1,2.62,251.52,Delivered
PO-15301,SKU-043,WH-CA1,SUP-007,2015-03-10,2015-04-07,2015-04-10,96,96,28,31,3,0,2.62,251.52,Delivered
PO-15302,SKU-043,WH-CA1,SUP-007,2015-03-23,2015-04-20,2015-04-20,96,96,28,28,0,1,2.62,251.52,Delivered
PO-15303,SKU-043,WH-CA1,SUP-007,2015-04-07,2015-05-05,2015-05-12,96,96,28,35,7,0,2.62,251.52,Delivered
PO-15304,SKU-043,WH-CA1,SUP-007,2015-04-21,2015-05-19,2015-05-19,96,96,28,28,0,1,2.62,251.52,Delivered
PO-15305,SKU-043,WH-CA1,SUP-007,2015-05-06,2015-06-03,2015-06-05,96,96,28,30,2,0,2.62,251.52,Delivered
PO-15306,SKU-043,WH-CA1,SUP-007,2015-05-21,2015-06-18,2015-06-23,96,96,28,33,5,0,2.62,251.52,Delivered
PO-15307,SKU-043,WH-CA1,SUP-007,2015-06-03,2015-07-01,2015-07-01,96,96,28,28,0,1,2.62,251.52,Delivered
PO-15308,SKU-043,WH-CA1,SUP-007,2015-06-16,2015-07-14,2015-07-20,96,96,28,34,6,0,2.62,251.52,Delivered
PO-15309,SKU-043,WH-CA1,SUP-007,2015-06-30,2015-07-28,2015-07-28,96,96,28,28,0,1,2.62,251.52,Delivered
PO-15310,SKU-043,WH-CA1,SUP-007,2015-07-13,2015-08-10,2015-08-10,96,96,28,28,0,1,2.62,251.52,Delivered
PO-15311,SKU-043,WH-CA1,SUP-007,2015-07-25,2015-08-22,2015-08-22,96,96,28,28,0,1,2.62,251.52,Delivered
PO-15312,SKU-043,WH-CA1,SUP-007,2015-08-07,2015-09-04,2015-09-04,96,96,28,28,0,1,2.62,251.52,Delivered
PO-15313,SKU-043,WH-CA1,SUP-007,2015-08-19,2015-09-16,2015-09-16,96,96,28,28,0,1,2.62,251.52,Delivered
PO-15314,SKU-043,WH-CA1,SUP-007,2015-09-02,2015-09-30,2015-09-30,96,96,28,28,0,1,2.62,251.52,Delivered
PO-15315,SKU-043,WH-CA1,SUP-007,2015-09-14,2015-10-12,2015-10-12,96,96,28,28,0,1,2.62,251.52,Delivered
PO-15316,SKU-043,WH-CA1,SUP-007,2015-09-29,2015-10-27,2015-10-27,96,96,28,28,0,1,2.62,251.52,Delivered
PO-15317,SKU-043,WH-CA1,SUP-007,2015-10-13,2015-11-10,2015-12-26,96,96,28,74,46,0,2.62,251.52,Delivered
PO-15318,SKU-043,WH-CA1,SUP-007,2015-10-26,2015-11-23,2015-11-23,96,96,28,28,0,1,2.62,251.52,Delivered
PO-15319,SKU-043,WH-CA1,SUP-007,2015-11-07,2015-12-05,2015-12-04,96,96,28,27,-1,1,2.62,251.52,Delivered
PO-15320,SKU-043,WH-CA1,SUP-007,2015-11-19,2015-12-17,2015-12-09,96,96,28,20,-8,1,2.62,251.52,Delivered
PO-15321,SKU-043,WH-CA1,SUP-007,2015-12-01,2015-12-29,2015-12-29,96,96,28,28,0,1,2.62,251.52,Delivered
PO-15322,SKU-043,WH-CA1,SUP-007,2015-12-14,2016-01-11,2016-01-11,96,96,28,28,0,1,2.62,251.52,Delivered
PO-15323,SKU-043,WH-CA1,SUP-007,2015-12-27,2016-01-24,2016-01-24,96,96,28,28,0,1,2.62,251.52,Delivered
PO-15324,SKU-043,WH-CA1,SUP-007,2016-01-09,2016-02-06,2016-02-04,96,96,28,26,-2,1,2.62,251.52,Delivered
PO-15325,SKU-043,WH-CA1,SUP-007,2016-01-23,2016-02-20,2016-02-18,96,96,28,26,-2,1,2.62,251.52,Delivered
PO-15326,SKU-043,WH-CA1,SUP-007,2016-02-04,2016-03-03,2016-03-03,96,96,28,28,0,1,2.62,251.52,Delivered
PO-15327,SKU-043,WH-CA1,SUP-007,2016-02-17,2016-03-16,2016-03-16,96,96,28,28,0,1,2.62,251.52,Delivered
PO-15328,SKU-043,WH-CA1,SUP-007,2016-02-29,2016-03-28,2016-03-28,96,96,28,28,0,1,2.62,251.52,Delivered
PO-15329,SKU-043,WH-CA1,SUP-007,2016-03-12,2016-04-09,2016-04-08,96,96,28,27,-1,1,2.62,251.52,Delivered
PO-15330,SKU-043,WH-CA1,SUP-007,2016-03-25,2016-04-22,2016-04-22,96,96,28,28,0,1,2.62,251.52,Delivered
PO-15331,SKU-043,WH-CA1,SUP-007,2016-04-08,2016-05-06,2016-05-04,96,0,28,26,-2,1,2.62,251.52,In-Transit
PO-15332,SKU-043,WH-TX1,SUP-007,2014-04-30,2014-05-28,2014-05-28,96,96,28,28,0,1,2.62,251.52,Delivered
PO-15333,SKU-043,WH-TX1,SUP-007,2014-05-18,2014-06-15,2014-06-22,96,96,28,35,7,0,2.62,251.52,Delivered
PO-15334,SKU-043,WH-TX1,SUP-007,2014-06-03,2014-07-01,2014-06-30,96,96,28,27,-1,1,2.62,251.52,Delivered
PO-15335,SKU-043,WH-TX1,SUP-007,2014-06-19,2014-07-17,2014-07-17,96,96,28,28,0,1,2.62,251.52,Delivered
PO-15336,SKU-043,WH-TX1,SUP-007,2014-07-05,2014-08-02,2014-08-02,96,96,28,28,0,1,2.62,251.52,Delivered
PO-15337,SKU-043,WH-TX1,SUP-007,2014-07-22,2014-08-19,2014-08-18,96,96,28,27,-1,1,2.62,251.52,Delivered
PO-15338,SKU-043,WH-TX1,SUP-007,2014-08-06,2014-09-03,2014-09-03,96,96,28,28,0,1,2.62,251.52,Delivered
PO-15339,SKU-043,WH-TX1,SUP-007,2014-08-24,2014-09-21,2014-09-13,96,96,28,20,-8,1,2.62,251.52,Delivered
PO-15340,SKU-043,WH-TX1,SUP-007,2014-09-08,2014-10-06,2014-10-25,96,96,28,47,19,0,2.62,251.52,Delivered
PO-15341,SKU-043,WH-TX1,SUP-007,2014-09-23,2014-10-21,2014-10-21,96,96,28,28,0,1,2.62,251.52,Delivered
PO-15342,SKU-043,WH-TX1,SUP-007,2014-10-09,2014-11-06,2014-11-10,96,96,28,32,4,0,2.62,251.52,Delivered
PO-15343,SKU-043,WH-TX1,SUP-007,2014-10-25,2014-11-22,2014-11-20,96,96,28,26,-2,1,2.62,251.52,Delivered
PO-15344,SKU-043,WH-TX1,SUP-007,2014-11-11,2014-12-09,2014-12-09,96,96,28,28,0,1,2.62,251.52,Delivered
PO-15345,SKU-043,WH-TX1,SUP-007,2014-11-29,2014-12-27,2014-12-27,96,96,28,28,0,1,2.62,251.52,Delivered
PO-15346,SKU-043,WH-TX1,SUP-007,2014-12-15,2015-01-12,2015-02-27,96,96,28,74,46,0,2.62,251.52,Delivered
PO-15347,SKU-043,WH-TX1,SUP-007,2015-01-01,2015-01-29,2015-01-29,96,96,28,28,0,1,2.62,251.52,Delivered
PO-15348,SKU-043,WH-TX1,SUP-007,2015-01-17,2015-02-14,2015-02-14,96,96,28,28,0,1,2.62,251.52,Delivered
PO-15349,SKU-043,WH-TX1,SUP-007,2015-02-01,2015-03-01,2015-03-01,96,96,28,28,0,1,2.62,251.52,Delivered
PO-15350,SKU-043,WH-TX1,SUP-007,2015-02-18,2015-03-18,2015-03-18,96,96,28,28,0,1,2.62,251.52,Delivered
PO-15351,SKU-043,WH-TX1,SUP-007,2015-03-07,2015-04-04,2015-04-04,96,96,28,28,0,1,2.62,251.52,Delivered
PO-15352,SKU-043,WH-TX1,SUP-007,2015-03-24,2015-04-21,2015-04-21,96,96,28,28,0,1,2.62,251.52,Delivered
PO-15353,SKU-043,WH-TX1,SUP-007,2015-04-10,2015-05-08,2015-05-08,96,96,28,28,0,1,2.62,251.52,Delivered
PO-15354,SKU-043,WH-TX1,SUP-007,2015-04-26,2015-05-24,2015-05-26,96,96,28,30,2,0,2.62,251.52,Delivered
PO-15355,SKU-043,WH-TX1,SUP-007,2015-05-14,2015-06-11,2015-06-08,96,96,28,25,-3,1,2.62,251.52,Delivered
PO-15356,SKU-043,WH-TX1,SUP-007,2015-05-30,2015-06-27,2015-07-02,96,96,28,33,5,0,2.62,251.52,Delivered
PO-15357,SKU-043,WH-TX1,SUP-007,2015-06-14,2015-07-12,2015-07-12,96,96,28,28,0,1,2.62,251.52,Delivered
PO-15358,SKU-043,WH-TX1,SUP-007,2015-06-29,2015-07-27,2015-07-27,96,96,28,28,0,1,2.62,251.52,Delivered
PO-15359,SKU-043,WH-TX1,SUP-007,2015-07-16,2015-08-13,2015-08-13,96,96,28,28,0,1,2.62,251.52,Delivered
PO-15360,SKU-043,WH-TX1,SUP-007,2015-08-01,2015-08-29,2015-08-29,96,96,28,28,0,1,2.62,251.52,Delivered
PO-15361,SKU-043,WH-TX1,SUP-007,2015-08-18,2015-09-15,2015-09-15,96,96,28,28,0,1,2.62,251.52,Delivered
PO-15362,SKU-043,WH-TX1,SUP-007,2015-09-05,2015-10-03,2015-10-03,96,96,28,28,0,1,2.62,251.52,Delivered
PO-15363,SKU-043,WH-TX1,SUP-007,2015-09-23,2015-10-21,2015-10-19,96,96,28,26,-2,1,2.62,251.52,Delivered
PO-15364,SKU-043,WH-TX1,SUP-007,2015-10-09,2015-11-06,2015-11-01,96,96,28,23,-5,1,2.62,251.52,Delivered
PO-15365,SKU-043,WH-TX1,SUP-007,2015-10-25,2015-11-22,2015-11-18,96,96,28,24,-4,1,2.62,251.52,Delivered
PO-15366,SKU-043,WH-TX1,SUP-007,2015-11-12,2015-12-10,2015-12-10,96,96,28,28,0,1,2.62,251.52,Delivered
PO-15367,SKU-043,WH-TX1,SUP-007,2015-11-29,2015-12-27,2015-12-29,96,96,28,30,2,0,2.62,251.52,Delivered
PO-15368,SKU-043,WH-TX1,SUP-007,2015-12-14,2016-01-11,2016-01-10,96,96,28,27,-1,1,2.62,251.52,Delivered
PO-15369,SKU-043,WH-TX1,SUP-007,2015-12-31,2016-01-28,2016-01-24,96,96,28,24,-4,1,2.62,251.52,Delivered
PO-15370,SKU-043,WH-TX1,SUP-007,2016-01-16,2016-02-13,2016-02-13,96,96,28,28,0,1,2.62,251.52,Delivered
PO-15371,SKU-043,WH-TX1,SUP-007,2016-02-01,2016-02-29,2016-02-22,96,96,28,21,-7,1,2.62,251.52,Delivered
PO-15372,SKU-043,WH-TX1,SUP-007,2016-02-17,2016-03-16,2016-03-14,96,96,28,26,-2,1,2.62,251.52,Delivered
PO-15373,SKU-043,WH-TX1,SUP-007,2016-03-03,2016-03-31,2016-03-29,96,96,28,26,-2,1,2.62,251.52,Delivered
PO-15374,SKU-043,WH-TX1,SUP-007,2016-03-18,2016-04-15,2016-04-18,96,96,28,31,3,0,2.62,251.52,Delivered
PO-15375,SKU-043,WH-TX1,SUP-007,2016-04-02,2016-04-30,2016-04-30,96,0,28,28,0,1,2.62,251.52,In-Transit
PO-15376,SKU-043,WH-WI1,SUP-007,2014-05-02,2014-05-30,2014-05-29,96,96,28,27,-1,1,2.62,251.52,Delivered
PO-15377,SKU-043,WH-WI1,SUP-007,2014-05-18,2014-06-15,2014-06-12,96,96,28,25,-3,1,2.62,251.52,Delivered
PO-15378,SKU-043,WH-WI1,SUP-007,2014-06-01,2014-06-29,2014-06-29,96,96,28,28,0,1,2.62,251.52,Delivered
PO-15379,SKU-043,WH-WI1,SUP-007,2014-06-16,2014-07-14,2014-07-14,96,96,28,28,0,1,2.62,251.52,Delivered
PO-15380,SKU-043,WH-WI1,SUP-007,2014-06-30,2014-07-28,2014-07-28,96,96,28,28,0,1,2.62,251.52,Delivered
PO-15381,SKU-043,WH-WI1,SUP-007,2014-07-16,2014-08-13,2014-08-17,96,96,28,32,4,0,2.62,251.52,Delivered
PO-15382,SKU-043,WH-WI1,SUP-007,2014-07-30,2014-08-27,2014-09-09,96,96,28,41,13,0,2.62,251.52,Delivered
PO-15383,SKU-043,WH-WI1,SUP-007,2014-08-16,2014-09-13,2014-09-12,96,96,28,27,-1,1,2.62,251.52,Delivered
PO-15384,SKU-043,WH-WI1,SUP-007,2014-08-31,2014-09-28,2014-09-28,96,96,28,28,0,1,2.62,251.52,Delivered
PO-15385,SKU-043,WH-WI1,SUP-007,2014-09-15,2014-10-13,2014-10-10,96,96,28,25,-3,1,2.62,251.52,Delivered
PO-15386,SKU-043,WH-WI1,SUP-007,2014-09-30,2014-10-28,2014-10-28,96,96,28,28,0,1,2.62,251.52,Delivered
PO-15387,SKU-043,WH-WI1,SUP-007,2014-10-15,2014-11-12,2014-11-09,96,96,28,25,-3,1,2.62,251.52,Delivered
PO-15388,SKU-043,WH-WI1,SUP-007,2014-11-01,2014-11-29,2014-11-29,96,96,28,28,0,1,2.62,251.52,Delivered
PO-15389,SKU-043,WH-WI1,SUP-007,2014-11-18,2014-12-16,2014-12-13,96,96,28,25,-3,1,2.62,251.52,Delivered
PO-15390,SKU-043,WH-WI1,SUP-007,2014-12-03,2014-12-31,2014-12-31,96,96,28,28,0,1,2.62,251.52,Delivered
PO-15391,SKU-043,WH-WI1,SUP-007,2014-12-20,2015-01-17,2015-01-21,96,96,28,32,4,0,2.62,251.52,Delivered
PO-15392,SKU-043,WH-WI1,SUP-007,2015-01-04,2015-02-01,2015-02-08,96,96,28,35,7,0,2.62,251.52,Delivered
PO-15393,SKU-043,WH-WI1,SUP-007,2015-01-19,2015-02-16,2015-02-13,96,96,28,25,-3,1,2.62,251.52,Delivered
PO-15394,SKU-043,WH-WI1,SUP-007,2015-02-03,2015-03-03,2015-03-03,96,96,28,28,0,1,2.62,251.52,Delivered
PO-15395,SKU-043,WH-WI1,SUP-007,2015-02-19,2015-03-19,2015-03-18,96,96,28,27,-1,1,2.62,251.52,Delivered
PO-15396,SKU-043,WH-WI1,SUP-007,2015-03-06,2015-04-03,2015-04-01,96,96,28,26,-2,1,2.62,251.52,Delivered
PO-15397,SKU-043,WH-WI1,SUP-007,2015-03-23,2015-04-20,2015-04-20,96,96,28,28,0,1,2.62,251.52,Delivered
PO-15398,SKU-043,WH-WI1,SUP-007,2015-04-08,2015-05-06,2015-05-06,96,96,28,28,0,1,2.62,251.52,Delivered
PO-15399,SKU-043,WH-WI1,SUP-007,2015-04-23,2015-05-21,2015-05-19,96,96,28,26,-2,1,2.62,251.52,Delivered
PO-15400,SKU-043,WH-WI1,SUP-007,2015-05-08,2015-06-05,2015-06-03,96,96,28,26,-2,1,2.62,251.52,Delivered
PO-15401,SKU-043,WH-WI1,SUP-007,2015-05-22,2015-06-19,2015-06-17,96,96,28,26,-2,1,2.62,251.52,Delivered
PO-15402,SKU-043,WH-WI1,SUP-007,2015-06-06,2015-07-04,2015-07-04,96,96,28,28,0,1,2.62,251.52,Delivered
PO-15403,SKU-043,WH-WI1,SUP-007,2015-06-22,2015-07-20,2015-07-18,96,96,28,26,-2,1,2.62,251.52,Delivered
PO-15404,SKU-043,WH-WI1,SUP-007,2015-07-09,2015-08-06,2015-08-06,96,96,28,28,0,1,2.62,251.52,Delivered
PO-15405,SKU-043,WH-WI1,SUP-007,2015-07-26,2015-08-23,2015-08-23,96,96,28,28,0,1,2.62,251.52,Delivered
PO-15406,SKU-043,WH-WI1,SUP-007,2015-08-10,2015-09-07,2015-09-07,96,96,28,28,0,1,2.62,251.52,Delivered
PO-15407,SKU-043,WH-WI1,SUP-007,2015-08-26,2015-09-23,2015-10-03,96,96,28,38,10,0,2.62,251.52,Delivered
PO-15408,SKU-043,WH-WI1,SUP-007,2015-09-10,2015-10-08,2015-10-06,96,96,28,26,-2,1,2.62,251.52,Delivered
PO-15409,SKU-043,WH-WI1,SUP-007,2015-09-27,2015-10-25,2015-10-22,96,96,28,25,-3,1,2.62,251.52,Delivered
PO-15410,SKU-043,WH-WI1,SUP-007,2015-10-12,2015-11-09,2015-11-11,96,96,28,30,2,0,2.62,251.52,Delivered
PO-15411,SKU-043,WH-WI1,SUP-007,2015-10-27,2015-11-24,2015-11-24,96,96,28,28,0,1,2.62,251.52,Delivered
PO-15412,SKU-043,WH-WI1,SUP-007,2015-11-12,2015-12-10,2015-12-09,96,96,28,27,-1,1,2.62,251.52,Delivered
PO-15413,SKU-043,WH-WI1,SUP-007,2015-11-27,2015-12-25,2015-12-23,96,96,28,26,-2,1,2.62,251.52,Delivered
PO-15414,SKU-043,WH-WI1,SUP-007,2015-12-11,2016-01-08,2016-02-07,96,96,28,58,30,0,2.62,251.52,Delivered
PO-15415,SKU-043,WH-WI1,SUP-007,2015-12-26,2016-01-23,2016-01-18,96,96,28,23,-5,1,2.62,251.52,Delivered
PO-15416,SKU-043,WH-WI1,SUP-007,2016-01-10,2016-02-07,2016-02-07,96,96,28,28,0,1,2.62,251.52,Delivered
PO-15417,SKU-043,WH-WI1,SUP-007,2016-01-25,2016-02-22,2016-02-22,96,96,28,28,0,1,2.62,251.52,Delivered
PO-15418,SKU-043,WH-WI1,SUP-007,2016-02-10,2016-03-09,2016-03-09,96,96,28,28,0,1,2.62,251.52,Delivered
PO-15419,SKU-043,WH-WI1,SUP-007,2016-02-25,2016-03-24,2016-03-24,96,96,28,28,0,1,2.62,251.52,Delivered
PO-15420,SKU-043,WH-WI1,SUP-007,2016-03-12,2016-04-09,2016-04-09,96,96,28,28,0,1,2.62,251.52,Delivered
PO-15421,SKU-043,WH-WI1,SUP-007,2016-03-28,2016-04-25,2016-05-05,96,0,28,38,10,0,2.62,251.52,In-Transit
PO-15422,SKU-044,WH-CA1,SUP-006,2014-04-27,2014-05-18,2014-05-12,48,48,21,15,-6,1,4.41,211.68,Delivered
PO-15423,SKU-044,WH-CA1,SUP-006,2014-05-16,2014-06-06,2014-06-06,48,48,21,21,0,1,4.41,211.68,Delivered
PO-15424,SKU-044,WH-CA1,SUP-006,2014-06-07,2014-06-28,2014-06-28,48,48,21,21,0,1,4.41,211.68,Delivered
PO-15425,SKU-044,WH-CA1,SUP-006,2014-06-27,2014-07-18,2014-07-18,48,48,21,21,0,1,4.41,211.68,Delivered
PO-15426,SKU-044,WH-CA1,SUP-006,2014-07-17,2014-08-07,2014-08-07,48,48,21,21,0,1,4.41,211.68,Delivered
PO-15427,SKU-044,WH-CA1,SUP-006,2014-08-05,2014-08-26,2014-08-26,48,48,21,21,0,1,4.41,211.68,Delivered
PO-15428,SKU-044,WH-CA1,SUP-006,2014-08-25,2014-09-15,2014-09-15,48,48,21,21,0,1,4.41,211.68,Delivered
PO-15429,SKU-044,WH-CA1,SUP-006,2014-09-13,2014-10-04,2014-10-11,48,48,21,28,7,0,4.41,211.68,Delivered
PO-15430,SKU-044,WH-CA1,SUP-006,2014-10-04,2014-10-25,2014-10-24,48,48,21,20,-1,1,4.41,211.68,Delivered
PO-15431,SKU-044,WH-CA1,SUP-006,2014-10-25,2014-11-15,2014-11-15,48,48,21,21,0,1,4.41,211.68,Delivered
PO-15432,SKU-044,WH-CA1,SUP-006,2014-11-16,2014-12-07,2014-12-06,48,48,21,20,-1,1,4.41,211.68,Delivered
PO-15433,SKU-044,WH-CA1,SUP-006,2014-12-06,2014-12-27,2014-12-27,48,48,21,21,0,1,4.41,211.68,Delivered
PO-15434,SKU-044,WH-CA1,SUP-006,2014-12-26,2015-01-16,2015-02-01,48,48,21,37,16,0,4.41,211.68,Delivered
PO-15435,SKU-044,WH-CA1,SUP-006,2015-01-16,2015-02-06,2015-02-06,48,48,21,21,0,1,4.41,211.68,Delivered
PO-15436,SKU-044,WH-CA1,SUP-006,2015-02-06,2015-02-27,2015-02-23,48,48,21,17,-4,1,4.41,211.68,Delivered
PO-15437,SKU-044,WH-CA1,SUP-006,2015-02-26,2015-03-19,2015-03-17,48,48,21,19,-2,1,4.41,211.68,Delivered
PO-15438,SKU-044,WH-CA1,SUP-006,2015-03-18,2015-04-08,2015-04-08,48,48,21,21,0,1,4.41,211.68,Delivered
PO-15439,SKU-044,WH-CA1,SUP-006,2015-04-06,2015-04-27,2015-04-27,48,48,21,21,0,1,4.41,211.68,Delivered
PO-15440,SKU-044,WH-CA1,SUP-006,2015-04-28,2015-05-19,2015-05-19,48,48,21,21,0,1,4.41,211.68,Delivered
PO-15441,SKU-044,WH-CA1,SUP-006,2015-05-17,2015-06-07,2015-06-10,48,48,21,24,3,0,4.41,211.68,Delivered
PO-15442,SKU-044,WH-CA1,SUP-006,2015-06-05,2015-06-26,2015-06-26,48,48,21,21,0,1,4.41,211.68,Delivered
PO-15443,SKU-044,WH-CA1,SUP-006,2015-06-25,2015-07-16,2015-07-16,48,48,21,21,0,1,4.41,211.68,Delivered
PO-15444,SKU-044,WH-CA1,SUP-006,2015-07-15,2015-08-05,2015-08-05,48,48,21,21,0,1,4.41,211.68,Delivered
PO-15445,SKU-044,WH-CA1,SUP-006,2015-08-03,2015-08-24,2015-08-22,48,48,21,19,-2,1,4.41,211.68,Delivered
PO-15446,SKU-044,WH-CA1,SUP-006,2015-08-24,2015-09-14,2015-09-14,48,48,21,21,0,1,4.41,211.68,Delivered
PO-15447,SKU-044,WH-CA1,SUP-006,2015-09-12,2015-10-03,2015-10-02,48,48,21,20,-1,1,4.41,211.68,Delivered
PO-15448,SKU-044,WH-CA1,SUP-006,2015-10-03,2015-10-24,2015-10-21,48,48,21,18,-3,1,4.41,211.68,Delivered
PO-15449,SKU-044,WH-CA1,SUP-006,2015-10-22,2015-11-12,2015-11-12,48,48,21,21,0,1,4.41,211.68,Delivered
PO-15450,SKU-044,WH-CA1,SUP-006,2015-11-11,2015-12-02,2015-11-30,48,48,21,19,-2,1,4.41,211.68,Delivered
PO-15451,SKU-044,WH-CA1,SUP-006,2015-12-03,2015-12-24,2015-12-24,48,48,21,21,0,1,4.41,211.68,Delivered
PO-15452,SKU-044,WH-CA1,SUP-006,2015-12-24,2016-01-14,2016-01-14,48,48,21,21,0,1,4.41,211.68,Delivered
PO-15453,SKU-044,WH-CA1,SUP-006,2016-01-14,2016-02-04,2016-02-04,48,48,21,21,0,1,4.41,211.68,Delivered
PO-15454,SKU-044,WH-CA1,SUP-006,2016-02-03,2016-02-24,2016-02-24,48,48,21,21,0,1,4.41,211.68,Delivered
PO-15455,SKU-044,WH-CA1,SUP-006,2016-02-24,2016-03-16,2016-03-14,48,48,21,19,-2,1,4.41,211.68,Delivered
PO-15456,SKU-044,WH-CA1,SUP-006,2016-03-17,2016-04-07,2016-04-04,48,48,21,18,-3,1,4.41,211.68,Delivered
PO-15457,SKU-044,WH-CA1,SUP-006,2016-04-05,2016-04-26,2016-04-24,48,48,21,19,-2,1,4.41,211.68,Delivered
PO-15458,SKU-044,WH-TX1,SUP-006,2014-05-05,2014-05-26,2014-05-26,48,48,21,21,0,1,4.41,211.68,Delivered
PO-15459,SKU-044,WH-TX1,SUP-006,2014-05-22,2014-06-12,2014-06-12,48,48,21,21,0,1,4.41,211.68,Delivered
PO-15460,SKU-044,WH-TX1,SUP-006,2014-06-11,2014-07-02,2014-06-29,48,48,21,18,-3,1,4.41,211.68,Delivered
PO-15461,SKU-044,WH-TX1,SUP-006,2014-07-01,2014-07-22,2014-07-22,48,48,21,21,0,1,4.41,211.68,Delivered
PO-15462,SKU-044,WH-TX1,SUP-006,2014-07-20,2014-08-10,2014-08-10,48,48,21,21,0,1,4.41,211.68,Delivered
PO-15463,SKU-044,WH-TX1,SUP-006,2014-08-08,2014-08-29,2014-08-29,48,48,21,21,0,1,4.41,211.68,Delivered
PO-15464,SKU-044,WH-TX1,SUP-006,2014-08-28,2014-09-18,2014-09-16,48,48,21,19,-2,1,4.41,211.68,Delivered
PO-15465,SKU-044,WH-TX1,SUP-006,2014-09-16,2014-10-07,2014-10-07,48,48,21,21,0,1,4.41,211.68,Delivered
PO-15466,SKU-044,WH-TX1,SUP-006,2014-10-06,2014-10-27,2014-10-27,48,48,21,21,0,1,4.41,211.68,Delivered
PO-15467,SKU-044,WH-TX1,SUP-006,2014-10-23,2014-11-13,2014-11-13,48,48,21,21,0,1,4.41,211.68,Delivered
PO-15468,SKU-044,WH-TX1,SUP-006,2014-11-09,2014-11-30,2014-11-30,48,48,21,21,0,1,4.41,211.68,Delivered
PO-15469,SKU-044,WH-TX1,SUP-006,2014-11-29,2014-12-20,2014-12-20,48,48,21,21,0,1,4.41,211.68,Delivered
PO-15470,SKU-044,WH-TX1,SUP-006,2014-12-18,2015-01-08,2015-01-08,48,48,21,21,0,1,4.41,211.68,Delivered
PO-15471,SKU-044,WH-TX1,SUP-006,2015-01-06,2015-01-27,2015-02-01,48,48,21,26,5,0,4.41,211.68,Delivered
PO-15472,SKU-044,WH-TX1,SUP-006,2015-01-24,2015-02-14,2015-02-14,48,48,21,21,0,1,4.41,211.68,Delivered
PO-15473,SKU-044,WH-TX1,SUP-006,2015-02-11,2015-03-04,2015-03-04,48,48,21,21,0,1,4.41,211.68,Delivered
PO-15474,SKU-044,WH-TX1,SUP-006,2015-03-02,2015-03-23,2015-04-06,48,48,21,35,14,0,4.41,211.68,Delivered
PO-15475,SKU-044,WH-TX1,SUP-006,2015-03-22,2015-04-12,2015-04-12,48,48,21,21,0,1,4.41,211.68,Delivered
PO-15476,SKU-044,WH-TX1,SUP-006,2015-04-09,2015-04-30,2015-04-30,48,48,21,21,0,1,4.41,211.68,Delivered
PO-15477,SKU-044,WH-TX1,SUP-006,2015-04-28,2015-05-19,2015-05-19,48,48,21,21,0,1,4.41,211.68,Delivered
PO-15478,SKU-044,WH-TX1,SUP-006,2015-05-18,2015-06-08,2015-06-07,48,48,21,20,-1,1,4.41,211.68,Delivered
PO-15479,SKU-044,WH-TX1,SUP-006,2015-06-05,2015-06-26,2015-06-24,48,48,21,19,-2,1,4.41,211.68,Delivered
PO-15480,SKU-044,WH-TX1,SUP-006,2015-06-22,2015-07-13,2015-07-20,48,48,21,28,7,0,4.41,211.68,Delivered
PO-15481,SKU-044,WH-TX1,SUP-006,2015-07-09,2015-07-30,2015-07-26,48,48,21,17,-4,1,4.41,211.68,Delivered
PO-15482,SKU-044,WH-TX1,SUP-006,2015-07-27,2015-08-17,2015-08-17,48,48,21,21,0,1,4.41,211.68,Delivered
PO-15483,SKU-044,WH-TX1,SUP-006,2015-08-13,2015-09-03,2015-09-01,48,48,21,19,-2,1,4.41,211.68,Delivered
PO-15484,SKU-044,WH-TX1,SUP-006,2015-08-31,2015-09-21,2015-09-20,48,48,21,20,-1,1,4.41,211.68,Delivered
PO-15485,SKU-044,WH-TX1,SUP-006,2015-09-18,2015-10-09,2015-10-07,48,48,21,19,-2,1,4.41,211.68,Delivered
PO-15486,SKU-044,WH-TX1,SUP-006,2015-10-06,2015-10-27,2015-10-27,48,48,21,21,0,1,4.41,211.68,Delivered
PO-15487,SKU-044,WH-TX1,SUP-006,2015-10-24,2015-11-14,2015-11-12,48,48,21,19,-2,1,4.41,211.68,Delivered
PO-15488,SKU-044,WH-TX1,SUP-006,2015-11-11,2015-12-02,2015-12-12,48,48,21,31,10,0,4.41,211.68,Delivered
PO-15489,SKU-044,WH-TX1,SUP-006,2015-12-01,2015-12-22,2015-12-18,48,48,21,17,-4,1,4.41,211.68,Delivered
PO-15490,SKU-044,WH-TX1,SUP-006,2015-12-18,2016-01-08,2016-01-08,48,48,21,21,0,1,4.41,211.68,Delivered
PO-15491,SKU-044,WH-TX1,SUP-006,2016-01-07,2016-01-28,2016-01-28,48,48,21,21,0,1,4.41,211.68,Delivered
PO-15492,SKU-044,WH-TX1,SUP-006,2016-01-25,2016-02-15,2016-02-15,48,48,21,21,0,1,4.41,211.68,Delivered
PO-15493,SKU-044,WH-TX1,SUP-006,2016-02-12,2016-03-04,2016-03-04,48,48,21,21,0,1,4.41,211.68,Delivered
PO-15494,SKU-044,WH-TX1,SUP-006,2016-03-03,2016-03-24,2016-03-24,48,48,21,21,0,1,4.41,211.68,Delivered
PO-15495,SKU-044,WH-TX1,SUP-006,2016-03-23,2016-04-13,2016-04-13,48,48,21,21,0,1,4.41,211.68,Delivered
PO-15496,SKU-044,WH-TX1,SUP-006,2016-04-10,2016-05-01,2016-04-29,48,0,21,19,-2,1,4.41,211.68,In-Transit
PO-15497,SKU-044,WH-WI1,SUP-006,2014-04-29,2014-05-20,2014-05-20,48,48,21,21,0,1,4.41,211.68,Delivered
PO-15498,SKU-044,WH-WI1,SUP-006,2014-05-21,2014-06-11,2014-06-11,48,48,21,21,0,1,4.41,211.68,Delivered
PO-15499,SKU-044,WH-WI1,SUP-006,2014-06-09,2014-06-30,2014-06-30,48,48,21,21,0,1,4.41,211.68,Delivered
PO-15500,SKU-044,WH-WI1,SUP-006,2014-06-28,2014-07-19,2014-07-18,48,48,21,20,-1,1,4.41,211.68,Delivered
PO-15501,SKU-044,WH-WI1,SUP-006,2014-07-19,2014-08-09,2014-08-09,48,48,21,21,0,1,4.41,211.68,Delivered
PO-15502,SKU-044,WH-WI1,SUP-006,2014-08-09,2014-08-30,2014-08-30,48,48,21,21,0,1,4.41,211.68,Delivered
PO-15503,SKU-044,WH-WI1,SUP-006,2014-08-29,2014-09-19,2014-09-26,48,48,21,28,7,0,4.41,211.68,Delivered
PO-15504,SKU-044,WH-WI1,SUP-006,2014-09-18,2014-10-09,2014-10-09,48,48,21,21,0,1,4.41,211.68,Delivered
PO-15505,SKU-044,WH-WI1,SUP-006,2014-10-07,2014-10-28,2014-10-28,48,48,21,21,0,1,4.41,211.68,Delivered
PO-15506,SKU-044,WH-WI1,SUP-006,2014-10-29,2014-11-19,2014-11-22,48,48,21,24,3,0,4.41,211.68,Delivered
PO-15507,SKU-044,WH-WI1,SUP-006,2014-11-18,2014-12-09,2014-12-09,48,48,21,21,0,1,4.41,211.68,Delivered
PO-15508,SKU-044,WH-WI1,SUP-006,2014-12-07,2014-12-28,2014-12-27,48,48,21,20,-1,1,4.41,211.68,Delivered
PO-15509,SKU-044,WH-WI1,SUP-006,2014-12-27,2015-01-17,2015-01-15,48,48,21,19,-2,1,4.41,211.68,Delivered
PO-15510,SKU-044,WH-WI1,SUP-006,2015-01-18,2015-02-08,2015-02-08,48,48,21,21,0,1,4.41,211.68,Delivered
PO-15511,SKU-044,WH-WI1,SUP-006,2015-02-08,2015-03-01,2015-03-01,48,48,21,21,0,1,4.41,211.68,Delivered
PO-15512,SKU-044,WH-WI1,SUP-006,2015-02-28,2015-03-21,2015-03-17,48,48,21,17,-4,1,4.41,211.68,Delivered
PO-15513,SKU-044,WH-WI1,SUP-006,2015-03-21,2015-04-11,2015-04-11,48,48,21,21,0,1,4.41,211.68,Delivered
PO-15514,SKU-044,WH-WI1,SUP-006,2015-04-11,2015-05-02,2015-05-15,48,48,21,34,13,0,4.41,211.68,Delivered
PO-15515,SKU-044,WH-WI1,SUP-006,2015-04-30,2015-05-21,2015-05-21,48,48,21,21,0,1,4.41,211.68,Delivered
PO-15516,SKU-044,WH-WI1,SUP-006,2015-05-20,2015-06-10,2015-06-10,48,48,21,21,0,1,4.41,211.68,Delivered
PO-15517,SKU-044,WH-WI1,SUP-006,2015-06-09,2015-06-30,2015-06-30,48,48,21,21,0,1,4.41,211.68,Delivered
PO-15518,SKU-044,WH-WI1,SUP-006,2015-06-28,2015-07-19,2015-07-16,48,48,21,18,-3,1,4.41,211.68,Delivered
PO-15519,SKU-044,WH-WI1,SUP-006,2015-07-19,2015-08-09,2015-08-09,48,48,21,21,0,1,4.41,211.68,Delivered
PO-15520,SKU-044,WH-WI1,SUP-006,2015-08-07,2015-08-28,2015-08-28,48,48,21,21,0,1,4.41,211.68,Delivered
PO-15521,SKU-044,WH-WI1,SUP-006,2015-08-29,2015-09-19,2015-09-16,48,48,21,18,-3,1,4.41,211.68,Delivered
PO-15522,SKU-044,WH-WI1,SUP-006,2015-09-17,2015-10-08,2015-10-08,48,48,21,21,0,1,4.41,211.68,Delivered
PO-15523,SKU-044,WH-WI1,SUP-006,2015-10-08,2015-10-29,2015-10-29,48,48,21,21,0,1,4.41,211.68,Delivered
PO-15524,SKU-044,WH-WI1,SUP-006,2015-10-27,2015-11-17,2015-11-15,48,48,21,19,-2,1,4.41,211.68,Delivered
PO-15525,SKU-044,WH-WI1,SUP-006,2015-11-15,2015-12-06,2015-12-06,48,48,21,21,0,1,4.41,211.68,Delivered
PO-15526,SKU-044,WH-WI1,SUP-006,2015-12-05,2015-12-26,2015-12-25,48,48,21,20,-1,1,4.41,211.68,Delivered
PO-15527,SKU-044,WH-WI1,SUP-006,2015-12-25,2016-01-15,2016-01-13,48,48,21,19,-2,1,4.41,211.68,Delivered
PO-15528,SKU-044,WH-WI1,SUP-006,2016-01-13,2016-02-03,2016-02-03,48,48,21,21,0,1,4.41,211.68,Delivered
PO-15529,SKU-044,WH-WI1,SUP-006,2016-02-01,2016-02-22,2016-02-19,48,48,21,18,-3,1,4.41,211.68,Delivered
PO-15530,SKU-044,WH-WI1,SUP-006,2016-02-20,2016-03-12,2016-03-11,48,48,21,20,-1,1,4.41,211.68,Delivered
PO-15531,SKU-044,WH-WI1,SUP-006,2016-03-13,2016-04-03,2016-04-03,48,48,21,21,0,1,4.41,211.68,Delivered
PO-15532,SKU-044,WH-WI1,SUP-006,2016-04-01,2016-04-22,2016-04-20,48,48,21,19,-2,1,4.41,211.68,Delivered
PO-15533,SKU-045,WH-CA1,SUP-007,2014-04-27,2014-05-25,2014-06-02,96,96,28,36,8,0,1.04,99.84,Delivered
PO-15534,SKU-045,WH-CA1,SUP-007,2014-05-13,2014-06-10,2014-06-10,96,96,28,28,0,1,1.04,99.84,Delivered
PO-15535,SKU-045,WH-CA1,SUP-007,2014-05-28,2014-06-25,2014-06-21,96,96,28,24,-4,1,1.04,99.84,Delivered
PO-15536,SKU-045,WH-CA1,SUP-007,2014-06-12,2014-07-10,2014-07-10,96,96,28,28,0,1,1.04,99.84,Delivered
PO-15537,SKU-045,WH-CA1,SUP-007,2014-06-28,2014-07-26,2014-07-23,96,96,28,25,-3,1,1.04,99.84,Delivered
PO-15538,SKU-045,WH-CA1,SUP-007,2014-07-13,2014-08-10,2014-08-10,96,96,28,28,0,1,1.04,99.84,Delivered
PO-15539,SKU-045,WH-CA1,SUP-007,2014-07-29,2014-08-26,2014-08-30,96,96,28,32,4,0,1.04,99.84,Delivered
PO-15540,SKU-045,WH-CA1,SUP-007,2014-08-12,2014-09-09,2014-09-09,96,96,28,28,0,1,1.04,99.84,Delivered
PO-15541,SKU-045,WH-CA1,SUP-007,2014-08-26,2014-09-23,2014-10-11,96,96,28,46,18,0,1.04,99.84,Delivered
PO-15542,SKU-045,WH-CA1,SUP-007,2014-09-09,2014-10-07,2014-10-13,96,96,28,34,6,0,1.04,99.84,Delivered
PO-15543,SKU-045,WH-CA1,SUP-007,2014-09-24,2014-10-22,2014-10-22,96,96,28,28,0,1,1.04,99.84,Delivered
PO-15544,SKU-045,WH-CA1,SUP-007,2014-10-11,2014-11-08,2014-11-08,96,96,28,28,0,1,1.04,99.84,Delivered
PO-15545,SKU-045,WH-CA1,SUP-007,2014-10-27,2014-11-24,2014-11-22,96,96,28,26,-2,1,1.04,99.84,Delivered
PO-15546,SKU-045,WH-CA1,SUP-007,2014-11-10,2014-12-08,2014-12-14,96,96,28,34,6,0,1.04,99.84,Delivered
PO-15547,SKU-045,WH-CA1,SUP-007,2014-11-26,2014-12-24,2014-12-23,96,96,28,27,-1,1,1.04,99.84,Delivered
PO-15548,SKU-045,WH-CA1,SUP-007,2014-12-11,2015-01-08,2015-01-08,96,96,28,28,0,1,1.04,99.84,Delivered
PO-15549,SKU-045,WH-CA1,SUP-007,2014-12-28,2015-01-25,2015-01-23,96,96,28,26,-2,1,1.04,99.84,Delivered
PO-15550,SKU-045,WH-CA1,SUP-007,2015-01-13,2015-02-10,2015-02-08,96,96,28,26,-2,1,1.04,99.84,Delivered
PO-15551,SKU-045,WH-CA1,SUP-007,2015-01-28,2015-02-25,2015-02-25,96,96,28,28,0,1,1.04,99.84,Delivered
PO-15552,SKU-045,WH-CA1,SUP-007,2015-02-11,2015-03-11,2015-03-05,96,96,28,22,-6,1,1.04,99.84,Delivered
PO-15553,SKU-045,WH-CA1,SUP-007,2015-02-27,2015-03-27,2015-03-19,96,96,28,20,-8,1,1.04,99.84,Delivered
PO-15554,SKU-045,WH-CA1,SUP-007,2015-03-14,2015-04-11,2015-04-11,96,96,28,28,0,1,1.04,99.84,Delivered
PO-15555,SKU-045,WH-CA1,SUP-007,2015-03-31,2015-04-28,2015-04-26,96,96,28,26,-2,1,1.04,99.84,Delivered
PO-15556,SKU-045,WH-CA1,SUP-007,2015-04-15,2015-05-13,2015-05-08,96,96,28,23,-5,1,1.04,99.84,Delivered
PO-15557,SKU-045,WH-CA1,SUP-007,2015-04-30,2015-05-28,2015-05-28,96,96,28,28,0,1,1.04,99.84,Delivered
PO-15558,SKU-045,WH-CA1,SUP-007,2015-05-17,2015-06-14,2015-06-14,96,96,28,28,0,1,1.04,99.84,Delivered
PO-15559,SKU-045,WH-CA1,SUP-007,2015-06-02,2015-06-30,2015-07-04,96,96,28,32,4,0,1.04,99.84,Delivered
PO-15560,SKU-045,WH-CA1,SUP-007,2015-06-17,2015-07-15,2015-07-30,96,96,28,43,15,0,1.04,99.84,Delivered
PO-15561,SKU-045,WH-CA1,SUP-007,2015-07-04,2015-08-01,2015-07-28,96,96,28,24,-4,1,1.04,99.84,Delivered
PO-15562,SKU-045,WH-CA1,SUP-007,2015-07-19,2015-08-16,2015-08-16,96,96,28,28,0,1,1.04,99.84,Delivered
PO-15563,SKU-045,WH-CA1,SUP-007,2015-08-02,2015-08-30,2015-08-25,96,96,28,23,-5,1,1.04,99.84,Delivered
PO-15564,SKU-045,WH-CA1,SUP-007,2015-08-16,2015-09-13,2015-09-13,96,96,28,28,0,1,1.04,99.84,Delivered
PO-15565,SKU-045,WH-CA1,SUP-007,2015-08-30,2015-09-27,2015-10-01,96,96,28,32,4,0,1.04,99.84,Delivered
PO-15566,SKU-045,WH-CA1,SUP-007,2015-09-14,2015-10-12,2015-10-23,96,96,28,39,11,0,1.04,99.84,Delivered
PO-15567,SKU-045,WH-CA1,SUP-007,2015-09-30,2015-10-28,2015-10-28,96,96,28,28,0,1,1.04,99.84,Delivered
PO-15568,SKU-045,WH-CA1,SUP-007,2015-10-16,2015-11-13,2015-11-13,96,96,28,28,0,1,1.04,99.84,Delivered
PO-15569,SKU-045,WH-CA1,SUP-007,2015-10-31,2015-11-28,2015-12-06,96,96,28,36,8,0,1.04,99.84,Delivered
PO-15570,SKU-045,WH-CA1,SUP-007,2015-11-15,2015-12-13,2015-12-12,96,96,28,27,-1,1,1.04,99.84,Delivered
PO-15571,SKU-045,WH-CA1,SUP-007,2015-12-01,2015-12-29,2015-12-29,96,96,28,28,0,1,1.04,99.84,Delivered
PO-15572,SKU-045,WH-CA1,SUP-007,2015-12-15,2016-01-12,2016-01-15,96,96,28,31,3,0,1.04,99.84,Delivered
PO-15573,SKU-045,WH-CA1,SUP-007,2015-12-30,2016-01-27,2016-01-21,96,96,28,22,-6,1,1.04,99.84,Delivered
PO-15574,SKU-045,WH-CA1,SUP-007,2016-01-14,2016-02-11,2016-02-12,96,96,28,29,1,0,1.04,99.84,Delivered
PO-15575,SKU-045,WH-CA1,SUP-007,2016-01-30,2016-02-27,2016-02-27,96,96,28,28,0,1,1.04,99.84,Delivered
PO-15576,SKU-045,WH-CA1,SUP-007,2016-02-16,2016-03-15,2016-03-15,96,96,28,28,0,1,1.04,99.84,Delivered
PO-15577,SKU-045,WH-CA1,SUP-007,2016-03-02,2016-03-30,2016-04-29,96,0,28,58,30,0,1.04,99.84,In-Transit
PO-15578,SKU-045,WH-CA1,SUP-007,2016-03-19,2016-04-16,2016-05-10,96,0,28,52,24,0,1.04,99.84,In-Transit
PO-15579,SKU-045,WH-CA1,SUP-007,2016-04-03,2016-05-01,2016-05-14,96,0,28,41,13,0,1.04,99.84,In-Transit
PO-15580,SKU-045,WH-TX1,SUP-007,2014-04-27,2014-05-25,2014-05-19,96,96,28,22,-6,1,1.04,99.84,Delivered
PO-15581,SKU-045,WH-TX1,SUP-007,2014-05-16,2014-06-13,2014-06-13,96,96,28,28,0,1,1.04,99.84,Delivered
PO-15582,SKU-045,WH-TX1,SUP-007,2014-06-03,2014-07-01,2014-06-25,96,96,28,22,-6,1,1.04,99.84,Delivered
PO-15583,SKU-045,WH-TX1,SUP-007,2014-06-20,2014-07-18,2014-08-01,96,96,28,42,14,0,1.04,99.84,Delivered
PO-15584,SKU-045,WH-TX1,SUP-007,2014-07-07,2014-08-04,2014-08-04,96,96,28,28,0,1,1.04,99.84,Delivered
PO-15585,SKU-045,WH-TX1,SUP-007,2014-07-25,2014-08-22,2014-08-16,96,96,28,22,-6,1,1.04,99.84,Delivered
PO-15586,SKU-045,WH-TX1,SUP-007,2014-08-12,2014-09-09,2014-09-06,96,96,28,25,-3,1,1.04,99.84,Delivered
PO-15587,SKU-045,WH-TX1,SUP-007,2014-08-30,2014-09-27,2014-09-27,96,96,28,28,0,1,1.04,99.84,Delivered
PO-15588,SKU-045,WH-TX1,SUP-007,2014-09-16,2014-10-14,2014-10-14,96,96,28,28,0,1,1.04,99.84,Delivered
PO-15589,SKU-045,WH-TX1,SUP-007,2014-10-05,2014-11-02,2014-10-29,96,96,28,24,-4,1,1.04,99.84,Delivered
PO-15590,SKU-045,WH-TX1,SUP-007,2014-10-25,2014-11-22,2014-11-22,96,96,28,28,0,1,1.04,99.84,Delivered
PO-15591,SKU-045,WH-TX1,SUP-007,2014-11-12,2014-12-10,2014-12-06,96,96,28,24,-4,1,1.04,99.84,Delivered
PO-15592,SKU-045,WH-TX1,SUP-007,2014-11-29,2014-12-27,2014-12-23,96,96,28,24,-4,1,1.04,99.84,Delivered
PO-15593,SKU-045,WH-TX1,SUP-007,2014-12-17,2015-01-14,2015-01-14,96,96,28,28,0,1,1.04,99.84,Delivered
PO-15594,SKU-045,WH-TX1,SUP-007,2015-01-04,2015-02-01,2015-01-27,96,96,28,23,-5,1,1.04,99.84,Delivered
PO-15595,SKU-045,WH-TX1,SUP-007,2015-01-22,2015-02-19,2015-02-25,96,96,28,34,6,0,1.04,99.84,Delivered
PO-15596,SKU-045,WH-TX1,SUP-007,2015-02-09,2015-03-09,2015-03-18,96,96,28,37,9,0,1.04,99.84,Delivered
PO-15597,SKU-045,WH-TX1,SUP-007,2015-02-27,2015-03-27,2015-03-25,96,96,28,26,-2,1,1.04,99.84,Delivered
PO-15598,SKU-045,WH-TX1,SUP-007,2015-03-18,2015-04-15,2015-04-15,96,96,28,28,0,1,1.04,99.84,Delivered
PO-15599,SKU-045,WH-TX1,SUP-007,2015-04-05,2015-05-03,2015-05-03,96,96,28,28,0,1,1.04,99.84,Delivered
PO-15600,SKU-045,WH-TX1,SUP-007,2015-04-22,2015-05-20,2015-05-19,96,96,28,27,-1,1,1.04,99.84,Delivered
PO-15601,SKU-045,WH-TX1,SUP-007,2015-05-12,2015-06-09,2015-06-09,96,96,28,28,0,1,1.04,99.84,Delivered
PO-15602,SKU-045,WH-TX1,SUP-007,2015-05-30,2015-06-27,2015-06-27,96,96,28,28,0,1,1.04,99.84,Delivered
PO-15603,SKU-045,WH-TX1,SUP-007,2015-06-19,2015-07-17,2015-07-17,96,96,28,28,0,1,1.04,99.84,Delivered
PO-15604,SKU-045,WH-TX1,SUP-007,2015-07-06,2015-08-03,2015-07-30,96,96,28,24,-4,1,1.04,99.84,Delivered
PO-15605,SKU-045,WH-TX1,SUP-007,2015-07-25,2015-08-22,2015-08-22,96,96,28,28,0,1,1.04,99.84,Delivered
PO-15606,SKU-045,WH-TX1,SUP-007,2015-08-13,2015-09-10,2015-09-10,96,96,28,28,0,1,1.04,99.84,Delivered
PO-15607,SKU-045,WH-TX1,SUP-007,2015-08-30,2015-09-27,2015-09-27,96,96,28,28,0,1,1.04,99.84,Delivered
PO-15608,SKU-045,WH-TX1,SUP-007,2015-09-17,2015-10-15,2015-10-13,96,96,28,26,-2,1,1.04,99.84,Delivered
PO-15609,SKU-045,WH-TX1,SUP-007,2015-10-06,2015-11-03,2015-11-03,96,96,28,28,0,1,1.04,99.84,Delivered
PO-15610,SKU-045,WH-TX1,SUP-007,2015-10-24,2015-11-21,2015-11-20,96,96,28,27,-1,1,1.04,99.84,Delivered
PO-15611,SKU-045,WH-TX1,SUP-007,2015-11-11,2015-12-09,2015-12-13,96,96,28,32,4,0,1.04,99.84,Delivered
PO-15612,SKU-045,WH-TX1,SUP-007,2015-12-01,2015-12-29,2015-12-27,96,96,28,26,-2,1,1.04,99.84,Delivered
PO-15613,SKU-045,WH-TX1,SUP-007,2015-12-18,2016-01-15,2016-01-14,96,96,28,27,-1,1,1.04,99.84,Delivered
PO-15614,SKU-045,WH-TX1,SUP-007,2016-01-05,2016-02-02,2016-02-02,96,96,28,28,0,1,1.04,99.84,Delivered
PO-15615,SKU-045,WH-TX1,SUP-007,2016-01-23,2016-02-20,2016-02-15,96,96,28,23,-5,1,1.04,99.84,Delivered
PO-15616,SKU-045,WH-TX1,SUP-007,2016-02-12,2016-03-11,2016-03-11,96,96,28,28,0,1,1.04,99.84,Delivered
PO-15617,SKU-045,WH-TX1,SUP-007,2016-03-02,2016-03-30,2016-03-30,96,96,28,28,0,1,1.04,99.84,Delivered
PO-15618,SKU-045,WH-TX1,SUP-007,2016-03-21,2016-04-18,2016-04-18,96,96,28,28,0,1,1.04,99.84,Delivered
PO-15619,SKU-045,WH-TX1,SUP-007,2016-04-09,2016-05-07,2016-05-07,96,0,28,28,0,1,1.04,99.84,In-Transit
PO-15620,SKU-045,WH-WI1,SUP-007,2014-05-04,2014-06-01,2014-05-31,96,96,28,27,-1,1,1.04,99.84,Delivered
PO-15621,SKU-045,WH-WI1,SUP-007,2014-05-26,2014-06-23,2014-06-23,96,96,28,28,0,1,1.04,99.84,Delivered
PO-15622,SKU-045,WH-WI1,SUP-007,2014-06-19,2014-07-17,2014-07-17,96,96,28,28,0,1,1.04,99.84,Delivered
PO-15623,SKU-045,WH-WI1,SUP-007,2014-07-12,2014-08-09,2014-08-05,96,96,28,24,-4,1,1.04,99.84,Delivered
PO-15624,SKU-045,WH-WI1,SUP-007,2014-08-05,2014-09-02,2014-09-01,96,96,28,27,-1,1,1.04,99.84,Delivered
PO-15625,SKU-045,WH-WI1,SUP-007,2014-08-28,2014-09-25,2014-09-21,96,96,28,24,-4,1,1.04,99.84,Delivered
PO-15626,SKU-045,WH-WI1,SUP-007,2014-09-19,2014-10-17,2014-10-17,96,96,28,28,0,1,1.04,99.84,Delivered
PO-15627,SKU-045,WH-WI1,SUP-007,2014-10-12,2014-11-09,2014-11-09,96,96,28,28,0,1,1.04,99.84,Delivered
PO-15628,SKU-045,WH-WI1,SUP-007,2014-11-03,2014-12-01,2014-12-01,96,96,28,28,0,1,1.04,99.84,Delivered
PO-15629,SKU-045,WH-WI1,SUP-007,2014-11-25,2014-12-23,2014-12-21,96,96,28,26,-2,1,1.04,99.84,Delivered
PO-15630,SKU-045,WH-WI1,SUP-007,2014-12-19,2015-01-16,2015-01-16,96,96,28,28,0,1,1.04,99.84,Delivered
PO-15631,SKU-045,WH-WI1,SUP-007,2015-01-09,2015-02-06,2015-02-06,96,96,28,28,0,1,1.04,99.84,Delivered
PO-15632,SKU-045,WH-WI1,SUP-007,2015-01-30,2015-02-27,2015-02-27,96,96,28,28,0,1,1.04,99.84,Delivered
PO-15633,SKU-045,WH-WI1,SUP-007,2015-02-21,2015-03-21,2015-03-21,96,96,28,28,0,1,1.04,99.84,Delivered
PO-15634,SKU-045,WH-WI1,SUP-007,2015-03-17,2015-04-14,2015-04-14,96,96,28,28,0,1,1.04,99.84,Delivered
PO-15635,SKU-045,WH-WI1,SUP-007,2015-04-07,2015-05-05,2015-05-02,96,96,28,25,-3,1,1.04,99.84,Delivered
PO-15636,SKU-045,WH-WI1,SUP-007,2015-04-29,2015-05-27,2015-05-23,96,96,28,24,-4,1,1.04,99.84,Delivered
PO-15637,SKU-045,WH-WI1,SUP-007,2015-05-22,2015-06-19,2015-06-19,96,96,28,28,0,1,1.04,99.84,Delivered
PO-15638,SKU-045,WH-WI1,SUP-007,2015-06-12,2015-07-10,2015-07-18,96,96,28,36,8,0,1.04,99.84,Delivered
PO-15639,SKU-045,WH-WI1,SUP-007,2015-07-06,2015-08-03,2015-08-03,96,96,28,28,0,1,1.04,99.84,Delivered
PO-15640,SKU-045,WH-WI1,SUP-007,2015-07-29,2015-08-26,2015-08-26,96,96,28,28,0,1,1.04,99.84,Delivered
PO-15641,SKU-045,WH-WI1,SUP-007,2015-08-20,2015-09-17,2015-09-22,96,96,28,33,5,0,1.04,99.84,Delivered
PO-15642,SKU-045,WH-WI1,SUP-007,2015-09-11,2015-10-09,2015-10-09,96,96,28,28,0,1,1.04,99.84,Delivered
PO-15643,SKU-045,WH-WI1,SUP-007,2015-10-04,2015-11-01,2015-11-01,96,96,28,28,0,1,1.04,99.84,Delivered
PO-15644,SKU-045,WH-WI1,SUP-007,2015-10-27,2015-11-24,2015-11-24,96,96,28,28,0,1,1.04,99.84,Delivered
PO-15645,SKU-045,WH-WI1,SUP-007,2015-11-18,2015-12-16,2015-12-29,96,96,28,41,13,0,1.04,99.84,Delivered
PO-15646,SKU-045,WH-WI1,SUP-007,2015-12-12,2016-01-09,2016-01-09,96,96,28,28,0,1,1.04,99.84,Delivered
PO-15647,SKU-045,WH-WI1,SUP-007,2016-01-03,2016-01-31,2016-01-31,96,96,28,28,0,1,1.04,99.84,Delivered
PO-15648,SKU-045,WH-WI1,SUP-007,2016-01-26,2016-02-23,2016-02-23,96,96,28,28,0,1,1.04,99.84,Delivered
PO-15649,SKU-045,WH-WI1,SUP-007,2016-02-19,2016-03-18,2016-03-18,96,96,28,28,0,1,1.04,99.84,Delivered
PO-15650,SKU-045,WH-WI1,SUP-007,2016-03-12,2016-04-09,2016-04-09,96,96,28,28,0,1,1.04,99.84,Delivered
PO-15651,SKU-045,WH-WI1,SUP-007,2016-04-03,2016-05-01,2016-05-01,96,0,28,28,0,1,1.04,99.84,In-Transit
PO-15652,SKU-046,WH-CA1,SUP-006,2014-04-30,2014-05-21,2014-05-21,96,96,21,21,0,1,0.82,78.72,Delivered
PO-15653,SKU-046,WH-CA1,SUP-006,2014-05-22,2014-06-12,2014-06-12,96,96,21,21,0,1,0.82,78.72,Delivered
PO-15654,SKU-046,WH-CA1,SUP-006,2014-06-11,2014-07-02,2014-07-04,96,96,21,23,2,0,0.82,78.72,Delivered
PO-15655,SKU-046,WH-CA1,SUP-006,2014-07-03,2014-07-24,2014-07-21,96,96,21,18,-3,1,0.82,78.72,Delivered
PO-15656,SKU-046,WH-CA1,SUP-006,2014-07-23,2014-08-13,2014-08-13,96,96,21,21,0,1,0.82,78.72,Delivered
PO-15657,SKU-046,WH-CA1,SUP-006,2014-08-14,2014-09-04,2014-09-29,96,96,21,46,25,0,0.82,78.72,Delivered
PO-15658,SKU-046,WH-CA1,SUP-006,2014-09-03,2014-09-24,2014-09-29,96,96,21,26,5,0,0.82,78.72,Delivered
PO-15659,SKU-046,WH-CA1,SUP-006,2014-09-25,2014-10-16,2014-10-16,96,96,21,21,0,1,0.82,78.72,Delivered
PO-15660,SKU-046,WH-CA1,SUP-006,2014-10-17,2014-11-07,2014-11-07,96,96,21,21,0,1,0.82,78.72,Delivered
PO-15661,SKU-046,WH-CA1,SUP-006,2014-11-07,2014-11-28,2014-11-28,96,96,21,21,0,1,0.82,78.72,Delivered
PO-15662,SKU-046,WH-CA1,SUP-006,2014-11-26,2014-12-17,2014-12-17,96,96,21,21,0,1,0.82,78.72,Delivered
PO-15663,SKU-046,WH-CA1,SUP-006,2014-12-15,2015-01-05,2015-01-05,96,96,21,21,0,1,0.82,78.72,Delivered
PO-15664,SKU-046,WH-CA1,SUP-006,2015-01-04,2015-01-25,2015-01-22,96,96,21,18,-3,1,0.82,78.72,Delivered
PO-15665,SKU-046,WH-CA1,SUP-006,2015-01-25,2015-02-15,2015-02-07,96,96,21,13,-8,1,0.82,78.72,Delivered
PO-15666,SKU-046,WH-CA1,SUP-006,2015-02-14,2015-03-07,2015-03-07,96,96,21,21,0,1,0.82,78.72,Delivered
PO-15667,SKU-046,WH-CA1,SUP-006,2015-03-06,2015-03-27,2015-03-25,96,96,21,19,-2,1,0.82,78.72,Delivered
PO-15668,SKU-046,WH-CA1,SUP-006,2015-03-28,2015-04-18,2015-04-18,96,96,21,21,0,1,0.82,78.72,Delivered
PO-15669,SKU-046,WH-CA1,SUP-006,2015-04-18,2015-05-09,2015-05-05,96,96,21,17,-4,1,0.82,78.72,Delivered
PO-15670,SKU-046,WH-CA1,SUP-006,2015-05-10,2015-05-31,2015-06-05,96,96,21,26,5,0,0.82,78.72,Delivered
PO-15671,SKU-046,WH-CA1,SUP-006,2015-06-01,2015-06-22,2015-06-19,96,96,21,18,-3,1,0.82,78.72,Delivered
PO-15672,SKU-046,WH-CA1,SUP-006,2015-06-23,2015-07-14,2015-07-14,96,96,21,21,0,1,0.82,78.72,Delivered
PO-15673,SKU-046,WH-CA1,SUP-006,2015-07-13,2015-08-03,2015-08-02,96,96,21,20,-1,1,0.82,78.72,Delivered
PO-15674,SKU-046,WH-CA1,SUP-006,2015-08-02,2015-08-23,2015-09-12,96,96,21,41,20,0,0.82,78.72,Delivered
PO-15675,SKU-046,WH-CA1,SUP-006,2015-08-23,2015-09-13,2015-09-26,96,96,21,34,13,0,0.82,78.72,Delivered
PO-15676,SKU-046,WH-CA1,SUP-006,2015-09-11,2015-10-02,2015-10-02,96,96,21,21,0,1,0.82,78.72,Delivered
PO-15677,SKU-046,WH-CA1,SUP-006,2015-10-03,2015-10-24,2015-10-20,96,96,21,17,-4,1,0.82,78.72,Delivered
PO-15678,SKU-046,WH-CA1,SUP-006,2015-10-24,2015-11-14,2015-11-20,96,96,21,27,6,0,0.82,78.72,Delivered
PO-15679,SKU-046,WH-CA1,SUP-006,2015-11-15,2015-12-06,2015-12-06,96,96,21,21,0,1,0.82,78.72,Delivered
PO-15680,SKU-046,WH-CA1,SUP-006,2015-12-05,2015-12-26,2015-12-25,96,96,21,20,-1,1,0.82,78.72,Delivered
PO-15681,SKU-046,WH-CA1,SUP-006,2015-12-25,2016-01-15,2016-01-12,96,96,21,18,-3,1,0.82,78.72,Delivered
PO-15682,SKU-046,WH-CA1,SUP-006,2016-01-15,2016-02-05,2016-02-04,96,96,21,20,-1,1,0.82,78.72,Delivered
PO-15683,SKU-046,WH-CA1,SUP-006,2016-02-04,2016-02-25,2016-02-25,96,96,21,21,0,1,0.82,78.72,Delivered
PO-15684,SKU-046,WH-CA1,SUP-006,2016-02-24,2016-03-16,2016-03-15,96,96,21,20,-1,1,0.82,78.72,Delivered
PO-15685,SKU-046,WH-CA1,SUP-006,2016-03-15,2016-04-05,2016-04-04,96,96,21,20,-1,1,0.82,78.72,Delivered
PO-15686,SKU-046,WH-CA1,SUP-006,2016-04-04,2016-04-25,2016-05-07,96,0,21,33,12,0,0.82,78.72,In-Transit
PO-15687,SKU-046,WH-TX1,SUP-006,2014-05-03,2014-05-24,2014-05-20,96,96,21,17,-4,1,0.82,78.72,Delivered
PO-15688,SKU-046,WH-TX1,SUP-006,2014-05-19,2014-06-09,2014-06-09,96,96,21,21,0,1,0.82,78.72,Delivered
PO-15689,SKU-046,WH-TX1,SUP-006,2014-06-04,2014-06-25,2014-06-25,96,96,21,21,0,1,0.82,78.72,Delivered
PO-15690,SKU-046,WH-TX1,SUP-006,2014-06-20,2014-07-11,2014-07-11,96,96,21,21,0,1,0.82,78.72,Delivered
PO-15691,SKU-046,WH-TX1,SUP-006,2014-07-06,2014-07-27,2014-07-27,96,96,21,21,0,1,0.82,78.72,Delivered
PO-15692,SKU-046,WH-TX1,SUP-006,2014-07-21,2014-08-11,2014-08-11,96,96,21,21,0,1,0.82,78.72,Delivered
PO-15693,SKU-046,WH-TX1,SUP-006,2014-08-05,2014-08-26,2014-09-29,96,96,21,55,34,0,0.82,78.72,Delivered
PO-15694,SKU-046,WH-TX1,SUP-006,2014-08-21,2014-09-11,2014-09-11,96,96,21,21,0,1,0.82,78.72,Delivered
PO-15695,SKU-046,WH-TX1,SUP-006,2014-09-07,2014-09-28,2014-09-28,96,96,21,21,0,1,0.82,78.72,Delivered
PO-15696,SKU-046,WH-TX1,SUP-006,2014-09-25,2014-10-16,2014-10-16,96,96,21,21,0,1,0.82,78.72,Delivered
PO-15697,SKU-046,WH-TX1,SUP-006,2014-10-13,2014-11-03,2014-11-02,96,96,21,20,-1,1,0.82,78.72,Delivered
PO-15698,SKU-046,WH-TX1,SUP-006,2014-10-29,2014-11-19,2014-11-19,96,96,21,21,0,1,0.82,78.72,Delivered
PO-15699,SKU-046,WH-TX1,SUP-006,2014-11-16,2014-12-07,2014-12-10,96,96,21,24,3,0,0.82,78.72,Delivered
PO-15700,SKU-046,WH-TX1,SUP-006,2014-12-01,2014-12-22,2014-12-22,96,96,21,21,0,1,0.82,78.72,Delivered
PO-15701,SKU-046,WH-TX1,SUP-006,2014-12-17,2015-01-07,2015-01-07,96,96,21,21,0,1,0.82,78.72,Delivered
PO-15702,SKU-046,WH-TX1,SUP-006,2015-01-02,2015-01-23,2015-01-21,96,96,21,19,-2,1,0.82,78.72,Delivered
PO-15703,SKU-046,WH-TX1,SUP-006,2015-01-18,2015-02-08,2015-02-07,96,96,21,20,-1,1,0.82,78.72,Delivered
PO-15704,SKU-046,WH-TX1,SUP-006,2015-02-05,2015-02-26,2015-02-26,96,96,21,21,0,1,0.82,78.72,Delivered
PO-15705,SKU-046,WH-TX1,SUP-006,2015-02-22,2015-03-15,2015-03-15,96,96,21,21,0,1,0.82,78.72,Delivered
PO-15706,SKU-046,WH-TX1,SUP-006,2015-03-11,2015-04-01,2015-04-01,96,96,21,21,0,1,0.82,78.72,Delivered
PO-15707,SKU-046,WH-TX1,SUP-006,2015-03-29,2015-04-19,2015-04-19,96,96,21,21,0,1,0.82,78.72,Delivered
PO-15708,SKU-046,WH-TX1,SUP-006,2015-04-14,2015-05-05,2015-05-11,96,96,21,27,6,0,0.82,78.72,Delivered
PO-15709,SKU-046,WH-TX1,SUP-006,2015-05-02,2015-05-23,2015-05-23,96,96,21,21,0,1,0.82,78.72,Delivered
PO-15710,SKU-046,WH-TX1,SUP-006,2015-05-18,2015-06-08,2015-07-01,96,96,21,44,23,0,0.82,78.72,Delivered
PO-15711,SKU-046,WH-TX1,SUP-006,2015-06-05,2015-06-26,2015-06-26,96,96,21,21,0,1,0.82,78.72,Delivered
PO-15712,SKU-046,WH-TX1,SUP-006,2015-06-22,2015-07-13,2015-07-13,96,96,21,21,0,1,0.82,78.72,Delivered
PO-15713,SKU-046,WH-TX1,SUP-006,2015-07-10,2015-07-31,2015-07-31,96,96,21,21,0,1,0.82,78.72,Delivered
PO-15714,SKU-046,WH-TX1,SUP-006,2015-07-28,2015-08-18,2015-08-18,96,96,21,21,0,1,0.82,78.72,Delivered
PO-15715,SKU-046,WH-TX1,SUP-006,2015-08-13,2015-09-03,2015-08-31,96,96,21,18,-3,1,0.82,78.72,Delivered
PO-15716,SKU-046,WH-TX1,SUP-006,2015-08-28,2015-09-18,2015-09-21,96,96,21,24,3,0,0.82,78.72,Delivered
PO-15717,SKU-046,WH-TX1,SUP-006,2015-09-13,2015-10-04,2015-10-02,96,96,21,19,-2,1,0.82,78.72,Delivered
PO-15718,SKU-046,WH-TX1,SUP-006,2015-09-28,2015-10-19,2015-10-19,96,96,21,21,0,1,0.82,78.72,Delivered
PO-15719,SKU-046,WH-TX1,SUP-006,2015-10-13,2015-11-03,2015-11-02,96,96,21,20,-1,1,0.82,78.72,Delivered
PO-15720,SKU-046,WH-TX1,SUP-006,2015-10-29,2015-11-19,2015-11-19,96,96,21,21,0,1,0.82,78.72,Delivered
PO-15721,SKU-046,WH-TX1,SUP-006,2015-11-13,2015-12-04,2015-12-22,96,96,21,39,18,0,0.82,78.72,Delivered
PO-15722,SKU-046,WH-TX1,SUP-006,2015-11-28,2015-12-19,2015-12-22,96,96,21,24,3,0,0.82,78.72,Delivered
PO-15723,SKU-046,WH-TX1,SUP-006,2015-12-13,2016-01-03,2016-01-03,96,96,21,21,0,1,0.82,78.72,Delivered
PO-15724,SKU-046,WH-TX1,SUP-006,2015-12-29,2016-01-19,2016-01-16,96,96,21,18,-3,1,0.82,78.72,Delivered
PO-15725,SKU-046,WH-TX1,SUP-006,2016-01-15,2016-02-05,2016-02-05,96,96,21,21,0,1,0.82,78.72,Delivered
PO-15726,SKU-046,WH-TX1,SUP-006,2016-01-30,2016-02-20,2016-02-20,96,96,21,21,0,1,0.82,78.72,Delivered
PO-15727,SKU-046,WH-TX1,SUP-006,2016-02-15,2016-03-07,2016-03-02,96,96,21,16,-5,1,0.82,78.72,Delivered
PO-15728,SKU-046,WH-TX1,SUP-006,2016-03-03,2016-03-24,2016-03-24,96,96,21,21,0,1,0.82,78.72,Delivered
PO-15729,SKU-046,WH-TX1,SUP-006,2016-03-19,2016-04-09,2016-04-03,96,96,21,15,-6,1,0.82,78.72,Delivered
PO-15730,SKU-046,WH-TX1,SUP-006,2016-04-04,2016-04-25,2016-04-30,96,0,21,26,5,0,0.82,78.72,In-Transit
PO-15731,SKU-046,WH-WI1,SUP-006,2014-05-04,2014-05-25,2014-05-24,96,96,21,20,-1,1,0.82,78.72,Delivered
PO-15732,SKU-046,WH-WI1,SUP-006,2014-05-21,2014-06-11,2014-06-11,96,96,21,21,0,1,0.82,78.72,Delivered
PO-15733,SKU-046,WH-WI1,SUP-006,2014-06-09,2014-06-30,2014-06-26,96,96,21,17,-4,1,0.82,78.72,Delivered
PO-15734,SKU-046,WH-WI1,SUP-006,2014-06-27,2014-07-18,2014-07-18,96,96,21,21,0,1,0.82,78.72,Delivered
PO-15735,SKU-046,WH-WI1,SUP-006,2014-07-14,2014-08-04,2014-08-09,96,96,21,26,5,0,0.82,78.72,Delivered
PO-15736,SKU-046,WH-WI1,SUP-006,2014-07-30,2014-08-20,2014-08-19,96,96,21,20,-1,1,0.82,78.72,Delivered
PO-15737,SKU-046,WH-WI1,SUP-006,2014-08-15,2014-09-05,2014-09-05,96,96,21,21,0,1,0.82,78.72,Delivered
PO-15738,SKU-046,WH-WI1,SUP-006,2014-09-01,2014-09-22,2014-09-20,96,96,21,19,-2,1,0.82,78.72,Delivered
PO-15739,SKU-046,WH-WI1,SUP-006,2014-09-19,2014-10-10,2014-10-10,96,96,21,21,0,1,0.82,78.72,Delivered
PO-15740,SKU-046,WH-WI1,SUP-006,2014-10-07,2014-10-28,2014-10-28,96,96,21,21,0,1,0.82,78.72,Delivered
PO-15741,SKU-046,WH-WI1,SUP-006,2014-10-25,2014-11-15,2014-11-15,96,96,21,21,0,1,0.82,78.72,Delivered
PO-15742,SKU-046,WH-WI1,SUP-006,2014-11-10,2014-12-01,2014-11-30,96,96,21,20,-1,1,0.82,78.72,Delivered
PO-15743,SKU-046,WH-WI1,SUP-006,2014-11-29,2014-12-20,2014-12-20,96,96,21,21,0,1,0.82,78.72,Delivered
PO-15744,SKU-046,WH-WI1,SUP-006,2014-12-16,2015-01-06,2015-01-08,96,96,21,23,2,0,0.82,78.72,Delivered
PO-15745,SKU-046,WH-WI1,SUP-006,2015-01-04,2015-01-25,2015-01-25,96,96,21,21,0,1,0.82,78.72,Delivered
PO-15746,SKU-046,WH-WI1,SUP-006,2015-01-21,2015-02-11,2015-02-16,96,96,21,26,5,0,0.82,78.72,Delivered
PO-15747,SKU-046,WH-WI1,SUP-006,2015-02-09,2015-03-02,2015-03-02,96,96,21,21,0,1,0.82,78.72,Delivered
PO-15748,SKU-046,WH-WI1,SUP-006,2015-02-25,2015-03-18,2015-03-18,96,96,21,21,0,1,0.82,78.72,Delivered
PO-15749,SKU-046,WH-WI1,SUP-006,2015-03-13,2015-04-03,2015-04-03,96,96,21,21,0,1,0.82,78.72,Delivered
PO-15750,SKU-046,WH-WI1,SUP-006,2015-03-30,2015-04-20,2015-04-16,96,96,21,17,-4,1,0.82,78.72,Delivered
PO-15751,SKU-046,WH-WI1,SUP-006,2015-04-16,2015-05-07,2015-05-04,96,96,21,18,-3,1,0.82,78.72,Delivered
PO-15752,SKU-046,WH-WI1,SUP-006,2015-05-05,2015-05-26,2015-05-26,96,96,21,21,0,1,0.82,78.72,Delivered
PO-15753,SKU-046,WH-WI1,SUP-006,2015-05-23,2015-06-13,2015-06-13,96,96,21,21,0,1,0.82,78.72,Delivered
PO-15754,SKU-046,WH-WI1,SUP-006,2015-06-09,2015-06-30,2015-06-30,96,96,21,21,0,1,0.82,78.72,Delivered
PO-15755,SKU-046,WH-WI1,SUP-006,2015-06-27,2015-07-18,2015-07-17,96,96,21,20,-1,1,0.82,78.72,Delivered
PO-15756,SKU-046,WH-WI1,SUP-006,2015-07-13,2015-08-03,2015-07-31,96,96,21,18,-3,1,0.82,78.72,Delivered
PO-15757,SKU-046,WH-WI1,SUP-006,2015-07-29,2015-08-19,2015-08-25,96,96,21,27,6,0,0.82,78.72,Delivered
PO-15758,SKU-046,WH-WI1,SUP-006,2015-08-17,2015-09-07,2015-09-05,96,96,21,19,-2,1,0.82,78.72,Delivered
PO-15759,SKU-046,WH-WI1,SUP-006,2015-09-03,2015-09-24,2015-09-22,96,96,21,19,-2,1,0.82,78.72,Delivered
PO-15760,SKU-046,WH-WI1,SUP-006,2015-09-20,2015-10-11,2015-10-10,96,96,21,20,-1,1,0.82,78.72,Delivered
PO-15761,SKU-046,WH-WI1,SUP-006,2015-10-08,2015-10-29,2015-10-29,96,96,21,21,0,1,0.82,78.72,Delivered
PO-15762,SKU-046,WH-WI1,SUP-006,2015-10-24,2015-11-14,2015-11-14,96,96,21,21,0,1,0.82,78.72,Delivered
PO-15763,SKU-046,WH-WI1,SUP-006,2015-11-10,2015-12-01,2015-12-01,96,96,21,21,0,1,0.82,78.72,Delivered
PO-15764,SKU-046,WH-WI1,SUP-006,2015-11-26,2015-12-17,2015-12-14,96,96,21,18,-3,1,0.82,78.72,Delivered
PO-15765,SKU-046,WH-WI1,SUP-006,2015-12-12,2016-01-02,2016-01-09,96,96,21,28,7,0,0.82,78.72,Delivered
PO-15766,SKU-046,WH-WI1,SUP-006,2015-12-31,2016-01-21,2016-01-20,96,96,21,20,-1,1,0.82,78.72,Delivered
PO-15767,SKU-046,WH-WI1,SUP-006,2016-01-18,2016-02-08,2016-02-05,96,96,21,18,-3,1,0.82,78.72,Delivered
PO-15768,SKU-046,WH-WI1,SUP-006,2016-02-03,2016-02-24,2016-03-01,96,96,21,27,6,0,0.82,78.72,Delivered
PO-15769,SKU-046,WH-WI1,SUP-006,2016-02-22,2016-03-14,2016-03-14,96,96,21,21,0,1,0.82,78.72,Delivered
PO-15770,SKU-046,WH-WI1,SUP-006,2016-03-10,2016-03-31,2016-03-31,96,96,21,21,0,1,0.82,78.72,Delivered
PO-15771,SKU-046,WH-WI1,SUP-006,2016-03-29,2016-04-19,2016-04-19,96,96,21,21,0,1,0.82,78.72,Delivered
PO-15772,SKU-047,WH-CA1,SUP-007,2014-04-28,2014-05-26,2014-05-22,96,96,28,24,-4,1,2.12,203.52,Delivered
PO-15773,SKU-047,WH-CA1,SUP-007,2014-05-13,2014-06-10,2014-06-10,96,96,28,28,0,1,2.12,203.52,Delivered
PO-15774,SKU-047,WH-CA1,SUP-007,2014-05-28,2014-06-25,2014-06-25,96,96,28,28,0,1,2.12,203.52,Delivered
PO-15775,SKU-047,WH-CA1,SUP-007,2014-06-13,2014-07-11,2014-07-11,96,96,28,28,0,1,2.12,203.52,Delivered
PO-15776,SKU-047,WH-CA1,SUP-007,2014-06-27,2014-07-25,2014-08-04,96,96,28,38,10,0,2.12,203.52,Delivered
PO-15777,SKU-047,WH-CA1,SUP-007,2014-07-14,2014-08-11,2014-08-17,96,96,28,34,6,0,2.12,203.52,Delivered
PO-15778,SKU-047,WH-CA1,SUP-007,2014-07-28,2014-08-25,2014-08-22,96,96,28,25,-3,1,2.12,203.52,Delivered
PO-15779,SKU-047,WH-CA1,SUP-007,2014-08-11,2014-09-08,2014-09-07,96,96,28,27,-1,1,2.12,203.52,Delivered
PO-15780,SKU-047,WH-CA1,SUP-007,2014-08-26,2014-09-23,2014-09-23,96,96,28,28,0,1,2.12,203.52,Delivered
PO-15781,SKU-047,WH-CA1,SUP-007,2014-09-12,2014-10-10,2014-10-07,96,96,28,25,-3,1,2.12,203.52,Delivered
PO-15782,SKU-047,WH-CA1,SUP-007,2014-09-26,2014-10-24,2014-10-31,96,96,28,35,7,0,2.12,203.52,Delivered
PO-15783,SKU-047,WH-CA1,SUP-007,2014-10-12,2014-11-09,2014-11-06,96,96,28,25,-3,1,2.12,203.52,Delivered
PO-15784,SKU-047,WH-CA1,SUP-007,2014-10-29,2014-11-26,2014-11-26,96,96,28,28,0,1,2.12,203.52,Delivered
PO-15785,SKU-047,WH-CA1,SUP-007,2014-11-14,2014-12-12,2014-12-11,96,96,28,27,-1,1,2.12,203.52,Delivered
PO-15786,SKU-047,WH-CA1,SUP-007,2014-11-29,2014-12-27,2014-12-27,96,96,28,28,0,1,2.12,203.52,Delivered
PO-15787,SKU-047,WH-CA1,SUP-007,2014-12-14,2015-01-11,2015-01-08,96,96,28,25,-3,1,2.12,203.52,Delivered
PO-15788,SKU-047,WH-CA1,SUP-007,2014-12-30,2015-01-27,2015-01-29,96,96,28,30,2,0,2.12,203.52,Delivered
PO-15789,SKU-047,WH-CA1,SUP-007,2015-01-14,2015-02-11,2015-02-11,96,96,28,28,0,1,2.12,203.52,Delivered
PO-15790,SKU-047,WH-CA1,SUP-007,2015-01-29,2015-02-26,2015-02-25,96,96,28,27,-1,1,2.12,203.52,Delivered
PO-15791,SKU-047,WH-CA1,SUP-007,2015-02-15,2015-03-15,2015-03-15,96,96,28,28,0,1,2.12,203.52,Delivered
PO-15792,SKU-047,WH-CA1,SUP-007,2015-03-02,2015-03-30,2015-03-22,96,96,28,20,-8,1,2.12,203.52,Delivered
PO-15793,SKU-047,WH-CA1,SUP-007,2015-03-17,2015-04-14,2015-04-14,96,96,28,28,0,1,2.12,203.52,Delivered
PO-15794,SKU-047,WH-CA1,SUP-007,2015-04-01,2015-04-29,2015-04-29,96,96,28,28,0,1,2.12,203.52,Delivered
PO-15795,SKU-047,WH-CA1,SUP-007,2015-04-15,2015-05-13,2015-05-13,96,96,28,28,0,1,2.12,203.52,Delivered
PO-15796,SKU-047,WH-CA1,SUP-007,2015-04-30,2015-05-28,2015-06-15,96,96,28,46,18,0,2.12,203.52,Delivered
PO-15797,SKU-047,WH-CA1,SUP-007,2015-05-15,2015-06-12,2015-06-18,96,96,28,34,6,0,2.12,203.52,Delivered
PO-15798,SKU-047,WH-CA1,SUP-007,2015-06-01,2015-06-29,2015-06-29,96,96,28,28,0,1,2.12,203.52,Delivered
PO-15799,SKU-047,WH-CA1,SUP-007,2015-06-16,2015-07-14,2015-07-09,96,96,28,23,-5,1,2.12,203.52,Delivered
PO-15800,SKU-047,WH-CA1,SUP-007,2015-07-01,2015-07-29,2015-07-29,96,96,28,28,0,1,2.12,203.52,Delivered
PO-15801,SKU-047,WH-CA1,SUP-007,2015-07-15,2015-08-12,2015-08-12,96,96,28,28,0,1,2.12,203.52,Delivered
PO-15802,SKU-047,WH-CA1,SUP-007,2015-07-30,2015-08-27,2015-08-29,96,96,28,30,2,0,2.12,203.52,Delivered
PO-15803,SKU-047,WH-CA1,SUP-007,2015-08-16,2015-09-13,2015-09-11,96,96,28,26,-2,1,2.12,203.52,Delivered
PO-15804,SKU-047,WH-CA1,SUP-007,2015-08-31,2015-09-28,2015-10-02,96,96,28,32,4,0,2.12,203.52,Delivered
PO-15805,SKU-047,WH-CA1,SUP-007,2015-09-15,2015-10-13,2015-10-13,96,96,28,28,0,1,2.12,203.52,Delivered
PO-15806,SKU-047,WH-CA1,SUP-007,2015-09-29,2015-10-27,2015-10-25,96,96,28,26,-2,1,2.12,203.52,Delivered
PO-15807,SKU-047,WH-CA1,SUP-007,2015-10-14,2015-11-11,2015-11-11,96,96,28,28,0,1,2.12,203.52,Delivered
PO-15808,SKU-047,WH-CA1,SUP-007,2015-10-31,2015-11-28,2015-11-28,96,96,28,28,0,1,2.12,203.52,Delivered
PO-15809,SKU-047,WH-CA1,SUP-007,2015-11-14,2015-12-12,2015-12-11,96,96,28,27,-1,1,2.12,203.52,Delivered
PO-15810,SKU-047,WH-CA1,SUP-007,2015-11-30,2015-12-28,2015-12-31,96,96,28,31,3,0,2.12,203.52,Delivered
PO-15811,SKU-047,WH-CA1,SUP-007,2015-12-15,2016-01-12,2016-01-12,96,96,28,28,0,1,2.12,203.52,Delivered
PO-15812,SKU-047,WH-CA1,SUP-007,2015-12-29,2016-01-26,2016-01-18,96,96,28,20,-8,1,2.12,203.52,Delivered
PO-15813,SKU-047,WH-CA1,SUP-007,2016-01-13,2016-02-10,2016-02-14,96,96,28,32,4,0,2.12,203.52,Delivered
PO-15814,SKU-047,WH-CA1,SUP-007,2016-01-30,2016-02-27,2016-03-23,96,96,28,53,25,0,2.12,203.52,Delivered
PO-15815,SKU-047,WH-CA1,SUP-007,2016-02-15,2016-03-14,2016-03-09,96,96,28,23,-5,1,2.12,203.52,Delivered
PO-15816,SKU-047,WH-CA1,SUP-007,2016-03-02,2016-03-30,2016-03-30,96,96,28,28,0,1,2.12,203.52,Delivered
PO-15817,SKU-047,WH-CA1,SUP-007,2016-03-19,2016-04-16,2016-04-16,96,96,28,28,0,1,2.12,203.52,Delivered
PO-15818,SKU-047,WH-CA1,SUP-007,2016-04-05,2016-05-03,2016-04-29,96,0,28,24,-4,1,2.12,203.52,In-Transit
PO-15819,SKU-047,WH-TX1,SUP-007,2014-04-28,2014-05-26,2014-05-26,96,96,28,28,0,1,2.12,203.52,Delivered
PO-15820,SKU-047,WH-TX1,SUP-007,2014-05-15,2014-06-12,2014-06-11,96,96,28,27,-1,1,2.12,203.52,Delivered
PO-15821,SKU-047,WH-TX1,SUP-007,2014-06-03,2014-07-01,2014-08-12,96,96,28,70,42,0,2.12,203.52,Delivered
PO-15822,SKU-047,WH-TX1,SUP-007,2014-06-21,2014-07-19,2014-07-20,96,96,28,29,1,0,2.12,203.52,Delivered
PO-15823,SKU-047,WH-TX1,SUP-007,2014-07-10,2014-08-07,2014-08-07,96,96,28,28,0,1,2.12,203.52,Delivered
PO-15824,SKU-047,WH-TX1,SUP-007,2014-07-27,2014-08-24,2014-08-29,96,96,28,33,5,0,2.12,203.52,Delivered
PO-15825,SKU-047,WH-TX1,SUP-007,2014-08-15,2014-09-12,2014-09-06,96,96,28,22,-6,1,2.12,203.52,Delivered
PO-15826,SKU-047,WH-TX1,SUP-007,2014-09-02,2014-09-30,2014-10-14,96,96,28,42,14,0,2.12,203.52,Delivered
PO-15827,SKU-047,WH-TX1,SUP-007,2014-09-22,2014-10-20,2014-10-20,96,96,28,28,0,1,2.12,203.52,Delivered
PO-15828,SKU-047,WH-TX1,SUP-007,2014-10-10,2014-11-07,2014-11-02,96,96,28,23,-5,1,2.12,203.52,Delivered
PO-15829,SKU-047,WH-TX1,SUP-007,2014-10-29,2014-11-26,2014-11-24,96,96,28,26,-2,1,2.12,203.52,Delivered
PO-15830,SKU-047,WH-TX1,SUP-007,2014-11-16,2014-12-14,2014-12-10,96,96,28,24,-4,1,2.12,203.52,Delivered
PO-15831,SKU-047,WH-TX1,SUP-007,2014-12-04,2015-01-01,2015-01-01,96,96,28,28,0,1,2.12,203.52,Delivered
PO-15832,SKU-047,WH-TX1,SUP-007,2014-12-21,2015-01-18,2015-01-18,96,96,28,28,0,1,2.12,203.52,Delivered
PO-15833,SKU-047,WH-TX1,SUP-007,2015-01-09,2015-02-06,2015-04-02,96,96,28,83,55,0,2.12,203.52,Delivered
PO-15834,SKU-047,WH-TX1,SUP-007,2015-01-29,2015-02-26,2015-02-26,96,96,28,28,0,1,2.12,203.52,Delivered
PO-15835,SKU-047,WH-TX1,SUP-007,2015-02-18,2015-03-18,2015-03-18,96,96,28,28,0,1,2.12,203.52,Delivered
PO-15836,SKU-047,WH-TX1,SUP-007,2015-03-08,2015-04-05,2015-04-04,96,96,28,27,-1,1,2.12,203.52,Delivered
PO-15837,SKU-047,WH-TX1,SUP-007,2015-03-28,2015-04-25,2015-04-21,96,96,28,24,-4,1,2.12,203.52,Delivered
PO-15838,SKU-047,WH-TX1,SUP-007,2015-04-14,2015-05-12,2015-05-11,96,96,28,27,-1,1,2.12,203.52,Delivered
PO-15839,SKU-047,WH-TX1,SUP-007,2015-05-04,2015-06-01,2015-06-02,96,96,28,29,1,0,2.12,203.52,Delivered
PO-15840,SKU-047,WH-TX1,SUP-007,2015-05-23,2015-06-20,2015-06-19,96,96,28,27,-1,1,2.12,203.52,Delivered
PO-15841,SKU-047,WH-TX1,SUP-007,2015-06-11,2015-07-09,2015-07-07,96,96,28,26,-2,1,2.12,203.52,Delivered
PO-15842,SKU-047,WH-TX1,SUP-007,2015-06-29,2015-07-27,2015-08-05,96,96,28,37,9,0,2.12,203.52,Delivered
PO-15843,SKU-047,WH-TX1,SUP-007,2015-07-16,2015-08-13,2015-08-08,96,96,28,23,-5,1,2.12,203.52,Delivered
PO-15844,SKU-047,WH-TX1,SUP-007,2015-08-03,2015-08-31,2015-09-09,96,96,28,37,9,0,2.12,203.52,Delivered
PO-15845,SKU-047,WH-TX1,SUP-007,2015-08-22,2015-09-19,2015-09-19,96,96,28,28,0,1,2.12,203.52,Delivered
PO-15846,SKU-047,WH-TX1,SUP-007,2015-09-09,2015-10-07,2015-10-20,96,96,28,41,13,0,2.12,203.52,Delivered
PO-15847,SKU-047,WH-TX1,SUP-007,2015-09-28,2015-10-26,2015-11-11,96,96,28,44,16,0,2.12,203.52,Delivered
PO-15848,SKU-047,WH-TX1,SUP-007,2015-10-18,2015-11-15,2015-11-17,96,96,28,30,2,0,2.12,203.52,Delivered
PO-15849,SKU-047,WH-TX1,SUP-007,2015-11-05,2015-12-03,2015-12-03,96,96,28,28,0,1,2.12,203.52,Delivered
PO-15850,SKU-047,WH-TX1,SUP-007,2015-11-23,2015-12-21,2016-01-05,96,96,28,43,15,0,2.12,203.52,Delivered
PO-15851,SKU-047,WH-TX1,SUP-007,2015-12-12,2016-01-09,2016-01-12,96,96,28,31,3,0,2.12,203.52,Delivered
PO-15852,SKU-047,WH-TX1,SUP-007,2015-12-31,2016-01-28,2016-01-25,96,96,28,25,-3,1,2.12,203.52,Delivered
PO-15853,SKU-047,WH-TX1,SUP-007,2016-01-20,2016-02-17,2016-02-15,96,96,28,26,-2,1,2.12,203.52,Delivered
PO-15854,SKU-047,WH-TX1,SUP-007,2016-02-09,2016-03-08,2016-03-06,96,96,28,26,-2,1,2.12,203.52,Delivered
PO-15855,SKU-047,WH-TX1,SUP-007,2016-02-27,2016-03-26,2016-03-27,96,96,28,29,1,0,2.12,203.52,Delivered
PO-15856,SKU-047,WH-TX1,SUP-007,2016-03-18,2016-04-15,2016-06-09,96,0,28,83,55,0,2.12,203.52,In-Transit
PO-15857,SKU-047,WH-TX1,SUP-007,2016-04-05,2016-05-03,2016-05-08,96,0,28,33,5,0,2.12,203.52,In-Transit
PO-15858,SKU-047,WH-WI1,SUP-007,2014-05-05,2014-06-02,2014-05-29,96,96,28,24,-4,1,2.12,203.52,Delivered
PO-15859,SKU-047,WH-WI1,SUP-007,2014-05-19,2014-06-16,2014-06-14,96,96,28,26,-2,1,2.12,203.52,Delivered
PO-15860,SKU-047,WH-WI1,SUP-007,2014-06-04,2014-07-02,2014-07-01,96,96,28,27,-1,1,2.12,203.52,Delivered
PO-15861,SKU-047,WH-WI1,SUP-007,2014-06-20,2014-07-18,2014-07-18,96,96,28,28,0,1,2.12,203.52,Delivered
PO-15862,SKU-047,WH-WI1,SUP-007,2014-07-05,2014-08-02,2014-08-02,96,96,28,28,0,1,2.12,203.52,Delivered
PO-15863,SKU-047,WH-WI1,SUP-007,2014-07-19,2014-08-16,2014-08-27,96,96,28,39,11,0,2.12,203.52,Delivered
PO-15864,SKU-047,WH-WI1,SUP-007,2014-08-04,2014-09-01,2014-09-01,96,96,28,28,0,1,2.12,203.52,Delivered
PO-15865,SKU-047,WH-WI1,SUP-007,2014-08-17,2014-09-14,2014-09-10,96,96,28,24,-4,1,2.12,203.52,Delivered
PO-15866,SKU-047,WH-WI1,SUP-007,2014-09-01,2014-09-29,2014-09-30,96,96,28,29,1,0,2.12,203.52,Delivered
PO-15867,SKU-047,WH-WI1,SUP-007,2014-09-14,2014-10-12,2014-10-12,96,96,28,28,0,1,2.12,203.52,Delivered
PO-15868,SKU-047,WH-WI1,SUP-007,2014-09-30,2014-10-28,2014-10-27,96,96,28,27,-1,1,2.12,203.52,Delivered
PO-15869,SKU-047,WH-WI1,SUP-007,2014-10-16,2014-11-13,2014-11-13,96,96,28,28,0,1,2.12,203.52,Delivered
PO-15870,SKU-047,WH-WI1,SUP-007,2014-10-31,2014-11-28,2014-11-28,96,96,28,28,0,1,2.12,203.52,Delivered
PO-15871,SKU-047,WH-WI1,SUP-007,2014-11-14,2014-12-12,2014-12-13,96,96,28,29,1,0,2.12,203.52,Delivered
PO-15872,SKU-047,WH-WI1,SUP-007,2014-11-29,2014-12-27,2014-12-27,96,96,28,28,0,1,2.12,203.52,Delivered
PO-15873,SKU-047,WH-WI1,SUP-007,2014-12-14,2015-01-11,2015-01-08,96,96,28,25,-3,1,2.12,203.52,Delivered
PO-15874,SKU-047,WH-WI1,SUP-007,2014-12-29,2015-01-26,2015-01-26,96,96,28,28,0,1,2.12,203.52,Delivered
PO-15875,SKU-047,WH-WI1,SUP-007,2015-01-12,2015-02-09,2015-02-06,96,96,28,25,-3,1,2.12,203.52,Delivered
PO-15876,SKU-047,WH-WI1,SUP-007,2015-01-28,2015-02-25,2015-02-25,96,96,28,28,0,1,2.12,203.52,Delivered
PO-15877,SKU-047,WH-WI1,SUP-007,2015-02-11,2015-03-11,2015-02-28,96,96,28,17,-11,1,2.12,203.52,Delivered
PO-15878,SKU-047,WH-WI1,SUP-007,2015-02-27,2015-03-27,2015-03-27,96,96,28,28,0,1,2.12,203.52,Delivered
PO-15879,SKU-047,WH-WI1,SUP-007,2015-03-15,2015-04-12,2015-04-09,96,96,28,25,-3,1,2.12,203.52,Delivered
PO-15880,SKU-047,WH-WI1,SUP-007,2015-03-30,2015-04-27,2015-04-22,96,96,28,23,-5,1,2.12,203.52,Delivered
PO-15881,SKU-047,WH-WI1,SUP-007,2015-04-14,2015-05-12,2015-05-07,96,96,28,23,-5,1,2.12,203.52,Delivered
PO-15882,SKU-047,WH-WI1,SUP-007,2015-04-28,2015-05-26,2015-05-23,96,96,28,25,-3,1,2.12,203.52,Delivered
PO-15883,SKU-047,WH-WI1,SUP-007,2015-05-11,2015-06-08,2015-06-08,96,96,28,28,0,1,2.12,203.52,Delivered
PO-15884,SKU-047,WH-WI1,SUP-007,2015-05-25,2015-06-22,2015-06-20,96,96,28,26,-2,1,2.12,203.52,Delivered
PO-15885,SKU-047,WH-WI1,SUP-007,2015-06-08,2015-07-06,2015-07-06,96,96,28,28,0,1,2.12,203.52,Delivered
PO-15886,SKU-047,WH-WI1,SUP-007,2015-06-22,2015-07-20,2015-07-20,96,96,28,28,0,1,2.12,203.52,Delivered
PO-15887,SKU-047,WH-WI1,SUP-007,2015-07-05,2015-08-02,2015-08-01,96,96,28,27,-1,1,2.12,203.52,Delivered
PO-15888,SKU-047,WH-WI1,SUP-007,2015-07-21,2015-08-18,2015-08-07,96,96,28,17,-11,1,2.12,203.52,Delivered
PO-15889,SKU-047,WH-WI1,SUP-007,2015-08-03,2015-08-31,2015-08-29,96,96,28,26,-2,1,2.12,203.52,Delivered
PO-15890,SKU-047,WH-WI1,SUP-007,2015-08-17,2015-09-14,2015-09-12,96,96,28,26,-2,1,2.12,203.52,Delivered
PO-15891,SKU-047,WH-WI1,SUP-007,2015-08-31,2015-09-28,2015-09-21,96,96,28,21,-7,1,2.12,203.52,Delivered
PO-15892,SKU-047,WH-WI1,SUP-007,2015-09-14,2015-10-12,2015-10-12,96,96,28,28,0,1,2.12,203.52,Delivered
PO-15893,SKU-047,WH-WI1,SUP-007,2015-09-28,2015-10-26,2015-10-26,96,96,28,28,0,1,2.12,203.52,Delivered
PO-15894,SKU-047,WH-WI1,SUP-007,2015-10-11,2015-11-08,2015-11-07,96,96,28,27,-1,1,2.12,203.52,Delivered
PO-15895,SKU-047,WH-WI1,SUP-007,2015-10-27,2015-11-24,2015-11-19,96,96,28,23,-5,1,2.12,203.52,Delivered
PO-15896,SKU-047,WH-WI1,SUP-007,2015-11-09,2015-12-07,2015-12-07,96,96,28,28,0,1,2.12,203.52,Delivered
PO-15897,SKU-047,WH-WI1,SUP-007,2015-11-23,2015-12-21,2015-12-16,96,96,28,23,-5,1,2.12,203.52,Delivered
PO-15898,SKU-047,WH-WI1,SUP-007,2015-12-07,2016-01-04,2016-01-03,96,96,28,27,-1,1,2.12,203.52,Delivered
PO-15899,SKU-047,WH-WI1,SUP-007,2015-12-21,2016-01-18,2016-01-17,96,96,28,27,-1,1,2.12,203.52,Delivered
PO-15900,SKU-047,WH-WI1,SUP-007,2016-01-05,2016-02-02,2016-01-31,96,96,28,26,-2,1,2.12,203.52,Delivered
PO-15901,SKU-047,WH-WI1,SUP-007,2016-01-21,2016-02-18,2016-02-18,96,96,28,28,0,1,2.12,203.52,Delivered
PO-15902,SKU-047,WH-WI1,SUP-007,2016-02-04,2016-03-03,2016-03-02,96,96,28,27,-1,1,2.12,203.52,Delivered
PO-15903,SKU-047,WH-WI1,SUP-007,2016-02-18,2016-03-17,2016-03-14,96,96,28,25,-3,1,2.12,203.52,Delivered
PO-15904,SKU-047,WH-WI1,SUP-007,2016-03-02,2016-03-30,2016-03-30,96,96,28,28,0,1,2.12,203.52,Delivered
PO-15905,SKU-047,WH-WI1,SUP-007,2016-03-16,2016-04-13,2016-04-12,96,96,28,27,-1,1,2.12,203.52,Delivered
PO-15906,SKU-047,WH-WI1,SUP-007,2016-03-31,2016-04-28,2016-05-01,96,0,28,31,3,0,2.12,203.52,In-Transit
PO-15907,SKU-048,WH-CA1,SUP-006,2014-04-28,2014-05-19,2014-05-17,96,96,21,19,-2,1,0.54,51.84,Delivered
PO-15908,SKU-048,WH-CA1,SUP-006,2014-05-21,2014-06-11,2014-06-30,96,96,21,40,19,0,0.54,51.84,Delivered
PO-15909,SKU-048,WH-CA1,SUP-006,2014-06-13,2014-07-04,2014-06-30,96,96,21,17,-4,1,0.54,51.84,Delivered
PO-15910,SKU-048,WH-CA1,SUP-006,2014-07-05,2014-07-26,2014-07-22,96,96,21,17,-4,1,0.54,51.84,Delivered
PO-15911,SKU-048,WH-CA1,SUP-006,2014-07-28,2014-08-18,2014-08-18,96,96,21,21,0,1,0.54,51.84,Delivered
PO-15912,SKU-048,WH-CA1,SUP-006,2014-08-22,2014-09-12,2014-10-08,96,96,21,47,26,0,0.54,51.84,Delivered
PO-15913,SKU-048,WH-CA1,SUP-006,2014-09-15,2014-10-06,2014-10-06,96,96,21,21,0,1,0.54,51.84,Delivered
PO-15914,SKU-048,WH-CA1,SUP-006,2014-10-09,2014-10-30,2014-10-30,96,96,21,21,0,1,0.54,51.84,Delivered
PO-15915,SKU-048,WH-CA1,SUP-006,2014-10-31,2014-11-21,2014-11-21,96,96,21,21,0,1,0.54,51.84,Delivered
PO-15916,SKU-048,WH-CA1,SUP-006,2014-11-24,2014-12-15,2014-12-15,96,96,21,21,0,1,0.54,51.84,Delivered
PO-15917,SKU-048,WH-CA1,SUP-006,2014-12-17,2015-01-07,2015-01-07,96,96,21,21,0,1,0.54,51.84,Delivered
PO-15918,SKU-048,WH-CA1,SUP-006,2015-01-09,2015-01-30,2015-02-05,96,96,21,27,6,0,0.54,51.84,Delivered
PO-15919,SKU-048,WH-CA1,SUP-006,2015-02-02,2015-02-23,2015-02-23,96,96,21,21,0,1,0.54,51.84,Delivered
PO-15920,SKU-048,WH-CA1,SUP-006,2015-02-25,2015-03-18,2015-03-18,96,96,21,21,0,1,0.54,51.84,Delivered
PO-15921,SKU-048,WH-CA1,SUP-006,2015-03-20,2015-04-10,2015-04-08,96,96,21,19,-2,1,0.54,51.84,Delivered
PO-15922,SKU-048,WH-CA1,SUP-006,2015-04-12,2015-05-03,2015-05-03,96,96,21,21,0,1,0.54,51.84,Delivered
PO-15923,SKU-048,WH-CA1,SUP-006,2015-05-04,2015-05-25,2015-05-25,96,96,21,21,0,1,0.54,51.84,Delivered
PO-15924,SKU-048,WH-CA1,SUP-006,2015-05-29,2015-06-19,2015-06-15,96,96,21,17,-4,1,0.54,51.84,Delivered
PO-15925,SKU-048,WH-CA1,SUP-006,2015-06-23,2015-07-14,2015-07-14,96,96,21,21,0,1,0.54,51.84,Delivered
PO-15926,SKU-048,WH-CA1,SUP-006,2015-07-16,2015-08-06,2015-08-06,96,96,21,21,0,1,0.54,51.84,Delivered
PO-15927,SKU-048,WH-CA1,SUP-006,2015-08-10,2015-08-31,2015-08-31,96,96,21,21,0,1,0.54,51.84,Delivered
PO-15928,SKU-048,WH-CA1,SUP-006,2015-09-03,2015-09-24,2015-09-22,96,96,21,19,-2,1,0.54,51.84,Delivered
PO-15929,SKU-048,WH-CA1,SUP-006,2015-09-26,2015-10-17,2015-10-17,96,96,21,21,0,1,0.54,51.84,Delivered
PO-15930,SKU-048,WH-CA1,SUP-006,2015-10-18,2015-11-08,2015-11-08,96,96,21,21,0,1,0.54,51.84,Delivered
PO-15931,SKU-048,WH-CA1,SUP-006,2015-11-10,2015-12-01,2015-11-30,96,96,21,20,-1,1,0.54,51.84,Delivered
PO-15932,SKU-048,WH-CA1,SUP-006,2015-12-02,2015-12-23,2015-12-23,96,96,21,21,0,1,0.54,51.84,Delivered
PO-15933,SKU-048,WH-CA1,SUP-006,2015-12-27,2016-01-17,2016-01-17,96,96,21,21,0,1,0.54,51.84,Delivered
PO-15934,SKU-048,WH-CA1,SUP-006,2016-01-20,2016-02-10,2016-02-08,96,96,21,19,-2,1,0.54,51.84,Delivered
PO-15935,SKU-048,WH-CA1,SUP-006,2016-02-12,2016-03-04,2016-03-04,96,96,21,21,0,1,0.54,51.84,Delivered
PO-15936,SKU-048,WH-CA1,SUP-006,2016-03-07,2016-03-28,2016-03-28,96,96,21,21,0,1,0.54,51.84,Delivered
PO-15937,SKU-048,WH-CA1,SUP-006,2016-03-29,2016-04-19,2016-04-19,96,96,21,21,0,1,0.54,51.84,Delivered
PO-15938,SKU-048,WH-TX1,SUP-006,2014-05-02,2014-05-23,2014-05-21,96,96,21,19,-2,1,0.54,51.84,Delivered
PO-15939,SKU-048,WH-TX1,SUP-006,2014-05-23,2014-06-13,2014-06-13,96,96,21,21,0,1,0.54,51.84,Delivered
PO-15940,SKU-048,WH-TX1,SUP-006,2014-06-14,2014-07-05,2014-07-05,96,96,21,21,0,1,0.54,51.84,Delivered
PO-15941,SKU-048,WH-TX1,SUP-006,2014-07-06,2014-07-27,2014-07-27,96,96,21,21,0,1,0.54,51.84,Delivered
PO-15942,SKU-048,WH-TX1,SUP-006,2014-07-28,2014-08-18,2014-08-17,96,96,21,20,-1,1,0.54,51.84,Delivered
PO-15943,SKU-048,WH-TX1,SUP-006,2014-08-20,2014-09-10,2014-09-10,96,96,21,21,0,1,0.54,51.84,Delivered
PO-15944,SKU-048,WH-TX1,SUP-006,2014-09-10,2014-10-01,2014-10-01,96,96,21,21,0,1,0.54,51.84,Delivered
PO-15945,SKU-048,WH-TX1,SUP-006,2014-10-03,2014-10-24,2014-10-24,96,96,21,21,0,1,0.54,51.84,Delivered
PO-15946,SKU-048,WH-TX1,SUP-006,2014-10-26,2014-11-16,2014-11-16,96,96,21,21,0,1,0.54,51.84,Delivered
PO-15947,SKU-048,WH-TX1,SUP-006,2014-11-18,2014-12-09,2014-12-09,96,96,21,21,0,1,0.54,51.84,Delivered
PO-15948,SKU-048,WH-TX1,SUP-006,2014-12-10,2014-12-31,2014-12-29,96,96,21,19,-2,1,0.54,51.84,Delivered
PO-15949,SKU-048,WH-TX1,SUP-006,2014-12-31,2015-01-21,2015-01-19,96,96,21,19,-2,1,0.54,51.84,Delivered
PO-15950,SKU-048,WH-TX1,SUP-006,2015-01-23,2015-02-13,2015-02-11,96,96,21,19,-2,1,0.54,51.84,Delivered
PO-15951,SKU-048,WH-TX1,SUP-006,2015-02-16,2015-03-09,2015-03-09,96,96,21,21,0,1,0.54,51.84,Delivered
PO-15952,SKU-048,WH-TX1,SUP-006,2015-03-10,2015-03-31,2015-03-30,96,96,21,20,-1,1,0.54,51.84,Delivered
PO-15953,SKU-048,WH-TX1,SUP-006,2015-04-01,2015-04-22,2015-04-21,96,96,21,20,-1,1,0.54,51.84,Delivered
PO-15954,SKU-048,WH-TX1,SUP-006,2015-04-23,2015-05-14,2015-05-20,96,96,21,27,6,0,0.54,51.84,Delivered
PO-15955,SKU-048,WH-TX1,SUP-006,2015-05-15,2015-06-05,2015-06-05,96,96,21,21,0,1,0.54,51.84,Delivered
PO-15956,SKU-048,WH-TX1,SUP-006,2015-06-05,2015-06-26,2015-06-26,96,96,21,21,0,1,0.54,51.84,Delivered
PO-15957,SKU-048,WH-TX1,SUP-006,2015-06-27,2015-07-18,2015-07-18,96,96,21,21,0,1,0.54,51.84,Delivered
PO-15958,SKU-048,WH-TX1,SUP-006,2015-07-20,2015-08-10,2015-08-06,96,96,21,17,-4,1,0.54,51.84,Delivered
PO-15959,SKU-048,WH-TX1,SUP-006,2015-08-13,2015-09-03,2015-09-03,96,96,21,21,0,1,0.54,51.84,Delivered
PO-15960,SKU-048,WH-TX1,SUP-006,2015-09-03,2015-09-24,2015-09-24,96,96,21,21,0,1,0.54,51.84,Delivered
PO-15961,SKU-048,WH-TX1,SUP-006,2015-09-25,2015-10-16,2015-10-15,96,96,21,20,-1,1,0.54,51.84,Delivered
PO-15962,SKU-048,WH-TX1,SUP-006,2015-10-16,2015-11-06,2015-11-06,96,96,21,21,0,1,0.54,51.84,Delivered
PO-15963,SKU-048,WH-TX1,SUP-006,2015-11-09,2015-11-30,2015-11-30,96,96,21,21,0,1,0.54,51.84,Delivered
PO-15964,SKU-048,WH-TX1,SUP-006,2015-12-01,2015-12-22,2015-12-22,96,96,21,21,0,1,0.54,51.84,Delivered
PO-15965,SKU-048,WH-TX1,SUP-006,2015-12-23,2016-01-13,2016-01-12,96,96,21,20,-1,1,0.54,51.84,Delivered
PO-15966,SKU-048,WH-TX1,SUP-006,2016-01-16,2016-02-06,2016-02-06,96,96,21,21,0,1,0.54,51.84,Delivered
PO-15967,SKU-048,WH-TX1,SUP-006,2016-02-07,2016-02-28,2016-02-20,96,96,21,13,-8,1,0.54,51.84,Delivered
PO-15968,SKU-048,WH-TX1,SUP-006,2016-02-29,2016-03-21,2016-03-21,96,96,21,21,0,1,0.54,51.84,Delivered
PO-15969,SKU-048,WH-TX1,SUP-006,2016-03-22,2016-04-12,2016-04-12,96,96,21,21,0,1,0.54,51.84,Delivered
PO-15970,SKU-048,WH-WI1,SUP-006,2014-05-03,2014-05-24,2014-05-22,96,96,21,19,-2,1,0.54,51.84,Delivered
PO-15971,SKU-048,WH-WI1,SUP-006,2014-05-23,2014-06-13,2014-06-08,96,96,21,16,-5,1,0.54,51.84,Delivered
PO-15972,SKU-048,WH-WI1,SUP-006,2014-06-12,2014-07-03,2014-07-08,96,96,21,26,5,0,0.54,51.84,Delivered
PO-15973,SKU-048,WH-WI1,SUP-006,2014-07-01,2014-07-22,2014-07-21,96,96,21,20,-1,1,0.54,51.84,Delivered
PO-15974,SKU-048,WH-WI1,SUP-006,2014-07-19,2014-08-09,2014-08-07,96,96,21,19,-2,1,0.54,51.84,Delivered
PO-15975,SKU-048,WH-WI1,SUP-006,2014-08-07,2014-08-28,2014-08-27,96,96,21,20,-1,1,0.54,51.84,Delivered
PO-15976,SKU-048,WH-WI1,SUP-006,2014-08-26,2014-09-16,2014-09-11,96,96,21,16,-5,1,0.54,51.84,Delivered
PO-15977,SKU-048,WH-WI1,SUP-006,2014-09-14,2014-10-05,2014-10-05,96,96,21,21,0,1,0.54,51.84,Delivered
PO-15978,SKU-048,WH-WI1,SUP-006,2014-10-03,2014-10-24,2014-10-24,96,96,21,21,0,1,0.54,51.84,Delivered
PO-15979,SKU-048,WH-WI1,SUP-006,2014-10-22,2014-11-12,2014-11-12,96,96,21,21,0,1,0.54,51.84,Delivered
PO-15980,SKU-048,WH-WI1,SUP-006,2014-11-10,2014-12-01,2014-12-01,96,96,21,21,0,1,0.54,51.84,Delivered
PO-15981,SKU-048,WH-WI1,SUP-006,2014-11-29,2014-12-20,2014-12-13,96,96,21,14,-7,1,0.54,51.84,Delivered
PO-15982,SKU-048,WH-WI1,SUP-006,2014-12-19,2015-01-09,2015-01-04,96,96,21,16,-5,1,0.54,51.84,Delivered
PO-15983,SKU-048,WH-WI1,SUP-006,2015-01-07,2015-01-28,2015-01-25,96,96,21,18,-3,1,0.54,51.84,Delivered
PO-15984,SKU-048,WH-WI1,SUP-006,2015-01-28,2015-02-18,2015-02-18,96,96,21,21,0,1,0.54,51.84,Delivered
PO-15985,SKU-048,WH-WI1,SUP-006,2015-02-18,2015-03-11,2015-03-11,96,96,21,21,0,1,0.54,51.84,Delivered
PO-15986,SKU-048,WH-WI1,SUP-006,2015-03-11,2015-04-01,2015-04-01,96,96,21,21,0,1,0.54,51.84,Delivered
PO-15987,SKU-048,WH-WI1,SUP-006,2015-04-01,2015-04-22,2015-04-20,96,96,21,19,-2,1,0.54,51.84,Delivered
PO-15988,SKU-048,WH-WI1,SUP-006,2015-04-20,2015-05-11,2015-05-07,96,96,21,17,-4,1,0.54,51.84,Delivered
PO-15989,SKU-048,WH-WI1,SUP-006,2015-05-10,2015-05-31,2015-06-17,96,96,21,38,17,0,0.54,51.84,Delivered
PO-15990,SKU-048,WH-WI1,SUP-006,2015-05-29,2015-06-19,2015-06-19,96,96,21,21,0,1,0.54,51.84,Delivered
PO-15991,SKU-048,WH-WI1,SUP-006,2015-06-17,2015-07-08,2015-07-08,96,96,21,21,0,1,0.54,51.84,Delivered
PO-15992,SKU-048,WH-WI1,SUP-006,2015-07-06,2015-07-27,2015-07-26,96,96,21,20,-1,1,0.54,51.84,Delivered
PO-15993,SKU-048,WH-WI1,SUP-006,2015-07-27,2015-08-17,2015-08-11,96,96,21,15,-6,1,0.54,51.84,Delivered
PO-15994,SKU-048,WH-WI1,SUP-006,2015-08-15,2015-09-05,2015-09-05,96,96,21,21,0,1,0.54,51.84,Delivered
PO-15995,SKU-048,WH-WI1,SUP-006,2015-09-04,2015-09-25,2015-09-21,96,96,21,17,-4,1,0.54,51.84,Delivered
PO-15996,SKU-048,WH-WI1,SUP-006,2015-09-22,2015-10-13,2015-10-13,96,96,21,21,0,1,0.54,51.84,Delivered
PO-15997,SKU-048,WH-WI1,SUP-006,2015-10-11,2015-11-01,2015-10-30,96,96,21,19,-2,1,0.54,51.84,Delivered
PO-15998,SKU-048,WH-WI1,SUP-006,2015-10-30,2015-11-20,2015-11-20,96,96,21,21,0,1,0.54,51.84,Delivered
PO-15999,SKU-048,WH-WI1,SUP-006,2015-11-17,2015-12-08,2015-12-08,96,96,21,21,0,1,0.54,51.84,Delivered
PO-16000,SKU-048,WH-WI1,SUP-006,2015-12-06,2015-12-27,2015-12-27,96,96,21,21,0,1,0.54,51.84,Delivered
PO-16001,SKU-048,WH-WI1,SUP-006,2015-12-25,2016-01-15,2016-01-16,96,96,21,22,1,0,0.54,51.84,Delivered
PO-16002,SKU-048,WH-WI1,SUP-006,2016-01-13,2016-02-03,2016-02-03,96,96,21,21,0,1,0.54,51.84,Delivered
PO-16003,SKU-048,WH-WI1,SUP-006,2016-02-02,2016-02-23,2016-02-21,96,96,21,19,-2,1,0.54,51.84,Delivered
PO-16004,SKU-048,WH-WI1,SUP-006,2016-02-22,2016-03-14,2016-03-13,96,96,21,20,-1,1,0.54,51.84,Delivered
PO-16005,SKU-048,WH-WI1,SUP-006,2016-03-12,2016-04-02,2016-04-02,96,96,21,21,0,1,0.54,51.84,Delivered
PO-16006,SKU-048,WH-WI1,SUP-006,2016-04-01,2016-04-22,2016-04-26,96,0,21,25,4,0,0.54,51.84,In-Transit
PO-16007,SKU-049,WH-CA1,SUP-007,2014-04-30,2014-05-28,2014-06-04,96,96,28,35,7,0,2.51,240.96,Delivered
PO-16008,SKU-049,WH-CA1,SUP-007,2014-05-17,2014-06-14,2014-06-11,96,96,28,25,-3,1,2.51,240.96,Delivered
PO-16009,SKU-049,WH-CA1,SUP-007,2014-06-05,2014-07-03,2014-06-29,96,96,28,24,-4,1,2.51,240.96,Delivered
PO-16010,SKU-049,WH-CA1,SUP-007,2014-06-24,2014-07-22,2014-07-22,96,96,28,28,0,1,2.51,240.96,Delivered
PO-16011,SKU-049,WH-CA1,SUP-007,2014-07-11,2014-08-08,2014-08-08,96,96,28,28,0,1,2.51,240.96,Delivered
PO-16012,SKU-049,WH-CA1,SUP-007,2014-07-28,2014-08-25,2014-08-25,96,96,28,28,0,1,2.51,240.96,Delivered
PO-16013,SKU-049,WH-CA1,SUP-007,2014-08-15,2014-09-12,2014-09-24,96,96,28,40,12,0,2.51,240.96,Delivered
PO-16014,SKU-049,WH-CA1,SUP-007,2014-08-31,2014-09-28,2014-09-28,96,96,28,28,0,1,2.51,240.96,Delivered
PO-16015,SKU-049,WH-CA1,SUP-007,2014-09-16,2014-10-14,2014-10-11,96,96,28,25,-3,1,2.51,240.96,Delivered
PO-16016,SKU-049,WH-CA1,SUP-007,2014-10-03,2014-10-31,2014-10-25,96,96,28,22,-6,1,2.51,240.96,Delivered
PO-16017,SKU-049,WH-CA1,SUP-007,2014-10-20,2014-11-17,2014-11-17,96,96,28,28,0,1,2.51,240.96,Delivered
PO-16018,SKU-049,WH-CA1,SUP-007,2014-11-08,2014-12-06,2014-12-06,96,96,28,28,0,1,2.51,240.96,Delivered
PO-16019,SKU-049,WH-CA1,SUP-007,2014-11-27,2014-12-25,2014-12-22,96,96,28,25,-3,1,2.51,240.96,Delivered
PO-16020,SKU-049,WH-CA1,SUP-007,2014-12-14,2015-01-11,2015-01-11,96,96,28,28,0,1,2.51,240.96,Delivered
PO-16021,SKU-049,WH-CA1,SUP-007,2015-01-01,2015-01-29,2015-01-28,96,96,28,27,-1,1,2.51,240.96,Delivered
PO-16022,SKU-049,WH-CA1,SUP-007,2015-01-18,2015-02-15,2015-02-13,96,96,28,26,-2,1,2.51,240.96,Delivered
PO-16023,SKU-049,WH-CA1,SUP-007,2015-02-03,2015-03-03,2015-03-03,96,96,28,28,0,1,2.51,240.96,Delivered
PO-16024,SKU-049,WH-CA1,SUP-007,2015-02-19,2015-03-19,2015-04-03,96,96,28,43,15,0,2.51,240.96,Delivered
PO-16025,SKU-049,WH-CA1,SUP-007,2015-03-09,2015-04-06,2015-03-29,96,96,28,20,-8,1,2.51,240.96,Delivered
PO-16026,SKU-049,WH-CA1,SUP-007,2015-03-27,2015-04-24,2015-04-24,96,96,28,28,0,1,2.51,240.96,Delivered
PO-16027,SKU-049,WH-CA1,SUP-007,2015-04-12,2015-05-10,2015-05-10,96,96,28,28,0,1,2.51,240.96,Delivered
PO-16028,SKU-049,WH-CA1,SUP-007,2015-04-30,2015-05-28,2015-05-28,96,96,28,28,0,1,2.51,240.96,Delivered
PO-16029,SKU-049,WH-CA1,SUP-007,2015-05-17,2015-06-14,2015-06-12,96,96,28,26,-2,1,2.51,240.96,Delivered
PO-16030,SKU-049,WH-CA1,SUP-007,2015-06-05,2015-07-03,2015-07-02,96,96,28,27,-1,1,2.51,240.96,Delivered
PO-16031,SKU-049,WH-CA1,SUP-007,2015-06-21,2015-07-19,2015-07-18,96,96,28,27,-1,1,2.51,240.96,Delivered
PO-16032,SKU-049,WH-CA1,SUP-007,2015-07-07,2015-08-04,2015-08-04,96,96,28,28,0,1,2.51,240.96,Delivered
PO-16033,SKU-049,WH-CA1,SUP-007,2015-07-26,2015-08-23,2015-08-19,96,96,28,24,-4,1,2.51,240.96,Delivered
PO-16034,SKU-049,WH-CA1,SUP-007,2015-08-12,2015-09-09,2015-09-06,96,96,28,25,-3,1,2.51,240.96,Delivered
PO-16035,SKU-049,WH-CA1,SUP-007,2015-08-28,2015-09-25,2015-09-30,96,96,28,33,5,0,2.51,240.96,Delivered
PO-16036,SKU-049,WH-CA1,SUP-007,2015-09-14,2015-10-12,2015-11-04,96,96,28,51,23,0,2.51,240.96,Delivered
PO-16037,SKU-049,WH-CA1,SUP-007,2015-10-01,2015-10-29,2015-10-29,96,96,28,28,0,1,2.51,240.96,Delivered
PO-16038,SKU-049,WH-CA1,SUP-007,2015-10-18,2015-11-15,2015-11-15,96,96,28,28,0,1,2.51,240.96,Delivered
PO-16039,SKU-049,WH-CA1,SUP-007,2015-11-06,2015-12-04,2015-12-02,96,96,28,26,-2,1,2.51,240.96,Delivered
PO-16040,SKU-049,WH-CA1,SUP-007,2015-11-25,2015-12-23,2015-12-27,96,96,28,32,4,0,2.51,240.96,Delivered
PO-16041,SKU-049,WH-CA1,SUP-007,2015-12-13,2016-01-10,2016-01-10,96,96,28,28,0,1,2.51,240.96,Delivered
PO-16042,SKU-049,WH-CA1,SUP-007,2015-12-30,2016-01-27,2016-01-27,96,96,28,28,0,1,2.51,240.96,Delivered
PO-16043,SKU-049,WH-CA1,SUP-007,2016-01-18,2016-02-15,2016-02-15,96,96,28,28,0,1,2.51,240.96,Delivered
PO-16044,SKU-049,WH-CA1,SUP-007,2016-02-06,2016-03-05,2016-03-05,96,96,28,28,0,1,2.51,240.96,Delivered
PO-16045,SKU-049,WH-CA1,SUP-007,2016-02-23,2016-03-22,2016-03-22,96,96,28,28,0,1,2.51,240.96,Delivered
PO-16046,SKU-049,WH-CA1,SUP-007,2016-03-11,2016-04-08,2016-04-03,96,96,28,23,-5,1,2.51,240.96,Delivered
PO-16047,SKU-049,WH-CA1,SUP-007,2016-03-30,2016-04-27,2016-04-23,96,96,28,24,-4,1,2.51,240.96,Delivered
PO-16048,SKU-049,WH-TX1,SUP-007,2014-05-04,2014-06-01,2014-06-01,96,96,28,28,0,1,2.51,240.96,Delivered
PO-16049,SKU-049,WH-TX1,SUP-007,2014-05-25,2014-06-22,2014-06-22,96,96,28,28,0,1,2.51,240.96,Delivered
PO-16050,SKU-049,WH-TX1,SUP-007,2014-06-17,2014-07-15,2014-07-11,96,96,28,24,-4,1,2.51,240.96,Delivered
PO-16051,SKU-049,WH-TX1,SUP-007,2014-07-07,2014-08-04,2014-08-04,96,96,28,28,0,1,2.51,240.96,Delivered
PO-16052,SKU-049,WH-TX1,SUP-007,2014-07-29,2014-08-26,2014-08-21,96,96,28,23,-5,1,2.51,240.96,Delivered
PO-16053,SKU-049,WH-TX1,SUP-007,2014-08-21,2014-09-18,2014-09-18,96,96,28,28,0,1,2.51,240.96,Delivered
PO-16054,SKU-049,WH-TX1,SUP-007,2014-09-13,2014-10-11,2014-10-11,96,96,28,28,0,1,2.51,240.96,Delivered
PO-16055,SKU-049,WH-TX1,SUP-007,2014-10-04,2014-11-01,2014-11-01,96,96,28,28,0,1,2.51,240.96,Delivered
PO-16056,SKU-049,WH-TX1,SUP-007,2014-10-25,2014-11-22,2014-11-26,96,96,28,32,4,0,2.51,240.96,Delivered
PO-16057,SKU-049,WH-TX1,SUP-007,2014-11-15,2014-12-13,2014-12-19,96,96,28,34,6,0,2.51,240.96,Delivered
PO-16058,SKU-049,WH-TX1,SUP-007,2014-12-07,2015-01-04,2015-01-03,96,96,28,27,-1,1,2.51,240.96,Delivered
PO-16059,SKU-049,WH-TX1,SUP-007,2014-12-30,2015-01-27,2015-01-26,96,96,28,27,-1,1,2.51,240.96,Delivered
PO-16060,SKU-049,WH-TX1,SUP-007,2015-01-20,2015-02-17,2015-03-10,96,96,28,49,21,0,2.51,240.96,Delivered
PO-16061,SKU-049,WH-TX1,SUP-007,2015-02-09,2015-03-09,2015-03-09,96,96,28,28,0,1,2.51,240.96,Delivered
PO-16062,SKU-049,WH-TX1,SUP-007,2015-03-02,2015-03-30,2015-03-27,96,96,28,25,-3,1,2.51,240.96,Delivered
PO-16063,SKU-049,WH-TX1,SUP-007,2015-03-23,2015-04-20,2015-04-20,96,96,28,28,0,1,2.51,240.96,Delivered
PO-16064,SKU-049,WH-TX1,SUP-007,2015-04-13,2015-05-11,2015-05-07,96,96,28,24,-4,1,2.51,240.96,Delivered
PO-16065,SKU-049,WH-TX1,SUP-007,2015-05-04,2015-06-01,2015-06-01,96,96,28,28,0,1,2.51,240.96,Delivered
PO-16066,SKU-049,WH-TX1,SUP-007,2015-05-24,2015-06-21,2015-06-21,96,96,28,28,0,1,2.51,240.96,Delivered
PO-16067,SKU-049,WH-TX1,SUP-007,2015-06-15,2015-07-13,2015-07-22,96,96,28,37,9,0,2.51,240.96,Delivered
PO-16068,SKU-049,WH-TX1,SUP-007,2015-07-06,2015-08-03,2015-08-02,96,96,28,27,-1,1,2.51,240.96,Delivered
PO-16069,SKU-049,WH-TX1,SUP-007,2015-07-27,2015-08-24,2015-08-24,96,96,28,28,0,1,2.51,240.96,Delivered
PO-16070,SKU-049,WH-TX1,SUP-007,2015-08-17,2015-09-14,2015-09-14,96,96,28,28,0,1,2.51,240.96,Delivered
PO-16071,SKU-049,WH-TX1,SUP-007,2015-09-06,2015-10-04,2015-10-04,96,96,28,28,0,1,2.51,240.96,Delivered
PO-16072,SKU-049,WH-TX1,SUP-007,2015-09-26,2015-10-24,2015-10-23,96,96,28,27,-1,1,2.51,240.96,Delivered
PO-16073,SKU-049,WH-TX1,SUP-007,2015-10-17,2015-11-14,2015-11-14,96,96,28,28,0,1,2.51,240.96,Delivered
PO-16074,SKU-049,WH-TX1,SUP-007,2015-11-07,2015-12-05,2015-12-06,96,96,28,29,1,0,2.51,240.96,Delivered
PO-16075,SKU-049,WH-TX1,SUP-007,2015-11-28,2015-12-26,2015-12-26,96,96,28,28,0,1,2.51,240.96,Delivered
PO-16076,SKU-049,WH-TX1,SUP-007,2015-12-20,2016-01-17,2016-01-13,96,96,28,24,-4,1,2.51,240.96,Delivered
PO-16077,SKU-049,WH-TX1,SUP-007,2016-01-10,2016-02-07,2016-02-08,96,96,28,29,1,0,2.51,240.96,Delivered
PO-16078,SKU-049,WH-TX1,SUP-007,2016-02-01,2016-02-29,2016-02-27,96,96,28,26,-2,1,2.51,240.96,Delivered
PO-16079,SKU-049,WH-TX1,SUP-007,2016-02-22,2016-03-21,2016-03-18,96,96,28,25,-3,1,2.51,240.96,Delivered
PO-16080,SKU-049,WH-TX1,SUP-007,2016-03-14,2016-04-11,2016-04-11,96,96,28,28,0,1,2.51,240.96,Delivered
PO-16081,SKU-049,WH-TX1,SUP-007,2016-04-05,2016-05-03,2016-05-09,96,0,28,34,6,0,2.51,240.96,In-Transit
PO-16082,SKU-049,WH-WI1,SUP-007,2014-04-30,2014-05-28,2014-05-24,96,96,28,24,-4,1,2.51,240.96,Delivered
PO-16083,SKU-049,WH-WI1,SUP-007,2014-05-19,2014-06-16,2014-06-15,96,96,28,27,-1,1,2.51,240.96,Delivered
PO-16084,SKU-049,WH-WI1,SUP-007,2014-06-08,2014-07-06,2014-07-05,96,96,28,27,-1,1,2.51,240.96,Delivered
PO-16085,SKU-049,WH-WI1,SUP-007,2014-06-28,2014-07-26,2014-07-22,96,96,28,24,-4,1,2.51,240.96,Delivered
PO-16086,SKU-049,WH-WI1,SUP-007,2014-07-18,2014-08-15,2014-08-15,96,96,28,28,0,1,2.51,240.96,Delivered
PO-16087,SKU-049,WH-WI1,SUP-007,2014-08-05,2014-09-02,2014-08-31,96,96,28,26,-2,1,2.51,240.96,Delivered
PO-16088,SKU-049,WH-WI1,SUP-007,2014-08-24,2014-09-21,2014-09-19,96,96,28,26,-2,1,2.51,240.96,Delivered
PO-16089,SKU-049,WH-WI1,SUP-007,2014-09-13,2014-10-11,2014-10-11,96,96,28,28,0,1,2.51,240.96,Delivered
PO-16090,SKU-049,WH-WI1,SUP-007,2014-10-03,2014-10-31,2014-10-31,96,96,28,28,0,1,2.51,240.96,Delivered
PO-16091,SKU-049,WH-WI1,SUP-007,2014-10-22,2014-11-19,2014-11-19,96,96,28,28,0,1,2.51,240.96,Delivered
PO-16092,SKU-049,WH-WI1,SUP-007,2014-11-12,2014-12-10,2014-12-06,96,96,28,24,-4,1,2.51,240.96,Delivered
PO-16093,SKU-049,WH-WI1,SUP-007,2014-12-02,2014-12-30,2014-12-26,96,96,28,24,-4,1,2.51,240.96,Delivered
PO-16094,SKU-049,WH-WI1,SUP-007,2014-12-23,2015-01-20,2015-01-31,96,96,28,39,11,0,2.51,240.96,Delivered
PO-16095,SKU-049,WH-WI1,SUP-007,2015-01-11,2015-02-08,2015-02-26,96,96,28,46,18,0,2.51,240.96,Delivered
PO-16096,SKU-049,WH-WI1,SUP-007,2015-01-30,2015-02-27,2015-02-27,96,96,28,28,0,1,2.51,240.96,Delivered
PO-16097,SKU-049,WH-WI1,SUP-007,2015-02-18,2015-03-18,2015-03-18,96,96,28,28,0,1,2.51,240.96,Delivered
PO-16098,SKU-049,WH-WI1,SUP-007,2015-03-08,2015-04-05,2015-04-05,96,96,28,28,0,1,2.51,240.96,Delivered
PO-16099,SKU-049,WH-WI1,SUP-007,2015-03-29,2015-04-26,2015-04-26,96,96,28,28,0,1,2.51,240.96,Delivered
PO-16100,SKU-049,WH-WI1,SUP-007,2015-04-18,2015-05-16,2015-05-14,96,96,28,26,-2,1,2.51,240.96,Delivered
PO-16101,SKU-049,WH-WI1,SUP-007,2015-05-07,2015-06-04,2015-06-04,96,96,28,28,0,1,2.51,240.96,Delivered
PO-16102,SKU-049,WH-WI1,SUP-007,2015-05-26,2015-06-23,2015-06-21,96,96,28,26,-2,1,2.51,240.96,Delivered
PO-16103,SKU-049,WH-WI1,SUP-007,2015-06-13,2015-07-11,2015-07-11,96,96,28,28,0,1,2.51,240.96,Delivered
PO-16104,SKU-049,WH-WI1,SUP-007,2015-07-02,2015-07-30,2015-07-27,96,96,28,25,-3,1,2.51,240.96,Delivered
PO-16105,SKU-049,WH-WI1,SUP-007,2015-07-23,2015-08-20,2015-08-20,96,96,28,28,0,1,2.51,240.96,Delivered
PO-16106,SKU-049,WH-WI1,SUP-007,2015-08-11,2015-09-08,2015-09-08,96,96,28,28,0,1,2.51,240.96,Delivered
PO-16107,SKU-049,WH-WI1,SUP-007,2015-09-01,2015-09-29,2015-09-29,96,96,28,28,0,1,2.51,240.96,Delivered
PO-16108,SKU-049,WH-WI1,SUP-007,2015-09-20,2015-10-18,2015-10-19,96,96,28,29,1,0,2.51,240.96,Delivered
PO-16109,SKU-049,WH-WI1,SUP-007,2015-10-08,2015-11-05,2015-10-31,96,96,28,23,-5,1,2.51,240.96,Delivered
PO-16110,SKU-049,WH-WI1,SUP-007,2015-10-26,2015-11-23,2015-11-23,96,96,28,28,0,1,2.51,240.96,Delivered
PO-16111,SKU-049,WH-WI1,SUP-007,2015-11-15,2015-12-13,2015-12-13,96,96,28,28,0,1,2.51,240.96,Delivered
PO-16112,SKU-049,WH-WI1,SUP-007,2015-12-06,2016-01-03,2015-12-28,96,96,28,22,-6,1,2.51,240.96,Delivered
PO-16113,SKU-049,WH-WI1,SUP-007,2015-12-26,2016-01-23,2016-01-22,96,96,28,27,-1,1,2.51,240.96,Delivered
PO-16114,SKU-049,WH-WI1,SUP-007,2016-01-16,2016-02-13,2016-02-07,96,96,28,22,-6,1,2.51,240.96,Delivered
PO-16115,SKU-049,WH-WI1,SUP-007,2016-02-06,2016-03-05,2016-03-06,96,96,28,29,1,0,2.51,240.96,Delivered
PO-16116,SKU-049,WH-WI1,SUP-007,2016-02-24,2016-03-23,2016-03-19,96,96,28,24,-4,1,2.51,240.96,Delivered
PO-16117,SKU-049,WH-WI1,SUP-007,2016-03-16,2016-04-13,2016-04-12,96,96,28,27,-1,1,2.51,240.96,Delivered
PO-16118,SKU-049,WH-WI1,SUP-007,2016-04-04,2016-05-02,2016-05-02,96,0,28,28,0,1,2.51,240.96,In-Transit
PO-16119,SKU-050,WH-CA1,SUP-006,2014-05-01,2014-05-22,2014-05-22,48,48,21,21,0,1,3.53,169.44,Delivered
PO-16120,SKU-050,WH-CA1,SUP-006,2014-05-23,2014-06-13,2014-06-13,48,48,21,21,0,1,3.53,169.44,Delivered
PO-16121,SKU-050,WH-CA1,SUP-006,2014-06-16,2014-07-07,2014-07-06,48,48,21,20,-1,1,3.53,169.44,Delivered
PO-16122,SKU-050,WH-CA1,SUP-006,2014-07-09,2014-07-30,2014-07-27,48,48,21,18,-3,1,3.53,169.44,Delivered
PO-16123,SKU-050,WH-CA1,SUP-006,2014-08-02,2014-08-23,2014-08-24,48,48,21,22,1,0,3.53,169.44,Delivered
PO-16124,SKU-050,WH-CA1,SUP-006,2014-08-25,2014-09-15,2014-09-15,48,48,21,21,0,1,3.53,169.44,Delivered
PO-16125,SKU-050,WH-CA1,SUP-006,2014-09-16,2014-10-07,2014-10-07,48,48,21,21,0,1,3.53,169.44,Delivered
PO-16126,SKU-050,WH-CA1,SUP-006,2014-10-10,2014-10-31,2014-10-29,48,48,21,19,-2,1,3.53,169.44,Delivered
PO-16127,SKU-050,WH-CA1,SUP-006,2014-11-01,2014-11-22,2014-11-22,48,48,21,21,0,1,3.53,169.44,Delivered
PO-16128,SKU-050,WH-CA1,SUP-006,2014-11-24,2014-12-15,2014-12-14,48,48,21,20,-1,1,3.53,169.44,Delivered
PO-16129,SKU-050,WH-CA1,SUP-006,2014-12-17,2015-01-07,2015-01-07,48,48,21,21,0,1,3.53,169.44,Delivered
PO-16130,SKU-050,WH-CA1,SUP-006,2015-01-11,2015-02-01,2015-02-01,48,48,21,21,0,1,3.53,169.44,Delivered
PO-16131,SKU-050,WH-CA1,SUP-006,2015-02-03,2015-02-24,2015-02-24,48,48,21,21,0,1,3.53,169.44,Delivered
PO-16132,SKU-050,WH-CA1,SUP-006,2015-02-28,2015-03-21,2015-03-19,48,48,21,19,-2,1,3.53,169.44,Delivered
PO-16133,SKU-050,WH-CA1,SUP-006,2015-03-23,2015-04-13,2015-04-11,48,48,21,19,-2,1,3.53,169.44,Delivered
PO-16134,SKU-050,WH-CA1,SUP-006,2015-04-14,2015-05-05,2015-05-05,48,48,21,21,0,1,3.53,169.44,Delivered
PO-16135,SKU-050,WH-CA1,SUP-006,2015-05-09,2015-05-30,2015-05-27,48,48,21,18,-3,1,3.53,169.44,Delivered
PO-16136,SKU-050,WH-CA1,SUP-006,2015-06-02,2015-06-23,2015-07-05,48,48,21,33,12,0,3.53,169.44,Delivered
PO-16137,SKU-050,WH-CA1,SUP-006,2015-06-26,2015-07-17,2015-07-14,48,48,21,18,-3,1,3.53,169.44,Delivered
PO-16138,SKU-050,WH-CA1,SUP-006,2015-07-19,2015-08-09,2015-08-08,48,48,21,20,-1,1,3.53,169.44,Delivered
PO-16139,SKU-050,WH-CA1,SUP-006,2015-08-13,2015-09-03,2015-09-03,48,48,21,21,0,1,3.53,169.44,Delivered
PO-16140,SKU-050,WH-CA1,SUP-006,2015-09-07,2015-09-28,2015-09-28,48,48,21,21,0,1,3.53,169.44,Delivered
PO-16141,SKU-050,WH-CA1,SUP-006,2015-09-29,2015-10-20,2015-10-27,48,48,21,28,7,0,3.53,169.44,Delivered
PO-16142,SKU-050,WH-CA1,SUP-006,2015-10-22,2015-11-12,2015-11-09,48,48,21,18,-3,1,3.53,169.44,Delivered
PO-16143,SKU-050,WH-CA1,SUP-006,2015-11-16,2015-12-07,2015-12-07,48,48,21,21,0,1,3.53,169.44,Delivered
PO-16144,SKU-050,WH-CA1,SUP-006,2015-12-09,2015-12-30,2015-12-28,48,48,21,19,-2,1,3.53,169.44,Delivered
PO-16145,SKU-050,WH-CA1,SUP-006,2016-01-01,2016-01-22,2016-01-22,48,48,21,21,0,1,3.53,169.44,Delivered
PO-16146,SKU-050,WH-CA1,SUP-006,2016-01-26,2016-02-16,2016-02-16,48,48,21,21,0,1,3.53,169.44,Delivered
PO-16147,SKU-050,WH-CA1,SUP-006,2016-02-18,2016-03-10,2016-03-10,48,48,21,21,0,1,3.53,169.44,Delivered
PO-16148,SKU-050,WH-CA1,SUP-006,2016-03-11,2016-04-01,2016-03-31,48,48,21,20,-1,1,3.53,169.44,Delivered
PO-16149,SKU-050,WH-CA1,SUP-006,2016-04-05,2016-04-26,2016-04-24,48,48,21,19,-2,1,3.53,169.44,Delivered
PO-16150,SKU-050,WH-TX1,SUP-006,2014-04-29,2014-05-20,2014-05-18,48,48,21,19,-2,1,3.53,169.44,Delivered
PO-16151,SKU-050,WH-TX1,SUP-006,2014-05-23,2014-06-13,2014-06-13,48,48,21,21,0,1,3.53,169.44,Delivered
PO-16152,SKU-050,WH-TX1,SUP-006,2014-06-16,2014-07-07,2014-07-07,48,48,21,21,0,1,3.53,169.44,Delivered
PO-16153,SKU-050,WH-TX1,SUP-006,2014-07-07,2014-07-28,2014-07-28,48,48,21,21,0,1,3.53,169.44,Delivered
PO-16154,SKU-050,WH-TX1,SUP-006,2014-07-28,2014-08-18,2014-08-18,48,48,21,21,0,1,3.53,169.44,Delivered
PO-16155,SKU-050,WH-TX1,SUP-006,2014-08-19,2014-09-09,2014-09-09,48,48,21,21,0,1,3.53,169.44,Delivered
PO-16156,SKU-050,WH-TX1,SUP-006,2014-09-11,2014-10-02,2014-10-01,48,48,21,20,-1,1,3.53,169.44,Delivered
PO-16157,SKU-050,WH-TX1,SUP-006,2014-10-03,2014-10-24,2014-10-23,48,48,21,20,-1,1,3.53,169.44,Delivered
PO-16158,SKU-050,WH-TX1,SUP-006,2014-10-25,2014-11-15,2014-11-15,48,48,21,21,0,1,3.53,169.44,Delivered
PO-16159,SKU-050,WH-TX1,SUP-006,2014-11-18,2014-12-09,2014-12-07,48,48,21,19,-2,1,3.53,169.44,Delivered
PO-16160,SKU-050,WH-TX1,SUP-006,2014-12-12,2015-01-02,2015-01-02,48,48,21,21,0,1,3.53,169.44,Delivered
PO-16161,SKU-050,WH-TX1,SUP-006,2015-01-03,2015-01-24,2015-01-23,48,48,21,20,-1,1,3.53,169.44,Delivered
PO-16162,SKU-050,WH-TX1,SUP-006,2015-01-25,2015-02-15,2015-02-15,48,48,21,21,0,1,3.53,169.44,Delivered
PO-16163,SKU-050,WH-TX1,SUP-006,2015-02-17,2015-03-10,2015-03-06,48,48,21,17,-4,1,3.53,169.44,Delivered
PO-16164,SKU-050,WH-TX1,SUP-006,2015-03-12,2015-04-02,2015-04-02,48,48,21,21,0,1,3.53,169.44,Delivered
PO-16165,SKU-050,WH-TX1,SUP-006,2015-04-03,2015-04-24,2015-04-24,48,48,21,21,0,1,3.53,169.44,Delivered
PO-16166,SKU-050,WH-TX1,SUP-006,2015-04-24,2015-05-15,2015-05-13,48,48,21,19,-2,1,3.53,169.44,Delivered
PO-16167,SKU-050,WH-TX1,SUP-006,2015-05-18,2015-06-08,2015-06-11,48,48,21,24,3,0,3.53,169.44,Delivered
PO-16168,SKU-050,WH-TX1,SUP-006,2015-06-09,2015-06-30,2015-06-30,48,48,21,21,0,1,3.53,169.44,Delivered
PO-16169,SKU-050,WH-TX1,SUP-006,2015-07-01,2015-07-22,2015-07-22,48,48,21,21,0,1,3.53,169.44,Delivered
PO-16170,SKU-050,WH-TX1,SUP-006,2015-07-25,2015-08-15,2015-08-13,48,48,21,19,-2,1,3.53,169.44,Delivered
PO-16171,SKU-050,WH-TX1,SUP-006,2015-08-16,2015-09-06,2015-09-02,48,48,21,17,-4,1,3.53,169.44,Delivered
PO-16172,SKU-050,WH-TX1,SUP-006,2015-09-09,2015-09-30,2015-09-30,48,48,21,21,0,1,3.53,169.44,Delivered
PO-16173,SKU-050,WH-TX1,SUP-006,2015-10-01,2015-10-22,2015-10-22,48,48,21,21,0,1,3.53,169.44,Delivered
PO-16174,SKU-050,WH-TX1,SUP-006,2015-10-25,2015-11-15,2015-11-15,48,48,21,21,0,1,3.53,169.44,Delivered
PO-16175,SKU-050,WH-TX1,SUP-006,2015-11-18,2015-12-09,2015-12-08,48,48,21,20,-1,1,3.53,169.44,Delivered
PO-16176,SKU-050,WH-TX1,SUP-006,2015-12-09,2015-12-30,2015-12-29,48,48,21,20,-1,1,3.53,169.44,Delivered
PO-16177,SKU-050,WH-TX1,SUP-006,2016-01-01,2016-01-22,2016-01-20,48,48,21,19,-2,1,3.53,169.44,Delivered
PO-16178,SKU-050,WH-TX1,SUP-006,2016-01-23,2016-02-13,2016-02-13,48,48,21,21,0,1,3.53,169.44,Delivered
PO-16179,SKU-050,WH-TX1,SUP-006,2016-02-14,2016-03-06,2016-03-06,48,48,21,21,0,1,3.53,169.44,Delivered
PO-16180,SKU-050,WH-TX1,SUP-006,2016-03-07,2016-03-28,2016-03-25,48,48,21,18,-3,1,3.53,169.44,Delivered
PO-16181,SKU-050,WH-TX1,SUP-006,2016-03-30,2016-04-20,2016-04-16,48,48,21,17,-4,1,3.53,169.44,Delivered
PO-16182,SKU-050,WH-WI1,SUP-006,2014-05-05,2014-05-26,2014-05-26,48,48,21,21,0,1,3.53,169.44,Delivered
PO-16183,SKU-050,WH-WI1,SUP-006,2014-05-22,2014-06-12,2014-06-11,48,48,21,20,-1,1,3.53,169.44,Delivered
PO-16184,SKU-050,WH-WI1,SUP-006,2014-06-08,2014-06-29,2014-06-29,48,48,21,21,0,1,3.53,169.44,Delivered
PO-16185,SKU-050,WH-WI1,SUP-006,2014-06-27,2014-07-18,2014-07-18,48,48,21,21,0,1,3.53,169.44,Delivered
PO-16186,SKU-050,WH-WI1,SUP-006,2014-07-17,2014-08-07,2014-08-02,48,48,21,16,-5,1,3.53,169.44,Delivered
PO-16187,SKU-050,WH-WI1,SUP-006,2014-08-06,2014-08-27,2014-08-22,48,48,21,16,-5,1,3.53,169.44,Delivered
PO-16188,SKU-050,WH-WI1,SUP-006,2014-08-25,2014-09-15,2014-09-15,48,48,21,21,0,1,3.53,169.44,Delivered
PO-16189,SKU-050,WH-WI1,SUP-006,2014-09-13,2014-10-04,2014-10-02,48,48,21,19,-2,1,3.53,169.44,Delivered
PO-16190,SKU-050,WH-WI1,SUP-006,2014-10-02,2014-10-23,2014-10-22,48,48,21,20,-1,1,3.53,169.44,Delivered
PO-16191,SKU-050,WH-WI1,SUP-006,2014-10-20,2014-11-10,2014-11-10,48,48,21,21,0,1,3.53,169.44,Delivered
PO-16192,SKU-050,WH-WI1,SUP-006,2014-11-07,2014-11-28,2014-11-28,48,48,21,21,0,1,3.53,169.44,Delivered
PO-16193,SKU-050,WH-WI1,SUP-006,2014-11-25,2014-12-16,2014-12-16,48,48,21,21,0,1,3.53,169.44,Delivered
PO-16194,SKU-050,WH-WI1,SUP-006,2014-12-12,2015-01-02,2015-01-02,48,48,21,21,0,1,3.53,169.44,Delivered
PO-16195,SKU-050,WH-WI1,SUP-006,2014-12-30,2015-01-20,2015-01-20,48,48,21,21,0,1,3.53,169.44,Delivered
PO-16196,SKU-050,WH-WI1,SUP-006,2015-01-18,2015-02-08,2015-02-08,48,48,21,21,0,1,3.53,169.44,Delivered
PO-16197,SKU-050,WH-WI1,SUP-006,2015-02-04,2015-02-25,2015-02-24,48,48,21,20,-1,1,3.53,169.44,Delivered
PO-16198,SKU-050,WH-WI1,SUP-006,2015-02-21,2015-03-14,2015-03-14,48,48,21,21,0,1,3.53,169.44,Delivered
PO-16199,SKU-050,WH-WI1,SUP-006,2015-03-11,2015-04-01,2015-03-29,48,48,21,18,-3,1,3.53,169.44,Delivered
PO-16200,SKU-050,WH-WI1,SUP-006,2015-03-28,2015-04-18,2015-04-18,48,48,21,21,0,1,3.53,169.44,Delivered
PO-16201,SKU-050,WH-WI1,SUP-006,2015-04-17,2015-05-08,2015-05-16,48,48,21,29,8,0,3.53,169.44,Delivered
PO-16202,SKU-050,WH-WI1,SUP-006,2015-05-06,2015-05-27,2015-05-27,48,48,21,21,0,1,3.53,169.44,Delivered
PO-16203,SKU-050,WH-WI1,SUP-006,2015-05-25,2015-06-15,2015-06-09,48,48,21,15,-6,1,3.53,169.44,Delivered
PO-16204,SKU-050,WH-WI1,SUP-006,2015-06-12,2015-07-03,2015-07-03,48,48,21,21,0,1,3.53,169.44,Delivered
PO-16205,SKU-050,WH-WI1,SUP-006,2015-06-29,2015-07-20,2015-07-19,48,48,21,20,-1,1,3.53,169.44,Delivered
PO-16206,SKU-050,WH-WI1,SUP-006,2015-07-19,2015-08-09,2015-08-08,48,48,21,20,-1,1,3.53,169.44,Delivered
PO-16207,SKU-050,WH-WI1,SUP-006,2015-08-05,2015-08-26,2015-08-25,48,48,21,20,-1,1,3.53,169.44,Delivered
PO-16208,SKU-050,WH-WI1,SUP-006,2015-08-22,2015-09-12,2015-09-11,48,48,21,20,-1,1,3.53,169.44,Delivered
PO-16209,SKU-050,WH-WI1,SUP-006,2015-09-11,2015-10-02,2015-09-29,48,48,21,18,-3,1,3.53,169.44,Delivered
PO-16210,SKU-050,WH-WI1,SUP-006,2015-09-29,2015-10-20,2015-10-20,48,48,21,21,0,1,3.53,169.44,Delivered
PO-16211,SKU-050,WH-WI1,SUP-006,2015-10-16,2015-11-06,2015-11-06,48,48,21,21,0,1,3.53,169.44,Delivered
PO-16212,SKU-050,WH-WI1,SUP-006,2015-11-03,2015-11-24,2015-11-24,48,48,21,21,0,1,3.53,169.44,Delivered
PO-16213,SKU-050,WH-WI1,SUP-006,2015-11-22,2015-12-13,2015-12-13,48,48,21,21,0,1,3.53,169.44,Delivered
PO-16214,SKU-050,WH-WI1,SUP-006,2015-12-12,2016-01-02,2016-01-02,48,48,21,21,0,1,3.53,169.44,Delivered
PO-16215,SKU-050,WH-WI1,SUP-006,2015-12-29,2016-01-19,2016-01-18,48,48,21,20,-1,1,3.53,169.44,Delivered
PO-16216,SKU-050,WH-WI1,SUP-006,2016-01-16,2016-02-06,2016-02-01,48,48,21,16,-5,1,3.53,169.44,Delivered
PO-16217,SKU-050,WH-WI1,SUP-006,2016-02-03,2016-02-24,2016-02-24,48,48,21,21,0,1,3.53,169.44,Delivered
PO-16218,SKU-050,WH-WI1,SUP-006,2016-02-20,2016-03-12,2016-03-12,48,48,21,21,0,1,3.53,169.44,Delivered
PO-16219,SKU-050,WH-WI1,SUP-006,2016-03-09,2016-03-30,2016-03-30,48,48,21,21,0,1,3.53,169.44,Delivered
PO-16220,SKU-050,WH-WI1,SUP-006,2016-03-27,2016-04-17,2016-04-17,48,48,21,21,0,1,3.53,169.44,Delivered
