date,sku_id,warehouse_id,policy_name,beginning_inventory,demand_units,fulfilled_units,lost_sales_units,ending_inventory,ending_on_order,po_placed_units,po_received_units,holding_cost,ordering_cost,stockout_cost,total_cost,is_stockout,unit_cost
2016-03-28,SKU-001,WH-CA1,Baseline Legacy Rule,52,2,2,0,50,120,120,0,0.041,75.0,0.0,75.04,0,1.21
2016-03-29,SKU-001,WH-CA1,Baseline Legacy Rule,50,0,0,0,50,120,0,0,0.041,0.0,0.0,0.04,0,1.21
2016-03-30,SKU-001,WH-CA1,Baseline Legacy Rule,50,0,0,0,50,120,0,0,0.041,0.0,0.0,0.04,0,1.21
2016-03-31,SKU-001,WH-CA1,Baseline Legacy Rule,50,0,0,0,50,120,0,0,0.041,0.0,0.0,0.04,0,1.21
2016-04-01,SKU-001,WH-CA1,Baseline Legacy Rule,170,0,0,0,170,0,0,120,0.141,0.0,0.0,0.14,0,1.21
2016-04-02,SKU-001,WH-CA1,Baseline Legacy Rule,170,8,8,0,162,0,0,0,0.134,0.0,0.0,0.13,0,1.21
2016-04-03,SKU-001,WH-CA1,Baseline Legacy Rule,162,4,4,0,158,0,0,0,0.131,0.0,0.0,0.13,0,1.21
2016-04-04,SKU-001,WH-CA1,Baseline Legacy Rule,158,14,14,0,144,0,0,0,0.119,0.0,0.0,0.12,0,1.21
2016-04-05,SKU-001,WH-CA1,Baseline Legacy Rule,144,4,4,0,140,0,0,0,0.116,0.0,0.0,0.12,0,1.21
2016-04-06,SKU-001,WH-CA1,Baseline Legacy Rule,140,3,3,0,137,0,0,0,0.114,0.0,0.0,0.11,0,1.21
2016-04-07,SKU-001,WH-CA1,Baseline Legacy Rule,137,12,12,0,125,0,0,0,0.104,0.0,0.0,0.1,0,1.21
2016-04-08,SKU-001,WH-CA1,Baseline Legacy Rule,125,9,9,0,116,0,0,0,0.096,0.0,0.0,0.1,0,1.21
2016-04-09,SKU-001,WH-CA1,Baseline Legacy Rule,116,6,6,0,110,0,0,0,0.091,0.0,0.0,0.09,0,1.21
2016-04-10,SKU-001,WH-CA1,Baseline Legacy Rule,110,0,0,0,110,0,0,0,0.091,0.0,0.0,0.09,0,1.21
2016-04-11,SKU-001,WH-CA1,Baseline Legacy Rule,110,0,0,0,110,0,0,0,0.091,0.0,0.0,0.09,0,1.21
2016-04-12,SKU-001,WH-CA1,Baseline Legacy Rule,110,0,0,0,110,0,0,0,0.091,0.0,0.0,0.09,0,1.21
2016-04-13,SKU-001,WH-CA1,Baseline Legacy Rule,110,0,0,0,110,0,0,0,0.091,0.0,0.0,0.09,0,1.21
2016-04-14,SKU-001,WH-CA1,Baseline Legacy Rule,110,0,0,0,110,0,0,0,0.091,0.0,0.0,0.09,0,1.21
2016-04-15,SKU-001,WH-CA1,Baseline Legacy Rule,110,11,11,0,99,0,0,0,0.082,0.0,0.0,0.08,0,1.21
2016-04-16,SKU-001,WH-CA1,Baseline Legacy Rule,99,0,0,0,99,0,0,0,0.082,0.0,0.0,0.08,0,1.21
2016-04-17,SKU-001,WH-CA1,Baseline Legacy Rule,99,0,0,0,99,0,0,0,0.082,0.0,0.0,0.08,0,1.21
2016-04-18,SKU-001,WH-CA1,Baseline Legacy Rule,99,12,12,0,87,0,0,0,0.072,0.0,0.0,0.07,0,1.21
2016-04-19,SKU-001,WH-CA1,Baseline Legacy Rule,87,7,7,0,80,0,0,0,0.066,0.0,0.0,0.07,0,1.21
2016-04-20,SKU-001,WH-CA1,Baseline Legacy Rule,80,9,9,0,71,120,120,0,0.059,75.0,0.0,75.06,0,1.21
2016-04-21,SKU-001,WH-CA1,Baseline Legacy Rule,71,10,10,0,61,120,0,0,0.051,0.0,0.0,0.05,0,1.21
2016-04-22,SKU-001,WH-CA1,Baseline Legacy Rule,61,7,7,0,54,120,0,0,0.045,0.0,0.0,0.04,0,1.21
2016-04-23,SKU-001,WH-CA1,Baseline Legacy Rule,54,3,3,0,51,120,0,0,0.042,0.0,0.0,0.04,0,1.21
2016-04-24,SKU-001,WH-CA1,Baseline Legacy Rule,171,10,10,0,161,0,0,120,0.133,0.0,0.0,0.13,0,1.21
2016-03-28,SKU-001,WH-TX1,Baseline Legacy Rule,5,0,0,0,5,0,0,0,0.003,0.0,0.0,0.0,0,1.21
2016-03-29,SKU-001,WH-TX1,Baseline Legacy Rule,5,0,0,0,5,0,0,0,0.003,0.0,0.0,0.0,0,1.21
2016-03-30,SKU-001,WH-TX1,Baseline Legacy Rule,5,0,0,0,5,0,0,0,0.003,0.0,0.0,0.0,0,1.21
2016-03-31,SKU-001,WH-TX1,Baseline Legacy Rule,5,0,0,0,5,0,0,0,0.003,0.0,0.0,0.0,0,1.21
2016-04-01,SKU-001,WH-TX1,Baseline Legacy Rule,5,1,1,0,4,0,0,0,0.003,0.0,0.0,0.0,0,1.21
2016-04-02,SKU-001,WH-TX1,Baseline Legacy Rule,4,0,0,0,4,0,0,0,0.003,0.0,0.0,0.0,0,1.21
2016-04-03,SKU-001,WH-TX1,Baseline Legacy Rule,4,0,0,0,4,0,0,0,0.003,0.0,0.0,0.0,0,1.21
2016-04-04,SKU-001,WH-TX1,Baseline Legacy Rule,4,0,0,0,4,0,0,0,0.003,0.0,0.0,0.0,0,1.21
2016-04-05,SKU-001,WH-TX1,Baseline Legacy Rule,4,0,0,0,4,0,0,0,0.003,0.0,0.0,0.0,0,1.21
2016-04-06,SKU-001,WH-TX1,Baseline Legacy Rule,4,0,0,0,4,0,0,0,0.003,0.0,0.0,0.0,0,1.21
2016-04-07,SKU-001,WH-TX1,Baseline Legacy Rule,4,0,0,0,4,0,0,0,0.003,0.0,0.0,0.0,0,1.21
2016-04-08,SKU-001,WH-TX1,Baseline Legacy Rule,4,1,1,0,3,0,0,0,0.002,0.0,0.0,0.0,0,1.21
2016-04-09,SKU-001,WH-TX1,Baseline Legacy Rule,3,0,0,0,3,0,0,0,0.002,0.0,0.0,0.0,0,1.21
2016-04-10,SKU-001,WH-TX1,Baseline Legacy Rule,3,0,0,0,3,0,0,0,0.002,0.0,0.0,0.0,0,1.21
2016-04-11,SKU-001,WH-TX1,Baseline Legacy Rule,3,0,0,0,3,0,0,0,0.002,0.0,0.0,0.0,0,1.21
2016-04-12,SKU-001,WH-TX1,Baseline Legacy Rule,3,0,0,0,3,0,0,0,0.002,0.0,0.0,0.0,0,1.21
2016-04-13,SKU-001,WH-TX1,Baseline Legacy Rule,3,0,0,0,3,0,0,0,0.002,0.0,0.0,0.0,0,1.21
2016-04-14,SKU-001,WH-TX1,Baseline Legacy Rule,3,0,0,0,3,0,0,0,0.002,0.0,0.0,0.0,0,1.21
2016-04-15,SKU-001,WH-TX1,Baseline Legacy Rule,3,0,0,0,3,0,0,0,0.002,0.0,0.0,0.0,0,1.21
2016-04-16,SKU-001,WH-TX1,Baseline Legacy Rule,3,0,0,0,3,0,0,0,0.002,0.0,0.0,0.0,0,1.21
2016-04-17,SKU-001,WH-TX1,Baseline Legacy Rule,3,0,0,0,3,0,0,0,0.002,0.0,0.0,0.0,0,1.21
2016-04-18,SKU-001,WH-TX1,Baseline Legacy Rule,3,0,0,0,3,0,0,0,0.002,0.0,0.0,0.0,0,1.21
2016-04-19,SKU-001,WH-TX1,Baseline Legacy Rule,3,2,2,0,1,96,96,0,0.001,75.0,0.0,75.0,0,1.21
2016-04-20,SKU-001,WH-TX1,Baseline Legacy Rule,1,0,0,0,1,96,0,0,0.001,0.0,0.0,0.0,0,1.21
2016-04-21,SKU-001,WH-TX1,Baseline Legacy Rule,1,0,0,0,1,96,0,0,0.001,0.0,0.0,0.0,0,1.21
2016-04-22,SKU-001,WH-TX1,Baseline Legacy Rule,1,0,0,0,1,96,0,0,0.001,0.0,0.0,0.0,0,1.21
2016-04-23,SKU-001,WH-TX1,Baseline Legacy Rule,1,0,0,0,1,96,0,0,0.001,0.0,0.0,0.0,0,1.21
2016-04-24,SKU-001,WH-TX1,Baseline Legacy Rule,97,1,1,0,96,0,0,96,0.064,0.0,0.0,0.06,0,1.21
2016-03-28,SKU-001,WH-WI1,Baseline Legacy Rule,31,2,2,0,29,96,96,0,0.021,75.0,0.0,75.02,0,1.21
2016-03-29,SKU-001,WH-WI1,Baseline Legacy Rule,29,0,0,0,29,96,0,0,0.021,0.0,0.0,0.02,0,1.21
2016-03-30,SKU-001,WH-WI1,Baseline Legacy Rule,29,0,0,0,29,96,0,0,0.021,0.0,0.0,0.02,0,1.21
2016-03-31,SKU-001,WH-WI1,Baseline Legacy Rule,29,0,0,0,29,96,0,0,0.021,0.0,0.0,0.02,0,1.21
2016-04-01,SKU-001,WH-WI1,Baseline Legacy Rule,29,8,8,0,21,96,0,0,0.015,0.0,0.0,0.01,0,1.21
2016-04-02,SKU-001,WH-WI1,Baseline Legacy Rule,117,3,3,0,114,0,0,96,0.083,0.0,0.0,0.08,0,1.21
2016-04-03,SKU-001,WH-WI1,Baseline Legacy Rule,114,1,1,0,113,0,0,0,0.082,0.0,0.0,0.08,0,1.21
2016-04-04,SKU-001,WH-WI1,Baseline Legacy Rule,113,9,9,0,104,0,0,0,0.076,0.0,0.0,0.08,0,1.21
2016-04-05,SKU-001,WH-WI1,Baseline Legacy Rule,104,3,3,0,101,0,0,0,0.074,0.0,0.0,0.07,0,1.21
2016-04-06,SKU-001,WH-WI1,Baseline Legacy Rule,101,0,0,0,101,0,0,0,0.074,0.0,0.0,0.07,0,1.21
2016-04-07,SKU-001,WH-WI1,Baseline Legacy Rule,101,4,4,0,97,0,0,0,0.071,0.0,0.0,0.07,0,1.21
2016-04-08,SKU-001,WH-WI1,Baseline Legacy Rule,97,4,4,0,93,0,0,0,0.068,0.0,0.0,0.07,0,1.21
2016-04-09,SKU-001,WH-WI1,Baseline Legacy Rule,93,8,8,0,85,0,0,0,0.062,0.0,0.0,0.06,0,1.21
2016-04-10,SKU-001,WH-WI1,Baseline Legacy Rule,85,4,4,0,81,0,0,0,0.059,0.0,0.0,0.06,0,1.21
2016-04-11,SKU-001,WH-WI1,Baseline Legacy Rule,81,1,1,0,80,0,0,0,0.058,0.0,0.0,0.06,0,1.21
2016-04-12,SKU-001,WH-WI1,Baseline Legacy Rule,80,3,3,0,77,0,0,0,0.056,0.0,0.0,0.06,0,1.21
2016-04-13,SKU-001,WH-WI1,Baseline Legacy Rule,77,0,0,0,77,0,0,0,0.056,0.0,0.0,0.06,0,1.21
2016-04-14,SKU-001,WH-WI1,Baseline Legacy Rule,77,0,0,0,77,0,0,0,0.056,0.0,0.0,0.06,0,1.21
2016-04-15,SKU-001,WH-WI1,Baseline Legacy Rule,77,0,0,0,77,0,0,0,0.056,0.0,0.0,0.06,0,1.21
2016-04-16,SKU-001,WH-WI1,Baseline Legacy Rule,77,5,5,0,72,0,0,0,0.053,0.0,0.0,0.05,0,1.21
2016-04-17,SKU-001,WH-WI1,Baseline Legacy Rule,72,6,6,0,66,0,0,0,0.048,0.0,0.0,0.05,0,1.21
2016-04-18,SKU-001,WH-WI1,Baseline Legacy Rule,66,4,4,0,62,0,0,0,0.045,0.0,0.0,0.04,0,1.21
2016-04-19,SKU-001,WH-WI1,Baseline Legacy Rule,62,4,4,0,58,0,0,0,0.042,0.0,0.0,0.04,0,1.21
2016-04-20,SKU-001,WH-WI1,Baseline Legacy Rule,58,5,5,0,53,0,0,0,0.039,0.0,0.0,0.04,0,1.21
2016-04-21,SKU-001,WH-WI1,Baseline Legacy Rule,53,0,0,0,53,0,0,0,0.039,0.0,0.0,0.04,0,1.21
2016-04-22,SKU-001,WH-WI1,Baseline Legacy Rule,53,5,5,0,48,0,0,0,0.035,0.0,0.0,0.04,0,1.21
2016-04-23,SKU-001,WH-WI1,Baseline Legacy Rule,48,7,7,0,41,96,96,0,0.03,75.0,0.0,75.03,0,1.21
2016-04-24,SKU-001,WH-WI1,Baseline Legacy Rule,41,0,0,0,41,96,0,0,0.03,0.0,0.0,0.03,0,1.21
2016-03-28,SKU-002,WH-CA1,Baseline Legacy Rule,16,2,2,0,14,96,96,0,0.007,75.0,0.0,75.01,0,0.68
2016-03-29,SKU-002,WH-CA1,Baseline Legacy Rule,14,1,1,0,13,96,0,0,0.006,0.0,0.0,0.01,0,0.68
2016-03-30,SKU-002,WH-CA1,Baseline Legacy Rule,13,0,0,0,13,96,0,0,0.006,0.0,0.0,0.01,0,0.68
2016-03-31,SKU-002,WH-CA1,Baseline Legacy Rule,13,1,1,0,12,96,0,0,0.006,0.0,0.0,0.01,0,0.68
2016-04-01,SKU-002,WH-CA1,Baseline Legacy Rule,12,0,0,0,12,96,0,0,0.006,0.0,0.0,0.01,0,0.68
2016-04-02,SKU-002,WH-CA1,Baseline Legacy Rule,12,0,0,0,12,96,0,0,0.006,0.0,0.0,0.01,0,0.68
2016-04-03,SKU-002,WH-CA1,Baseline Legacy Rule,12,2,2,0,10,96,0,0,0.005,0.0,0.0,0.01,0,0.68
2016-04-04,SKU-002,WH-CA1,Baseline Legacy Rule,106,2,2,0,104,0,0,96,0.048,0.0,0.0,0.05,0,0.68
2016-04-05,SKU-002,WH-CA1,Baseline Legacy Rule,104,1,1,0,103,0,0,0,0.048,0.0,0.0,0.05,0,0.68
2016-04-06,SKU-002,WH-CA1,Baseline Legacy Rule,103,2,2,0,101,0,0,0,0.047,0.0,0.0,0.05,0,0.68
2016-04-07,SKU-002,WH-CA1,Baseline Legacy Rule,101,0,0,0,101,0,0,0,0.047,0.0,0.0,0.05,0,0.68
2016-04-08,SKU-002,WH-CA1,Baseline Legacy Rule,101,3,3,0,98,0,0,0,0.046,0.0,0.0,0.05,0,0.68
2016-04-09,SKU-002,WH-CA1,Baseline Legacy Rule,98,0,0,0,98,0,0,0,0.046,0.0,0.0,0.05,0,0.68
2016-04-10,SKU-002,WH-CA1,Baseline Legacy Rule,98,1,1,0,97,0,0,0,0.045,0.0,0.0,0.04,0,0.68
2016-04-11,SKU-002,WH-CA1,Baseline Legacy Rule,97,1,1,0,96,0,0,0,0.045,0.0,0.0,0.04,0,0.68
2016-04-12,SKU-002,WH-CA1,Baseline Legacy Rule,96,0,0,0,96,0,0,0,0.045,0.0,0.0,0.04,0,0.68
2016-04-13,SKU-002,WH-CA1,Baseline Legacy Rule,96,0,0,0,96,0,0,0,0.045,0.0,0.0,0.04,0,0.68
2016-04-14,SKU-002,WH-CA1,Baseline Legacy Rule,96,0,0,0,96,0,0,0,0.045,0.0,0.0,0.04,0,0.68
2016-04-15,SKU-002,WH-CA1,Baseline Legacy Rule,96,3,3,0,93,0,0,0,0.043,0.0,0.0,0.04,0,0.68
2016-04-16,SKU-002,WH-CA1,Baseline Legacy Rule,93,1,1,0,92,0,0,0,0.043,0.0,0.0,0.04,0,0.68
2016-04-17,SKU-002,WH-CA1,Baseline Legacy Rule,92,4,4,0,88,0,0,0,0.041,0.0,0.0,0.04,0,0.68
2016-04-18,SKU-002,WH-CA1,Baseline Legacy Rule,88,1,1,0,87,0,0,0,0.041,0.0,0.0,0.04,0,0.68
2016-04-19,SKU-002,WH-CA1,Baseline Legacy Rule,87,2,2,0,85,0,0,0,0.04,0.0,0.0,0.04,0,0.68
2016-04-20,SKU-002,WH-CA1,Baseline Legacy Rule,85,1,1,0,84,0,0,0,0.039,0.0,0.0,0.04,0,0.68
2016-04-21,SKU-002,WH-CA1,Baseline Legacy Rule,84,2,2,0,82,0,0,0,0.038,0.0,0.0,0.04,0,0.68
2016-04-22,SKU-002,WH-CA1,Baseline Legacy Rule,82,0,0,0,82,0,0,0,0.038,0.0,0.0,0.04,0,0.68
2016-04-23,SKU-002,WH-CA1,Baseline Legacy Rule,82,1,1,0,81,0,0,0,0.038,0.0,0.0,0.04,0,0.68
2016-04-24,SKU-002,WH-CA1,Baseline Legacy Rule,81,3,3,0,78,0,0,0,0.036,0.0,0.0,0.04,0,0.68
2016-03-28,SKU-002,WH-TX1,Baseline Legacy Rule,18,1,1,0,17,96,96,0,0.006,75.0,0.0,75.01,0,0.68
2016-03-29,SKU-002,WH-TX1,Baseline Legacy Rule,17,0,0,0,17,96,0,0,0.006,0.0,0.0,0.01,0,0.68
2016-03-30,SKU-002,WH-TX1,Baseline Legacy Rule,17,1,1,0,16,96,0,0,0.006,0.0,0.0,0.01,0,0.68
2016-03-31,SKU-002,WH-TX1,Baseline Legacy Rule,16,2,2,0,14,96,0,0,0.005,0.0,0.0,0.01,0,0.68
2016-04-01,SKU-002,WH-TX1,Baseline Legacy Rule,14,1,1,0,13,96,0,0,0.005,0.0,0.0,0.01,0,0.68
2016-04-02,SKU-002,WH-TX1,Baseline Legacy Rule,13,2,2,0,11,96,0,0,0.004,0.0,0.0,0.0,0,0.68
2016-04-03,SKU-002,WH-TX1,Baseline Legacy Rule,11,2,2,0,9,96,0,0,0.003,0.0,0.0,0.0,0,0.68
2016-04-04,SKU-002,WH-TX1,Baseline Legacy Rule,9,1,1,0,8,96,0,0,0.003,0.0,0.0,0.0,0,0.68
2016-04-05,SKU-002,WH-TX1,Baseline Legacy Rule,8,4,4,0,4,96,0,0,0.001,0.0,0.0,0.0,0,0.68
2016-04-06,SKU-002,WH-TX1,Baseline Legacy Rule,100,0,0,0,100,0,0,96,0.037,0.0,0.0,0.04,0,0.68
2016-04-07,SKU-002,WH-TX1,Baseline Legacy Rule,100,0,0,0,100,0,0,0,0.037,0.0,0.0,0.04,0,0.68
2016-04-08,SKU-002,WH-TX1,Baseline Legacy Rule,100,2,2,0,98,0,0,0,0.037,0.0,0.0,0.04,0,0.68
2016-04-09,SKU-002,WH-TX1,Baseline Legacy Rule,98,1,1,0,97,0,0,0,0.036,0.0,0.0,0.04,0,0.68
2016-04-10,SKU-002,WH-TX1,Baseline Legacy Rule,97,2,2,0,95,0,0,0,0.035,0.0,0.0,0.04,0,0.68
2016-04-11,SKU-002,WH-TX1,Baseline Legacy Rule,95,0,0,0,95,0,0,0,0.035,0.0,0.0,0.04,0,0.68
2016-04-12,SKU-002,WH-TX1,Baseline Legacy Rule,95,0,0,0,95,0,0,0,0.035,0.0,0.0,0.04,0,0.68
2016-04-13,SKU-002,WH-TX1,Baseline Legacy Rule,95,1,1,0,94,0,0,0,0.035,0.0,0.0,0.04,0,0.68
2016-04-14,SKU-002,WH-TX1,Baseline Legacy Rule,94,1,1,0,93,0,0,0,0.035,0.0,0.0,0.04,0,0.68
2016-04-15,SKU-002,WH-TX1,Baseline Legacy Rule,93,0,0,0,93,0,0,0,0.035,0.0,0.0,0.04,0,0.68
2016-04-16,SKU-002,WH-TX1,Baseline Legacy Rule,93,0,0,0,93,0,0,0,0.035,0.0,0.0,0.04,0,0.68
2016-04-17,SKU-002,WH-TX1,Baseline Legacy Rule,93,5,5,0,88,0,0,0,0.033,0.0,0.0,0.03,0,0.68
2016-04-18,SKU-002,WH-TX1,Baseline Legacy Rule,88,4,4,0,84,0,0,0,0.031,0.0,0.0,0.03,0,0.68
2016-04-19,SKU-002,WH-TX1,Baseline Legacy Rule,84,0,0,0,84,0,0,0,0.031,0.0,0.0,0.03,0,0.68
2016-04-20,SKU-002,WH-TX1,Baseline Legacy Rule,84,1,1,0,83,0,0,0,0.031,0.0,0.0,0.03,0,0.68
2016-04-21,SKU-002,WH-TX1,Baseline Legacy Rule,83,1,1,0,82,0,0,0,0.031,0.0,0.0,0.03,0,0.68
2016-04-22,SKU-002,WH-TX1,Baseline Legacy Rule,82,2,2,0,80,0,0,0,0.03,0.0,0.0,0.03,0,0.68
2016-04-23,SKU-002,WH-TX1,Baseline Legacy Rule,80,7,7,0,73,0,0,0,0.027,0.0,0.0,0.03,0,0.68
2016-04-24,SKU-002,WH-TX1,Baseline Legacy Rule,73,0,0,0,73,0,0,0,0.027,0.0,0.0,0.03,0,0.68
2016-03-28,SKU-002,WH-WI1,Baseline Legacy Rule,45,3,3,0,42,96,96,0,0.017,75.0,0.0,75.02,0,0.68
2016-03-29,SKU-002,WH-WI1,Baseline Legacy Rule,42,2,2,0,40,96,0,0,0.016,0.0,0.0,0.02,0,0.68
2016-03-30,SKU-002,WH-WI1,Baseline Legacy Rule,40,2,2,0,38,96,0,0,0.016,0.0,0.0,0.02,0,0.68
2016-03-31,SKU-002,WH-WI1,Baseline Legacy Rule,38,5,5,0,33,96,0,0,0.014,0.0,0.0,0.01,0,0.68
2016-04-01,SKU-002,WH-WI1,Baseline Legacy Rule,33,8,8,0,25,96,0,0,0.01,0.0,0.0,0.01,0,0.68
2016-04-02,SKU-002,WH-WI1,Baseline Legacy Rule,25,0,0,0,25,96,0,0,0.01,0.0,0.0,0.01,0,0.68
2016-04-03,SKU-002,WH-WI1,Baseline Legacy Rule,25,9,9,0,16,96,0,0,0.007,0.0,0.0,0.01,0,0.68
2016-04-04,SKU-002,WH-WI1,Baseline Legacy Rule,16,11,11,0,5,96,0,0,0.002,0.0,0.0,0.0,0,0.68
2016-04-05,SKU-002,WH-WI1,Baseline Legacy Rule,101,5,5,0,96,0,0,96,0.039,0.0,0.0,0.04,0,0.68
2016-04-06,SKU-002,WH-WI1,Baseline Legacy Rule,96,6,6,0,90,0,0,0,0.037,0.0,0.0,0.04,0,0.68
2016-04-07,SKU-002,WH-WI1,Baseline Legacy Rule,90,10,10,0,80,0,0,0,0.033,0.0,0.0,0.03,0,0.68
2016-04-08,SKU-002,WH-WI1,Baseline Legacy Rule,80,5,5,0,75,0,0,0,0.031,0.0,0.0,0.03,0,0.68
2016-04-09,SKU-002,WH-WI1,Baseline Legacy Rule,75,5,5,0,70,0,0,0,0.029,0.0,0.0,0.03,0,0.68
2016-04-10,SKU-002,WH-WI1,Baseline Legacy Rule,70,0,0,0,70,0,0,0,0.029,0.0,0.0,0.03,0,0.68
2016-04-11,SKU-002,WH-WI1,Baseline Legacy Rule,70,3,3,0,67,0,0,0,0.027,0.0,0.0,0.03,0,0.68
2016-04-12,SKU-002,WH-WI1,Baseline Legacy Rule,67,4,4,0,63,96,96,0,0.026,75.0,0.0,75.03,0,0.68
2016-04-13,SKU-002,WH-WI1,Baseline Legacy Rule,63,8,8,0,55,96,0,0,0.023,0.0,0.0,0.02,0,0.68
2016-04-14,SKU-002,WH-WI1,Baseline Legacy Rule,55,5,5,0,50,96,0,0,0.02,0.0,0.0,0.02,0,0.68
2016-04-15,SKU-002,WH-WI1,Baseline Legacy Rule,50,1,1,0,49,96,0,0,0.02,0.0,0.0,0.02,0,0.68
2016-04-16,SKU-002,WH-WI1,Baseline Legacy Rule,49,7,7,0,42,96,0,0,0.017,0.0,0.0,0.02,0,0.68
2016-04-17,SKU-002,WH-WI1,Baseline Legacy Rule,42,4,4,0,38,96,0,0,0.016,0.0,0.0,0.02,0,0.68
2016-04-18,SKU-002,WH-WI1,Baseline Legacy Rule,134,6,6,0,128,0,0,96,0.052,0.0,0.0,0.05,0,0.68
2016-04-19,SKU-002,WH-WI1,Baseline Legacy Rule,128,1,1,0,127,0,0,0,0.052,0.0,0.0,0.05,0,0.68
2016-04-20,SKU-002,WH-WI1,Baseline Legacy Rule,127,1,1,0,126,0,0,0,0.052,0.0,0.0,0.05,0,0.68
2016-04-21,SKU-002,WH-WI1,Baseline Legacy Rule,126,1,1,0,125,0,0,0,0.051,0.0,0.0,0.05,0,0.68
2016-04-22,SKU-002,WH-WI1,Baseline Legacy Rule,125,15,15,0,110,0,0,0,0.045,0.0,0.0,0.04,0,0.68
2016-04-23,SKU-002,WH-WI1,Baseline Legacy Rule,110,3,3,0,107,0,0,0,0.044,0.0,0.0,0.04,0,0.68
2016-04-24,SKU-002,WH-WI1,Baseline Legacy Rule,107,6,6,0,101,0,0,0,0.041,0.0,0.0,0.04,0,0.68
2016-03-28,SKU-003,WH-CA1,Baseline Legacy Rule,29,8,8,0,21,96,96,0,0.007,75.0,0.0,75.01,0,0.5
2016-03-29,SKU-003,WH-CA1,Baseline Legacy Rule,21,0,0,0,21,96,0,0,0.007,0.0,0.0,0.01,0,0.5
2016-03-30,SKU-003,WH-CA1,Baseline Legacy Rule,21,0,0,0,21,96,0,0,0.007,0.0,0.0,0.01,0,0.5
2016-03-31,SKU-003,WH-CA1,Baseline Legacy Rule,21,2,2,0,19,96,0,0,0.007,0.0,0.0,0.01,0,0.5
2016-04-01,SKU-003,WH-CA1,Baseline Legacy Rule,19,2,2,0,17,96,0,0,0.006,0.0,0.0,0.01,0,0.5
2016-04-02,SKU-003,WH-CA1,Baseline Legacy Rule,17,6,6,0,11,96,0,0,0.004,0.0,0.0,0.0,0,0.5
2016-04-03,SKU-003,WH-CA1,Baseline Legacy Rule,107,0,0,0,107,0,0,96,0.037,0.0,0.0,0.04,0,0.5
2016-04-04,SKU-003,WH-CA1,Baseline Legacy Rule,107,0,0,0,107,0,0,0,0.037,0.0,0.0,0.04,0,0.5
2016-04-05,SKU-003,WH-CA1,Baseline Legacy Rule,107,0,0,0,107,0,0,0,0.037,0.0,0.0,0.04,0,0.5
2016-04-06,SKU-003,WH-CA1,Baseline Legacy Rule,107,0,0,0,107,0,0,0,0.037,0.0,0.0,0.04,0,0.5
2016-04-07,SKU-003,WH-CA1,Baseline Legacy Rule,107,4,4,0,103,0,0,0,0.035,0.0,0.0,0.04,0,0.5
2016-04-08,SKU-003,WH-CA1,Baseline Legacy Rule,103,5,5,0,98,0,0,0,0.034,0.0,0.0,0.03,0,0.5
2016-04-09,SKU-003,WH-CA1,Baseline Legacy Rule,98,11,11,0,87,0,0,0,0.03,0.0,0.0,0.03,0,0.5
2016-04-10,SKU-003,WH-CA1,Baseline Legacy Rule,87,8,8,0,79,0,0,0,0.027,0.0,0.0,0.03,0,0.5
2016-04-11,SKU-003,WH-CA1,Baseline Legacy Rule,79,0,0,0,79,0,0,0,0.027,0.0,0.0,0.03,0,0.5
2016-04-12,SKU-003,WH-CA1,Baseline Legacy Rule,79,0,0,0,79,0,0,0,0.027,0.0,0.0,0.03,0,0.5
2016-04-13,SKU-003,WH-CA1,Baseline Legacy Rule,79,0,0,0,79,0,0,0,0.027,0.0,0.0,0.03,0,0.5
2016-04-14,SKU-003,WH-CA1,Baseline Legacy Rule,79,0,0,0,79,0,0,0,0.027,0.0,0.0,0.03,0,0.5
2016-04-15,SKU-003,WH-CA1,Baseline Legacy Rule,79,0,0,0,79,0,0,0,0.027,0.0,0.0,0.03,0,0.5
2016-04-16,SKU-003,WH-CA1,Baseline Legacy Rule,79,1,1,0,78,0,0,0,0.027,0.0,0.0,0.03,0,0.5
2016-04-17,SKU-003,WH-CA1,Baseline Legacy Rule,78,0,0,0,78,0,0,0,0.027,0.0,0.0,0.03,0,0.5
2016-04-18,SKU-003,WH-CA1,Baseline Legacy Rule,78,3,3,0,75,0,0,0,0.026,0.0,0.0,0.03,0,0.5
2016-04-19,SKU-003,WH-CA1,Baseline Legacy Rule,75,0,0,0,75,0,0,0,0.026,0.0,0.0,0.03,0,0.5
2016-04-20,SKU-003,WH-CA1,Baseline Legacy Rule,75,3,3,0,72,0,0,0,0.025,0.0,0.0,0.03,0,0.5
2016-04-21,SKU-003,WH-CA1,Baseline Legacy Rule,72,0,0,0,72,0,0,0,0.025,0.0,0.0,0.03,0,0.5
2016-04-22,SKU-003,WH-CA1,Baseline Legacy Rule,72,5,5,0,67,0,0,0,0.023,0.0,0.0,0.02,0,0.5
2016-04-23,SKU-003,WH-CA1,Baseline Legacy Rule,67,0,0,0,67,0,0,0,0.023,0.0,0.0,0.02,0,0.5
2016-04-24,SKU-003,WH-CA1,Baseline Legacy Rule,67,0,0,0,67,0,0,0,0.023,0.0,0.0,0.02,0,0.5
2016-03-28,SKU-003,WH-TX1,Baseline Legacy Rule,46,0,0,0,46,120,120,0,0.013,75.0,0.0,75.01,0,0.5
2016-03-29,SKU-003,WH-TX1,Baseline Legacy Rule,46,0,0,0,46,120,0,0,0.013,0.0,0.0,0.01,0,0.5
2016-03-30,SKU-003,WH-TX1,Baseline Legacy Rule,46,0,0,0,46,120,0,0,0.013,0.0,0.0,0.01,0,0.5
2016-03-31,SKU-003,WH-TX1,Baseline Legacy Rule,46,0,0,0,46,120,0,0,0.013,0.0,0.0,0.01,0,0.5
2016-04-01,SKU-003,WH-TX1,Baseline Legacy Rule,46,0,0,0,46,120,0,0,0.013,0.0,0.0,0.01,0,0.5
2016-04-02,SKU-003,WH-TX1,Baseline Legacy Rule,166,0,0,0,166,0,0,120,0.045,0.0,0.0,0.04,0,0.5
2016-04-03,SKU-003,WH-TX1,Baseline Legacy Rule,166,0,0,0,166,0,0,0,0.045,0.0,0.0,0.04,0,0.5
2016-04-04,SKU-003,WH-TX1,Baseline Legacy Rule,166,0,0,0,166,0,0,0,0.045,0.0,0.0,0.04,0,0.5
2016-04-05,SKU-003,WH-TX1,Baseline Legacy Rule,166,0,0,0,166,0,0,0,0.045,0.0,0.0,0.04,0,0.5
2016-04-06,SKU-003,WH-TX1,Baseline Legacy Rule,166,0,0,0,166,0,0,0,0.045,0.0,0.0,0.04,0,0.5
2016-04-07,SKU-003,WH-TX1,Baseline Legacy Rule,166,0,0,0,166,0,0,0,0.045,0.0,0.0,0.04,0,0.5
2016-04-08,SKU-003,WH-TX1,Baseline Legacy Rule,166,0,0,0,166,0,0,0,0.045,0.0,0.0,0.04,0,0.5
2016-04-09,SKU-003,WH-TX1,Baseline Legacy Rule,166,0,0,0,166,0,0,0,0.045,0.0,0.0,0.04,0,0.5
2016-04-10,SKU-003,WH-TX1,Baseline Legacy Rule,166,0,0,0,166,0,0,0,0.045,0.0,0.0,0.04,0,0.5
2016-04-11,SKU-003,WH-TX1,Baseline Legacy Rule,166,0,0,0,166,0,0,0,0.045,0.0,0.0,0.04,0,0.5
2016-04-12,SKU-003,WH-TX1,Baseline Legacy Rule,166,0,0,0,166,0,0,0,0.045,0.0,0.0,0.04,0,0.5
2016-04-13,SKU-003,WH-TX1,Baseline Legacy Rule,166,0,0,0,166,0,0,0,0.045,0.0,0.0,0.04,0,0.5
2016-04-14,SKU-003,WH-TX1,Baseline Legacy Rule,166,0,0,0,166,0,0,0,0.045,0.0,0.0,0.04,0,0.5
2016-04-15,SKU-003,WH-TX1,Baseline Legacy Rule,166,0,0,0,166,0,0,0,0.045,0.0,0.0,0.04,0,0.5
2016-04-16,SKU-003,WH-TX1,Baseline Legacy Rule,166,0,0,0,166,0,0,0,0.045,0.0,0.0,0.04,0,0.5
2016-04-17,SKU-003,WH-TX1,Baseline Legacy Rule,166,0,0,0,166,0,0,0,0.045,0.0,0.0,0.04,0,0.5
2016-04-18,SKU-003,WH-TX1,Baseline Legacy Rule,166,0,0,0,166,0,0,0,0.045,0.0,0.0,0.04,0,0.5
2016-04-19,SKU-003,WH-TX1,Baseline Legacy Rule,166,0,0,0,166,0,0,0,0.045,0.0,0.0,0.04,0,0.5
2016-04-20,SKU-003,WH-TX1,Baseline Legacy Rule,166,0,0,0,166,0,0,0,0.045,0.0,0.0,0.04,0,0.5
2016-04-21,SKU-003,WH-TX1,Baseline Legacy Rule,166,0,0,0,166,0,0,0,0.045,0.0,0.0,0.04,0,0.5
2016-04-22,SKU-003,WH-TX1,Baseline Legacy Rule,166,0,0,0,166,0,0,0,0.045,0.0,0.0,0.04,0,0.5
2016-04-23,SKU-003,WH-TX1,Baseline Legacy Rule,166,0,0,0,166,0,0,0,0.045,0.0,0.0,0.04,0,0.5
2016-04-24,SKU-003,WH-TX1,Baseline Legacy Rule,166,0,0,0,166,0,0,0,0.045,0.0,0.0,0.04,0,0.5
2016-03-28,SKU-003,WH-WI1,Baseline Legacy Rule,33,0,0,0,33,96,96,0,0.01,75.0,0.0,75.01,0,0.5
2016-03-29,SKU-003,WH-WI1,Baseline Legacy Rule,33,4,4,0,29,96,0,0,0.009,0.0,0.0,0.01,0,0.5
2016-03-30,SKU-003,WH-WI1,Baseline Legacy Rule,29,0,0,0,29,96,0,0,0.009,0.0,0.0,0.01,0,0.5
2016-03-31,SKU-003,WH-WI1,Baseline Legacy Rule,29,0,0,0,29,96,0,0,0.009,0.0,0.0,0.01,0,0.5
2016-04-01,SKU-003,WH-WI1,Baseline Legacy Rule,29,0,0,0,29,96,0,0,0.009,0.0,0.0,0.01,0,0.5
2016-04-02,SKU-003,WH-WI1,Baseline Legacy Rule,125,6,6,0,119,0,0,96,0.036,0.0,0.0,0.04,0,0.5
2016-04-03,SKU-003,WH-WI1,Baseline Legacy Rule,119,2,2,0,117,0,0,0,0.035,0.0,0.0,0.04,0,0.5
2016-04-04,SKU-003,WH-WI1,Baseline Legacy Rule,117,3,3,0,114,0,0,0,0.034,0.0,0.0,0.03,0,0.5
2016-04-05,SKU-003,WH-WI1,Baseline Legacy Rule,114,2,2,0,112,0,0,0,0.034,0.0,0.0,0.03,0,0.5
2016-04-06,SKU-003,WH-WI1,Baseline Legacy Rule,112,2,2,0,110,0,0,0,0.033,0.0,0.0,0.03,0,0.5
2016-04-07,SKU-003,WH-WI1,Baseline Legacy Rule,110,6,6,0,104,0,0,0,0.031,0.0,0.0,0.03,0,0.5
2016-04-08,SKU-003,WH-WI1,Baseline Legacy Rule,104,3,3,0,101,0,0,0,0.03,0.0,0.0,0.03,0,0.5
2016-04-09,SKU-003,WH-WI1,Baseline Legacy Rule,101,2,2,0,99,0,0,0,0.03,0.0,0.0,0.03,0,0.5
2016-04-10,SKU-003,WH-WI1,Baseline Legacy Rule,99,4,4,0,95,0,0,0,0.029,0.0,0.0,0.03,0,0.5
2016-04-11,SKU-003,WH-WI1,Baseline Legacy Rule,95,12,12,0,83,0,0,0,0.025,0.0,0.0,0.03,0,0.5
2016-04-12,SKU-003,WH-WI1,Baseline Legacy Rule,83,6,6,0,77,0,0,0,0.023,0.0,0.0,0.02,0,0.5
2016-04-13,SKU-003,WH-WI1,Baseline Legacy Rule,77,0,0,0,77,0,0,0,0.023,0.0,0.0,0.02,0,0.5
2016-04-14,SKU-003,WH-WI1,Baseline Legacy Rule,77,11,11,0,66,0,0,0,0.02,0.0,0.0,0.02,0,0.5
2016-04-15,SKU-003,WH-WI1,Baseline Legacy Rule,66,7,7,0,59,0,0,0,0.018,0.0,0.0,0.02,0,0.5
2016-04-16,SKU-003,WH-WI1,Baseline Legacy Rule,59,0,0,0,59,0,0,0,0.018,0.0,0.0,0.02,0,0.5
2016-04-17,SKU-003,WH-WI1,Baseline Legacy Rule,59,5,5,0,54,0,0,0,0.016,0.0,0.0,0.02,0,0.5
2016-04-18,SKU-003,WH-WI1,Baseline Legacy Rule,54,0,0,0,54,0,0,0,0.016,0.0,0.0,0.02,0,0.5
2016-04-19,SKU-003,WH-WI1,Baseline Legacy Rule,54,3,3,0,51,0,0,0,0.015,0.0,0.0,0.01,0,0.5
2016-04-20,SKU-003,WH-WI1,Baseline Legacy Rule,51,4,4,0,47,96,96,0,0.014,75.0,0.0,75.01,0,0.5
2016-04-21,SKU-003,WH-WI1,Baseline Legacy Rule,47,0,0,0,47,96,0,0,0.014,0.0,0.0,0.01,0,0.5
2016-04-22,SKU-003,WH-WI1,Baseline Legacy Rule,47,6,6,0,41,96,0,0,0.012,0.0,0.0,0.01,0,0.5
2016-04-23,SKU-003,WH-WI1,Baseline Legacy Rule,41,6,6,0,35,96,0,0,0.011,0.0,0.0,0.01,0,0.5
2016-04-24,SKU-003,WH-WI1,Baseline Legacy Rule,35,0,0,0,35,96,0,0,0.011,0.0,0.0,0.01,0,0.5
2016-03-28,SKU-004,WH-CA1,Baseline Legacy Rule,41,0,0,0,41,96,96,0,0.134,75.0,0.0,75.13,0,4.76
2016-03-29,SKU-004,WH-CA1,Baseline Legacy Rule,41,0,0,0,41,96,0,0,0.134,0.0,0.0,0.13,0,4.76
2016-03-30,SKU-004,WH-CA1,Baseline Legacy Rule,137,0,0,0,137,0,0,96,0.447,0.0,0.0,0.45,0,4.76
2016-03-31,SKU-004,WH-CA1,Baseline Legacy Rule,137,0,0,0,137,0,0,0,0.447,0.0,0.0,0.45,0,4.76
2016-04-01,SKU-004,WH-CA1,Baseline Legacy Rule,137,0,0,0,137,0,0,0,0.447,0.0,0.0,0.45,0,4.76
2016-04-02,SKU-004,WH-CA1,Baseline Legacy Rule,137,0,0,0,137,0,0,0,0.447,0.0,0.0,0.45,0,4.76
2016-04-03,SKU-004,WH-CA1,Baseline Legacy Rule,137,0,0,0,137,0,0,0,0.447,0.0,0.0,0.45,0,4.76
2016-04-04,SKU-004,WH-CA1,Baseline Legacy Rule,137,0,0,0,137,0,0,0,0.447,0.0,0.0,0.45,0,4.76
2016-04-05,SKU-004,WH-CA1,Baseline Legacy Rule,137,0,0,0,137,0,0,0,0.447,0.0,0.0,0.45,0,4.76
2016-04-06,SKU-004,WH-CA1,Baseline Legacy Rule,137,0,0,0,137,0,0,0,0.447,0.0,0.0,0.45,0,4.76
2016-04-07,SKU-004,WH-CA1,Baseline Legacy Rule,137,0,0,0,137,0,0,0,0.447,0.0,0.0,0.45,0,4.76
2016-04-08,SKU-004,WH-CA1,Baseline Legacy Rule,137,0,0,0,137,0,0,0,0.447,0.0,0.0,0.45,0,4.76
2016-04-09,SKU-004,WH-CA1,Baseline Legacy Rule,137,0,0,0,137,0,0,0,0.447,0.0,0.0,0.45,0,4.76
2016-04-10,SKU-004,WH-CA1,Baseline Legacy Rule,137,0,0,0,137,0,0,0,0.447,0.0,0.0,0.45,0,4.76
2016-04-11,SKU-004,WH-CA1,Baseline Legacy Rule,137,0,0,0,137,0,0,0,0.447,0.0,0.0,0.45,0,4.76
2016-04-12,SKU-004,WH-CA1,Baseline Legacy Rule,137,0,0,0,137,0,0,0,0.447,0.0,0.0,0.45,0,4.76
2016-04-13,SKU-004,WH-CA1,Baseline Legacy Rule,137,0,0,0,137,0,0,0,0.447,0.0,0.0,0.45,0,4.76
2016-04-14,SKU-004,WH-CA1,Baseline Legacy Rule,137,0,0,0,137,0,0,0,0.447,0.0,0.0,0.45,0,4.76
2016-04-15,SKU-004,WH-CA1,Baseline Legacy Rule,137,0,0,0,137,0,0,0,0.447,0.0,0.0,0.45,0,4.76
2016-04-16,SKU-004,WH-CA1,Baseline Legacy Rule,137,0,0,0,137,0,0,0,0.447,0.0,0.0,0.45,0,4.76
2016-04-17,SKU-004,WH-CA1,Baseline Legacy Rule,137,0,0,0,137,0,0,0,0.447,0.0,0.0,0.45,0,4.76
2016-04-18,SKU-004,WH-CA1,Baseline Legacy Rule,137,0,0,0,137,0,0,0,0.447,0.0,0.0,0.45,0,4.76
2016-04-19,SKU-004,WH-CA1,Baseline Legacy Rule,137,0,0,0,137,0,0,0,0.447,0.0,0.0,0.45,0,4.76
2016-04-20,SKU-004,WH-CA1,Baseline Legacy Rule,137,0,0,0,137,0,0,0,0.447,0.0,0.0,0.45,0,4.76
2016-04-21,SKU-004,WH-CA1,Baseline Legacy Rule,137,0,0,0,137,0,0,0,0.447,0.0,0.0,0.45,0,4.76
2016-04-22,SKU-004,WH-CA1,Baseline Legacy Rule,137,0,0,0,137,0,0,0,0.447,0.0,0.0,0.45,0,4.76
2016-04-23,SKU-004,WH-CA1,Baseline Legacy Rule,137,0,0,0,137,0,0,0,0.447,0.0,0.0,0.45,0,4.76
2016-04-24,SKU-004,WH-CA1,Baseline Legacy Rule,137,0,0,0,137,0,0,0,0.447,0.0,0.0,0.45,0,4.76
2016-03-28,SKU-004,WH-TX1,Baseline Legacy Rule,24,0,0,0,24,60,60,0,0.063,75.0,0.0,75.06,0,4.76
2016-03-29,SKU-004,WH-TX1,Baseline Legacy Rule,24,0,0,0,24,60,0,0,0.063,0.0,0.0,0.06,0,4.76
2016-03-30,SKU-004,WH-TX1,Baseline Legacy Rule,24,0,0,0,24,60,0,0,0.063,0.0,0.0,0.06,0,4.76
2016-03-31,SKU-004,WH-TX1,Baseline Legacy Rule,84,0,0,0,84,0,0,60,0.219,0.0,0.0,0.22,0,4.76
2016-04-01,SKU-004,WH-TX1,Baseline Legacy Rule,84,0,0,0,84,0,0,0,0.219,0.0,0.0,0.22,0,4.76
2016-04-02,SKU-004,WH-TX1,Baseline Legacy Rule,84,0,0,0,84,0,0,0,0.219,0.0,0.0,0.22,0,4.76
2016-04-03,SKU-004,WH-TX1,Baseline Legacy Rule,84,0,0,0,84,0,0,0,0.219,0.0,0.0,0.22,0,4.76
2016-04-04,SKU-004,WH-TX1,Baseline Legacy Rule,84,0,0,0,84,0,0,0,0.219,0.0,0.0,0.22,0,4.76
2016-04-05,SKU-004,WH-TX1,Baseline Legacy Rule,84,0,0,0,84,0,0,0,0.219,0.0,0.0,0.22,0,4.76
2016-04-06,SKU-004,WH-TX1,Baseline Legacy Rule,84,0,0,0,84,0,0,0,0.219,0.0,0.0,0.22,0,4.76
2016-04-07,SKU-004,WH-TX1,Baseline Legacy Rule,84,0,0,0,84,0,0,0,0.219,0.0,0.0,0.22,0,4.76
2016-04-08,SKU-004,WH-TX1,Baseline Legacy Rule,84,0,0,0,84,0,0,0,0.219,0.0,0.0,0.22,0,4.76
2016-04-09,SKU-004,WH-TX1,Baseline Legacy Rule,84,0,0,0,84,0,0,0,0.219,0.0,0.0,0.22,0,4.76
2016-04-10,SKU-004,WH-TX1,Baseline Legacy Rule,84,0,0,0,84,0,0,0,0.219,0.0,0.0,0.22,0,4.76
2016-04-11,SKU-004,WH-TX1,Baseline Legacy Rule,84,0,0,0,84,0,0,0,0.219,0.0,0.0,0.22,0,4.76
2016-04-12,SKU-004,WH-TX1,Baseline Legacy Rule,84,0,0,0,84,0,0,0,0.219,0.0,0.0,0.22,0,4.76
2016-04-13,SKU-004,WH-TX1,Baseline Legacy Rule,84,0,0,0,84,0,0,0,0.219,0.0,0.0,0.22,0,4.76
2016-04-14,SKU-004,WH-TX1,Baseline Legacy Rule,84,0,0,0,84,0,0,0,0.219,0.0,0.0,0.22,0,4.76
2016-04-15,SKU-004,WH-TX1,Baseline Legacy Rule,84,0,0,0,84,0,0,0,0.219,0.0,0.0,0.22,0,4.76
2016-04-16,SKU-004,WH-TX1,Baseline Legacy Rule,84,0,0,0,84,0,0,0,0.219,0.0,0.0,0.22,0,4.76
2016-04-17,SKU-004,WH-TX1,Baseline Legacy Rule,84,0,0,0,84,0,0,0,0.219,0.0,0.0,0.22,0,4.76
2016-04-18,SKU-004,WH-TX1,Baseline Legacy Rule,84,0,0,0,84,0,0,0,0.219,0.0,0.0,0.22,0,4.76
2016-04-19,SKU-004,WH-TX1,Baseline Legacy Rule,84,0,0,0,84,0,0,0,0.219,0.0,0.0,0.22,0,4.76
2016-04-20,SKU-004,WH-TX1,Baseline Legacy Rule,84,0,0,0,84,0,0,0,0.219,0.0,0.0,0.22,0,4.76
2016-04-21,SKU-004,WH-TX1,Baseline Legacy Rule,84,0,0,0,84,0,0,0,0.219,0.0,0.0,0.22,0,4.76
2016-04-22,SKU-004,WH-TX1,Baseline Legacy Rule,84,0,0,0,84,0,0,0,0.219,0.0,0.0,0.22,0,4.76
2016-04-23,SKU-004,WH-TX1,Baseline Legacy Rule,84,0,0,0,84,0,0,0,0.219,0.0,0.0,0.22,0,4.76
2016-04-24,SKU-004,WH-TX1,Baseline Legacy Rule,84,0,0,0,84,0,0,0,0.219,0.0,0.0,0.22,0,4.76
2016-03-28,SKU-004,WH-WI1,Baseline Legacy Rule,24,0,0,0,24,60,60,0,0.069,75.0,0.0,75.07,0,4.76
2016-03-29,SKU-004,WH-WI1,Baseline Legacy Rule,24,0,0,0,24,60,0,0,0.069,0.0,0.0,0.07,0,4.76
2016-03-30,SKU-004,WH-WI1,Baseline Legacy Rule,24,0,0,0,24,60,0,0,0.069,0.0,0.0,0.07,0,4.76
2016-03-31,SKU-004,WH-WI1,Baseline Legacy Rule,24,0,0,0,24,60,0,0,0.069,0.0,0.0,0.07,0,4.76
2016-04-01,SKU-004,WH-WI1,Baseline Legacy Rule,84,0,0,0,84,0,0,60,0.241,0.0,0.0,0.24,0,4.76
2016-04-02,SKU-004,WH-WI1,Baseline Legacy Rule,84,0,0,0,84,0,0,0,0.241,0.0,0.0,0.24,0,4.76
2016-04-03,SKU-004,WH-WI1,Baseline Legacy Rule,84,0,0,0,84,0,0,0,0.241,0.0,0.0,0.24,0,4.76
2016-04-04,SKU-004,WH-WI1,Baseline Legacy Rule,84,0,0,0,84,0,0,0,0.241,0.0,0.0,0.24,0,4.76
2016-04-05,SKU-004,WH-WI1,Baseline Legacy Rule,84,0,0,0,84,0,0,0,0.241,0.0,0.0,0.24,0,4.76
2016-04-06,SKU-004,WH-WI1,Baseline Legacy Rule,84,0,0,0,84,0,0,0,0.241,0.0,0.0,0.24,0,4.76
2016-04-07,SKU-004,WH-WI1,Baseline Legacy Rule,84,0,0,0,84,0,0,0,0.241,0.0,0.0,0.24,0,4.76
2016-04-08,SKU-004,WH-WI1,Baseline Legacy Rule,84,0,0,0,84,0,0,0,0.241,0.0,0.0,0.24,0,4.76
2016-04-09,SKU-004,WH-WI1,Baseline Legacy Rule,84,0,0,0,84,0,0,0,0.241,0.0,0.0,0.24,0,4.76
2016-04-10,SKU-004,WH-WI1,Baseline Legacy Rule,84,0,0,0,84,0,0,0,0.241,0.0,0.0,0.24,0,4.76
2016-04-11,SKU-004,WH-WI1,Baseline Legacy Rule,84,0,0,0,84,0,0,0,0.241,0.0,0.0,0.24,0,4.76
2016-04-12,SKU-004,WH-WI1,Baseline Legacy Rule,84,0,0,0,84,0,0,0,0.241,0.0,0.0,0.24,0,4.76
2016-04-13,SKU-004,WH-WI1,Baseline Legacy Rule,84,0,0,0,84,0,0,0,0.241,0.0,0.0,0.24,0,4.76
2016-04-14,SKU-004,WH-WI1,Baseline Legacy Rule,84,0,0,0,84,0,0,0,0.241,0.0,0.0,0.24,0,4.76
2016-04-15,SKU-004,WH-WI1,Baseline Legacy Rule,84,0,0,0,84,0,0,0,0.241,0.0,0.0,0.24,0,4.76
2016-04-16,SKU-004,WH-WI1,Baseline Legacy Rule,84,0,0,0,84,0,0,0,0.241,0.0,0.0,0.24,0,4.76
2016-04-17,SKU-004,WH-WI1,Baseline Legacy Rule,84,0,0,0,84,0,0,0,0.241,0.0,0.0,0.24,0,4.76
2016-04-18,SKU-004,WH-WI1,Baseline Legacy Rule,84,0,0,0,84,0,0,0,0.241,0.0,0.0,0.24,0,4.76
2016-04-19,SKU-004,WH-WI1,Baseline Legacy Rule,84,0,0,0,84,0,0,0,0.241,0.0,0.0,0.24,0,4.76
2016-04-20,SKU-004,WH-WI1,Baseline Legacy Rule,84,0,0,0,84,0,0,0,0.241,0.0,0.0,0.24,0,4.76
2016-04-21,SKU-004,WH-WI1,Baseline Legacy Rule,84,0,0,0,84,0,0,0,0.241,0.0,0.0,0.24,0,4.76
2016-04-22,SKU-004,WH-WI1,Baseline Legacy Rule,84,0,0,0,84,0,0,0,0.241,0.0,0.0,0.24,0,4.76
2016-04-23,SKU-004,WH-WI1,Baseline Legacy Rule,84,0,0,0,84,0,0,0,0.241,0.0,0.0,0.24,0,4.76
2016-04-24,SKU-004,WH-WI1,Baseline Legacy Rule,84,0,0,0,84,0,0,0,0.241,0.0,0.0,0.24,0,4.76
2016-03-28,SKU-005,WH-CA1,Baseline Legacy Rule,180,18,18,0,162,384,384,0,0.2,75.0,0.0,75.2,0,1.8
2016-03-29,SKU-005,WH-CA1,Baseline Legacy Rule,162,19,19,0,143,384,0,0,0.176,0.0,0.0,0.18,0,1.8
2016-03-30,SKU-005,WH-CA1,Baseline Legacy Rule,143,12,12,0,131,384,0,0,0.162,0.0,0.0,0.16,0,1.8
2016-03-31,SKU-005,WH-CA1,Baseline Legacy Rule,131,13,13,0,118,384,0,0,0.145,0.0,0.0,0.14,0,1.8
2016-04-01,SKU-005,WH-CA1,Baseline Legacy Rule,118,12,12,0,106,384,0,0,0.131,0.0,0.0,0.13,0,1.8
2016-04-02,SKU-005,WH-CA1,Baseline Legacy Rule,106,24,24,0,82,384,0,0,0.101,0.0,0.0,0.1,0,1.8
2016-04-03,SKU-005,WH-CA1,Baseline Legacy Rule,466,8,8,0,458,0,0,384,0.565,0.0,0.0,0.56,0,1.8
2016-04-04,SKU-005,WH-CA1,Baseline Legacy Rule,458,15,15,0,443,0,0,0,0.546,0.0,0.0,0.55,0,1.8
2016-04-05,SKU-005,WH-CA1,Baseline Legacy Rule,443,23,23,0,420,0,0,0,0.518,0.0,0.0,0.52,0,1.8
2016-04-06,SKU-005,WH-CA1,Baseline Legacy Rule,420,16,16,0,404,0,0,0,0.498,0.0,0.0,0.5,0,1.8
2016-04-07,SKU-005,WH-CA1,Baseline Legacy Rule,404,6,6,0,398,0,0,0,0.491,0.0,0.0,0.49,0,1.8
2016-04-08,SKU-005,WH-CA1,Baseline Legacy Rule,398,19,19,0,379,0,0,0,0.467,0.0,0.0,0.47,0,1.8
2016-04-09,SKU-005,WH-CA1,Baseline Legacy Rule,379,16,16,0,363,0,0,0,0.448,0.0,0.0,0.45,0,1.8
2016-04-10,SKU-005,WH-CA1,Baseline Legacy Rule,363,1,1,0,362,0,0,0,0.446,0.0,0.0,0.45,0,1.8
2016-04-11,SKU-005,WH-CA1,Baseline Legacy Rule,362,0,0,0,362,0,0,0,0.446,0.0,0.0,0.45,0,1.8
2016-04-12,SKU-005,WH-CA1,Baseline Legacy Rule,362,16,16,0,346,0,0,0,0.427,0.0,0.0,0.43,0,1.8
2016-04-13,SKU-005,WH-CA1,Baseline Legacy Rule,346,9,9,0,337,0,0,0,0.415,0.0,0.0,0.41,0,1.8
2016-04-14,SKU-005,WH-CA1,Baseline Legacy Rule,337,20,20,0,317,0,0,0,0.391,0.0,0.0,0.39,0,1.8
2016-04-15,SKU-005,WH-CA1,Baseline Legacy Rule,317,13,13,0,304,0,0,0,0.375,0.0,0.0,0.38,0,1.8
2016-04-16,SKU-005,WH-CA1,Baseline Legacy Rule,304,20,20,0,284,0,0,0,0.35,0.0,0.0,0.35,0,1.8
2016-04-17,SKU-005,WH-CA1,Baseline Legacy Rule,284,26,26,0,258,0,0,0,0.318,0.0,0.0,0.32,0,1.8
2016-04-18,SKU-005,WH-CA1,Baseline Legacy Rule,258,17,17,0,241,384,384,0,0.297,75.0,0.0,75.3,0,1.8
2016-04-19,SKU-005,WH-CA1,Baseline Legacy Rule,241,11,11,0,230,384,0,0,0.284,0.0,0.0,0.28,0,1.8
2016-04-20,SKU-005,WH-CA1,Baseline Legacy Rule,230,16,16,0,214,384,0,0,0.264,0.0,0.0,0.26,0,1.8
2016-04-21,SKU-005,WH-CA1,Baseline Legacy Rule,214,5,5,0,209,384,0,0,0.258,0.0,0.0,0.26,0,1.8
2016-04-22,SKU-005,WH-CA1,Baseline Legacy Rule,209,15,15,0,194,384,0,0,0.239,0.0,0.0,0.24,0,1.8
2016-04-23,SKU-005,WH-CA1,Baseline Legacy Rule,194,14,14,0,180,384,0,0,0.222,0.0,0.0,0.22,0,1.8
2016-04-24,SKU-005,WH-CA1,Baseline Legacy Rule,180,20,20,0,160,384,0,0,0.197,0.0,0.0,0.2,0,1.8
2016-03-28,SKU-005,WH-TX1,Baseline Legacy Rule,89,9,9,0,80,192,192,0,0.079,75.0,0.0,75.08,0,1.8
2016-03-29,SKU-005,WH-TX1,Baseline Legacy Rule,80,3,3,0,77,192,0,0,0.076,0.0,0.0,0.08,0,1.8
2016-03-30,SKU-005,WH-TX1,Baseline Legacy Rule,77,5,5,0,72,192,0,0,0.071,0.0,0.0,0.07,0,1.8
2016-03-31,SKU-005,WH-TX1,Baseline Legacy Rule,72,6,6,0,66,192,0,0,0.065,0.0,0.0,0.07,0,1.8
2016-04-01,SKU-005,WH-TX1,Baseline Legacy Rule,66,7,7,0,59,192,0,0,0.058,0.0,0.0,0.06,0,1.8
2016-04-02,SKU-005,WH-TX1,Baseline Legacy Rule,59,8,8,0,51,192,0,0,0.05,0.0,0.0,0.05,0,1.8
2016-04-03,SKU-005,WH-TX1,Baseline Legacy Rule,243,12,12,0,231,0,0,192,0.228,0.0,0.0,0.23,0,1.8
2016-04-04,SKU-005,WH-TX1,Baseline Legacy Rule,231,6,6,0,225,0,0,0,0.222,0.0,0.0,0.22,0,1.8
2016-04-05,SKU-005,WH-TX1,Baseline Legacy Rule,225,10,10,0,215,0,0,0,0.212,0.0,0.0,0.21,0,1.8
2016-04-06,SKU-005,WH-TX1,Baseline Legacy Rule,215,13,13,0,202,0,0,0,0.199,0.0,0.0,0.2,0,1.8
2016-04-07,SKU-005,WH-TX1,Baseline Legacy Rule,202,14,14,0,188,0,0,0,0.185,0.0,0.0,0.18,0,1.8
2016-04-08,SKU-005,WH-TX1,Baseline Legacy Rule,188,14,14,0,174,0,0,0,0.172,0.0,0.0,0.17,0,1.8
2016-04-09,SKU-005,WH-TX1,Baseline Legacy Rule,174,8,8,0,166,0,0,0,0.164,0.0,0.0,0.16,0,1.8
2016-04-10,SKU-005,WH-TX1,Baseline Legacy Rule,166,14,14,0,152,0,0,0,0.15,0.0,0.0,0.15,0,1.8
2016-04-11,SKU-005,WH-TX1,Baseline Legacy Rule,152,15,15,0,137,0,0,0,0.135,0.0,0.0,0.14,0,1.8
2016-04-12,SKU-005,WH-TX1,Baseline Legacy Rule,137,10,10,0,127,0,0,0,0.125,0.0,0.0,0.12,0,1.8
2016-04-13,SKU-005,WH-TX1,Baseline Legacy Rule,127,11,11,0,116,192,192,0,0.114,75.0,0.0,75.11,0,1.8
2016-04-14,SKU-005,WH-TX1,Baseline Legacy Rule,116,10,10,0,106,192,0,0,0.105,0.0,0.0,0.1,0,1.8
2016-04-15,SKU-005,WH-TX1,Baseline Legacy Rule,106,10,10,0,96,192,0,0,0.095,0.0,0.0,0.1,0,1.8
2016-04-16,SKU-005,WH-TX1,Baseline Legacy Rule,96,7,7,0,89,192,0,0,0.088,0.0,0.0,0.09,0,1.8
2016-04-17,SKU-005,WH-TX1,Baseline Legacy Rule,89,13,13,0,76,192,0,0,0.075,0.0,0.0,0.07,0,1.8
2016-04-18,SKU-005,WH-TX1,Baseline Legacy Rule,268,12,12,0,256,0,0,192,0.252,0.0,0.0,0.25,0,1.8
2016-04-19,SKU-005,WH-TX1,Baseline Legacy Rule,256,8,8,0,248,0,0,0,0.245,0.0,0.0,0.24,0,1.8
2016-04-20,SKU-005,WH-TX1,Baseline Legacy Rule,248,12,12,0,236,0,0,0,0.233,0.0,0.0,0.23,0,1.8
2016-04-21,SKU-005,WH-TX1,Baseline Legacy Rule,236,6,6,0,230,0,0,0,0.227,0.0,0.0,0.23,0,1.8
2016-04-22,SKU-005,WH-TX1,Baseline Legacy Rule,230,6,6,0,224,0,0,0,0.221,0.0,0.0,0.22,0,1.8
2016-04-23,SKU-005,WH-TX1,Baseline Legacy Rule,224,11,11,0,213,0,0,0,0.21,0.0,0.0,0.21,0,1.8
2016-04-24,SKU-005,WH-TX1,Baseline Legacy Rule,213,16,16,0,197,0,0,0,0.194,0.0,0.0,0.19,0,1.8
2016-03-28,SKU-005,WH-WI1,Baseline Legacy Rule,102,6,6,0,96,216,216,0,0.104,75.0,0.0,75.1,0,1.8
2016-03-29,SKU-005,WH-WI1,Baseline Legacy Rule,96,3,3,0,93,216,0,0,0.101,0.0,0.0,0.1,0,1.8
2016-03-30,SKU-005,WH-WI1,Baseline Legacy Rule,93,8,8,0,85,216,0,0,0.092,0.0,0.0,0.09,0,1.8
2016-03-31,SKU-005,WH-WI1,Baseline Legacy Rule,85,9,9,0,76,216,0,0,0.082,0.0,0.0,0.08,0,1.8
2016-04-01,SKU-005,WH-WI1,Baseline Legacy Rule,76,7,7,0,69,216,0,0,0.075,0.0,0.0,0.07,0,1.8
2016-04-02,SKU-005,WH-WI1,Baseline Legacy Rule,69,12,12,0,57,216,0,0,0.062,0.0,0.0,0.06,0,1.8
2016-04-03,SKU-005,WH-WI1,Baseline Legacy Rule,57,14,14,0,43,216,0,0,0.047,0.0,0.0,0.05,0,1.8
2016-04-04,SKU-005,WH-WI1,Baseline Legacy Rule,43,5,5,0,38,216,0,0,0.041,0.0,0.0,0.04,0,1.8
2016-04-05,SKU-005,WH-WI1,Baseline Legacy Rule,38,7,7,0,31,216,0,0,0.034,0.0,0.0,0.03,0,1.8
2016-04-06,SKU-005,WH-WI1,Baseline Legacy Rule,247,9,9,0,238,0,0,216,0.258,0.0,0.0,0.26,0,1.8
2016-04-07,SKU-005,WH-WI1,Baseline Legacy Rule,238,12,12,0,226,0,0,0,0.245,0.0,0.0,0.24,0,1.8
2016-04-08,SKU-005,WH-WI1,Baseline Legacy Rule,226,10,10,0,216,0,0,0,0.234,0.0,0.0,0.23,0,1.8
2016-04-09,SKU-005,WH-WI1,Baseline Legacy Rule,216,13,13,0,203,0,0,0,0.22,0.0,0.0,0.22,0,1.8
2016-04-10,SKU-005,WH-WI1,Baseline Legacy Rule,203,12,12,0,191,0,0,0,0.207,0.0,0.0,0.21,0,1.8
2016-04-11,SKU-005,WH-WI1,Baseline Legacy Rule,191,9,9,0,182,0,0,0,0.197,0.0,0.0,0.2,0,1.8
2016-04-12,SKU-005,WH-WI1,Baseline Legacy Rule,182,11,11,0,171,0,0,0,0.186,0.0,0.0,0.19,0,1.8
2016-04-13,SKU-005,WH-WI1,Baseline Legacy Rule,171,11,11,0,160,0,0,0,0.174,0.0,0.0,0.17,0,1.8
2016-04-14,SKU-005,WH-WI1,Baseline Legacy Rule,160,6,6,0,154,0,0,0,0.167,0.0,0.0,0.17,0,1.8
2016-04-15,SKU-005,WH-WI1,Baseline Legacy Rule,154,6,6,0,148,0,0,0,0.161,0.0,0.0,0.16,0,1.8
2016-04-16,SKU-005,WH-WI1,Baseline Legacy Rule,148,13,13,0,135,216,216,0,0.146,75.0,0.0,75.15,0,1.8
2016-04-17,SKU-005,WH-WI1,Baseline Legacy Rule,135,4,4,0,131,216,0,0,0.142,0.0,0.0,0.14,0,1.8
2016-04-18,SKU-005,WH-WI1,Baseline Legacy Rule,131,7,7,0,124,216,0,0,0.135,0.0,0.0,0.14,0,1.8
2016-04-19,SKU-005,WH-WI1,Baseline Legacy Rule,124,5,5,0,119,216,0,0,0.129,0.0,0.0,0.13,0,1.8
2016-04-20,SKU-005,WH-WI1,Baseline Legacy Rule,119,10,10,0,109,216,0,0,0.118,0.0,0.0,0.12,0,1.8
2016-04-21,SKU-005,WH-WI1,Baseline Legacy Rule,109,6,6,0,103,216,0,0,0.112,0.0,0.0,0.11,0,1.8
2016-04-22,SKU-005,WH-WI1,Baseline Legacy Rule,103,13,13,0,90,216,0,0,0.098,0.0,0.0,0.1,0,1.8
2016-04-23,SKU-005,WH-WI1,Baseline Legacy Rule,306,5,5,0,301,0,0,216,0.327,0.0,0.0,0.33,0,1.8
2016-04-24,SKU-005,WH-WI1,Baseline Legacy Rule,301,11,11,0,290,0,0,0,0.315,0.0,0.0,0.32,0,1.8
2016-03-28,SKU-006,WH-CA1,Baseline Legacy Rule,71,13,13,0,58,168,168,0,0.03,75.0,0.0,75.03,0,0.76
2016-03-29,SKU-006,WH-CA1,Baseline Legacy Rule,58,9,9,0,49,168,0,0,0.026,0.0,0.0,0.03,0,0.76
2016-03-30,SKU-006,WH-CA1,Baseline Legacy Rule,49,9,9,0,40,168,0,0,0.021,0.0,0.0,0.02,0,0.76
2016-03-31,SKU-006,WH-CA1,Baseline Legacy Rule,40,11,11,0,29,168,0,0,0.015,0.0,0.0,0.01,0,0.76
2016-04-01,SKU-006,WH-CA1,Baseline Legacy Rule,29,13,13,0,16,168,0,0,0.008,0.0,0.0,0.01,0,0.76
2016-04-02,SKU-006,WH-CA1,Baseline Legacy Rule,184,14,14,0,170,0,0,168,0.088,0.0,0.0,0.09,0,0.76
2016-04-03,SKU-006,WH-CA1,Baseline Legacy Rule,170,12,12,0,158,0,0,0,0.082,0.0,0.0,0.08,0,0.76
2016-04-04,SKU-006,WH-CA1,Baseline Legacy Rule,158,13,13,0,145,0,0,0,0.075,0.0,0.0,0.07,0,0.76
2016-04-05,SKU-006,WH-CA1,Baseline Legacy Rule,145,6,6,0,139,0,0,0,0.072,0.0,0.0,0.07,0,0.76
2016-04-06,SKU-006,WH-CA1,Baseline Legacy Rule,139,5,5,0,134,0,0,0,0.07,0.0,0.0,0.07,0,0.76
2016-04-07,SKU-006,WH-CA1,Baseline Legacy Rule,134,3,3,0,131,0,0,0,0.068,0.0,0.0,0.07,0,0.76
2016-04-08,SKU-006,WH-CA1,Baseline Legacy Rule,131,9,9,0,122,0,0,0,0.064,0.0,0.0,0.06,0,0.76
2016-04-09,SKU-006,WH-CA1,Baseline Legacy Rule,122,15,15,0,107,0,0,0,0.056,0.0,0.0,0.06,0,0.76
2016-04-10,SKU-006,WH-CA1,Baseline Legacy Rule,107,13,13,0,94,168,168,0,0.049,75.0,0.0,75.05,0,0.76
2016-04-11,SKU-006,WH-CA1,Baseline Legacy Rule,94,8,8,0,86,168,0,0,0.045,0.0,0.0,0.04,0,0.76
2016-04-12,SKU-006,WH-CA1,Baseline Legacy Rule,86,5,5,0,81,168,0,0,0.042,0.0,0.0,0.04,0,0.76
2016-04-13,SKU-006,WH-CA1,Baseline Legacy Rule,81,10,10,0,71,168,0,0,0.037,0.0,0.0,0.04,0,0.76
2016-04-14,SKU-006,WH-CA1,Baseline Legacy Rule,239,7,7,0,232,0,0,168,0.121,0.0,0.0,0.12,0,0.76
2016-04-15,SKU-006,WH-CA1,Baseline Legacy Rule,232,3,3,0,229,0,0,0,0.119,0.0,0.0,0.12,0,0.76
2016-04-16,SKU-006,WH-CA1,Baseline Legacy Rule,229,11,11,0,218,0,0,0,0.113,0.0,0.0,0.11,0,0.76
2016-04-17,SKU-006,WH-CA1,Baseline Legacy Rule,218,17,17,0,201,0,0,0,0.105,0.0,0.0,0.1,0,0.76
2016-04-18,SKU-006,WH-CA1,Baseline Legacy Rule,201,18,18,0,183,0,0,0,0.095,0.0,0.0,0.1,0,0.76
2016-04-19,SKU-006,WH-CA1,Baseline Legacy Rule,183,8,8,0,175,0,0,0,0.091,0.0,0.0,0.09,0,0.76
2016-04-20,SKU-006,WH-CA1,Baseline Legacy Rule,175,20,20,0,155,0,0,0,0.081,0.0,0.0,0.08,0,0.76
2016-04-21,SKU-006,WH-CA1,Baseline Legacy Rule,155,8,8,0,147,0,0,0,0.077,0.0,0.0,0.08,0,0.76
2016-04-22,SKU-006,WH-CA1,Baseline Legacy Rule,147,6,6,0,141,0,0,0,0.073,0.0,0.0,0.07,0,0.76
2016-04-23,SKU-006,WH-CA1,Baseline Legacy Rule,141,18,18,0,123,0,0,0,0.064,0.0,0.0,0.06,0,0.76
2016-04-24,SKU-006,WH-CA1,Baseline Legacy Rule,123,31,31,0,92,168,168,0,0.048,75.0,0.0,75.05,0,0.76
2016-03-28,SKU-006,WH-TX1,Baseline Legacy Rule,19,2,2,0,17,96,96,0,0.007,75.0,0.0,75.01,0,0.76
2016-03-29,SKU-006,WH-TX1,Baseline Legacy Rule,17,1,1,0,16,96,0,0,0.007,0.0,0.0,0.01,0,0.76
2016-03-30,SKU-006,WH-TX1,Baseline Legacy Rule,16,2,2,0,14,96,0,0,0.006,0.0,0.0,0.01,0,0.76
2016-03-31,SKU-006,WH-TX1,Baseline Legacy Rule,14,0,0,0,14,96,0,0,0.006,0.0,0.0,0.01,0,0.76
2016-04-01,SKU-006,WH-TX1,Baseline Legacy Rule,14,1,1,0,13,96,0,0,0.005,0.0,0.0,0.01,0,0.76
2016-04-02,SKU-006,WH-TX1,Baseline Legacy Rule,109,0,0,0,109,0,0,96,0.045,0.0,0.0,0.04,0,0.76
2016-04-03,SKU-006,WH-TX1,Baseline Legacy Rule,109,5,5,0,104,0,0,0,0.043,0.0,0.0,0.04,0,0.76
2016-04-04,SKU-006,WH-TX1,Baseline Legacy Rule,104,2,2,0,102,0,0,0,0.042,0.0,0.0,0.04,0,0.76
2016-04-05,SKU-006,WH-TX1,Baseline Legacy Rule,102,2,2,0,100,0,0,0,0.042,0.0,0.0,0.04,0,0.76
2016-04-06,SKU-006,WH-TX1,Baseline Legacy Rule,100,5,5,0,95,0,0,0,0.04,0.0,0.0,0.04,0,0.76
2016-04-07,SKU-006,WH-TX1,Baseline Legacy Rule,95,1,1,0,94,0,0,0,0.039,0.0,0.0,0.04,0,0.76
2016-04-08,SKU-006,WH-TX1,Baseline Legacy Rule,94,1,1,0,93,0,0,0,0.039,0.0,0.0,0.04,0,0.76
2016-04-09,SKU-006,WH-TX1,Baseline Legacy Rule,93,4,4,0,89,0,0,0,0.037,0.0,0.0,0.04,0,0.76
2016-04-10,SKU-006,WH-TX1,Baseline Legacy Rule,89,8,8,0,81,0,0,0,0.034,0.0,0.0,0.03,0,0.76
2016-04-11,SKU-006,WH-TX1,Baseline Legacy Rule,81,1,1,0,80,0,0,0,0.033,0.0,0.0,0.03,0,0.76
2016-04-12,SKU-006,WH-TX1,Baseline Legacy Rule,80,2,2,0,78,0,0,0,0.032,0.0,0.0,0.03,0,0.76
2016-04-13,SKU-006,WH-TX1,Baseline Legacy Rule,78,1,1,0,77,0,0,0,0.032,0.0,0.0,0.03,0,0.76
2016-04-14,SKU-006,WH-TX1,Baseline Legacy Rule,77,12,12,0,65,0,0,0,0.027,0.0,0.0,0.03,0,0.76
2016-04-15,SKU-006,WH-TX1,Baseline Legacy Rule,65,0,0,0,65,0,0,0,0.027,0.0,0.0,0.03,0,0.76
2016-04-16,SKU-006,WH-TX1,Baseline Legacy Rule,65,4,4,0,61,0,0,0,0.025,0.0,0.0,0.03,0,0.76
2016-04-17,SKU-006,WH-TX1,Baseline Legacy Rule,61,3,3,0,58,0,0,0,0.024,0.0,0.0,0.02,0,0.76
2016-04-18,SKU-006,WH-TX1,Baseline Legacy Rule,58,1,1,0,57,0,0,0,0.024,0.0,0.0,0.02,0,0.76
2016-04-19,SKU-006,WH-TX1,Baseline Legacy Rule,57,1,1,0,56,0,0,0,0.023,0.0,0.0,0.02,0,0.76
2016-04-20,SKU-006,WH-TX1,Baseline Legacy Rule,56,0,0,0,56,0,0,0,0.023,0.0,0.0,0.02,0,0.76
2016-04-21,SKU-006,WH-TX1,Baseline Legacy Rule,56,0,0,0,56,0,0,0,0.023,0.0,0.0,0.02,0,0.76
2016-04-22,SKU-006,WH-TX1,Baseline Legacy Rule,56,0,0,0,56,0,0,0,0.023,0.0,0.0,0.02,0,0.76
2016-04-23,SKU-006,WH-TX1,Baseline Legacy Rule,56,5,5,0,51,0,0,0,0.021,0.0,0.0,0.02,0,0.76
2016-04-24,SKU-006,WH-TX1,Baseline Legacy Rule,51,0,0,0,51,0,0,0,0.021,0.0,0.0,0.02,0,0.76
2016-03-28,SKU-006,WH-WI1,Baseline Legacy Rule,33,2,2,0,31,96,96,0,0.014,75.0,0.0,75.01,0,0.76
2016-03-29,SKU-006,WH-WI1,Baseline Legacy Rule,31,3,3,0,28,96,0,0,0.013,0.0,0.0,0.01,0,0.76
2016-03-30,SKU-006,WH-WI1,Baseline Legacy Rule,28,4,4,0,24,96,0,0,0.011,0.0,0.0,0.01,0,0.76
2016-03-31,SKU-006,WH-WI1,Baseline Legacy Rule,24,1,1,0,23,96,0,0,0.011,0.0,0.0,0.01,0,0.76
2016-04-01,SKU-006,WH-WI1,Baseline Legacy Rule,119,1,1,0,118,0,0,96,0.054,0.0,0.0,0.05,0,0.76
2016-04-02,SKU-006,WH-WI1,Baseline Legacy Rule,118,3,3,0,115,0,0,0,0.053,0.0,0.0,0.05,0,0.76
2016-04-03,SKU-006,WH-WI1,Baseline Legacy Rule,115,0,0,0,115,0,0,0,0.053,0.0,0.0,0.05,0,0.76
2016-04-04,SKU-006,WH-WI1,Baseline Legacy Rule,115,0,0,0,115,0,0,0,0.053,0.0,0.0,0.05,0,0.76
2016-04-05,SKU-006,WH-WI1,Baseline Legacy Rule,115,0,0,0,115,0,0,0,0.053,0.0,0.0,0.05,0,0.76
2016-04-06,SKU-006,WH-WI1,Baseline Legacy Rule,115,5,5,0,110,0,0,0,0.05,0.0,0.0,0.05,0,0.76
2016-04-07,SKU-006,WH-WI1,Baseline Legacy Rule,110,0,0,0,110,0,0,0,0.05,0.0,0.0,0.05,0,0.76
2016-04-08,SKU-006,WH-WI1,Baseline Legacy Rule,110,4,4,0,106,0,0,0,0.049,0.0,0.0,0.05,0,0.76
2016-04-09,SKU-006,WH-WI1,Baseline Legacy Rule,106,7,7,0,99,0,0,0,0.045,0.0,0.0,0.04,0,0.76
2016-04-10,SKU-006,WH-WI1,Baseline Legacy Rule,99,8,8,0,91,0,0,0,0.042,0.0,0.0,0.04,0,0.76
2016-04-11,SKU-006,WH-WI1,Baseline Legacy Rule,91,11,11,0,80,0,0,0,0.037,0.0,0.0,0.04,0,0.76
2016-04-12,SKU-006,WH-WI1,Baseline Legacy Rule,80,0,0,0,80,0,0,0,0.037,0.0,0.0,0.04,0,0.76
2016-04-13,SKU-006,WH-WI1,Baseline Legacy Rule,80,5,5,0,75,0,0,0,0.034,0.0,0.0,0.03,0,0.76
2016-04-14,SKU-006,WH-WI1,Baseline Legacy Rule,75,2,2,0,73,0,0,0,0.033,0.0,0.0,0.03,0,0.76
2016-04-15,SKU-006,WH-WI1,Baseline Legacy Rule,73,0,0,0,73,0,0,0,0.033,0.0,0.0,0.03,0,0.76
2016-04-16,SKU-006,WH-WI1,Baseline Legacy Rule,73,5,5,0,68,0,0,0,0.031,0.0,0.0,0.03,0,0.76
2016-04-17,SKU-006,WH-WI1,Baseline Legacy Rule,68,11,11,0,57,0,0,0,0.026,0.0,0.0,0.03,0,0.76
2016-04-18,SKU-006,WH-WI1,Baseline Legacy Rule,57,2,2,0,55,0,0,0,0.025,0.0,0.0,0.03,0,0.76
2016-04-19,SKU-006,WH-WI1,Baseline Legacy Rule,55,1,1,0,54,0,0,0,0.025,0.0,0.0,0.03,0,0.76
2016-04-20,SKU-006,WH-WI1,Baseline Legacy Rule,54,3,3,0,51,0,0,0,0.023,0.0,0.0,0.02,0,0.76
2016-04-21,SKU-006,WH-WI1,Baseline Legacy Rule,51,1,1,0,50,0,0,0,0.023,0.0,0.0,0.02,0,0.76
2016-04-22,SKU-006,WH-WI1,Baseline Legacy Rule,50,3,3,0,47,0,0,0,0.022,0.0,0.0,0.02,0,0.76
2016-04-23,SKU-006,WH-WI1,Baseline Legacy Rule,47,8,8,0,39,96,96,0,0.018,75.0,0.0,75.02,0,0.76
2016-04-24,SKU-006,WH-WI1,Baseline Legacy Rule,39,8,8,0,31,96,0,0,0.014,0.0,0.0,0.01,0,0.76
2016-03-28,SKU-007,WH-CA1,Baseline Legacy Rule,36,3,3,0,33,96,96,0,0.053,75.0,0.0,75.05,0,2.36
2016-03-29,SKU-007,WH-CA1,Baseline Legacy Rule,33,5,5,0,28,96,0,0,0.045,0.0,0.0,0.04,0,2.36
2016-03-30,SKU-007,WH-CA1,Baseline Legacy Rule,28,1,1,0,27,96,0,0,0.044,0.0,0.0,0.04,0,2.36
2016-03-31,SKU-007,WH-CA1,Baseline Legacy Rule,27,2,2,0,25,96,0,0,0.04,0.0,0.0,0.04,0,2.36
2016-04-01,SKU-007,WH-CA1,Baseline Legacy Rule,121,5,5,0,116,0,0,96,0.188,0.0,0.0,0.19,0,2.36
2016-04-02,SKU-007,WH-CA1,Baseline Legacy Rule,116,7,7,0,109,0,0,0,0.176,0.0,0.0,0.18,0,2.36
2016-04-03,SKU-007,WH-CA1,Baseline Legacy Rule,109,2,2,0,107,0,0,0,0.173,0.0,0.0,0.17,0,2.36
2016-04-04,SKU-007,WH-CA1,Baseline Legacy Rule,107,7,7,0,100,0,0,0,0.162,0.0,0.0,0.16,0,2.36
2016-04-05,SKU-007,WH-CA1,Baseline Legacy Rule,100,3,3,0,97,0,0,0,0.157,0.0,0.0,0.16,0,2.36
2016-04-06,SKU-007,WH-CA1,Baseline Legacy Rule,97,2,2,0,95,0,0,0,0.154,0.0,0.0,0.15,0,2.36
2016-04-07,SKU-007,WH-CA1,Baseline Legacy Rule,95,5,5,0,90,0,0,0,0.145,0.0,0.0,0.14,0,2.36
2016-04-08,SKU-007,WH-CA1,Baseline Legacy Rule,90,5,5,0,85,0,0,0,0.137,0.0,0.0,0.14,0,2.36
2016-04-09,SKU-007,WH-CA1,Baseline Legacy Rule,85,2,2,0,83,0,0,0,0.134,0.0,0.0,0.13,0,2.36
2016-04-10,SKU-007,WH-CA1,Baseline Legacy Rule,83,7,7,0,76,0,0,0,0.123,0.0,0.0,0.12,0,2.36
2016-04-11,SKU-007,WH-CA1,Baseline Legacy Rule,76,11,11,0,65,0,0,0,0.105,0.0,0.0,0.1,0,2.36
2016-04-12,SKU-007,WH-CA1,Baseline Legacy Rule,65,5,5,0,60,0,0,0,0.097,0.0,0.0,0.1,0,2.36
2016-04-13,SKU-007,WH-CA1,Baseline Legacy Rule,60,0,0,0,60,0,0,0,0.097,0.0,0.0,0.1,0,2.36
2016-04-14,SKU-007,WH-CA1,Baseline Legacy Rule,60,0,0,0,60,0,0,0,0.097,0.0,0.0,0.1,0,2.36
2016-04-15,SKU-007,WH-CA1,Baseline Legacy Rule,60,3,3,0,57,0,0,0,0.092,0.0,0.0,0.09,0,2.36
2016-04-16,SKU-007,WH-CA1,Baseline Legacy Rule,57,3,3,0,54,0,0,0,0.087,0.0,0.0,0.09,0,2.36
2016-04-17,SKU-007,WH-CA1,Baseline Legacy Rule,54,11,11,0,43,96,96,0,0.07,75.0,0.0,75.07,0,2.36
2016-04-18,SKU-007,WH-CA1,Baseline Legacy Rule,43,5,5,0,38,96,0,0,0.061,0.0,0.0,0.06,0,2.36
2016-04-19,SKU-007,WH-CA1,Baseline Legacy Rule,38,0,0,0,38,96,0,0,0.061,0.0,0.0,0.06,0,2.36
2016-04-20,SKU-007,WH-CA1,Baseline Legacy Rule,38,4,4,0,34,96,0,0,0.055,0.0,0.0,0.06,0,2.36
2016-04-21,SKU-007,WH-CA1,Baseline Legacy Rule,130,5,5,0,125,0,0,96,0.202,0.0,0.0,0.2,0,2.36
2016-04-22,SKU-007,WH-CA1,Baseline Legacy Rule,125,4,4,0,121,0,0,0,0.196,0.0,0.0,0.2,0,2.36
2016-04-23,SKU-007,WH-CA1,Baseline Legacy Rule,121,1,1,0,120,0,0,0,0.194,0.0,0.0,0.19,0,2.36
2016-04-24,SKU-007,WH-CA1,Baseline Legacy Rule,120,9,9,0,111,0,0,0,0.179,0.0,0.0,0.18,0,2.36
2016-03-28,SKU-007,WH-TX1,Baseline Legacy Rule,35,8,8,0,27,96,96,0,0.035,75.0,0.0,75.03,0,2.36
2016-03-29,SKU-007,WH-TX1,Baseline Legacy Rule,27,1,1,0,26,96,0,0,0.034,0.0,0.0,0.03,0,2.36
2016-03-30,SKU-007,WH-TX1,Baseline Legacy Rule,26,2,2,0,24,96,0,0,0.031,0.0,0.0,0.03,0,2.36
2016-03-31,SKU-007,WH-TX1,Baseline Legacy Rule,24,0,0,0,24,96,0,0,0.031,0.0,0.0,0.03,0,2.36
2016-04-01,SKU-007,WH-TX1,Baseline Legacy Rule,120,6,6,0,114,0,0,96,0.147,0.0,0.0,0.15,0,2.36
2016-04-02,SKU-007,WH-TX1,Baseline Legacy Rule,114,6,6,0,108,0,0,0,0.14,0.0,0.0,0.14,0,2.36
2016-04-03,SKU-007,WH-TX1,Baseline Legacy Rule,108,0,0,0,108,0,0,0,0.14,0.0,0.0,0.14,0,2.36
2016-04-04,SKU-007,WH-TX1,Baseline Legacy Rule,108,7,7,0,101,0,0,0,0.131,0.0,0.0,0.13,0,2.36
2016-04-05,SKU-007,WH-TX1,Baseline Legacy Rule,101,4,4,0,97,0,0,0,0.125,0.0,0.0,0.12,0,2.36
2016-04-06,SKU-007,WH-TX1,Baseline Legacy Rule,97,1,1,0,96,0,0,0,0.124,0.0,0.0,0.12,0,2.36
2016-04-07,SKU-007,WH-TX1,Baseline Legacy Rule,96,8,8,0,88,0,0,0,0.114,0.0,0.0,0.11,0,2.36
2016-04-08,SKU-007,WH-TX1,Baseline Legacy Rule,88,4,4,0,84,0,0,0,0.109,0.0,0.0,0.11,0,2.36
2016-04-09,SKU-007,WH-TX1,Baseline Legacy Rule,84,5,5,0,79,0,0,0,0.102,0.0,0.0,0.1,0,2.36
2016-04-10,SKU-007,WH-TX1,Baseline Legacy Rule,79,6,6,0,73,0,0,0,0.094,0.0,0.0,0.09,0,2.36
2016-04-11,SKU-007,WH-TX1,Baseline Legacy Rule,73,1,1,0,72,0,0,0,0.093,0.0,0.0,0.09,0,2.36
2016-04-12,SKU-007,WH-TX1,Baseline Legacy Rule,72,0,0,0,72,0,0,0,0.093,0.0,0.0,0.09,0,2.36
2016-04-13,SKU-007,WH-TX1,Baseline Legacy Rule,72,8,8,0,64,0,0,0,0.083,0.0,0.0,0.08,0,2.36
2016-04-14,SKU-007,WH-TX1,Baseline Legacy Rule,64,2,2,0,62,0,0,0,0.08,0.0,0.0,0.08,0,2.36
2016-04-15,SKU-007,WH-TX1,Baseline Legacy Rule,62,2,2,0,60,0,0,0,0.078,0.0,0.0,0.08,0,2.36
2016-04-16,SKU-007,WH-TX1,Baseline Legacy Rule,60,5,5,0,55,0,0,0,0.071,0.0,0.0,0.07,0,2.36
2016-04-17,SKU-007,WH-TX1,Baseline Legacy Rule,55,4,4,0,51,0,0,0,0.066,0.0,0.0,0.07,0,2.36
2016-04-18,SKU-007,WH-TX1,Baseline Legacy Rule,51,2,2,0,49,96,96,0,0.063,75.0,0.0,75.06,0,2.36
2016-04-19,SKU-007,WH-TX1,Baseline Legacy Rule,49,0,0,0,49,96,0,0,0.063,0.0,0.0,0.06,0,2.36
2016-04-20,SKU-007,WH-TX1,Baseline Legacy Rule,49,0,0,0,49,96,0,0,0.063,0.0,0.0,0.06,0,2.36
2016-04-21,SKU-007,WH-TX1,Baseline Legacy Rule,49,2,2,0,47,96,0,0,0.061,0.0,0.0,0.06,0,2.36
2016-04-22,SKU-007,WH-TX1,Baseline Legacy Rule,47,10,10,0,37,96,0,0,0.048,0.0,0.0,0.05,0,2.36
2016-04-23,SKU-007,WH-TX1,Baseline Legacy Rule,133,0,0,0,133,0,0,96,0.172,0.0,0.0,0.17,0,2.36
2016-04-24,SKU-007,WH-TX1,Baseline Legacy Rule,133,0,0,0,133,0,0,0,0.172,0.0,0.0,0.17,0,2.36
2016-03-28,SKU-007,WH-WI1,Baseline Legacy Rule,20,0,0,0,20,96,96,0,0.028,75.0,0.0,75.03,0,2.36
2016-03-29,SKU-007,WH-WI1,Baseline Legacy Rule,20,0,0,0,20,96,0,0,0.028,0.0,0.0,0.03,0,2.36
2016-03-30,SKU-007,WH-WI1,Baseline Legacy Rule,20,4,4,0,16,96,0,0,0.023,0.0,0.0,0.02,0,2.36
2016-03-31,SKU-007,WH-WI1,Baseline Legacy Rule,16,2,2,0,14,96,0,0,0.02,0.0,0.0,0.02,0,2.36
2016-04-01,SKU-007,WH-WI1,Baseline Legacy Rule,110,1,1,0,109,0,0,96,0.155,0.0,0.0,0.15,0,2.36
2016-04-02,SKU-007,WH-WI1,Baseline Legacy Rule,109,3,3,0,106,0,0,0,0.151,0.0,0.0,0.15,0,2.36
2016-04-03,SKU-007,WH-WI1,Baseline Legacy Rule,106,4,4,0,102,0,0,0,0.145,0.0,0.0,0.14,0,2.36
2016-04-04,SKU-007,WH-WI1,Baseline Legacy Rule,102,2,2,0,100,0,0,0,0.142,0.0,0.0,0.14,0,2.36
2016-04-05,SKU-007,WH-WI1,Baseline Legacy Rule,100,2,2,0,98,0,0,0,0.139,0.0,0.0,0.14,0,2.36
2016-04-06,SKU-007,WH-WI1,Baseline Legacy Rule,98,2,2,0,96,0,0,0,0.137,0.0,0.0,0.14,0,2.36
2016-04-07,SKU-007,WH-WI1,Baseline Legacy Rule,96,1,1,0,95,0,0,0,0.135,0.0,0.0,0.14,0,2.36
2016-04-08,SKU-007,WH-WI1,Baseline Legacy Rule,95,5,5,0,90,0,0,0,0.128,0.0,0.0,0.13,0,2.36
2016-04-09,SKU-007,WH-WI1,Baseline Legacy Rule,90,2,2,0,88,0,0,0,0.125,0.0,0.0,0.12,0,2.36
2016-04-10,SKU-007,WH-WI1,Baseline Legacy Rule,88,6,6,0,82,0,0,0,0.117,0.0,0.0,0.12,0,2.36
2016-04-11,SKU-007,WH-WI1,Baseline Legacy Rule,82,2,2,0,80,0,0,0,0.114,0.0,0.0,0.11,0,2.36
2016-04-12,SKU-007,WH-WI1,Baseline Legacy Rule,80,1,1,0,79,0,0,0,0.112,0.0,0.0,0.11,0,2.36
2016-04-13,SKU-007,WH-WI1,Baseline Legacy Rule,79,3,3,0,76,0,0,0,0.108,0.0,0.0,0.11,0,2.36
2016-04-14,SKU-007,WH-WI1,Baseline Legacy Rule,76,3,3,0,73,0,0,0,0.104,0.0,0.0,0.1,0,2.36
2016-04-15,SKU-007,WH-WI1,Baseline Legacy Rule,73,3,3,0,70,0,0,0,0.1,0.0,0.0,0.1,0,2.36
2016-04-16,SKU-007,WH-WI1,Baseline Legacy Rule,70,7,7,0,63,0,0,0,0.09,0.0,0.0,0.09,0,2.36
2016-04-17,SKU-007,WH-WI1,Baseline Legacy Rule,63,4,4,0,59,0,0,0,0.084,0.0,0.0,0.08,0,2.36
2016-04-18,SKU-007,WH-WI1,Baseline Legacy Rule,59,3,3,0,56,0,0,0,0.08,0.0,0.0,0.08,0,2.36
2016-04-19,SKU-007,WH-WI1,Baseline Legacy Rule,56,1,1,0,55,0,0,0,0.078,0.0,0.0,0.08,0,2.36
2016-04-20,SKU-007,WH-WI1,Baseline Legacy Rule,55,0,0,0,55,0,0,0,0.078,0.0,0.0,0.08,0,2.36
2016-04-21,SKU-007,WH-WI1,Baseline Legacy Rule,55,4,4,0,51,0,0,0,0.073,0.0,0.0,0.07,0,2.36
2016-04-22,SKU-007,WH-WI1,Baseline Legacy Rule,51,5,5,0,46,0,0,0,0.065,0.0,0.0,0.07,0,2.36
2016-04-23,SKU-007,WH-WI1,Baseline Legacy Rule,46,3,3,0,43,0,0,0,0.061,0.0,0.0,0.06,0,2.36
2016-04-24,SKU-007,WH-WI1,Baseline Legacy Rule,43,3,3,0,40,0,0,0,0.057,0.0,0.0,0.06,0,2.36
2016-03-28,SKU-008,WH-CA1,Baseline Legacy Rule,44,0,0,0,44,96,96,0,0.042,75.0,0.0,75.04,0,1.41
2016-03-29,SKU-008,WH-CA1,Baseline Legacy Rule,44,0,0,0,44,96,0,0,0.042,0.0,0.0,0.04,0,1.41
2016-03-30,SKU-008,WH-CA1,Baseline Legacy Rule,44,4,4,0,40,96,0,0,0.039,0.0,0.0,0.04,0,1.41
2016-03-31,SKU-008,WH-CA1,Baseline Legacy Rule,40,4,4,0,36,96,0,0,0.035,0.0,0.0,0.04,0,1.41
2016-04-01,SKU-008,WH-CA1,Baseline Legacy Rule,36,4,4,0,32,96,0,0,0.031,0.0,0.0,0.03,0,1.41
2016-04-02,SKU-008,WH-CA1,Baseline Legacy Rule,32,4,4,0,28,96,0,0,0.027,0.0,0.0,0.03,0,1.41
2016-04-03,SKU-008,WH-CA1,Baseline Legacy Rule,124,2,2,0,122,0,0,96,0.118,0.0,0.0,0.12,0,1.41
2016-04-04,SKU-008,WH-CA1,Baseline Legacy Rule,122,4,4,0,118,0,0,0,0.114,0.0,0.0,0.11,0,1.41
2016-04-05,SKU-008,WH-CA1,Baseline Legacy Rule,118,1,1,0,117,0,0,0,0.113,0.0,0.0,0.11,0,1.41
2016-04-06,SKU-008,WH-CA1,Baseline Legacy Rule,117,7,7,0,110,0,0,0,0.106,0.0,0.0,0.11,0,1.41
2016-04-07,SKU-008,WH-CA1,Baseline Legacy Rule,110,0,0,0,110,0,0,0,0.106,0.0,0.0,0.11,0,1.41
2016-04-08,SKU-008,WH-CA1,Baseline Legacy Rule,110,3,3,0,107,0,0,0,0.103,0.0,0.0,0.1,0,1.41
2016-04-09,SKU-008,WH-CA1,Baseline Legacy Rule,107,4,4,0,103,0,0,0,0.099,0.0,0.0,0.1,0,1.41
2016-04-10,SKU-008,WH-CA1,Baseline Legacy Rule,103,2,2,0,101,0,0,0,0.098,0.0,0.0,0.1,0,1.41
2016-04-11,SKU-008,WH-CA1,Baseline Legacy Rule,101,2,2,0,99,0,0,0,0.096,0.0,0.0,0.1,0,1.41
2016-04-12,SKU-008,WH-CA1,Baseline Legacy Rule,99,5,5,0,94,0,0,0,0.091,0.0,0.0,0.09,0,1.41
2016-04-13,SKU-008,WH-CA1,Baseline Legacy Rule,94,3,3,0,91,0,0,0,0.088,0.0,0.0,0.09,0,1.41
2016-04-14,SKU-008,WH-CA1,Baseline Legacy Rule,91,4,4,0,87,0,0,0,0.084,0.0,0.0,0.08,0,1.41
2016-04-15,SKU-008,WH-CA1,Baseline Legacy Rule,87,7,7,0,80,0,0,0,0.077,0.0,0.0,0.08,0,1.41
2016-04-16,SKU-008,WH-CA1,Baseline Legacy Rule,80,9,9,0,71,0,0,0,0.069,0.0,0.0,0.07,0,1.41
2016-04-17,SKU-008,WH-CA1,Baseline Legacy Rule,71,3,3,0,68,0,0,0,0.066,0.0,0.0,0.07,0,1.41
2016-04-18,SKU-008,WH-CA1,Baseline Legacy Rule,68,2,2,0,66,0,0,0,0.064,0.0,0.0,0.06,0,1.41
2016-04-19,SKU-008,WH-CA1,Baseline Legacy Rule,66,4,4,0,62,96,96,0,0.06,75.0,0.0,75.06,0,1.41
2016-04-20,SKU-008,WH-CA1,Baseline Legacy Rule,62,1,1,0,61,96,0,0,0.059,0.0,0.0,0.06,0,1.41
2016-04-21,SKU-008,WH-CA1,Baseline Legacy Rule,61,4,4,0,57,96,0,0,0.055,0.0,0.0,0.06,0,1.41
2016-04-22,SKU-008,WH-CA1,Baseline Legacy Rule,57,4,4,0,53,96,0,0,0.051,0.0,0.0,0.05,0,1.41
2016-04-23,SKU-008,WH-CA1,Baseline Legacy Rule,53,4,4,0,49,96,0,0,0.047,0.0,0.0,0.05,0,1.41
2016-04-24,SKU-008,WH-CA1,Baseline Legacy Rule,49,3,3,0,46,96,0,0,0.044,0.0,0.0,0.04,0,1.41
2016-03-28,SKU-008,WH-TX1,Baseline Legacy Rule,5,0,0,0,5,96,96,0,0.004,75.0,0.0,75.0,0,1.41
2016-03-29,SKU-008,WH-TX1,Baseline Legacy Rule,5,0,0,0,5,96,0,0,0.004,0.0,0.0,0.0,0,1.41
2016-03-30,SKU-008,WH-TX1,Baseline Legacy Rule,5,1,1,0,4,96,0,0,0.003,0.0,0.0,0.0,0,1.41
2016-03-31,SKU-008,WH-TX1,Baseline Legacy Rule,4,2,2,0,2,96,0,0,0.002,0.0,0.0,0.0,0,1.41
2016-04-01,SKU-008,WH-TX1,Baseline Legacy Rule,2,1,1,0,1,96,0,0,0.001,0.0,0.0,0.0,0,1.41
2016-04-02,SKU-008,WH-TX1,Baseline Legacy Rule,97,1,1,0,96,0,0,96,0.074,0.0,0.0,0.07,0,1.41
2016-04-03,SKU-008,WH-TX1,Baseline Legacy Rule,96,0,0,0,96,0,0,0,0.074,0.0,0.0,0.07,0,1.41
2016-04-04,SKU-008,WH-TX1,Baseline Legacy Rule,96,0,0,0,96,0,0,0,0.074,0.0,0.0,0.07,0,1.41
2016-04-05,SKU-008,WH-TX1,Baseline Legacy Rule,96,0,0,0,96,0,0,0,0.074,0.0,0.0,0.07,0,1.41
2016-04-06,SKU-008,WH-TX1,Baseline Legacy Rule,96,0,0,0,96,0,0,0,0.074,0.0,0.0,0.07,0,1.41
2016-04-07,SKU-008,WH-TX1,Baseline Legacy Rule,96,0,0,0,96,0,0,0,0.074,0.0,0.0,0.07,0,1.41
2016-04-08,SKU-008,WH-TX1,Baseline Legacy Rule,96,1,1,0,95,0,0,0,0.073,0.0,0.0,0.07,0,1.41
2016-04-09,SKU-008,WH-TX1,Baseline Legacy Rule,95,0,0,0,95,0,0,0,0.073,0.0,0.0,0.07,0,1.41
2016-04-10,SKU-008,WH-TX1,Baseline Legacy Rule,95,0,0,0,95,0,0,0,0.073,0.0,0.0,0.07,0,1.41
2016-04-11,SKU-008,WH-TX1,Baseline Legacy Rule,95,0,0,0,95,0,0,0,0.073,0.0,0.0,0.07,0,1.41
2016-04-12,SKU-008,WH-TX1,Baseline Legacy Rule,95,0,0,0,95,0,0,0,0.073,0.0,0.0,0.07,0,1.41
2016-04-13,SKU-008,WH-TX1,Baseline Legacy Rule,95,0,0,0,95,0,0,0,0.073,0.0,0.0,0.07,0,1.41
2016-04-14,SKU-008,WH-TX1,Baseline Legacy Rule,95,0,0,0,95,0,0,0,0.073,0.0,0.0,0.07,0,1.41
2016-04-15,SKU-008,WH-TX1,Baseline Legacy Rule,95,1,1,0,94,0,0,0,0.073,0.0,0.0,0.07,0,1.41
2016-04-16,SKU-008,WH-TX1,Baseline Legacy Rule,94,0,0,0,94,0,0,0,0.073,0.0,0.0,0.07,0,1.41
2016-04-17,SKU-008,WH-TX1,Baseline Legacy Rule,94,2,2,0,92,0,0,0,0.071,0.0,0.0,0.07,0,1.41
2016-04-18,SKU-008,WH-TX1,Baseline Legacy Rule,92,0,0,0,92,0,0,0,0.071,0.0,0.0,0.07,0,1.41
2016-04-19,SKU-008,WH-TX1,Baseline Legacy Rule,92,1,1,0,91,0,0,0,0.07,0.0,0.0,0.07,0,1.41
2016-04-20,SKU-008,WH-TX1,Baseline Legacy Rule,91,1,1,0,90,0,0,0,0.07,0.0,0.0,0.07,0,1.41
2016-04-21,SKU-008,WH-TX1,Baseline Legacy Rule,90,1,1,0,89,0,0,0,0.069,0.0,0.0,0.07,0,1.41
2016-04-22,SKU-008,WH-TX1,Baseline Legacy Rule,89,1,1,0,88,0,0,0,0.068,0.0,0.0,0.07,0,1.41
2016-04-23,SKU-008,WH-TX1,Baseline Legacy Rule,88,0,0,0,88,0,0,0,0.068,0.0,0.0,0.07,0,1.41
2016-04-24,SKU-008,WH-TX1,Baseline Legacy Rule,88,0,0,0,88,0,0,0,0.068,0.0,0.0,0.07,0,1.41
2016-03-28,SKU-008,WH-WI1,Baseline Legacy Rule,8,0,0,0,8,96,96,0,0.007,75.0,0.0,75.01,0,1.41
2016-03-29,SKU-008,WH-WI1,Baseline Legacy Rule,8,1,1,0,7,96,0,0,0.006,0.0,0.0,0.01,0,1.41
2016-03-30,SKU-008,WH-WI1,Baseline Legacy Rule,7,1,1,0,6,96,0,0,0.005,0.0,0.0,0.01,0,1.41
2016-03-31,SKU-008,WH-WI1,Baseline Legacy Rule,6,0,0,0,6,96,0,0,0.005,0.0,0.0,0.01,0,1.41
2016-04-01,SKU-008,WH-WI1,Baseline Legacy Rule,6,2,2,0,4,96,0,0,0.003,0.0,0.0,0.0,0,1.41
2016-04-02,SKU-008,WH-WI1,Baseline Legacy Rule,4,0,0,0,4,96,0,0,0.003,0.0,0.0,0.0,0,1.41
2016-04-03,SKU-008,WH-WI1,Baseline Legacy Rule,4,1,1,0,3,96,0,0,0.003,0.0,0.0,0.0,0,1.41
2016-04-04,SKU-008,WH-WI1,Baseline Legacy Rule,99,1,1,0,98,0,0,96,0.083,0.0,0.0,0.08,0,1.41
2016-04-05,SKU-008,WH-WI1,Baseline Legacy Rule,98,2,2,0,96,0,0,0,0.082,0.0,0.0,0.08,0,1.41
2016-04-06,SKU-008,WH-WI1,Baseline Legacy Rule,96,0,0,0,96,0,0,0,0.082,0.0,0.0,0.08,0,1.41
2016-04-07,SKU-008,WH-WI1,Baseline Legacy Rule,96,1,1,0,95,0,0,0,0.081,0.0,0.0,0.08,0,1.41
2016-04-08,SKU-008,WH-WI1,Baseline Legacy Rule,95,3,3,0,92,0,0,0,0.078,0.0,0.0,0.08,0,1.41
2016-04-09,SKU-008,WH-WI1,Baseline Legacy Rule,92,1,1,0,91,0,0,0,0.077,0.0,0.0,0.08,0,1.41
2016-04-10,SKU-008,WH-WI1,Baseline Legacy Rule,91,0,0,0,91,0,0,0,0.077,0.0,0.0,0.08,0,1.41
2016-04-11,SKU-008,WH-WI1,Baseline Legacy Rule,91,3,3,0,88,0,0,0,0.075,0.0,0.0,0.07,0,1.41
2016-04-12,SKU-008,WH-WI1,Baseline Legacy Rule,88,1,1,0,87,0,0,0,0.074,0.0,0.0,0.07,0,1.41
2016-04-13,SKU-008,WH-WI1,Baseline Legacy Rule,87,0,0,0,87,0,0,0,0.074,0.0,0.0,0.07,0,1.41
2016-04-14,SKU-008,WH-WI1,Baseline Legacy Rule,87,0,0,0,87,0,0,0,0.074,0.0,0.0,0.07,0,1.41
2016-04-15,SKU-008,WH-WI1,Baseline Legacy Rule,87,4,4,0,83,0,0,0,0.071,0.0,0.0,0.07,0,1.41
2016-04-16,SKU-008,WH-WI1,Baseline Legacy Rule,83,0,0,0,83,0,0,0,0.071,0.0,0.0,0.07,0,1.41
2016-04-17,SKU-008,WH-WI1,Baseline Legacy Rule,83,3,3,0,80,0,0,0,0.068,0.0,0.0,0.07,0,1.41
2016-04-18,SKU-008,WH-WI1,Baseline Legacy Rule,80,2,2,0,78,0,0,0,0.066,0.0,0.0,0.07,0,1.41
2016-04-19,SKU-008,WH-WI1,Baseline Legacy Rule,78,0,0,0,78,0,0,0,0.066,0.0,0.0,0.07,0,1.41
2016-04-20,SKU-008,WH-WI1,Baseline Legacy Rule,78,0,0,0,78,0,0,0,0.066,0.0,0.0,0.07,0,1.41
2016-04-21,SKU-008,WH-WI1,Baseline Legacy Rule,78,0,0,0,78,0,0,0,0.066,0.0,0.0,0.07,0,1.41
2016-04-22,SKU-008,WH-WI1,Baseline Legacy Rule,78,7,7,0,71,0,0,0,0.06,0.0,0.0,0.06,0,1.41
2016-04-23,SKU-008,WH-WI1,Baseline Legacy Rule,71,2,2,0,69,0,0,0,0.059,0.0,0.0,0.06,0,1.41
2016-04-24,SKU-008,WH-WI1,Baseline Legacy Rule,69,4,4,0,65,0,0,0,0.055,0.0,0.0,0.06,0,1.41
2016-03-28,SKU-009,WH-CA1,Baseline Legacy Rule,21,0,0,0,21,48,48,0,0.062,75.0,0.0,75.06,0,4.31
2016-03-29,SKU-009,WH-CA1,Baseline Legacy Rule,21,0,0,0,21,48,0,0,0.062,0.0,0.0,0.06,0,4.31
2016-03-30,SKU-009,WH-CA1,Baseline Legacy Rule,21,0,0,0,21,48,0,0,0.062,0.0,0.0,0.06,0,4.31
2016-03-31,SKU-009,WH-CA1,Baseline Legacy Rule,69,0,0,0,69,0,0,48,0.204,0.0,0.0,0.2,0,4.31
2016-04-01,SKU-009,WH-CA1,Baseline Legacy Rule,69,0,0,0,69,0,0,0,0.204,0.0,0.0,0.2,0,4.31
2016-04-02,SKU-009,WH-CA1,Baseline Legacy Rule,69,2,2,0,67,0,0,0,0.198,0.0,0.0,0.2,0,4.31
2016-04-03,SKU-009,WH-CA1,Baseline Legacy Rule,67,4,4,0,63,0,0,0,0.186,0.0,0.0,0.19,0,4.31
2016-04-04,SKU-009,WH-CA1,Baseline Legacy Rule,63,0,0,0,63,0,0,0,0.186,0.0,0.0,0.19,0,4.31
2016-04-05,SKU-009,WH-CA1,Baseline Legacy Rule,63,0,0,0,63,0,0,0,0.186,0.0,0.0,0.19,0,4.31
2016-04-06,SKU-009,WH-CA1,Baseline Legacy Rule,63,1,1,0,62,0,0,0,0.183,0.0,0.0,0.18,0,4.31
2016-04-07,SKU-009,WH-CA1,Baseline Legacy Rule,62,1,1,0,61,0,0,0,0.18,0.0,0.0,0.18,0,4.31
2016-04-08,SKU-009,WH-CA1,Baseline Legacy Rule,61,0,0,0,61,0,0,0,0.18,0.0,0.0,0.18,0,4.31
2016-04-09,SKU-009,WH-CA1,Baseline Legacy Rule,61,0,0,0,61,0,0,0,0.18,0.0,0.0,0.18,0,4.31
2016-04-10,SKU-009,WH-CA1,Baseline Legacy Rule,61,1,1,0,60,0,0,0,0.177,0.0,0.0,0.18,0,4.31
2016-04-11,SKU-009,WH-CA1,Baseline Legacy Rule,60,1,1,0,59,0,0,0,0.174,0.0,0.0,0.17,0,4.31
2016-04-12,SKU-009,WH-CA1,Baseline Legacy Rule,59,0,0,0,59,0,0,0,0.174,0.0,0.0,0.17,0,4.31
2016-04-13,SKU-009,WH-CA1,Baseline Legacy Rule,59,2,2,0,57,0,0,0,0.168,0.0,0.0,0.17,0,4.31
2016-04-14,SKU-009,WH-CA1,Baseline Legacy Rule,57,0,0,0,57,0,0,0,0.168,0.0,0.0,0.17,0,4.31
2016-04-15,SKU-009,WH-CA1,Baseline Legacy Rule,57,1,1,0,56,0,0,0,0.165,0.0,0.0,0.17,0,4.31
2016-04-16,SKU-009,WH-CA1,Baseline Legacy Rule,56,0,0,0,56,0,0,0,0.165,0.0,0.0,0.17,0,4.31
2016-04-17,SKU-009,WH-CA1,Baseline Legacy Rule,56,2,2,0,54,0,0,0,0.159,0.0,0.0,0.16,0,4.31
2016-04-18,SKU-009,WH-CA1,Baseline Legacy Rule,54,1,1,0,53,0,0,0,0.156,0.0,0.0,0.16,0,4.31
2016-04-19,SKU-009,WH-CA1,Baseline Legacy Rule,53,3,3,0,50,0,0,0,0.148,0.0,0.0,0.15,0,4.31
2016-04-20,SKU-009,WH-CA1,Baseline Legacy Rule,50,0,0,0,50,0,0,0,0.148,0.0,0.0,0.15,0,4.31
2016-04-21,SKU-009,WH-CA1,Baseline Legacy Rule,50,1,1,0,49,0,0,0,0.145,0.0,0.0,0.14,0,4.31
2016-04-22,SKU-009,WH-CA1,Baseline Legacy Rule,49,1,1,0,48,0,0,0,0.142,0.0,0.0,0.14,0,4.31
2016-04-23,SKU-009,WH-CA1,Baseline Legacy Rule,48,4,4,0,44,0,0,0,0.13,0.0,0.0,0.13,0,4.31
2016-04-24,SKU-009,WH-CA1,Baseline Legacy Rule,44,0,0,0,44,0,0,0,0.13,0.0,0.0,0.13,0,4.31
2016-03-28,SKU-009,WH-TX1,Baseline Legacy Rule,14,2,2,0,12,48,48,0,0.028,75.0,0.0,75.03,0,4.31
2016-03-29,SKU-009,WH-TX1,Baseline Legacy Rule,12,0,0,0,12,48,0,0,0.028,0.0,0.0,0.03,0,4.31
2016-03-30,SKU-009,WH-TX1,Baseline Legacy Rule,12,0,0,0,12,48,0,0,0.028,0.0,0.0,0.03,0,4.31
2016-03-31,SKU-009,WH-TX1,Baseline Legacy Rule,12,2,2,0,10,48,0,0,0.024,0.0,0.0,0.02,0,4.31
2016-04-01,SKU-009,WH-TX1,Baseline Legacy Rule,58,2,2,0,56,0,0,48,0.132,0.0,0.0,0.13,0,4.31
2016-04-02,SKU-009,WH-TX1,Baseline Legacy Rule,56,2,2,0,54,0,0,0,0.128,0.0,0.0,0.13,0,4.31
2016-04-03,SKU-009,WH-TX1,Baseline Legacy Rule,54,4,4,0,50,0,0,0,0.118,0.0,0.0,0.12,0,4.31
2016-04-04,SKU-009,WH-TX1,Baseline Legacy Rule,50,3,3,0,47,0,0,0,0.111,0.0,0.0,0.11,0,4.31
2016-04-05,SKU-009,WH-TX1,Baseline Legacy Rule,47,0,0,0,47,0,0,0,0.111,0.0,0.0,0.11,0,4.31
2016-04-06,SKU-009,WH-TX1,Baseline Legacy Rule,47,4,4,0,43,0,0,0,0.102,0.0,0.0,0.1,0,4.31
2016-04-07,SKU-009,WH-TX1,Baseline Legacy Rule,43,3,3,0,40,0,0,0,0.094,0.0,0.0,0.09,0,4.31
2016-04-08,SKU-009,WH-TX1,Baseline Legacy Rule,40,1,1,0,39,0,0,0,0.092,0.0,0.0,0.09,0,4.31
2016-04-09,SKU-009,WH-TX1,Baseline Legacy Rule,39,1,1,0,38,0,0,0,0.09,0.0,0.0,0.09,0,4.31
2016-04-10,SKU-009,WH-TX1,Baseline Legacy Rule,38,4,4,0,34,0,0,0,0.08,0.0,0.0,0.08,0,4.31
2016-04-11,SKU-009,WH-TX1,Baseline Legacy Rule,34,0,0,0,34,0,0,0,0.08,0.0,0.0,0.08,0,4.31
2016-04-12,SKU-009,WH-TX1,Baseline Legacy Rule,34,1,1,0,33,0,0,0,0.078,0.0,0.0,0.08,0,4.31
2016-04-13,SKU-009,WH-TX1,Baseline Legacy Rule,33,0,0,0,33,0,0,0,0.078,0.0,0.0,0.08,0,4.31
2016-04-14,SKU-009,WH-TX1,Baseline Legacy Rule,33,1,1,0,32,0,0,0,0.076,0.0,0.0,0.08,0,4.31
2016-04-15,SKU-009,WH-TX1,Baseline Legacy Rule,32,3,3,0,29,0,0,0,0.068,0.0,0.0,0.07,0,4.31
2016-04-16,SKU-009,WH-TX1,Baseline Legacy Rule,29,2,2,0,27,0,0,0,0.064,0.0,0.0,0.06,0,4.31
2016-04-17,SKU-009,WH-TX1,Baseline Legacy Rule,27,2,2,0,25,0,0,0,0.059,0.0,0.0,0.06,0,4.31
2016-04-18,SKU-009,WH-TX1,Baseline Legacy Rule,25,4,4,0,21,0,0,0,0.05,0.0,0.0,0.05,0,4.31
2016-04-19,SKU-009,WH-TX1,Baseline Legacy Rule,21,2,2,0,19,48,48,0,0.045,75.0,0.0,75.05,0,4.31
2016-04-20,SKU-009,WH-TX1,Baseline Legacy Rule,19,2,2,0,17,48,0,0,0.04,0.0,0.0,0.04,0,4.31
2016-04-21,SKU-009,WH-TX1,Baseline Legacy Rule,17,3,3,0,14,48,0,0,0.033,0.0,0.0,0.03,0,4.31
2016-04-22,SKU-009,WH-TX1,Baseline Legacy Rule,14,2,2,0,12,48,0,0,0.028,0.0,0.0,0.03,0,4.31
2016-04-23,SKU-009,WH-TX1,Baseline Legacy Rule,12,3,3,0,9,48,0,0,0.021,0.0,0.0,0.02,0,4.31
2016-04-24,SKU-009,WH-TX1,Baseline Legacy Rule,57,1,1,0,56,0,0,48,0.132,0.0,0.0,0.13,0,4.31
2016-03-28,SKU-009,WH-WI1,Baseline Legacy Rule,16,0,0,0,16,48,48,0,0.042,75.0,0.0,75.04,0,4.31
2016-03-29,SKU-009,WH-WI1,Baseline Legacy Rule,16,0,0,0,16,48,0,0,0.042,0.0,0.0,0.04,0,4.31
2016-03-30,SKU-009,WH-WI1,Baseline Legacy Rule,16,2,2,0,14,48,0,0,0.036,0.0,0.0,0.04,0,4.31
2016-03-31,SKU-009,WH-WI1,Baseline Legacy Rule,14,0,0,0,14,48,0,0,0.036,0.0,0.0,0.04,0,4.31
2016-04-01,SKU-009,WH-WI1,Baseline Legacy Rule,14,5,5,0,9,48,0,0,0.023,0.0,0.0,0.02,0,4.31
2016-04-02,SKU-009,WH-WI1,Baseline Legacy Rule,9,3,3,0,6,48,0,0,0.016,0.0,0.0,0.02,0,4.31
2016-04-03,SKU-009,WH-WI1,Baseline Legacy Rule,54,3,3,0,51,0,0,48,0.132,0.0,0.0,0.13,0,4.31
2016-04-04,SKU-009,WH-WI1,Baseline Legacy Rule,51,2,2,0,49,0,0,0,0.127,0.0,0.0,0.13,0,4.31
2016-04-05,SKU-009,WH-WI1,Baseline Legacy Rule,49,0,0,0,49,0,0,0,0.127,0.0,0.0,0.13,0,4.31
2016-04-06,SKU-009,WH-WI1,Baseline Legacy Rule,49,1,1,0,48,0,0,0,0.125,0.0,0.0,0.12,0,4.31
2016-04-07,SKU-009,WH-WI1,Baseline Legacy Rule,48,2,2,0,46,0,0,0,0.119,0.0,0.0,0.12,0,4.31
2016-04-08,SKU-009,WH-WI1,Baseline Legacy Rule,46,1,1,0,45,0,0,0,0.117,0.0,0.0,0.12,0,4.31
2016-04-09,SKU-009,WH-WI1,Baseline Legacy Rule,45,2,2,0,43,0,0,0,0.112,0.0,0.0,0.11,0,4.31
2016-04-10,SKU-009,WH-WI1,Baseline Legacy Rule,43,1,1,0,42,0,0,0,0.109,0.0,0.0,0.11,0,4.31
2016-04-11,SKU-009,WH-WI1,Baseline Legacy Rule,42,1,1,0,41,0,0,0,0.107,0.0,0.0,0.11,0,4.31
2016-04-12,SKU-009,WH-WI1,Baseline Legacy Rule,41,3,3,0,38,0,0,0,0.099,0.0,0.0,0.1,0,4.31
2016-04-13,SKU-009,WH-WI1,Baseline Legacy Rule,38,0,0,0,38,0,0,0,0.099,0.0,0.0,0.1,0,4.31
2016-04-14,SKU-009,WH-WI1,Baseline Legacy Rule,38,3,3,0,35,0,0,0,0.091,0.0,0.0,0.09,0,4.31
2016-04-15,SKU-009,WH-WI1,Baseline Legacy Rule,35,0,0,0,35,0,0,0,0.091,0.0,0.0,0.09,0,4.31
2016-04-16,SKU-009,WH-WI1,Baseline Legacy Rule,35,1,1,0,34,0,0,0,0.088,0.0,0.0,0.09,0,4.31
2016-04-17,SKU-009,WH-WI1,Baseline Legacy Rule,34,4,4,0,30,0,0,0,0.078,0.0,0.0,0.08,0,4.31
2016-04-18,SKU-009,WH-WI1,Baseline Legacy Rule,30,1,1,0,29,0,0,0,0.075,0.0,0.0,0.07,0,4.31
2016-04-19,SKU-009,WH-WI1,Baseline Legacy Rule,29,2,2,0,27,0,0,0,0.07,0.0,0.0,0.07,0,4.31
2016-04-20,SKU-009,WH-WI1,Baseline Legacy Rule,27,3,3,0,24,0,0,0,0.062,0.0,0.0,0.06,0,4.31
2016-04-21,SKU-009,WH-WI1,Baseline Legacy Rule,24,0,0,0,24,0,0,0,0.062,0.0,0.0,0.06,0,4.31
2016-04-22,SKU-009,WH-WI1,Baseline Legacy Rule,24,2,2,0,22,48,48,0,0.057,75.0,0.0,75.06,0,4.31
2016-04-23,SKU-009,WH-WI1,Baseline Legacy Rule,22,3,3,0,19,48,0,0,0.049,0.0,0.0,0.05,0,4.31
2016-04-24,SKU-009,WH-WI1,Baseline Legacy Rule,19,1,1,0,18,48,0,0,0.047,0.0,0.0,0.05,0,4.31
2016-03-28,SKU-010,WH-CA1,Baseline Legacy Rule,31,2,2,0,29,96,96,0,0.05,75.0,0.0,75.05,0,2.51
2016-03-29,SKU-010,WH-CA1,Baseline Legacy Rule,29,6,6,0,23,96,0,0,0.04,0.0,0.0,0.04,0,2.51
2016-03-30,SKU-010,WH-CA1,Baseline Legacy Rule,23,1,1,0,22,96,0,0,0.038,0.0,0.0,0.04,0,2.51
2016-03-31,SKU-010,WH-CA1,Baseline Legacy Rule,22,3,3,0,19,96,0,0,0.033,0.0,0.0,0.03,0,2.51
2016-04-01,SKU-010,WH-CA1,Baseline Legacy Rule,115,1,1,0,114,0,0,96,0.196,0.0,0.0,0.2,0,2.51
2016-04-02,SKU-010,WH-CA1,Baseline Legacy Rule,114,4,4,0,110,0,0,0,0.189,0.0,0.0,0.19,0,2.51
2016-04-03,SKU-010,WH-CA1,Baseline Legacy Rule,110,4,4,0,106,0,0,0,0.182,0.0,0.0,0.18,0,2.51
2016-04-04,SKU-010,WH-CA1,Baseline Legacy Rule,106,4,4,0,102,0,0,0,0.175,0.0,0.0,0.17,0,2.51
2016-04-05,SKU-010,WH-CA1,Baseline Legacy Rule,102,0,0,0,102,0,0,0,0.175,0.0,0.0,0.17,0,2.51
2016-04-06,SKU-010,WH-CA1,Baseline Legacy Rule,102,0,0,0,102,0,0,0,0.175,0.0,0.0,0.17,0,2.51
2016-04-07,SKU-010,WH-CA1,Baseline Legacy Rule,102,5,5,0,97,0,0,0,0.167,0.0,0.0,0.17,0,2.51
2016-04-08,SKU-010,WH-CA1,Baseline Legacy Rule,97,2,2,0,95,0,0,0,0.163,0.0,0.0,0.16,0,2.51
2016-04-09,SKU-010,WH-CA1,Baseline Legacy Rule,95,4,4,0,91,0,0,0,0.156,0.0,0.0,0.16,0,2.51
2016-04-10,SKU-010,WH-CA1,Baseline Legacy Rule,91,3,3,0,88,0,0,0,0.151,0.0,0.0,0.15,0,2.51
2016-04-11,SKU-010,WH-CA1,Baseline Legacy Rule,88,7,7,0,81,0,0,0,0.139,0.0,0.0,0.14,0,2.51
2016-04-12,SKU-010,WH-CA1,Baseline Legacy Rule,81,6,6,0,75,0,0,0,0.129,0.0,0.0,0.13,0,2.51
2016-04-13,SKU-010,WH-CA1,Baseline Legacy Rule,75,3,3,0,72,0,0,0,0.124,0.0,0.0,0.12,0,2.51
2016-04-14,SKU-010,WH-CA1,Baseline Legacy Rule,72,2,2,0,70,0,0,0,0.12,0.0,0.0,0.12,0,2.51
2016-04-15,SKU-010,WH-CA1,Baseline Legacy Rule,70,0,0,0,70,0,0,0,0.12,0.0,0.0,0.12,0,2.51
2016-04-16,SKU-010,WH-CA1,Baseline Legacy Rule,70,0,0,0,70,0,0,0,0.12,0.0,0.0,0.12,0,2.51
2016-04-17,SKU-010,WH-CA1,Baseline Legacy Rule,70,6,6,0,64,0,0,0,0.11,0.0,0.0,0.11,0,2.51
2016-04-18,SKU-010,WH-CA1,Baseline Legacy Rule,64,3,3,0,61,0,0,0,0.105,0.0,0.0,0.1,0,2.51
2016-04-19,SKU-010,WH-CA1,Baseline Legacy Rule,61,0,0,0,61,0,0,0,0.105,0.0,0.0,0.1,0,2.51
2016-04-20,SKU-010,WH-CA1,Baseline Legacy Rule,61,2,2,0,59,0,0,0,0.101,0.0,0.0,0.1,0,2.51
2016-04-21,SKU-010,WH-CA1,Baseline Legacy Rule,59,1,1,0,58,0,0,0,0.1,0.0,0.0,0.1,0,2.51
2016-04-22,SKU-010,WH-CA1,Baseline Legacy Rule,58,1,1,0,57,0,0,0,0.098,0.0,0.0,0.1,0,2.51
2016-04-23,SKU-010,WH-CA1,Baseline Legacy Rule,57,1,1,0,56,0,0,0,0.096,0.0,0.0,0.1,0,2.51
2016-04-24,SKU-010,WH-CA1,Baseline Legacy Rule,56,2,2,0,54,0,0,0,0.093,0.0,0.0,0.09,0,2.51
2016-03-28,SKU-010,WH-TX1,Baseline Legacy Rule,16,2,2,0,14,96,96,0,0.019,75.0,0.0,75.02,0,2.51
2016-03-29,SKU-010,WH-TX1,Baseline Legacy Rule,14,1,1,0,13,96,0,0,0.018,0.0,0.0,0.02,0,2.51
2016-03-30,SKU-010,WH-TX1,Baseline Legacy Rule,13,3,3,0,10,96,0,0,0.014,0.0,0.0,0.01,0,2.51
2016-03-31,SKU-010,WH-TX1,Baseline Legacy Rule,10,1,1,0,9,96,0,0,0.012,0.0,0.0,0.01,0,2.51
2016-04-01,SKU-010,WH-TX1,Baseline Legacy Rule,105,3,3,0,102,0,0,96,0.14,0.0,0.0,0.14,0,2.51
2016-04-02,SKU-010,WH-TX1,Baseline Legacy Rule,102,0,0,0,102,0,0,0,0.14,0.0,0.0,0.14,0,2.51
2016-04-03,SKU-010,WH-TX1,Baseline Legacy Rule,102,3,3,0,99,0,0,0,0.136,0.0,0.0,0.14,0,2.51
2016-04-04,SKU-010,WH-TX1,Baseline Legacy Rule,99,0,0,0,99,0,0,0,0.136,0.0,0.0,0.14,0,2.51
2016-04-05,SKU-010,WH-TX1,Baseline Legacy Rule,99,2,2,0,97,0,0,0,0.133,0.0,0.0,0.13,0,2.51
2016-04-06,SKU-010,WH-TX1,Baseline Legacy Rule,97,2,2,0,95,0,0,0,0.131,0.0,0.0,0.13,0,2.51
2016-04-07,SKU-010,WH-TX1,Baseline Legacy Rule,95,3,3,0,92,0,0,0,0.127,0.0,0.0,0.13,0,2.51
2016-04-08,SKU-010,WH-TX1,Baseline Legacy Rule,92,2,2,0,90,0,0,0,0.124,0.0,0.0,0.12,0,2.51
2016-04-09,SKU-010,WH-TX1,Baseline Legacy Rule,90,3,3,0,87,0,0,0,0.12,0.0,0.0,0.12,0,2.51
2016-04-10,SKU-010,WH-TX1,Baseline Legacy Rule,87,2,2,0,85,0,0,0,0.117,0.0,0.0,0.12,0,2.51
2016-04-11,SKU-010,WH-TX1,Baseline Legacy Rule,85,1,1,0,84,0,0,0,0.116,0.0,0.0,0.12,0,2.51
2016-04-12,SKU-010,WH-TX1,Baseline Legacy Rule,84,5,5,0,79,0,0,0,0.109,0.0,0.0,0.11,0,2.51
2016-04-13,SKU-010,WH-TX1,Baseline Legacy Rule,79,2,2,0,77,0,0,0,0.106,0.0,0.0,0.11,0,2.51
2016-04-14,SKU-010,WH-TX1,Baseline Legacy Rule,77,4,4,0,73,0,0,0,0.1,0.0,0.0,0.1,0,2.51
2016-04-15,SKU-010,WH-TX1,Baseline Legacy Rule,73,3,3,0,70,0,0,0,0.096,0.0,0.0,0.1,0,2.51
2016-04-16,SKU-010,WH-TX1,Baseline Legacy Rule,70,3,3,0,67,0,0,0,0.092,0.0,0.0,0.09,0,2.51
2016-04-17,SKU-010,WH-TX1,Baseline Legacy Rule,67,2,2,0,65,0,0,0,0.089,0.0,0.0,0.09,0,2.51
2016-04-18,SKU-010,WH-TX1,Baseline Legacy Rule,65,0,0,0,65,0,0,0,0.089,0.0,0.0,0.09,0,2.51
2016-04-19,SKU-010,WH-TX1,Baseline Legacy Rule,65,2,2,0,63,0,0,0,0.087,0.0,0.0,0.09,0,2.51
2016-04-20,SKU-010,WH-TX1,Baseline Legacy Rule,63,0,0,0,63,0,0,0,0.087,0.0,0.0,0.09,0,2.51
2016-04-21,SKU-010,WH-TX1,Baseline Legacy Rule,63,1,1,0,62,0,0,0,0.085,0.0,0.0,0.09,0,2.51
2016-04-22,SKU-010,WH-TX1,Baseline Legacy Rule,62,2,2,0,60,0,0,0,0.083,0.0,0.0,0.08,0,2.51
2016-04-23,SKU-010,WH-TX1,Baseline Legacy Rule,60,2,2,0,58,0,0,0,0.08,0.0,0.0,0.08,0,2.51
2016-04-24,SKU-010,WH-TX1,Baseline Legacy Rule,58,2,2,0,56,0,0,0,0.077,0.0,0.0,0.08,0,2.51
2016-03-28,SKU-010,WH-WI1,Baseline Legacy Rule,24,1,1,0,23,96,96,0,0.035,75.0,0.0,75.03,0,2.51
2016-03-29,SKU-010,WH-WI1,Baseline Legacy Rule,23,2,2,0,21,96,0,0,0.032,0.0,0.0,0.03,0,2.51
2016-03-30,SKU-010,WH-WI1,Baseline Legacy Rule,21,2,2,0,19,96,0,0,0.029,0.0,0.0,0.03,0,2.51
2016-03-31,SKU-010,WH-WI1,Baseline Legacy Rule,115,3,3,0,112,0,0,96,0.169,0.0,0.0,0.17,0,2.51
2016-04-01,SKU-010,WH-WI1,Baseline Legacy Rule,112,5,5,0,107,0,0,0,0.162,0.0,0.0,0.16,0,2.51
2016-04-02,SKU-010,WH-WI1,Baseline Legacy Rule,107,4,4,0,103,0,0,0,0.156,0.0,0.0,0.16,0,2.51
2016-04-03,SKU-010,WH-WI1,Baseline Legacy Rule,103,2,2,0,101,0,0,0,0.153,0.0,0.0,0.15,0,2.51
2016-04-04,SKU-010,WH-WI1,Baseline Legacy Rule,101,2,2,0,99,0,0,0,0.15,0.0,0.0,0.15,0,2.51
2016-04-05,SKU-010,WH-WI1,Baseline Legacy Rule,99,3,3,0,96,0,0,0,0.145,0.0,0.0,0.14,0,2.51
2016-04-06,SKU-010,WH-WI1,Baseline Legacy Rule,96,2,2,0,94,0,0,0,0.142,0.0,0.0,0.14,0,2.51
2016-04-07,SKU-010,WH-WI1,Baseline Legacy Rule,94,5,5,0,89,0,0,0,0.135,0.0,0.0,0.14,0,2.51
2016-04-08,SKU-010,WH-WI1,Baseline Legacy Rule,89,3,3,0,86,0,0,0,0.13,0.0,0.0,0.13,0,2.51
2016-04-09,SKU-010,WH-WI1,Baseline Legacy Rule,86,3,3,0,83,0,0,0,0.126,0.0,0.0,0.13,0,2.51
2016-04-10,SKU-010,WH-WI1,Baseline Legacy Rule,83,4,4,0,79,0,0,0,0.12,0.0,0.0,0.12,0,2.51
2016-04-11,SKU-010,WH-WI1,Baseline Legacy Rule,79,3,3,0,76,0,0,0,0.115,0.0,0.0,0.12,0,2.51
2016-04-12,SKU-010,WH-WI1,Baseline Legacy Rule,76,3,3,0,73,0,0,0,0.11,0.0,0.0,0.11,0,2.51
2016-04-13,SKU-010,WH-WI1,Baseline Legacy Rule,73,3,3,0,70,0,0,0,0.106,0.0,0.0,0.11,0,2.51
2016-04-14,SKU-010,WH-WI1,Baseline Legacy Rule,70,2,2,0,68,0,0,0,0.103,0.0,0.0,0.1,0,2.51
2016-04-15,SKU-010,WH-WI1,Baseline Legacy Rule,68,0,0,0,68,0,0,0,0.103,0.0,0.0,0.1,0,2.51
2016-04-16,SKU-010,WH-WI1,Baseline Legacy Rule,68,1,1,0,67,0,0,0,0.101,0.0,0.0,0.1,0,2.51
2016-04-17,SKU-010,WH-WI1,Baseline Legacy Rule,67,3,3,0,64,0,0,0,0.097,0.0,0.0,0.1,0,2.51
2016-04-18,SKU-010,WH-WI1,Baseline Legacy Rule,64,2,2,0,62,0,0,0,0.094,0.0,0.0,0.09,0,2.51
2016-04-19,SKU-010,WH-WI1,Baseline Legacy Rule,62,1,1,0,61,0,0,0,0.092,0.0,0.0,0.09,0,2.51
2016-04-20,SKU-010,WH-WI1,Baseline Legacy Rule,61,1,1,0,60,0,0,0,0.091,0.0,0.0,0.09,0,2.51
2016-04-21,SKU-010,WH-WI1,Baseline Legacy Rule,60,5,5,0,55,0,0,0,0.083,0.0,0.0,0.08,0,2.51
2016-04-22,SKU-010,WH-WI1,Baseline Legacy Rule,55,2,2,0,53,0,0,0,0.08,0.0,0.0,0.08,0,2.51
2016-04-23,SKU-010,WH-WI1,Baseline Legacy Rule,53,0,0,0,53,0,0,0,0.08,0.0,0.0,0.08,0,2.51
2016-04-24,SKU-010,WH-WI1,Baseline Legacy Rule,53,4,4,0,49,0,0,0,0.074,0.0,0.0,0.07,0,2.51
2016-03-28,SKU-011,WH-CA1,Baseline Legacy Rule,10,0,0,0,10,96,96,0,0.005,75.0,0.0,75.0,0,0.71
2016-03-29,SKU-011,WH-CA1,Baseline Legacy Rule,10,0,0,0,10,96,0,0,0.005,0.0,0.0,0.01,0,0.71
2016-03-30,SKU-011,WH-CA1,Baseline Legacy Rule,10,0,0,0,10,96,0,0,0.005,0.0,0.0,0.01,0,0.71
2016-03-31,SKU-011,WH-CA1,Baseline Legacy Rule,10,3,3,0,7,96,0,0,0.003,0.0,0.0,0.0,0,0.71
2016-04-01,SKU-011,WH-CA1,Baseline Legacy Rule,7,0,0,0,7,96,0,0,0.003,0.0,0.0,0.0,0,0.71
2016-04-02,SKU-011,WH-CA1,Baseline Legacy Rule,7,1,1,0,6,96,0,0,0.003,0.0,0.0,0.0,0,0.71
2016-04-03,SKU-011,WH-CA1,Baseline Legacy Rule,102,1,1,0,101,0,0,96,0.049,0.0,0.0,0.05,0,0.71
2016-04-04,SKU-011,WH-CA1,Baseline Legacy Rule,101,2,2,0,99,0,0,0,0.048,0.0,0.0,0.05,0,0.71
2016-04-05,SKU-011,WH-CA1,Baseline Legacy Rule,99,0,0,0,99,0,0,0,0.048,0.0,0.0,0.05,0,0.71
2016-04-06,SKU-011,WH-CA1,Baseline Legacy Rule,99,0,0,0,99,0,0,0,0.048,0.0,0.0,0.05,0,0.71
2016-04-07,SKU-011,WH-CA1,Baseline Legacy Rule,99,0,0,0,99,0,0,0,0.048,0.0,0.0,0.05,0,0.71
2016-04-08,SKU-011,WH-CA1,Baseline Legacy Rule,99,3,3,0,96,0,0,0,0.047,0.0,0.0,0.05,0,0.71
2016-04-09,SKU-011,WH-CA1,Baseline Legacy Rule,96,1,1,0,95,0,0,0,0.046,0.0,0.0,0.05,0,0.71
2016-04-10,SKU-011,WH-CA1,Baseline Legacy Rule,95,4,4,0,91,0,0,0,0.044,0.0,0.0,0.04,0,0.71
2016-04-11,SKU-011,WH-CA1,Baseline Legacy Rule,91,2,2,0,89,0,0,0,0.043,0.0,0.0,0.04,0,0.71
2016-04-12,SKU-011,WH-CA1,Baseline Legacy Rule,89,0,0,0,89,0,0,0,0.043,0.0,0.0,0.04,0,0.71
2016-04-13,SKU-011,WH-CA1,Baseline Legacy Rule,89,0,0,0,89,0,0,0,0.043,0.0,0.0,0.04,0,0.71
2016-04-14,SKU-011,WH-CA1,Baseline Legacy Rule,89,0,0,0,89,0,0,0,0.043,0.0,0.0,0.04,0,0.71
2016-04-15,SKU-011,WH-CA1,Baseline Legacy Rule,89,0,0,0,89,0,0,0,0.043,0.0,0.0,0.04,0,0.71
2016-04-16,SKU-011,WH-CA1,Baseline Legacy Rule,89,1,1,0,88,0,0,0,0.043,0.0,0.0,0.04,0,0.71
2016-04-17,SKU-011,WH-CA1,Baseline Legacy Rule,88,1,1,0,87,0,0,0,0.042,0.0,0.0,0.04,0,0.71
2016-04-18,SKU-011,WH-CA1,Baseline Legacy Rule,87,2,2,0,85,0,0,0,0.041,0.0,0.0,0.04,0,0.71
2016-04-19,SKU-011,WH-CA1,Baseline Legacy Rule,85,1,1,0,84,0,0,0,0.041,0.0,0.0,0.04,0,0.71
2016-04-20,SKU-011,WH-CA1,Baseline Legacy Rule,84,0,0,0,84,0,0,0,0.041,0.0,0.0,0.04,0,0.71
2016-04-21,SKU-011,WH-CA1,Baseline Legacy Rule,84,6,6,0,78,0,0,0,0.038,0.0,0.0,0.04,0,0.71
2016-04-22,SKU-011,WH-CA1,Baseline Legacy Rule,78,3,3,0,75,0,0,0,0.036,0.0,0.0,0.04,0,0.71
2016-04-23,SKU-011,WH-CA1,Baseline Legacy Rule,75,3,3,0,72,0,0,0,0.035,0.0,0.0,0.04,0,0.71
2016-04-24,SKU-011,WH-CA1,Baseline Legacy Rule,72,2,2,0,70,0,0,0,0.034,0.0,0.0,0.03,0,0.71
2016-03-28,SKU-011,WH-TX1,Baseline Legacy Rule,5,0,0,0,5,96,96,0,0.002,75.0,0.0,75.0,0,0.71
2016-03-29,SKU-011,WH-TX1,Baseline Legacy Rule,5,2,2,0,3,96,0,0,0.001,0.0,0.0,0.0,0,0.71
2016-03-30,SKU-011,WH-TX1,Baseline Legacy Rule,3,0,0,0,3,96,0,0,0.001,0.0,0.0,0.0,0,0.71
2016-03-31,SKU-011,WH-TX1,Baseline Legacy Rule,3,1,1,0,2,96,0,0,0.001,0.0,0.0,0.0,0,0.71
2016-04-01,SKU-011,WH-TX1,Baseline Legacy Rule,2,1,1,0,1,96,0,0,0.0,0.0,0.0,0.0,0,0.71
2016-04-02,SKU-011,WH-TX1,Baseline Legacy Rule,1,0,0,0,1,96,0,0,0.0,0.0,0.0,0.0,0,0.71
2016-04-03,SKU-011,WH-TX1,Baseline Legacy Rule,97,0,0,0,97,0,0,96,0.038,0.0,0.0,0.04,0,0.71
2016-04-04,SKU-011,WH-TX1,Baseline Legacy Rule,97,0,0,0,97,0,0,0,0.038,0.0,0.0,0.04,0,0.71
2016-04-05,SKU-011,WH-TX1,Baseline Legacy Rule,97,1,1,0,96,0,0,0,0.037,0.0,0.0,0.04,0,0.71
2016-04-06,SKU-011,WH-TX1,Baseline Legacy Rule,96,0,0,0,96,0,0,0,0.037,0.0,0.0,0.04,0,0.71
2016-04-07,SKU-011,WH-TX1,Baseline Legacy Rule,96,0,0,0,96,0,0,0,0.037,0.0,0.0,0.04,0,0.71
2016-04-08,SKU-011,WH-TX1,Baseline Legacy Rule,96,3,3,0,93,0,0,0,0.036,0.0,0.0,0.04,0,0.71
2016-04-09,SKU-011,WH-TX1,Baseline Legacy Rule,93,1,1,0,92,0,0,0,0.036,0.0,0.0,0.04,0,0.71
2016-04-10,SKU-011,WH-TX1,Baseline Legacy Rule,92,0,0,0,92,0,0,0,0.036,0.0,0.0,0.04,0,0.71
2016-04-11,SKU-011,WH-TX1,Baseline Legacy Rule,92,1,1,0,91,0,0,0,0.035,0.0,0.0,0.04,0,0.71
2016-04-12,SKU-011,WH-TX1,Baseline Legacy Rule,91,2,2,0,89,0,0,0,0.035,0.0,0.0,0.04,0,0.71
2016-04-13,SKU-011,WH-TX1,Baseline Legacy Rule,89,0,0,0,89,0,0,0,0.035,0.0,0.0,0.04,0,0.71
2016-04-14,SKU-011,WH-TX1,Baseline Legacy Rule,89,0,0,0,89,0,0,0,0.035,0.0,0.0,0.04,0,0.71
2016-04-15,SKU-011,WH-TX1,Baseline Legacy Rule,89,3,3,0,86,0,0,0,0.033,0.0,0.0,0.03,0,0.71
2016-04-16,SKU-011,WH-TX1,Baseline Legacy Rule,86,2,2,0,84,0,0,0,0.033,0.0,0.0,0.03,0,0.71
2016-04-17,SKU-011,WH-TX1,Baseline Legacy Rule,84,1,1,0,83,0,0,0,0.032,0.0,0.0,0.03,0,0.71
2016-04-18,SKU-011,WH-TX1,Baseline Legacy Rule,83,2,2,0,81,0,0,0,0.032,0.0,0.0,0.03,0,0.71
2016-04-19,SKU-011,WH-TX1,Baseline Legacy Rule,81,0,0,0,81,0,0,0,0.032,0.0,0.0,0.03,0,0.71
2016-04-20,SKU-011,WH-TX1,Baseline Legacy Rule,81,0,0,0,81,0,0,0,0.032,0.0,0.0,0.03,0,0.71
2016-04-21,SKU-011,WH-TX1,Baseline Legacy Rule,81,0,0,0,81,0,0,0,0.032,0.0,0.0,0.03,0,0.71
2016-04-22,SKU-011,WH-TX1,Baseline Legacy Rule,81,2,2,0,79,0,0,0,0.031,0.0,0.0,0.03,0,0.71
2016-04-23,SKU-011,WH-TX1,Baseline Legacy Rule,79,0,0,0,79,0,0,0,0.031,0.0,0.0,0.03,0,0.71
2016-04-24,SKU-011,WH-TX1,Baseline Legacy Rule,79,1,1,0,78,0,0,0,0.03,0.0,0.0,0.03,0,0.71
2016-03-28,SKU-011,WH-WI1,Baseline Legacy Rule,12,1,1,0,11,96,96,0,0.005,75.0,0.0,75.0,0,0.71
2016-03-29,SKU-011,WH-WI1,Baseline Legacy Rule,11,1,1,0,10,96,0,0,0.004,0.0,0.0,0.0,0,0.71
2016-03-30,SKU-011,WH-WI1,Baseline Legacy Rule,10,2,2,0,8,96,0,0,0.003,0.0,0.0,0.0,0,0.71
2016-03-31,SKU-011,WH-WI1,Baseline Legacy Rule,8,0,0,0,8,96,0,0,0.003,0.0,0.0,0.0,0,0.71
2016-04-01,SKU-011,WH-WI1,Baseline Legacy Rule,8,3,3,0,5,96,0,0,0.002,0.0,0.0,0.0,0,0.71
2016-04-02,SKU-011,WH-WI1,Baseline Legacy Rule,5,2,2,0,3,96,0,0,0.001,0.0,0.0,0.0,0,0.71
2016-04-03,SKU-011,WH-WI1,Baseline Legacy Rule,3,0,0,0,3,96,0,0,0.001,0.0,0.0,0.0,0,0.71
2016-04-04,SKU-011,WH-WI1,Baseline Legacy Rule,3,0,0,0,3,96,0,0,0.001,0.0,0.0,0.0,0,0.71
2016-04-05,SKU-011,WH-WI1,Baseline Legacy Rule,99,0,0,0,99,0,0,96,0.042,0.0,0.0,0.04,0,0.71
2016-04-06,SKU-011,WH-WI1,Baseline Legacy Rule,99,3,3,0,96,0,0,0,0.041,0.0,0.0,0.04,0,0.71
2016-04-07,SKU-011,WH-WI1,Baseline Legacy Rule,96,1,1,0,95,0,0,0,0.041,0.0,0.0,0.04,0,0.71
2016-04-08,SKU-011,WH-WI1,Baseline Legacy Rule,95,0,0,0,95,0,0,0,0.041,0.0,0.0,0.04,0,0.71
2016-04-09,SKU-011,WH-WI1,Baseline Legacy Rule,95,3,3,0,92,0,0,0,0.039,0.0,0.0,0.04,0,0.71
2016-04-10,SKU-011,WH-WI1,Baseline Legacy Rule,92,1,1,0,91,0,0,0,0.039,0.0,0.0,0.04,0,0.71
2016-04-11,SKU-011,WH-WI1,Baseline Legacy Rule,91,1,1,0,90,0,0,0,0.039,0.0,0.0,0.04,0,0.71
2016-04-12,SKU-011,WH-WI1,Baseline Legacy Rule,90,0,0,0,90,0,0,0,0.039,0.0,0.0,0.04,0,0.71
2016-04-13,SKU-011,WH-WI1,Baseline Legacy Rule,90,1,1,0,89,0,0,0,0.038,0.0,0.0,0.04,0,0.71
2016-04-14,SKU-011,WH-WI1,Baseline Legacy Rule,89,0,0,0,89,0,0,0,0.038,0.0,0.0,0.04,0,0.71
2016-04-15,SKU-011,WH-WI1,Baseline Legacy Rule,89,0,0,0,89,0,0,0,0.038,0.0,0.0,0.04,0,0.71
2016-04-16,SKU-011,WH-WI1,Baseline Legacy Rule,89,1,1,0,88,0,0,0,0.038,0.0,0.0,0.04,0,0.71
2016-04-17,SKU-011,WH-WI1,Baseline Legacy Rule,88,0,0,0,88,0,0,0,0.038,0.0,0.0,0.04,0,0.71
2016-04-18,SKU-011,WH-WI1,Baseline Legacy Rule,88,2,2,0,86,0,0,0,0.037,0.0,0.0,0.04,0,0.71
2016-04-19,SKU-011,WH-WI1,Baseline Legacy Rule,86,8,8,0,78,0,0,0,0.033,0.0,0.0,0.03,0,0.71
2016-04-20,SKU-011,WH-WI1,Baseline Legacy Rule,78,0,0,0,78,0,0,0,0.033,0.0,0.0,0.03,0,0.71
2016-04-21,SKU-011,WH-WI1,Baseline Legacy Rule,78,2,2,0,76,0,0,0,0.033,0.0,0.0,0.03,0,0.71
2016-04-22,SKU-011,WH-WI1,Baseline Legacy Rule,76,0,0,0,76,0,0,0,0.033,0.0,0.0,0.03,0,0.71
2016-04-23,SKU-011,WH-WI1,Baseline Legacy Rule,76,1,1,0,75,0,0,0,0.032,0.0,0.0,0.03,0,0.71
2016-04-24,SKU-011,WH-WI1,Baseline Legacy Rule,75,1,1,0,74,0,0,0,0.032,0.0,0.0,0.03,0,0.71
2016-03-28,SKU-012,WH-CA1,Baseline Legacy Rule,19,1,1,0,18,96,96,0,0.019,75.0,0.0,75.02,0,1.56
2016-03-29,SKU-012,WH-CA1,Baseline Legacy Rule,18,0,0,0,18,96,0,0,0.019,0.0,0.0,0.02,0,1.56
2016-03-30,SKU-012,WH-CA1,Baseline Legacy Rule,18,1,1,0,17,96,0,0,0.018,0.0,0.0,0.02,0,1.56
2016-03-31,SKU-012,WH-CA1,Baseline Legacy Rule,17,3,3,0,14,96,0,0,0.015,0.0,0.0,0.01,0,1.56
2016-04-01,SKU-012,WH-CA1,Baseline Legacy Rule,14,0,0,0,14,96,0,0,0.015,0.0,0.0,0.01,0,1.56
2016-04-02,SKU-012,WH-CA1,Baseline Legacy Rule,110,3,3,0,107,0,0,96,0.114,0.0,0.0,0.11,0,1.56
2016-04-03,SKU-012,WH-CA1,Baseline Legacy Rule,107,3,3,0,104,0,0,0,0.111,0.0,0.0,0.11,0,1.56
2016-04-04,SKU-012,WH-CA1,Baseline Legacy Rule,104,3,3,0,101,0,0,0,0.108,0.0,0.0,0.11,0,1.56
2016-04-05,SKU-012,WH-CA1,Baseline Legacy Rule,101,5,5,0,96,0,0,0,0.103,0.0,0.0,0.1,0,1.56
2016-04-06,SKU-012,WH-CA1,Baseline Legacy Rule,96,3,3,0,93,0,0,0,0.099,0.0,0.0,0.1,0,1.56
2016-04-07,SKU-012,WH-CA1,Baseline Legacy Rule,93,4,4,0,89,0,0,0,0.095,0.0,0.0,0.1,0,1.56
2016-04-08,SKU-012,WH-CA1,Baseline Legacy Rule,89,1,1,0,88,0,0,0,0.094,0.0,0.0,0.09,0,1.56
2016-04-09,SKU-012,WH-CA1,Baseline Legacy Rule,88,2,2,0,86,0,0,0,0.092,0.0,0.0,0.09,0,1.56
2016-04-10,SKU-012,WH-CA1,Baseline Legacy Rule,86,3,3,0,83,0,0,0,0.089,0.0,0.0,0.09,0,1.56
2016-04-11,SKU-012,WH-CA1,Baseline Legacy Rule,83,4,4,0,79,0,0,0,0.084,0.0,0.0,0.08,0,1.56
2016-04-12,SKU-012,WH-CA1,Baseline Legacy Rule,79,4,4,0,75,0,0,0,0.08,0.0,0.0,0.08,0,1.56
2016-04-13,SKU-012,WH-CA1,Baseline Legacy Rule,75,3,3,0,72,0,0,0,0.077,0.0,0.0,0.08,0,1.56
2016-04-14,SKU-012,WH-CA1,Baseline Legacy Rule,72,3,3,0,69,0,0,0,0.074,0.0,0.0,0.07,0,1.56
2016-04-15,SKU-012,WH-CA1,Baseline Legacy Rule,69,3,3,0,66,0,0,0,0.071,0.0,0.0,0.07,0,1.56
2016-04-16,SKU-012,WH-CA1,Baseline Legacy Rule,66,2,2,0,64,0,0,0,0.068,0.0,0.0,0.07,0,1.56
2016-04-17,SKU-012,WH-CA1,Baseline Legacy Rule,64,2,2,0,62,0,0,0,0.066,0.0,0.0,0.07,0,1.56
2016-04-18,SKU-012,WH-CA1,Baseline Legacy Rule,62,3,3,0,59,0,0,0,0.063,0.0,0.0,0.06,0,1.56
2016-04-19,SKU-012,WH-CA1,Baseline Legacy Rule,59,2,2,0,57,0,0,0,0.061,0.0,0.0,0.06,0,1.56
2016-04-20,SKU-012,WH-CA1,Baseline Legacy Rule,57,3,3,0,54,0,0,0,0.058,0.0,0.0,0.06,0,1.56
2016-04-21,SKU-012,WH-CA1,Baseline Legacy Rule,54,2,2,0,52,0,0,0,0.056,0.0,0.0,0.06,0,1.56
2016-04-22,SKU-012,WH-CA1,Baseline Legacy Rule,52,0,0,0,52,0,0,0,0.056,0.0,0.0,0.06,0,1.56
2016-04-23,SKU-012,WH-CA1,Baseline Legacy Rule,52,4,4,0,48,0,0,0,0.051,0.0,0.0,0.05,0,1.56
2016-04-24,SKU-012,WH-CA1,Baseline Legacy Rule,48,2,2,0,46,0,0,0,0.049,0.0,0.0,0.05,0,1.56
2016-03-28,SKU-012,WH-TX1,Baseline Legacy Rule,9,0,0,0,9,96,96,0,0.008,75.0,0.0,75.01,0,1.56
2016-03-29,SKU-012,WH-TX1,Baseline Legacy Rule,9,1,1,0,8,96,0,0,0.007,0.0,0.0,0.01,0,1.56
2016-03-30,SKU-012,WH-TX1,Baseline Legacy Rule,8,0,0,0,8,96,0,0,0.007,0.0,0.0,0.01,0,1.56
2016-03-31,SKU-012,WH-TX1,Baseline Legacy Rule,104,0,0,0,104,0,0,96,0.089,0.0,0.0,0.09,0,1.56
2016-04-01,SKU-012,WH-TX1,Baseline Legacy Rule,104,0,0,0,104,0,0,0,0.089,0.0,0.0,0.09,0,1.56
2016-04-02,SKU-012,WH-TX1,Baseline Legacy Rule,104,3,3,0,101,0,0,0,0.086,0.0,0.0,0.09,0,1.56
2016-04-03,SKU-012,WH-TX1,Baseline Legacy Rule,101,1,1,0,100,0,0,0,0.085,0.0,0.0,0.09,0,1.56
2016-04-04,SKU-012,WH-TX1,Baseline Legacy Rule,100,3,3,0,97,0,0,0,0.083,0.0,0.0,0.08,0,1.56
2016-04-05,SKU-012,WH-TX1,Baseline Legacy Rule,97,6,6,0,91,0,0,0,0.078,0.0,0.0,0.08,0,1.56
2016-04-06,SKU-012,WH-TX1,Baseline Legacy Rule,91,1,1,0,90,0,0,0,0.077,0.0,0.0,0.08,0,1.56
2016-04-07,SKU-012,WH-TX1,Baseline Legacy Rule,90,1,1,0,89,0,0,0,0.076,0.0,0.0,0.08,0,1.56
2016-04-08,SKU-012,WH-TX1,Baseline Legacy Rule,89,0,0,0,89,0,0,0,0.076,0.0,0.0,0.08,0,1.56
2016-04-09,SKU-012,WH-TX1,Baseline Legacy Rule,89,1,1,0,88,0,0,0,0.075,0.0,0.0,0.07,0,1.56
2016-04-10,SKU-012,WH-TX1,Baseline Legacy Rule,88,1,1,0,87,0,0,0,0.074,0.0,0.0,0.07,0,1.56
2016-04-11,SKU-012,WH-TX1,Baseline Legacy Rule,87,0,0,0,87,0,0,0,0.074,0.0,0.0,0.07,0,1.56
2016-04-12,SKU-012,WH-TX1,Baseline Legacy Rule,87,1,1,0,86,0,0,0,0.074,0.0,0.0,0.07,0,1.56
2016-04-13,SKU-012,WH-TX1,Baseline Legacy Rule,86,0,0,0,86,0,0,0,0.074,0.0,0.0,0.07,0,1.56
2016-04-14,SKU-012,WH-TX1,Baseline Legacy Rule,86,0,0,0,86,0,0,0,0.074,0.0,0.0,0.07,0,1.56
2016-04-15,SKU-012,WH-TX1,Baseline Legacy Rule,86,1,1,0,85,0,0,0,0.073,0.0,0.0,0.07,0,1.56
2016-04-16,SKU-012,WH-TX1,Baseline Legacy Rule,85,4,4,0,81,0,0,0,0.069,0.0,0.0,0.07,0,1.56
2016-04-17,SKU-012,WH-TX1,Baseline Legacy Rule,81,1,1,0,80,0,0,0,0.068,0.0,0.0,0.07,0,1.56
2016-04-18,SKU-012,WH-TX1,Baseline Legacy Rule,80,2,2,0,78,0,0,0,0.067,0.0,0.0,0.07,0,1.56
2016-04-19,SKU-012,WH-TX1,Baseline Legacy Rule,78,0,0,0,78,0,0,0,0.067,0.0,0.0,0.07,0,1.56
2016-04-20,SKU-012,WH-TX1,Baseline Legacy Rule,78,1,1,0,77,0,0,0,0.066,0.0,0.0,0.07,0,1.56
2016-04-21,SKU-012,WH-TX1,Baseline Legacy Rule,77,1,1,0,76,0,0,0,0.065,0.0,0.0,0.07,0,1.56
2016-04-22,SKU-012,WH-TX1,Baseline Legacy Rule,76,2,2,0,74,0,0,0,0.063,0.0,0.0,0.06,0,1.56
2016-04-23,SKU-012,WH-TX1,Baseline Legacy Rule,74,1,1,0,73,0,0,0,0.062,0.0,0.0,0.06,0,1.56
2016-04-24,SKU-012,WH-TX1,Baseline Legacy Rule,73,2,2,0,71,0,0,0,0.061,0.0,0.0,0.06,0,1.56
2016-03-28,SKU-012,WH-WI1,Baseline Legacy Rule,21,4,4,0,17,96,96,0,0.016,75.0,0.0,75.02,0,1.56
2016-03-29,SKU-012,WH-WI1,Baseline Legacy Rule,17,0,0,0,17,96,0,0,0.016,0.0,0.0,0.02,0,1.56
2016-03-30,SKU-012,WH-WI1,Baseline Legacy Rule,17,1,1,0,16,96,0,0,0.015,0.0,0.0,0.01,0,1.56
2016-03-31,SKU-012,WH-WI1,Baseline Legacy Rule,16,0,0,0,16,96,0,0,0.015,0.0,0.0,0.01,0,1.56
2016-04-01,SKU-012,WH-WI1,Baseline Legacy Rule,16,2,2,0,14,96,0,0,0.013,0.0,0.0,0.01,0,1.56
2016-04-02,SKU-012,WH-WI1,Baseline Legacy Rule,110,9,9,0,101,0,0,96,0.095,0.0,0.0,0.1,0,1.56
2016-04-03,SKU-012,WH-WI1,Baseline Legacy Rule,101,4,4,0,97,0,0,0,0.091,0.0,0.0,0.09,0,1.56
2016-04-04,SKU-012,WH-WI1,Baseline Legacy Rule,97,2,2,0,95,0,0,0,0.089,0.0,0.0,0.09,0,1.56
2016-04-05,SKU-012,WH-WI1,Baseline Legacy Rule,95,0,0,0,95,0,0,0,0.089,0.0,0.0,0.09,0,1.56
2016-04-06,SKU-012,WH-WI1,Baseline Legacy Rule,95,2,2,0,93,0,0,0,0.087,0.0,0.0,0.09,0,1.56
2016-04-07,SKU-012,WH-WI1,Baseline Legacy Rule,93,0,0,0,93,0,0,0,0.087,0.0,0.0,0.09,0,1.56
2016-04-08,SKU-012,WH-WI1,Baseline Legacy Rule,93,3,3,0,90,0,0,0,0.085,0.0,0.0,0.09,0,1.56
2016-04-09,SKU-012,WH-WI1,Baseline Legacy Rule,90,5,5,0,85,0,0,0,0.08,0.0,0.0,0.08,0,1.56
2016-04-10,SKU-012,WH-WI1,Baseline Legacy Rule,85,4,4,0,81,0,0,0,0.076,0.0,0.0,0.08,0,1.56
2016-04-11,SKU-012,WH-WI1,Baseline Legacy Rule,81,2,2,0,79,0,0,0,0.074,0.0,0.0,0.07,0,1.56
2016-04-12,SKU-012,WH-WI1,Baseline Legacy Rule,79,2,2,0,77,0,0,0,0.072,0.0,0.0,0.07,0,1.56
2016-04-13,SKU-012,WH-WI1,Baseline Legacy Rule,77,2,2,0,75,0,0,0,0.071,0.0,0.0,0.07,0,1.56
2016-04-14,SKU-012,WH-WI1,Baseline Legacy Rule,75,2,2,0,73,0,0,0,0.069,0.0,0.0,0.07,0,1.56
2016-04-15,SKU-012,WH-WI1,Baseline Legacy Rule,73,1,1,0,72,0,0,0,0.068,0.0,0.0,0.07,0,1.56
2016-04-16,SKU-012,WH-WI1,Baseline Legacy Rule,72,5,5,0,67,0,0,0,0.063,0.0,0.0,0.06,0,1.56
2016-04-17,SKU-012,WH-WI1,Baseline Legacy Rule,67,2,2,0,65,0,0,0,0.061,0.0,0.0,0.06,0,1.56
2016-04-18,SKU-012,WH-WI1,Baseline Legacy Rule,65,5,5,0,60,0,0,0,0.056,0.0,0.0,0.06,0,1.56
2016-04-19,SKU-012,WH-WI1,Baseline Legacy Rule,60,3,3,0,57,0,0,0,0.054,0.0,0.0,0.05,0,1.56
2016-04-20,SKU-012,WH-WI1,Baseline Legacy Rule,57,3,3,0,54,0,0,0,0.051,0.0,0.0,0.05,0,1.56
2016-04-21,SKU-012,WH-WI1,Baseline Legacy Rule,54,2,2,0,52,0,0,0,0.049,0.0,0.0,0.05,0,1.56
2016-04-22,SKU-012,WH-WI1,Baseline Legacy Rule,52,3,3,0,49,0,0,0,0.046,0.0,0.0,0.05,0,1.56
2016-04-23,SKU-012,WH-WI1,Baseline Legacy Rule,49,1,1,0,48,0,0,0,0.045,0.0,0.0,0.04,0,1.56
2016-04-24,SKU-012,WH-WI1,Baseline Legacy Rule,48,3,3,0,45,0,0,0,0.042,0.0,0.0,0.04,0,1.56
2016-03-28,SKU-013,WH-CA1,Baseline Legacy Rule,11,5,5,0,6,48,48,0,0.028,75.0,0.0,75.03,0,6.91
2016-03-29,SKU-013,WH-CA1,Baseline Legacy Rule,6,0,0,0,6,48,0,0,0.028,0.0,0.0,0.03,0,6.91
2016-03-30,SKU-013,WH-CA1,Baseline Legacy Rule,6,1,1,0,5,48,0,0,0.024,0.0,0.0,0.02,0,6.91
2016-03-31,SKU-013,WH-CA1,Baseline Legacy Rule,5,0,0,0,5,48,0,0,0.024,0.0,0.0,0.02,0,6.91
2016-04-01,SKU-013,WH-CA1,Baseline Legacy Rule,53,0,0,0,53,0,0,48,0.251,0.0,0.0,0.25,0,6.91
2016-04-02,SKU-013,WH-CA1,Baseline Legacy Rule,53,0,0,0,53,0,0,0,0.251,0.0,0.0,0.25,0,6.91
2016-04-03,SKU-013,WH-CA1,Baseline Legacy Rule,53,0,0,0,53,0,0,0,0.251,0.0,0.0,0.25,0,6.91
2016-04-04,SKU-013,WH-CA1,Baseline Legacy Rule,53,0,0,0,53,0,0,0,0.251,0.0,0.0,0.25,0,6.91
2016-04-05,SKU-013,WH-CA1,Baseline Legacy Rule,53,2,2,0,51,0,0,0,0.241,0.0,0.0,0.24,0,6.91
2016-04-06,SKU-013,WH-CA1,Baseline Legacy Rule,51,0,0,0,51,0,0,0,0.241,0.0,0.0,0.24,0,6.91
2016-04-07,SKU-013,WH-CA1,Baseline Legacy Rule,51,0,0,0,51,0,0,0,0.241,0.0,0.0,0.24,0,6.91
2016-04-08,SKU-013,WH-CA1,Baseline Legacy Rule,51,0,0,0,51,0,0,0,0.241,0.0,0.0,0.24,0,6.91
2016-04-09,SKU-013,WH-CA1,Baseline Legacy Rule,51,1,1,0,50,0,0,0,0.237,0.0,0.0,0.24,0,6.91
2016-04-10,SKU-013,WH-CA1,Baseline Legacy Rule,50,1,1,0,49,0,0,0,0.232,0.0,0.0,0.23,0,6.91
2016-04-11,SKU-013,WH-CA1,Baseline Legacy Rule,49,0,0,0,49,0,0,0,0.232,0.0,0.0,0.23,0,6.91
2016-04-12,SKU-013,WH-CA1,Baseline Legacy Rule,49,1,1,0,48,0,0,0,0.227,0.0,0.0,0.23,0,6.91
2016-04-13,SKU-013,WH-CA1,Baseline Legacy Rule,48,1,1,0,47,0,0,0,0.222,0.0,0.0,0.22,0,6.91
2016-04-14,SKU-013,WH-CA1,Baseline Legacy Rule,47,2,2,0,45,0,0,0,0.213,0.0,0.0,0.21,0,6.91
2016-04-15,SKU-013,WH-CA1,Baseline Legacy Rule,45,0,0,0,45,0,0,0,0.213,0.0,0.0,0.21,0,6.91
2016-04-16,SKU-013,WH-CA1,Baseline Legacy Rule,45,0,0,0,45,0,0,0,0.213,0.0,0.0,0.21,0,6.91
2016-04-17,SKU-013,WH-CA1,Baseline Legacy Rule,45,1,1,0,44,0,0,0,0.208,0.0,0.0,0.21,0,6.91
2016-04-18,SKU-013,WH-CA1,Baseline Legacy Rule,44,0,0,0,44,0,0,0,0.208,0.0,0.0,0.21,0,6.91
2016-04-19,SKU-013,WH-CA1,Baseline Legacy Rule,44,1,1,0,43,0,0,0,0.204,0.0,0.0,0.2,0,6.91
2016-04-20,SKU-013,WH-CA1,Baseline Legacy Rule,43,0,0,0,43,0,0,0,0.204,0.0,0.0,0.2,0,6.91
2016-04-21,SKU-013,WH-CA1,Baseline Legacy Rule,43,0,0,0,43,0,0,0,0.204,0.0,0.0,0.2,0,6.91
2016-04-22,SKU-013,WH-CA1,Baseline Legacy Rule,43,0,0,0,43,0,0,0,0.204,0.0,0.0,0.2,0,6.91
2016-04-23,SKU-013,WH-CA1,Baseline Legacy Rule,43,1,1,0,42,0,0,0,0.199,0.0,0.0,0.2,0,6.91
2016-04-24,SKU-013,WH-CA1,Baseline Legacy Rule,42,0,0,0,42,0,0,0,0.199,0.0,0.0,0.2,0,6.91
2016-03-28,SKU-013,WH-TX1,Baseline Legacy Rule,12,0,0,0,12,48,48,0,0.045,75.0,0.0,75.05,0,6.91
2016-03-29,SKU-013,WH-TX1,Baseline Legacy Rule,12,0,0,0,12,48,0,0,0.045,0.0,0.0,0.04,0,6.91
2016-03-30,SKU-013,WH-TX1,Baseline Legacy Rule,12,0,0,0,12,48,0,0,0.045,0.0,0.0,0.04,0,6.91
2016-03-31,SKU-013,WH-TX1,Baseline Legacy Rule,60,0,0,0,60,0,0,48,0.227,0.0,0.0,0.23,0,6.91
2016-04-01,SKU-013,WH-TX1,Baseline Legacy Rule,60,0,0,0,60,0,0,0,0.227,0.0,0.0,0.23,0,6.91
2016-04-02,SKU-013,WH-TX1,Baseline Legacy Rule,60,3,3,0,57,0,0,0,0.216,0.0,0.0,0.22,0,6.91
2016-04-03,SKU-013,WH-TX1,Baseline Legacy Rule,57,2,2,0,55,0,0,0,0.208,0.0,0.0,0.21,0,6.91
2016-04-04,SKU-013,WH-TX1,Baseline Legacy Rule,55,0,0,0,55,0,0,0,0.208,0.0,0.0,0.21,0,6.91
2016-04-05,SKU-013,WH-TX1,Baseline Legacy Rule,55,1,1,0,54,0,0,0,0.204,0.0,0.0,0.2,0,6.91
2016-04-06,SKU-013,WH-TX1,Baseline Legacy Rule,54,0,0,0,54,0,0,0,0.204,0.0,0.0,0.2,0,6.91
2016-04-07,SKU-013,WH-TX1,Baseline Legacy Rule,54,0,0,0,54,0,0,0,0.204,0.0,0.0,0.2,0,6.91
2016-04-08,SKU-013,WH-TX1,Baseline Legacy Rule,54,0,0,0,54,0,0,0,0.204,0.0,0.0,0.2,0,6.91
2016-04-09,SKU-013,WH-TX1,Baseline Legacy Rule,54,0,0,0,54,0,0,0,0.204,0.0,0.0,0.2,0,6.91
2016-04-10,SKU-013,WH-TX1,Baseline Legacy Rule,54,0,0,0,54,0,0,0,0.204,0.0,0.0,0.2,0,6.91
2016-04-11,SKU-013,WH-TX1,Baseline Legacy Rule,54,0,0,0,54,0,0,0,0.204,0.0,0.0,0.2,0,6.91
2016-04-12,SKU-013,WH-TX1,Baseline Legacy Rule,54,0,0,0,54,0,0,0,0.204,0.0,0.0,0.2,0,6.91
2016-04-13,SKU-013,WH-TX1,Baseline Legacy Rule,54,0,0,0,54,0,0,0,0.204,0.0,0.0,0.2,0,6.91
2016-04-14,SKU-013,WH-TX1,Baseline Legacy Rule,54,0,0,0,54,0,0,0,0.204,0.0,0.0,0.2,0,6.91
2016-04-15,SKU-013,WH-TX1,Baseline Legacy Rule,54,0,0,0,54,0,0,0,0.204,0.0,0.0,0.2,0,6.91
2016-04-16,SKU-013,WH-TX1,Baseline Legacy Rule,54,0,0,0,54,0,0,0,0.204,0.0,0.0,0.2,0,6.91
2016-04-17,SKU-013,WH-TX1,Baseline Legacy Rule,54,0,0,0,54,0,0,0,0.204,0.0,0.0,0.2,0,6.91
2016-04-18,SKU-013,WH-TX1,Baseline Legacy Rule,54,0,0,0,54,0,0,0,0.204,0.0,0.0,0.2,0,6.91
2016-04-19,SKU-013,WH-TX1,Baseline Legacy Rule,54,0,0,0,54,0,0,0,0.204,0.0,0.0,0.2,0,6.91
2016-04-20,SKU-013,WH-TX1,Baseline Legacy Rule,54,0,0,0,54,0,0,0,0.204,0.0,0.0,0.2,0,6.91
2016-04-21,SKU-013,WH-TX1,Baseline Legacy Rule,54,0,0,0,54,0,0,0,0.204,0.0,0.0,0.2,0,6.91
2016-04-22,SKU-013,WH-TX1,Baseline Legacy Rule,54,0,0,0,54,0,0,0,0.204,0.0,0.0,0.2,0,6.91
2016-04-23,SKU-013,WH-TX1,Baseline Legacy Rule,54,0,0,0,54,0,0,0,0.204,0.0,0.0,0.2,0,6.91
2016-04-24,SKU-013,WH-TX1,Baseline Legacy Rule,54,0,0,0,54,0,0,0,0.204,0.0,0.0,0.2,0,6.91
2016-03-28,SKU-013,WH-WI1,Baseline Legacy Rule,5,1,1,0,4,48,48,0,0.017,75.0,0.0,75.02,0,6.91
2016-03-29,SKU-013,WH-WI1,Baseline Legacy Rule,4,0,0,0,4,48,0,0,0.017,0.0,0.0,0.02,0,6.91
2016-03-30,SKU-013,WH-WI1,Baseline Legacy Rule,4,0,0,0,4,48,0,0,0.017,0.0,0.0,0.02,0,6.91
2016-03-31,SKU-013,WH-WI1,Baseline Legacy Rule,4,0,0,0,4,48,0,0,0.017,0.0,0.0,0.02,0,6.91
2016-04-01,SKU-013,WH-WI1,Baseline Legacy Rule,52,0,0,0,52,0,0,48,0.217,0.0,0.0,0.22,0,6.91
2016-04-02,SKU-013,WH-WI1,Baseline Legacy Rule,52,1,1,0,51,0,0,0,0.212,0.0,0.0,0.21,0,6.91
2016-04-03,SKU-013,WH-WI1,Baseline Legacy Rule,51,0,0,0,51,0,0,0,0.212,0.0,0.0,0.21,0,6.91
2016-04-04,SKU-013,WH-WI1,Baseline Legacy Rule,51,0,0,0,51,0,0,0,0.212,0.0,0.0,0.21,0,6.91
2016-04-05,SKU-013,WH-WI1,Baseline Legacy Rule,51,0,0,0,51,0,0,0,0.212,0.0,0.0,0.21,0,6.91
2016-04-06,SKU-013,WH-WI1,Baseline Legacy Rule,51,0,0,0,51,0,0,0,0.212,0.0,0.0,0.21,0,6.91
2016-04-07,SKU-013,WH-WI1,Baseline Legacy Rule,51,1,1,0,50,0,0,0,0.208,0.0,0.0,0.21,0,6.91
2016-04-08,SKU-013,WH-WI1,Baseline Legacy Rule,50,0,0,0,50,0,0,0,0.208,0.0,0.0,0.21,0,6.91
2016-04-09,SKU-013,WH-WI1,Baseline Legacy Rule,50,1,1,0,49,0,0,0,0.204,0.0,0.0,0.2,0,6.91
2016-04-10,SKU-013,WH-WI1,Baseline Legacy Rule,49,0,0,0,49,0,0,0,0.204,0.0,0.0,0.2,0,6.91
2016-04-11,SKU-013,WH-WI1,Baseline Legacy Rule,49,0,0,0,49,0,0,0,0.204,0.0,0.0,0.2,0,6.91
2016-04-12,SKU-013,WH-WI1,Baseline Legacy Rule,49,2,2,0,47,0,0,0,0.196,0.0,0.0,0.2,0,6.91
2016-04-13,SKU-013,WH-WI1,Baseline Legacy Rule,47,1,1,0,46,0,0,0,0.192,0.0,0.0,0.19,0,6.91
2016-04-14,SKU-013,WH-WI1,Baseline Legacy Rule,46,0,0,0,46,0,0,0,0.192,0.0,0.0,0.19,0,6.91
2016-04-15,SKU-013,WH-WI1,Baseline Legacy Rule,46,0,0,0,46,0,0,0,0.192,0.0,0.0,0.19,0,6.91
2016-04-16,SKU-013,WH-WI1,Baseline Legacy Rule,46,0,0,0,46,0,0,0,0.192,0.0,0.0,0.19,0,6.91
2016-04-17,SKU-013,WH-WI1,Baseline Legacy Rule,46,0,0,0,46,0,0,0,0.192,0.0,0.0,0.19,0,6.91
2016-04-18,SKU-013,WH-WI1,Baseline Legacy Rule,46,1,1,0,45,0,0,0,0.187,0.0,0.0,0.19,0,6.91
2016-04-19,SKU-013,WH-WI1,Baseline Legacy Rule,45,0,0,0,45,0,0,0,0.187,0.0,0.0,0.19,0,6.91
2016-04-20,SKU-013,WH-WI1,Baseline Legacy Rule,45,0,0,0,45,0,0,0,0.187,0.0,0.0,0.19,0,6.91
2016-04-21,SKU-013,WH-WI1,Baseline Legacy Rule,45,0,0,0,45,0,0,0,0.187,0.0,0.0,0.19,0,6.91
2016-04-22,SKU-013,WH-WI1,Baseline Legacy Rule,45,0,0,0,45,0,0,0,0.187,0.0,0.0,0.19,0,6.91
2016-04-23,SKU-013,WH-WI1,Baseline Legacy Rule,45,0,0,0,45,0,0,0,0.187,0.0,0.0,0.19,0,6.91
2016-04-24,SKU-013,WH-WI1,Baseline Legacy Rule,45,0,0,0,45,0,0,0,0.187,0.0,0.0,0.19,0,6.91
2016-03-28,SKU-014,WH-CA1,Baseline Legacy Rule,22,0,0,0,22,48,48,0,0.053,75.0,0.0,75.05,0,3.51
2016-03-29,SKU-014,WH-CA1,Baseline Legacy Rule,22,0,0,0,22,48,0,0,0.053,0.0,0.0,0.05,0,3.51
2016-03-30,SKU-014,WH-CA1,Baseline Legacy Rule,22,1,1,0,21,48,0,0,0.05,0.0,0.0,0.05,0,3.51
2016-03-31,SKU-014,WH-CA1,Baseline Legacy Rule,21,2,2,0,19,48,0,0,0.046,0.0,0.0,0.05,0,3.51
2016-04-01,SKU-014,WH-CA1,Baseline Legacy Rule,19,1,1,0,18,48,0,0,0.043,0.0,0.0,0.04,0,3.51
2016-04-02,SKU-014,WH-CA1,Baseline Legacy Rule,18,1,1,0,17,48,0,0,0.041,0.0,0.0,0.04,0,3.51
2016-04-03,SKU-014,WH-CA1,Baseline Legacy Rule,17,1,1,0,16,48,0,0,0.038,0.0,0.0,0.04,0,3.51
2016-04-04,SKU-014,WH-CA1,Baseline Legacy Rule,16,1,1,0,15,48,0,0,0.036,0.0,0.0,0.04,0,3.51
2016-04-05,SKU-014,WH-CA1,Baseline Legacy Rule,63,4,4,0,59,0,0,48,0.142,0.0,0.0,0.14,0,3.51
2016-04-06,SKU-014,WH-CA1,Baseline Legacy Rule,59,3,3,0,56,0,0,0,0.135,0.0,0.0,0.14,0,3.51
2016-04-07,SKU-014,WH-CA1,Baseline Legacy Rule,56,1,1,0,55,0,0,0,0.132,0.0,0.0,0.13,0,3.51
2016-04-08,SKU-014,WH-CA1,Baseline Legacy Rule,55,1,1,0,54,0,0,0,0.13,0.0,0.0,0.13,0,3.51
2016-04-09,SKU-014,WH-CA1,Baseline Legacy Rule,54,1,1,0,53,0,0,0,0.127,0.0,0.0,0.13,0,3.51
2016-04-10,SKU-014,WH-CA1,Baseline Legacy Rule,53,1,1,0,52,0,0,0,0.125,0.0,0.0,0.12,0,3.51
2016-04-11,SKU-014,WH-CA1,Baseline Legacy Rule,52,0,0,0,52,0,0,0,0.125,0.0,0.0,0.12,0,3.51
2016-04-12,SKU-014,WH-CA1,Baseline Legacy Rule,52,1,1,0,51,0,0,0,0.123,0.0,0.0,0.12,0,3.51
2016-04-13,SKU-014,WH-CA1,Baseline Legacy Rule,51,1,1,0,50,0,0,0,0.12,0.0,0.0,0.12,0,3.51
2016-04-14,SKU-014,WH-CA1,Baseline Legacy Rule,50,2,2,0,48,0,0,0,0.115,0.0,0.0,0.12,0,3.51
2016-04-15,SKU-014,WH-CA1,Baseline Legacy Rule,48,0,0,0,48,0,0,0,0.115,0.0,0.0,0.12,0,3.51
2016-04-16,SKU-014,WH-CA1,Baseline Legacy Rule,48,0,0,0,48,0,0,0,0.115,0.0,0.0,0.12,0,3.51
2016-04-17,SKU-014,WH-CA1,Baseline Legacy Rule,48,1,1,0,47,0,0,0,0.113,0.0,0.0,0.11,0,3.51
2016-04-18,SKU-014,WH-CA1,Baseline Legacy Rule,47,0,0,0,47,0,0,0,0.113,0.0,0.0,0.11,0,3.51
2016-04-19,SKU-014,WH-CA1,Baseline Legacy Rule,47,0,0,0,47,0,0,0,0.113,0.0,0.0,0.11,0,3.51
2016-04-20,SKU-014,WH-CA1,Baseline Legacy Rule,47,0,0,0,47,0,0,0,0.113,0.0,0.0,0.11,0,3.51
2016-04-21,SKU-014,WH-CA1,Baseline Legacy Rule,47,1,1,0,46,0,0,0,0.111,0.0,0.0,0.11,0,3.51
2016-04-22,SKU-014,WH-CA1,Baseline Legacy Rule,46,2,2,0,44,0,0,0,0.106,0.0,0.0,0.11,0,3.51
2016-04-23,SKU-014,WH-CA1,Baseline Legacy Rule,44,0,0,0,44,0,0,0,0.106,0.0,0.0,0.11,0,3.51
2016-04-24,SKU-014,WH-CA1,Baseline Legacy Rule,44,1,1,0,43,0,0,0,0.103,0.0,0.0,0.1,0,3.51
2016-03-28,SKU-014,WH-TX1,Baseline Legacy Rule,35,1,1,0,34,84,84,0,0.065,75.0,0.0,75.06,0,3.51
2016-03-29,SKU-014,WH-TX1,Baseline Legacy Rule,34,0,0,0,34,84,0,0,0.065,0.0,0.0,0.07,0,3.51
2016-03-30,SKU-014,WH-TX1,Baseline Legacy Rule,34,4,4,0,30,84,0,0,0.058,0.0,0.0,0.06,0,3.51
2016-03-31,SKU-014,WH-TX1,Baseline Legacy Rule,30,2,2,0,28,84,0,0,0.054,0.0,0.0,0.05,0,3.51
2016-04-01,SKU-014,WH-TX1,Baseline Legacy Rule,28,2,2,0,26,84,0,0,0.05,0.0,0.0,0.05,0,3.51
2016-04-02,SKU-014,WH-TX1,Baseline Legacy Rule,26,2,2,0,24,84,0,0,0.046,0.0,0.0,0.05,0,3.51
2016-04-03,SKU-014,WH-TX1,Baseline Legacy Rule,24,4,4,0,20,84,0,0,0.038,0.0,0.0,0.04,0,3.51
2016-04-04,SKU-014,WH-TX1,Baseline Legacy Rule,20,1,1,0,19,84,0,0,0.037,0.0,0.0,0.04,0,3.51
2016-04-05,SKU-014,WH-TX1,Baseline Legacy Rule,103,1,1,0,102,0,0,84,0.196,0.0,0.0,0.2,0,3.51
2016-04-06,SKU-014,WH-TX1,Baseline Legacy Rule,102,6,6,0,96,0,0,0,0.185,0.0,0.0,0.18,0,3.51
2016-04-07,SKU-014,WH-TX1,Baseline Legacy Rule,96,0,0,0,96,0,0,0,0.185,0.0,0.0,0.18,0,3.51
2016-04-08,SKU-014,WH-TX1,Baseline Legacy Rule,96,1,1,0,95,0,0,0,0.183,0.0,0.0,0.18,0,3.51
2016-04-09,SKU-014,WH-TX1,Baseline Legacy Rule,95,1,1,0,94,0,0,0,0.181,0.0,0.0,0.18,0,3.51
2016-04-10,SKU-014,WH-TX1,Baseline Legacy Rule,94,6,6,0,88,0,0,0,0.169,0.0,0.0,0.17,0,3.51
2016-04-11,SKU-014,WH-TX1,Baseline Legacy Rule,88,2,2,0,86,0,0,0,0.165,0.0,0.0,0.17,0,3.51
2016-04-12,SKU-014,WH-TX1,Baseline Legacy Rule,86,2,2,0,84,0,0,0,0.162,0.0,0.0,0.16,0,3.51
2016-04-13,SKU-014,WH-TX1,Baseline Legacy Rule,84,1,1,0,83,0,0,0,0.16,0.0,0.0,0.16,0,3.51
2016-04-14,SKU-014,WH-TX1,Baseline Legacy Rule,83,1,1,0,82,0,0,0,0.158,0.0,0.0,0.16,0,3.51
2016-04-15,SKU-014,WH-TX1,Baseline Legacy Rule,82,2,2,0,80,0,0,0,0.154,0.0,0.0,0.15,0,3.51
2016-04-16,SKU-014,WH-TX1,Baseline Legacy Rule,80,3,3,0,77,0,0,0,0.148,0.0,0.0,0.15,0,3.51
2016-04-17,SKU-014,WH-TX1,Baseline Legacy Rule,77,3,3,0,74,0,0,0,0.142,0.0,0.0,0.14,0,3.51
2016-04-18,SKU-014,WH-TX1,Baseline Legacy Rule,74,3,3,0,71,0,0,0,0.137,0.0,0.0,0.14,0,3.51
2016-04-19,SKU-014,WH-TX1,Baseline Legacy Rule,71,3,3,0,68,0,0,0,0.131,0.0,0.0,0.13,0,3.51
2016-04-20,SKU-014,WH-TX1,Baseline Legacy Rule,68,4,4,0,64,0,0,0,0.123,0.0,0.0,0.12,0,3.51
2016-04-21,SKU-014,WH-TX1,Baseline Legacy Rule,64,4,4,0,60,0,0,0,0.115,0.0,0.0,0.12,0,3.51
2016-04-22,SKU-014,WH-TX1,Baseline Legacy Rule,60,1,1,0,59,0,0,0,0.113,0.0,0.0,0.11,0,3.51
2016-04-23,SKU-014,WH-TX1,Baseline Legacy Rule,59,1,1,0,58,0,0,0,0.112,0.0,0.0,0.11,0,3.51
2016-04-24,SKU-014,WH-TX1,Baseline Legacy Rule,58,0,0,0,58,0,0,0,0.112,0.0,0.0,0.11,0,3.51
2016-03-28,SKU-014,WH-WI1,Baseline Legacy Rule,9,0,0,0,9,48,48,0,0.019,75.0,0.0,75.02,0,3.51
2016-03-29,SKU-014,WH-WI1,Baseline Legacy Rule,9,1,1,0,8,48,0,0,0.017,0.0,0.0,0.02,0,3.51
2016-03-30,SKU-014,WH-WI1,Baseline Legacy Rule,8,0,0,0,8,48,0,0,0.017,0.0,0.0,0.02,0,3.51
2016-03-31,SKU-014,WH-WI1,Baseline Legacy Rule,8,1,1,0,7,48,0,0,0.015,0.0,0.0,0.01,0,3.51
2016-04-01,SKU-014,WH-WI1,Baseline Legacy Rule,7,0,0,0,7,48,0,0,0.015,0.0,0.0,0.01,0,3.51
2016-04-02,SKU-014,WH-WI1,Baseline Legacy Rule,7,0,0,0,7,48,0,0,0.015,0.0,0.0,0.01,0,3.51
2016-04-03,SKU-014,WH-WI1,Baseline Legacy Rule,55,0,0,0,55,0,0,48,0.116,0.0,0.0,0.12,0,3.51
2016-04-04,SKU-014,WH-WI1,Baseline Legacy Rule,55,3,3,0,52,0,0,0,0.11,0.0,0.0,0.11,0,3.51
2016-04-05,SKU-014,WH-WI1,Baseline Legacy Rule,52,0,0,0,52,0,0,0,0.11,0.0,0.0,0.11,0,3.51
2016-04-06,SKU-014,WH-WI1,Baseline Legacy Rule,52,0,0,0,52,0,0,0,0.11,0.0,0.0,0.11,0,3.51
2016-04-07,SKU-014,WH-WI1,Baseline Legacy Rule,52,1,1,0,51,0,0,0,0.108,0.0,0.0,0.11,0,3.51
2016-04-08,SKU-014,WH-WI1,Baseline Legacy Rule,51,0,0,0,51,0,0,0,0.108,0.0,0.0,0.11,0,3.51
2016-04-09,SKU-014,WH-WI1,Baseline Legacy Rule,51,1,1,0,50,0,0,0,0.106,0.0,0.0,0.11,0,3.51
2016-04-10,SKU-014,WH-WI1,Baseline Legacy Rule,50,2,2,0,48,0,0,0,0.102,0.0,0.0,0.1,0,3.51
2016-04-11,SKU-014,WH-WI1,Baseline Legacy Rule,48,0,0,0,48,0,0,0,0.102,0.0,0.0,0.1,0,3.51
2016-04-12,SKU-014,WH-WI1,Baseline Legacy Rule,48,0,0,0,48,0,0,0,0.102,0.0,0.0,0.1,0,3.51
2016-04-13,SKU-014,WH-WI1,Baseline Legacy Rule,48,1,1,0,47,0,0,0,0.099,0.0,0.0,0.1,0,3.51
2016-04-14,SKU-014,WH-WI1,Baseline Legacy Rule,47,0,0,0,47,0,0,0,0.099,0.0,0.0,0.1,0,3.51
2016-04-15,SKU-014,WH-WI1,Baseline Legacy Rule,47,0,0,0,47,0,0,0,0.099,0.0,0.0,0.1,0,3.51
2016-04-16,SKU-014,WH-WI1,Baseline Legacy Rule,47,0,0,0,47,0,0,0,0.099,0.0,0.0,0.1,0,3.51
2016-04-17,SKU-014,WH-WI1,Baseline Legacy Rule,47,1,1,0,46,0,0,0,0.097,0.0,0.0,0.1,0,3.51
2016-04-18,SKU-014,WH-WI1,Baseline Legacy Rule,46,1,1,0,45,0,0,0,0.095,0.0,0.0,0.1,0,3.51
2016-04-19,SKU-014,WH-WI1,Baseline Legacy Rule,45,1,1,0,44,0,0,0,0.093,0.0,0.0,0.09,0,3.51
2016-04-20,SKU-014,WH-WI1,Baseline Legacy Rule,44,0,0,0,44,0,0,0,0.093,0.0,0.0,0.09,0,3.51
2016-04-21,SKU-014,WH-WI1,Baseline Legacy Rule,44,1,1,0,43,0,0,0,0.091,0.0,0.0,0.09,0,3.51
2016-04-22,SKU-014,WH-WI1,Baseline Legacy Rule,43,0,0,0,43,0,0,0,0.091,0.0,0.0,0.09,0,3.51
2016-04-23,SKU-014,WH-WI1,Baseline Legacy Rule,43,0,0,0,43,0,0,0,0.091,0.0,0.0,0.09,0,3.51
2016-04-24,SKU-014,WH-WI1,Baseline Legacy Rule,43,1,1,0,42,0,0,0,0.089,0.0,0.0,0.09,0,3.51
2016-03-28,SKU-015,WH-CA1,Baseline Legacy Rule,5,1,1,0,4,48,48,0,0.01,75.0,0.0,75.01,0,3.59
2016-03-29,SKU-015,WH-CA1,Baseline Legacy Rule,4,0,0,0,4,48,0,0,0.01,0.0,0.0,0.01,0,3.59
2016-03-30,SKU-015,WH-CA1,Baseline Legacy Rule,4,0,0,0,4,48,0,0,0.01,0.0,0.0,0.01,0,3.59
2016-03-31,SKU-015,WH-CA1,Baseline Legacy Rule,4,0,0,0,4,48,0,0,0.01,0.0,0.0,0.01,0,3.59
2016-04-01,SKU-015,WH-CA1,Baseline Legacy Rule,4,3,3,0,1,48,0,0,0.002,0.0,0.0,0.0,0,3.59
2016-04-02,SKU-015,WH-CA1,Baseline Legacy Rule,49,1,1,0,48,0,0,48,0.118,0.0,0.0,0.12,0,3.59
2016-04-03,SKU-015,WH-CA1,Baseline Legacy Rule,48,0,0,0,48,0,0,0,0.118,0.0,0.0,0.12,0,3.59
2016-04-04,SKU-015,WH-CA1,Baseline Legacy Rule,48,0,0,0,48,0,0,0,0.118,0.0,0.0,0.12,0,3.59
2016-04-05,SKU-015,WH-CA1,Baseline Legacy Rule,48,0,0,0,48,0,0,0,0.118,0.0,0.0,0.12,0,3.59
2016-04-06,SKU-015,WH-CA1,Baseline Legacy Rule,48,0,0,0,48,0,0,0,0.118,0.0,0.0,0.12,0,3.59
2016-04-07,SKU-015,WH-CA1,Baseline Legacy Rule,48,0,0,0,48,0,0,0,0.118,0.0,0.0,0.12,0,3.59
2016-04-08,SKU-015,WH-CA1,Baseline Legacy Rule,48,1,1,0,47,0,0,0,0.116,0.0,0.0,0.12,0,3.59
2016-04-09,SKU-015,WH-CA1,Baseline Legacy Rule,47,0,0,0,47,0,0,0,0.116,0.0,0.0,0.12,0,3.59
2016-04-10,SKU-015,WH-CA1,Baseline Legacy Rule,47,0,0,0,47,0,0,0,0.116,0.0,0.0,0.12,0,3.59
2016-04-11,SKU-015,WH-CA1,Baseline Legacy Rule,47,0,0,0,47,0,0,0,0.116,0.0,0.0,0.12,0,3.59
2016-04-12,SKU-015,WH-CA1,Baseline Legacy Rule,47,0,0,0,47,0,0,0,0.116,0.0,0.0,0.12,0,3.59
2016-04-13,SKU-015,WH-CA1,Baseline Legacy Rule,47,0,0,0,47,0,0,0,0.116,0.0,0.0,0.12,0,3.59
2016-04-14,SKU-015,WH-CA1,Baseline Legacy Rule,47,0,0,0,47,0,0,0,0.116,0.0,0.0,0.12,0,3.59
2016-04-15,SKU-015,WH-CA1,Baseline Legacy Rule,47,0,0,0,47,0,0,0,0.116,0.0,0.0,0.12,0,3.59
2016-04-16,SKU-015,WH-CA1,Baseline Legacy Rule,47,1,1,0,46,0,0,0,0.113,0.0,0.0,0.11,0,3.59
2016-04-17,SKU-015,WH-CA1,Baseline Legacy Rule,46,1,1,0,45,0,0,0,0.111,0.0,0.0,0.11,0,3.59
2016-04-18,SKU-015,WH-CA1,Baseline Legacy Rule,45,0,0,0,45,0,0,0,0.111,0.0,0.0,0.11,0,3.59
2016-04-19,SKU-015,WH-CA1,Baseline Legacy Rule,45,0,0,0,45,0,0,0,0.111,0.0,0.0,0.11,0,3.59
2016-04-20,SKU-015,WH-CA1,Baseline Legacy Rule,45,0,0,0,45,0,0,0,0.111,0.0,0.0,0.11,0,3.59
2016-04-21,SKU-015,WH-CA1,Baseline Legacy Rule,45,0,0,0,45,0,0,0,0.111,0.0,0.0,0.11,0,3.59
2016-04-22,SKU-015,WH-CA1,Baseline Legacy Rule,45,0,0,0,45,0,0,0,0.111,0.0,0.0,0.11,0,3.59
2016-04-23,SKU-015,WH-CA1,Baseline Legacy Rule,45,0,0,0,45,0,0,0,0.111,0.0,0.0,0.11,0,3.59
2016-04-24,SKU-015,WH-CA1,Baseline Legacy Rule,45,1,1,0,44,0,0,0,0.108,0.0,0.0,0.11,0,3.59
2016-03-28,SKU-015,WH-TX1,Baseline Legacy Rule,5,0,0,0,5,48,48,0,0.01,75.0,0.0,75.01,0,3.59
2016-03-29,SKU-015,WH-TX1,Baseline Legacy Rule,5,0,0,0,5,48,0,0,0.01,0.0,0.0,0.01,0,3.59
2016-03-30,SKU-015,WH-TX1,Baseline Legacy Rule,5,1,1,0,4,48,0,0,0.008,0.0,0.0,0.01,0,3.59
2016-03-31,SKU-015,WH-TX1,Baseline Legacy Rule,4,0,0,0,4,48,0,0,0.008,0.0,0.0,0.01,0,3.59
2016-04-01,SKU-015,WH-TX1,Baseline Legacy Rule,4,0,0,0,4,48,0,0,0.008,0.0,0.0,0.01,0,3.59
2016-04-02,SKU-015,WH-TX1,Baseline Legacy Rule,52,0,0,0,52,0,0,48,0.102,0.0,0.0,0.1,0,3.59
2016-04-03,SKU-015,WH-TX1,Baseline Legacy Rule,52,0,0,0,52,0,0,0,0.102,0.0,0.0,0.1,0,3.59
2016-04-04,SKU-015,WH-TX1,Baseline Legacy Rule,52,0,0,0,52,0,0,0,0.102,0.0,0.0,0.1,0,3.59
2016-04-05,SKU-015,WH-TX1,Baseline Legacy Rule,52,0,0,0,52,0,0,0,0.102,0.0,0.0,0.1,0,3.59
2016-04-06,SKU-015,WH-TX1,Baseline Legacy Rule,52,1,1,0,51,0,0,0,0.1,0.0,0.0,0.1,0,3.59
2016-04-07,SKU-015,WH-TX1,Baseline Legacy Rule,51,0,0,0,51,0,0,0,0.1,0.0,0.0,0.1,0,3.59
2016-04-08,SKU-015,WH-TX1,Baseline Legacy Rule,51,0,0,0,51,0,0,0,0.1,0.0,0.0,0.1,0,3.59
2016-04-09,SKU-015,WH-TX1,Baseline Legacy Rule,51,1,1,0,50,0,0,0,0.098,0.0,0.0,0.1,0,3.59
2016-04-10,SKU-015,WH-TX1,Baseline Legacy Rule,50,0,0,0,50,0,0,0,0.098,0.0,0.0,0.1,0,3.59
2016-04-11,SKU-015,WH-TX1,Baseline Legacy Rule,50,0,0,0,50,0,0,0,0.098,0.0,0.0,0.1,0,3.59
2016-04-12,SKU-015,WH-TX1,Baseline Legacy Rule,50,0,0,0,50,0,0,0,0.098,0.0,0.0,0.1,0,3.59
2016-04-13,SKU-015,WH-TX1,Baseline Legacy Rule,50,1,1,0,49,0,0,0,0.096,0.0,0.0,0.1,0,3.59
2016-04-14,SKU-015,WH-TX1,Baseline Legacy Rule,49,0,0,0,49,0,0,0,0.096,0.0,0.0,0.1,0,3.59
2016-04-15,SKU-015,WH-TX1,Baseline Legacy Rule,49,1,1,0,48,0,0,0,0.094,0.0,0.0,0.09,0,3.59
2016-04-16,SKU-015,WH-TX1,Baseline Legacy Rule,48,0,0,0,48,0,0,0,0.094,0.0,0.0,0.09,0,3.59
2016-04-17,SKU-015,WH-TX1,Baseline Legacy Rule,48,0,0,0,48,0,0,0,0.094,0.0,0.0,0.09,0,3.59
2016-04-18,SKU-015,WH-TX1,Baseline Legacy Rule,48,1,1,0,47,0,0,0,0.092,0.0,0.0,0.09,0,3.59
2016-04-19,SKU-015,WH-TX1,Baseline Legacy Rule,47,0,0,0,47,0,0,0,0.092,0.0,0.0,0.09,0,3.59
2016-04-20,SKU-015,WH-TX1,Baseline Legacy Rule,47,0,0,0,47,0,0,0,0.092,0.0,0.0,0.09,0,3.59
2016-04-21,SKU-015,WH-TX1,Baseline Legacy Rule,47,1,1,0,46,0,0,0,0.09,0.0,0.0,0.09,0,3.59
2016-04-22,SKU-015,WH-TX1,Baseline Legacy Rule,46,0,0,0,46,0,0,0,0.09,0.0,0.0,0.09,0,3.59
2016-04-23,SKU-015,WH-TX1,Baseline Legacy Rule,46,0,0,0,46,0,0,0,0.09,0.0,0.0,0.09,0,3.59
2016-04-24,SKU-015,WH-TX1,Baseline Legacy Rule,46,0,0,0,46,0,0,0,0.09,0.0,0.0,0.09,0,3.59
2016-03-28,SKU-015,WH-WI1,Baseline Legacy Rule,5,0,0,0,5,48,48,0,0.011,75.0,0.0,75.01,0,3.59
2016-03-29,SKU-015,WH-WI1,Baseline Legacy Rule,5,0,0,0,5,48,0,0,0.011,0.0,0.0,0.01,0,3.59
2016-03-30,SKU-015,WH-WI1,Baseline Legacy Rule,5,0,0,0,5,48,0,0,0.011,0.0,0.0,0.01,0,3.59
2016-03-31,SKU-015,WH-WI1,Baseline Legacy Rule,5,0,0,0,5,48,0,0,0.011,0.0,0.0,0.01,0,3.59
2016-04-01,SKU-015,WH-WI1,Baseline Legacy Rule,5,0,0,0,5,48,0,0,0.011,0.0,0.0,0.01,0,3.59
2016-04-02,SKU-015,WH-WI1,Baseline Legacy Rule,5,3,3,0,2,48,0,0,0.004,0.0,0.0,0.0,0,3.59
2016-04-03,SKU-015,WH-WI1,Baseline Legacy Rule,50,0,0,0,50,0,0,48,0.108,0.0,0.0,0.11,0,3.59
2016-04-04,SKU-015,WH-WI1,Baseline Legacy Rule,50,3,3,0,47,0,0,0,0.102,0.0,0.0,0.1,0,3.59
2016-04-05,SKU-015,WH-WI1,Baseline Legacy Rule,47,0,0,0,47,0,0,0,0.102,0.0,0.0,0.1,0,3.59
2016-04-06,SKU-015,WH-WI1,Baseline Legacy Rule,47,1,1,0,46,0,0,0,0.1,0.0,0.0,0.1,0,3.59
2016-04-07,SKU-015,WH-WI1,Baseline Legacy Rule,46,0,0,0,46,0,0,0,0.1,0.0,0.0,0.1,0,3.59
2016-04-08,SKU-015,WH-WI1,Baseline Legacy Rule,46,0,0,0,46,0,0,0,0.1,0.0,0.0,0.1,0,3.59
2016-04-09,SKU-015,WH-WI1,Baseline Legacy Rule,46,1,1,0,45,0,0,0,0.097,0.0,0.0,0.1,0,3.59
2016-04-10,SKU-015,WH-WI1,Baseline Legacy Rule,45,1,1,0,44,0,0,0,0.095,0.0,0.0,0.1,0,3.59
2016-04-11,SKU-015,WH-WI1,Baseline Legacy Rule,44,1,1,0,43,0,0,0,0.093,0.0,0.0,0.09,0,3.59
2016-04-12,SKU-015,WH-WI1,Baseline Legacy Rule,43,2,2,0,41,0,0,0,0.089,0.0,0.0,0.09,0,3.59
2016-04-13,SKU-015,WH-WI1,Baseline Legacy Rule,41,0,0,0,41,0,0,0,0.089,0.0,0.0,0.09,0,3.59
2016-04-14,SKU-015,WH-WI1,Baseline Legacy Rule,41,0,0,0,41,0,0,0,0.089,0.0,0.0,0.09,0,3.59
2016-04-15,SKU-015,WH-WI1,Baseline Legacy Rule,41,0,0,0,41,0,0,0,0.089,0.0,0.0,0.09,0,3.59
2016-04-16,SKU-015,WH-WI1,Baseline Legacy Rule,41,0,0,0,41,0,0,0,0.089,0.0,0.0,0.09,0,3.59
2016-04-17,SKU-015,WH-WI1,Baseline Legacy Rule,41,0,0,0,41,0,0,0,0.089,0.0,0.0,0.09,0,3.59
2016-04-18,SKU-015,WH-WI1,Baseline Legacy Rule,41,0,0,0,41,0,0,0,0.089,0.0,0.0,0.09,0,3.59
2016-04-19,SKU-015,WH-WI1,Baseline Legacy Rule,41,0,0,0,41,0,0,0,0.089,0.0,0.0,0.09,0,3.59
2016-04-20,SKU-015,WH-WI1,Baseline Legacy Rule,41,0,0,0,41,0,0,0,0.089,0.0,0.0,0.09,0,3.59
2016-04-21,SKU-015,WH-WI1,Baseline Legacy Rule,41,0,0,0,41,0,0,0,0.089,0.0,0.0,0.09,0,3.59
2016-04-22,SKU-015,WH-WI1,Baseline Legacy Rule,41,4,4,0,37,0,0,0,0.08,0.0,0.0,0.08,0,3.59
2016-04-23,SKU-015,WH-WI1,Baseline Legacy Rule,37,0,0,0,37,0,0,0,0.08,0.0,0.0,0.08,0,3.59
2016-04-24,SKU-015,WH-WI1,Baseline Legacy Rule,37,0,0,0,37,0,0,0,0.08,0.0,0.0,0.08,0,3.59
2016-03-28,SKU-016,WH-CA1,Baseline Legacy Rule,9,2,2,0,7,96,96,0,0.008,75.0,0.0,75.01,0,1.61
2016-03-29,SKU-016,WH-CA1,Baseline Legacy Rule,7,0,0,0,7,96,0,0,0.008,0.0,0.0,0.01,0,1.61
2016-03-30,SKU-016,WH-CA1,Baseline Legacy Rule,7,0,0,0,7,96,0,0,0.008,0.0,0.0,0.01,0,1.61
2016-03-31,SKU-016,WH-CA1,Baseline Legacy Rule,7,0,0,0,7,96,0,0,0.008,0.0,0.0,0.01,0,1.61
2016-04-01,SKU-016,WH-CA1,Baseline Legacy Rule,103,1,1,0,102,0,0,96,0.112,0.0,0.0,0.11,0,1.61
2016-04-02,SKU-016,WH-CA1,Baseline Legacy Rule,102,1,1,0,101,0,0,0,0.111,0.0,0.0,0.11,0,1.61
2016-04-03,SKU-016,WH-CA1,Baseline Legacy Rule,101,3,3,0,98,0,0,0,0.108,0.0,0.0,0.11,0,1.61
2016-04-04,SKU-016,WH-CA1,Baseline Legacy Rule,98,1,1,0,97,0,0,0,0.107,0.0,0.0,0.11,0,1.61
2016-04-05,SKU-016,WH-CA1,Baseline Legacy Rule,97,0,0,0,97,0,0,0,0.107,0.0,0.0,0.11,0,1.61
2016-04-06,SKU-016,WH-CA1,Baseline Legacy Rule,97,0,0,0,97,0,0,0,0.107,0.0,0.0,0.11,0,1.61
2016-04-07,SKU-016,WH-CA1,Baseline Legacy Rule,97,0,0,0,97,0,0,0,0.107,0.0,0.0,0.11,0,1.61
2016-04-08,SKU-016,WH-CA1,Baseline Legacy Rule,97,3,3,0,94,0,0,0,0.104,0.0,0.0,0.1,0,1.61
2016-04-09,SKU-016,WH-CA1,Baseline Legacy Rule,94,3,3,0,91,0,0,0,0.1,0.0,0.0,0.1,0,1.61
2016-04-10,SKU-016,WH-CA1,Baseline Legacy Rule,91,0,0,0,91,0,0,0,0.1,0.0,0.0,0.1,0,1.61
2016-04-11,SKU-016,WH-CA1,Baseline Legacy Rule,91,0,0,0,91,0,0,0,0.1,0.0,0.0,0.1,0,1.61
2016-04-12,SKU-016,WH-CA1,Baseline Legacy Rule,91,0,0,0,91,0,0,0,0.1,0.0,0.0,0.1,0,1.61
2016-04-13,SKU-016,WH-CA1,Baseline Legacy Rule,91,0,0,0,91,0,0,0,0.1,0.0,0.0,0.1,0,1.61
2016-04-14,SKU-016,WH-CA1,Baseline Legacy Rule,91,1,1,0,90,0,0,0,0.099,0.0,0.0,0.1,0,1.61
2016-04-15,SKU-016,WH-CA1,Baseline Legacy Rule,90,0,0,0,90,0,0,0,0.099,0.0,0.0,0.1,0,1.61
2016-04-16,SKU-016,WH-CA1,Baseline Legacy Rule,90,3,3,0,87,0,0,0,0.096,0.0,0.0,0.1,0,1.61
2016-04-17,SKU-016,WH-CA1,Baseline Legacy Rule,87,1,1,0,86,0,0,0,0.095,0.0,0.0,0.1,0,1.61
2016-04-18,SKU-016,WH-CA1,Baseline Legacy Rule,86,0,0,0,86,0,0,0,0.095,0.0,0.0,0.1,0,1.61
2016-04-19,SKU-016,WH-CA1,Baseline Legacy Rule,86,1,1,0,85,0,0,0,0.094,0.0,0.0,0.09,0,1.61
2016-04-20,SKU-016,WH-CA1,Baseline Legacy Rule,85,0,0,0,85,0,0,0,0.094,0.0,0.0,0.09,0,1.61
2016-04-21,SKU-016,WH-CA1,Baseline Legacy Rule,85,0,0,0,85,0,0,0,0.094,0.0,0.0,0.09,0,1.61
2016-04-22,SKU-016,WH-CA1,Baseline Legacy Rule,85,0,0,0,85,0,0,0,0.094,0.0,0.0,0.09,0,1.61
2016-04-23,SKU-016,WH-CA1,Baseline Legacy Rule,85,2,2,0,83,0,0,0,0.092,0.0,0.0,0.09,0,1.61
2016-04-24,SKU-016,WH-CA1,Baseline Legacy Rule,83,0,0,0,83,0,0,0,0.092,0.0,0.0,0.09,0,1.61
2016-03-28,SKU-016,WH-TX1,Baseline Legacy Rule,5,0,0,0,5,96,96,0,0.004,75.0,0.0,75.0,0,1.61
2016-03-29,SKU-016,WH-TX1,Baseline Legacy Rule,5,0,0,0,5,96,0,0,0.004,0.0,0.0,0.0,0,1.61
2016-03-30,SKU-016,WH-TX1,Baseline Legacy Rule,5,0,0,0,5,96,0,0,0.004,0.0,0.0,0.0,0,1.61
2016-03-31,SKU-016,WH-TX1,Baseline Legacy Rule,5,0,0,0,5,96,0,0,0.004,0.0,0.0,0.0,0,1.61
2016-04-01,SKU-016,WH-TX1,Baseline Legacy Rule,101,0,0,0,101,0,0,96,0.089,0.0,0.0,0.09,0,1.61
2016-04-02,SKU-016,WH-TX1,Baseline Legacy Rule,101,0,0,0,101,0,0,0,0.089,0.0,0.0,0.09,0,1.61
2016-04-03,SKU-016,WH-TX1,Baseline Legacy Rule,101,0,0,0,101,0,0,0,0.089,0.0,0.0,0.09,0,1.61
2016-04-04,SKU-016,WH-TX1,Baseline Legacy Rule,101,0,0,0,101,0,0,0,0.089,0.0,0.0,0.09,0,1.61
2016-04-05,SKU-016,WH-TX1,Baseline Legacy Rule,101,1,1,0,100,0,0,0,0.088,0.0,0.0,0.09,0,1.61
2016-04-06,SKU-016,WH-TX1,Baseline Legacy Rule,100,0,0,0,100,0,0,0,0.088,0.0,0.0,0.09,0,1.61
2016-04-07,SKU-016,WH-TX1,Baseline Legacy Rule,100,0,0,0,100,0,0,0,0.088,0.0,0.0,0.09,0,1.61
2016-04-08,SKU-016,WH-TX1,Baseline Legacy Rule,100,0,0,0,100,0,0,0,0.088,0.0,0.0,0.09,0,1.61
2016-04-09,SKU-016,WH-TX1,Baseline Legacy Rule,100,1,1,0,99,0,0,0,0.087,0.0,0.0,0.09,0,1.61
2016-04-10,SKU-016,WH-TX1,Baseline Legacy Rule,99,0,0,0,99,0,0,0,0.087,0.0,0.0,0.09,0,1.61
2016-04-11,SKU-016,WH-TX1,Baseline Legacy Rule,99,0,0,0,99,0,0,0,0.087,0.0,0.0,0.09,0,1.61
2016-04-12,SKU-016,WH-TX1,Baseline Legacy Rule,99,0,0,0,99,0,0,0,0.087,0.0,0.0,0.09,0,1.61
2016-04-13,SKU-016,WH-TX1,Baseline Legacy Rule,99,0,0,0,99,0,0,0,0.087,0.0,0.0,0.09,0,1.61
2016-04-14,SKU-016,WH-TX1,Baseline Legacy Rule,99,3,3,0,96,0,0,0,0.085,0.0,0.0,0.09,0,1.61
2016-04-15,SKU-016,WH-TX1,Baseline Legacy Rule,96,0,0,0,96,0,0,0,0.085,0.0,0.0,0.09,0,1.61
2016-04-16,SKU-016,WH-TX1,Baseline Legacy Rule,96,0,0,0,96,0,0,0,0.085,0.0,0.0,0.09,0,1.61
2016-04-17,SKU-016,WH-TX1,Baseline Legacy Rule,96,0,0,0,96,0,0,0,0.085,0.0,0.0,0.09,0,1.61
2016-04-18,SKU-016,WH-TX1,Baseline Legacy Rule,96,0,0,0,96,0,0,0,0.085,0.0,0.0,0.09,0,1.61
2016-04-19,SKU-016,WH-TX1,Baseline Legacy Rule,96,1,1,0,95,0,0,0,0.084,0.0,0.0,0.08,0,1.61
2016-04-20,SKU-016,WH-TX1,Baseline Legacy Rule,95,0,0,0,95,0,0,0,0.084,0.0,0.0,0.08,0,1.61
2016-04-21,SKU-016,WH-TX1,Baseline Legacy Rule,95,0,0,0,95,0,0,0,0.084,0.0,0.0,0.08,0,1.61
2016-04-22,SKU-016,WH-TX1,Baseline Legacy Rule,95,0,0,0,95,0,0,0,0.084,0.0,0.0,0.08,0,1.61
2016-04-23,SKU-016,WH-TX1,Baseline Legacy Rule,95,1,1,0,94,0,0,0,0.083,0.0,0.0,0.08,0,1.61
2016-04-24,SKU-016,WH-TX1,Baseline Legacy Rule,94,0,0,0,94,0,0,0,0.083,0.0,0.0,0.08,0,1.61
2016-03-28,SKU-016,WH-WI1,Baseline Legacy Rule,5,0,0,0,5,96,96,0,0.005,75.0,0.0,75.0,0,1.61
2016-03-29,SKU-016,WH-WI1,Baseline Legacy Rule,5,0,0,0,5,96,0,0,0.005,0.0,0.0,0.01,0,1.61
2016-03-30,SKU-016,WH-WI1,Baseline Legacy Rule,5,0,0,0,5,96,0,0,0.005,0.0,0.0,0.01,0,1.61
2016-03-31,SKU-016,WH-WI1,Baseline Legacy Rule,101,0,0,0,101,0,0,96,0.098,0.0,0.0,0.1,0,1.61
2016-04-01,SKU-016,WH-WI1,Baseline Legacy Rule,101,2,2,0,99,0,0,0,0.096,0.0,0.0,0.1,0,1.61
2016-04-02,SKU-016,WH-WI1,Baseline Legacy Rule,99,0,0,0,99,0,0,0,0.096,0.0,0.0,0.1,0,1.61
2016-04-03,SKU-016,WH-WI1,Baseline Legacy Rule,99,1,1,0,98,0,0,0,0.095,0.0,0.0,0.1,0,1.61
2016-04-04,SKU-016,WH-WI1,Baseline Legacy Rule,98,5,5,0,93,0,0,0,0.09,0.0,0.0,0.09,0,1.61
2016-04-05,SKU-016,WH-WI1,Baseline Legacy Rule,93,0,0,0,93,0,0,0,0.09,0.0,0.0,0.09,0,1.61
2016-04-06,SKU-016,WH-WI1,Baseline Legacy Rule,93,0,0,0,93,0,0,0,0.09,0.0,0.0,0.09,0,1.61
2016-04-07,SKU-016,WH-WI1,Baseline Legacy Rule,93,0,0,0,93,0,0,0,0.09,0.0,0.0,0.09,0,1.61
2016-04-08,SKU-016,WH-WI1,Baseline Legacy Rule,93,1,1,0,92,0,0,0,0.089,0.0,0.0,0.09,0,1.61
2016-04-09,SKU-016,WH-WI1,Baseline Legacy Rule,92,0,0,0,92,0,0,0,0.089,0.0,0.0,0.09,0,1.61
2016-04-10,SKU-016,WH-WI1,Baseline Legacy Rule,92,0,0,0,92,0,0,0,0.089,0.0,0.0,0.09,0,1.61
2016-04-11,SKU-016,WH-WI1,Baseline Legacy Rule,92,1,1,0,91,0,0,0,0.088,0.0,0.0,0.09,0,1.61
2016-04-12,SKU-016,WH-WI1,Baseline Legacy Rule,91,0,0,0,91,0,0,0,0.088,0.0,0.0,0.09,0,1.61
2016-04-13,SKU-016,WH-WI1,Baseline Legacy Rule,91,0,0,0,91,0,0,0,0.088,0.0,0.0,0.09,0,1.61
2016-04-14,SKU-016,WH-WI1,Baseline Legacy Rule,91,1,1,0,90,0,0,0,0.087,0.0,0.0,0.09,0,1.61
2016-04-15,SKU-016,WH-WI1,Baseline Legacy Rule,90,0,0,0,90,0,0,0,0.087,0.0,0.0,0.09,0,1.61
2016-04-16,SKU-016,WH-WI1,Baseline Legacy Rule,90,0,0,0,90,0,0,0,0.087,0.0,0.0,0.09,0,1.61
2016-04-17,SKU-016,WH-WI1,Baseline Legacy Rule,90,4,4,0,86,0,0,0,0.083,0.0,0.0,0.08,0,1.61
2016-04-18,SKU-016,WH-WI1,Baseline Legacy Rule,86,1,1,0,85,0,0,0,0.082,0.0,0.0,0.08,0,1.61
2016-04-19,SKU-016,WH-WI1,Baseline Legacy Rule,85,0,0,0,85,0,0,0,0.082,0.0,0.0,0.08,0,1.61
2016-04-20,SKU-016,WH-WI1,Baseline Legacy Rule,85,0,0,0,85,0,0,0,0.082,0.0,0.0,0.08,0,1.61
2016-04-21,SKU-016,WH-WI1,Baseline Legacy Rule,85,0,0,0,85,0,0,0,0.082,0.0,0.0,0.08,0,1.61
2016-04-22,SKU-016,WH-WI1,Baseline Legacy Rule,85,1,1,0,84,0,0,0,0.082,0.0,0.0,0.08,0,1.61
2016-04-23,SKU-016,WH-WI1,Baseline Legacy Rule,84,2,2,0,82,0,0,0,0.08,0.0,0.0,0.08,0,1.61
2016-04-24,SKU-016,WH-WI1,Baseline Legacy Rule,82,1,1,0,81,0,0,0,0.079,0.0,0.0,0.08,0,1.61
2016-03-28,SKU-017,WH-CA1,Baseline Legacy Rule,5,2,2,0,3,48,48,0,0.013,75.0,0.0,75.01,0,6.44
2016-03-29,SKU-017,WH-CA1,Baseline Legacy Rule,3,0,0,0,3,48,0,0,0.013,0.0,0.0,0.01,0,6.44
2016-03-30,SKU-017,WH-CA1,Baseline Legacy Rule,3,0,0,0,3,48,0,0,0.013,0.0,0.0,0.01,0,6.44
2016-03-31,SKU-017,WH-CA1,Baseline Legacy Rule,3,3,3,0,0,48,0,0,0.0,0.0,0.0,0.0,0,6.44
2016-04-01,SKU-017,WH-CA1,Baseline Legacy Rule,0,0,0,0,0,48,0,0,0.0,0.0,0.0,0.0,0,6.44
2016-04-02,SKU-017,WH-CA1,Baseline Legacy Rule,48,1,1,0,47,0,0,48,0.207,0.0,0.0,0.21,0,6.44
2016-04-03,SKU-017,WH-CA1,Baseline Legacy Rule,47,1,1,0,46,0,0,0,0.203,0.0,0.0,0.2,0,6.44
2016-04-04,SKU-017,WH-CA1,Baseline Legacy Rule,46,0,0,0,46,0,0,0,0.203,0.0,0.0,0.2,0,6.44
2016-04-05,SKU-017,WH-CA1,Baseline Legacy Rule,46,0,0,0,46,0,0,0,0.203,0.0,0.0,0.2,0,6.44
2016-04-06,SKU-017,WH-CA1,Baseline Legacy Rule,46,0,0,0,46,0,0,0,0.203,0.0,0.0,0.2,0,6.44
2016-04-07,SKU-017,WH-CA1,Baseline Legacy Rule,46,0,0,0,46,0,0,0,0.203,0.0,0.0,0.2,0,6.44
2016-04-08,SKU-017,WH-CA1,Baseline Legacy Rule,46,1,1,0,45,0,0,0,0.198,0.0,0.0,0.2,0,6.44
2016-04-09,SKU-017,WH-CA1,Baseline Legacy Rule,45,1,1,0,44,0,0,0,0.194,0.0,0.0,0.19,0,6.44
2016-04-10,SKU-017,WH-CA1,Baseline Legacy Rule,44,2,2,0,42,0,0,0,0.185,0.0,0.0,0.18,0,6.44
2016-04-11,SKU-017,WH-CA1,Baseline Legacy Rule,42,1,1,0,41,0,0,0,0.181,0.0,0.0,0.18,0,6.44
2016-04-12,SKU-017,WH-CA1,Baseline Legacy Rule,41,0,0,0,41,0,0,0,0.181,0.0,0.0,0.18,0,6.44
2016-04-13,SKU-017,WH-CA1,Baseline Legacy Rule,41,0,0,0,41,0,0,0,0.181,0.0,0.0,0.18,0,6.44
2016-04-14,SKU-017,WH-CA1,Baseline Legacy Rule,41,1,1,0,40,0,0,0,0.176,0.0,0.0,0.18,0,6.44
2016-04-15,SKU-017,WH-CA1,Baseline Legacy Rule,40,0,0,0,40,0,0,0,0.176,0.0,0.0,0.18,0,6.44
2016-04-16,SKU-017,WH-CA1,Baseline Legacy Rule,40,0,0,0,40,0,0,0,0.176,0.0,0.0,0.18,0,6.44
2016-04-17,SKU-017,WH-CA1,Baseline Legacy Rule,40,0,0,0,40,0,0,0,0.176,0.0,0.0,0.18,0,6.44
2016-04-18,SKU-017,WH-CA1,Baseline Legacy Rule,40,1,1,0,39,0,0,0,0.172,0.0,0.0,0.17,0,6.44
2016-04-19,SKU-017,WH-CA1,Baseline Legacy Rule,39,0,0,0,39,0,0,0,0.172,0.0,0.0,0.17,0,6.44
2016-04-20,SKU-017,WH-CA1,Baseline Legacy Rule,39,0,0,0,39,0,0,0,0.172,0.0,0.0,0.17,0,6.44
2016-04-21,SKU-017,WH-CA1,Baseline Legacy Rule,39,0,0,0,39,0,0,0,0.172,0.0,0.0,0.17,0,6.44
2016-04-22,SKU-017,WH-CA1,Baseline Legacy Rule,39,0,0,0,39,0,0,0,0.172,0.0,0.0,0.17,0,6.44
2016-04-23,SKU-017,WH-CA1,Baseline Legacy Rule,39,1,1,0,38,0,0,0,0.168,0.0,0.0,0.17,0,6.44
2016-04-24,SKU-017,WH-CA1,Baseline Legacy Rule,38,0,0,0,38,0,0,0,0.168,0.0,0.0,0.17,0,6.44
2016-03-28,SKU-017,WH-TX1,Baseline Legacy Rule,5,0,0,0,5,48,48,0,0.018,75.0,0.0,75.02,0,6.44
2016-03-29,SKU-017,WH-TX1,Baseline Legacy Rule,5,0,0,0,5,48,0,0,0.018,0.0,0.0,0.02,0,6.44
2016-03-30,SKU-017,WH-TX1,Baseline Legacy Rule,5,0,0,0,5,48,0,0,0.018,0.0,0.0,0.02,0,6.44
2016-03-31,SKU-017,WH-TX1,Baseline Legacy Rule,5,0,0,0,5,48,0,0,0.018,0.0,0.0,0.02,0,6.44
2016-04-01,SKU-017,WH-TX1,Baseline Legacy Rule,5,0,0,0,5,48,0,0,0.018,0.0,0.0,0.02,0,6.44
2016-04-02,SKU-017,WH-TX1,Baseline Legacy Rule,5,0,0,0,5,48,0,0,0.018,0.0,0.0,0.02,0,6.44
2016-04-03,SKU-017,WH-TX1,Baseline Legacy Rule,5,0,0,0,5,48,0,0,0.018,0.0,0.0,0.02,0,6.44
2016-04-04,SKU-017,WH-TX1,Baseline Legacy Rule,5,0,0,0,5,48,0,0,0.018,0.0,0.0,0.02,0,6.44
2016-04-05,SKU-017,WH-TX1,Baseline Legacy Rule,53,0,0,0,53,0,0,48,0.187,0.0,0.0,0.19,0,6.44
2016-04-06,SKU-017,WH-TX1,Baseline Legacy Rule,53,0,0,0,53,0,0,0,0.187,0.0,0.0,0.19,0,6.44
2016-04-07,SKU-017,WH-TX1,Baseline Legacy Rule,53,0,0,0,53,0,0,0,0.187,0.0,0.0,0.19,0,6.44
2016-04-08,SKU-017,WH-TX1,Baseline Legacy Rule,53,0,0,0,53,0,0,0,0.187,0.0,0.0,0.19,0,6.44
2016-04-09,SKU-017,WH-TX1,Baseline Legacy Rule,53,1,1,0,52,0,0,0,0.183,0.0,0.0,0.18,0,6.44
2016-04-10,SKU-017,WH-TX1,Baseline Legacy Rule,52,0,0,0,52,0,0,0,0.183,0.0,0.0,0.18,0,6.44
2016-04-11,SKU-017,WH-TX1,Baseline Legacy Rule,52,0,0,0,52,0,0,0,0.183,0.0,0.0,0.18,0,6.44
2016-04-12,SKU-017,WH-TX1,Baseline Legacy Rule,52,0,0,0,52,0,0,0,0.183,0.0,0.0,0.18,0,6.44
2016-04-13,SKU-017,WH-TX1,Baseline Legacy Rule,52,2,2,0,50,0,0,0,0.176,0.0,0.0,0.18,0,6.44
2016-04-14,SKU-017,WH-TX1,Baseline Legacy Rule,50,0,0,0,50,0,0,0,0.176,0.0,0.0,0.18,0,6.44
2016-04-15,SKU-017,WH-TX1,Baseline Legacy Rule,50,2,2,0,48,0,0,0,0.169,0.0,0.0,0.17,0,6.44
2016-04-16,SKU-017,WH-TX1,Baseline Legacy Rule,48,0,0,0,48,0,0,0,0.169,0.0,0.0,0.17,0,6.44
2016-04-17,SKU-017,WH-TX1,Baseline Legacy Rule,48,0,0,0,48,0,0,0,0.169,0.0,0.0,0.17,0,6.44
2016-04-18,SKU-017,WH-TX1,Baseline Legacy Rule,48,0,0,0,48,0,0,0,0.169,0.0,0.0,0.17,0,6.44
2016-04-19,SKU-017,WH-TX1,Baseline Legacy Rule,48,0,0,0,48,0,0,0,0.169,0.0,0.0,0.17,0,6.44
2016-04-20,SKU-017,WH-TX1,Baseline Legacy Rule,48,0,0,0,48,0,0,0,0.169,0.0,0.0,0.17,0,6.44
2016-04-21,SKU-017,WH-TX1,Baseline Legacy Rule,48,0,0,0,48,0,0,0,0.169,0.0,0.0,0.17,0,6.44
2016-04-22,SKU-017,WH-TX1,Baseline Legacy Rule,48,0,0,0,48,0,0,0,0.169,0.0,0.0,0.17,0,6.44
2016-04-23,SKU-017,WH-TX1,Baseline Legacy Rule,48,0,0,0,48,0,0,0,0.169,0.0,0.0,0.17,0,6.44
2016-04-24,SKU-017,WH-TX1,Baseline Legacy Rule,48,0,0,0,48,0,0,0,0.169,0.0,0.0,0.17,0,6.44
2016-03-28,SKU-017,WH-WI1,Baseline Legacy Rule,5,1,1,0,4,48,48,0,0.016,75.0,0.0,75.02,0,6.44
2016-03-29,SKU-017,WH-WI1,Baseline Legacy Rule,4,0,0,0,4,48,0,0,0.016,0.0,0.0,0.02,0,6.44
2016-03-30,SKU-017,WH-WI1,Baseline Legacy Rule,4,0,0,0,4,48,0,0,0.016,0.0,0.0,0.02,0,6.44
2016-03-31,SKU-017,WH-WI1,Baseline Legacy Rule,4,1,1,0,3,48,0,0,0.012,0.0,0.0,0.01,0,6.44
2016-04-01,SKU-017,WH-WI1,Baseline Legacy Rule,3,0,0,0,3,48,0,0,0.012,0.0,0.0,0.01,0,6.44
2016-04-02,SKU-017,WH-WI1,Baseline Legacy Rule,3,1,1,0,2,48,0,0,0.008,0.0,0.0,0.01,0,6.44
2016-04-03,SKU-017,WH-WI1,Baseline Legacy Rule,2,0,0,0,2,48,0,0,0.008,0.0,0.0,0.01,0,6.44
2016-04-04,SKU-017,WH-WI1,Baseline Legacy Rule,2,0,0,0,2,48,0,0,0.008,0.0,0.0,0.01,0,6.44
2016-04-05,SKU-017,WH-WI1,Baseline Legacy Rule,2,0,0,0,2,48,0,0,0.008,0.0,0.0,0.01,0,6.44
2016-04-06,SKU-017,WH-WI1,Baseline Legacy Rule,50,0,0,0,50,0,0,48,0.194,0.0,0.0,0.19,0,6.44
2016-04-07,SKU-017,WH-WI1,Baseline Legacy Rule,50,0,0,0,50,0,0,0,0.194,0.0,0.0,0.19,0,6.44
2016-04-08,SKU-017,WH-WI1,Baseline Legacy Rule,50,0,0,0,50,0,0,0,0.194,0.0,0.0,0.19,0,6.44
2016-04-09,SKU-017,WH-WI1,Baseline Legacy Rule,50,0,0,0,50,0,0,0,0.194,0.0,0.0,0.19,0,6.44
2016-04-10,SKU-017,WH-WI1,Baseline Legacy Rule,50,2,2,0,48,0,0,0,0.186,0.0,0.0,0.19,0,6.44
2016-04-11,SKU-017,WH-WI1,Baseline Legacy Rule,48,0,0,0,48,0,0,0,0.186,0.0,0.0,0.19,0,6.44
2016-04-12,SKU-017,WH-WI1,Baseline Legacy Rule,48,0,0,0,48,0,0,0,0.186,0.0,0.0,0.19,0,6.44
2016-04-13,SKU-017,WH-WI1,Baseline Legacy Rule,48,0,0,0,48,0,0,0,0.186,0.0,0.0,0.19,0,6.44
2016-04-14,SKU-017,WH-WI1,Baseline Legacy Rule,48,1,1,0,47,0,0,0,0.182,0.0,0.0,0.18,0,6.44
2016-04-15,SKU-017,WH-WI1,Baseline Legacy Rule,47,0,0,0,47,0,0,0,0.182,0.0,0.0,0.18,0,6.44
2016-04-16,SKU-017,WH-WI1,Baseline Legacy Rule,47,0,0,0,47,0,0,0,0.182,0.0,0.0,0.18,0,6.44
2016-04-17,SKU-017,WH-WI1,Baseline Legacy Rule,47,1,1,0,46,0,0,0,0.179,0.0,0.0,0.18,0,6.44
2016-04-18,SKU-017,WH-WI1,Baseline Legacy Rule,46,2,2,0,44,0,0,0,0.171,0.0,0.0,0.17,0,6.44
2016-04-19,SKU-017,WH-WI1,Baseline Legacy Rule,44,0,0,0,44,0,0,0,0.171,0.0,0.0,0.17,0,6.44
2016-04-20,SKU-017,WH-WI1,Baseline Legacy Rule,44,0,0,0,44,0,0,0,0.171,0.0,0.0,0.17,0,6.44
2016-04-21,SKU-017,WH-WI1,Baseline Legacy Rule,44,0,0,0,44,0,0,0,0.171,0.0,0.0,0.17,0,6.44
2016-04-22,SKU-017,WH-WI1,Baseline Legacy Rule,44,0,0,0,44,0,0,0,0.171,0.0,0.0,0.17,0,6.44
2016-04-23,SKU-017,WH-WI1,Baseline Legacy Rule,44,1,1,0,43,0,0,0,0.167,0.0,0.0,0.17,0,6.44
2016-04-24,SKU-017,WH-WI1,Baseline Legacy Rule,43,0,0,0,43,0,0,0,0.167,0.0,0.0,0.17,0,6.44
2016-03-28,SKU-018,WH-CA1,Baseline Legacy Rule,6,0,0,0,6,96,96,0,0.008,75.0,0.0,75.01,0,1.98
2016-03-29,SKU-018,WH-CA1,Baseline Legacy Rule,6,4,4,0,2,96,0,0,0.003,0.0,0.0,0.0,0,1.98
2016-03-30,SKU-018,WH-CA1,Baseline Legacy Rule,2,4,2,2,0,96,0,0,0.0,0.0,5.54,5.54,1,1.98
2016-03-31,SKU-018,WH-CA1,Baseline Legacy Rule,0,0,0,0,0,96,0,0,0.0,0.0,0.0,0.0,0,1.98
2016-04-01,SKU-018,WH-CA1,Baseline Legacy Rule,0,3,0,3,0,96,0,0,0.0,0.0,8.31,8.31,1,1.98
2016-04-02,SKU-018,WH-CA1,Baseline Legacy Rule,96,2,2,0,94,0,0,96,0.127,0.0,0.0,0.13,0,1.98
2016-04-03,SKU-018,WH-CA1,Baseline Legacy Rule,94,0,0,0,94,0,0,0,0.127,0.0,0.0,0.13,0,1.98
2016-04-04,SKU-018,WH-CA1,Baseline Legacy Rule,94,2,2,0,92,0,0,0,0.125,0.0,0.0,0.12,0,1.98
2016-04-05,SKU-018,WH-CA1,Baseline Legacy Rule,92,2,2,0,90,0,0,0,0.122,0.0,0.0,0.12,0,1.98
2016-04-06,SKU-018,WH-CA1,Baseline Legacy Rule,90,1,1,0,89,0,0,0,0.121,0.0,0.0,0.12,0,1.98
2016-04-07,SKU-018,WH-CA1,Baseline Legacy Rule,89,0,0,0,89,0,0,0,0.121,0.0,0.0,0.12,0,1.98
2016-04-08,SKU-018,WH-CA1,Baseline Legacy Rule,89,0,0,0,89,0,0,0,0.121,0.0,0.0,0.12,0,1.98
2016-04-09,SKU-018,WH-CA1,Baseline Legacy Rule,89,0,0,0,89,0,0,0,0.121,0.0,0.0,0.12,0,1.98
2016-04-10,SKU-018,WH-CA1,Baseline Legacy Rule,89,0,0,0,89,0,0,0,0.121,0.0,0.0,0.12,0,1.98
2016-04-11,SKU-018,WH-CA1,Baseline Legacy Rule,89,0,0,0,89,0,0,0,0.121,0.0,0.0,0.12,0,1.98
2016-04-12,SKU-018,WH-CA1,Baseline Legacy Rule,89,0,0,0,89,0,0,0,0.121,0.0,0.0,0.12,0,1.98
2016-04-13,SKU-018,WH-CA1,Baseline Legacy Rule,89,1,1,0,88,0,0,0,0.119,0.0,0.0,0.12,0,1.98
2016-04-14,SKU-018,WH-CA1,Baseline Legacy Rule,88,0,0,0,88,0,0,0,0.119,0.0,0.0,0.12,0,1.98
2016-04-15,SKU-018,WH-CA1,Baseline Legacy Rule,88,1,1,0,87,0,0,0,0.118,0.0,0.0,0.12,0,1.98
2016-04-16,SKU-018,WH-CA1,Baseline Legacy Rule,87,1,1,0,86,0,0,0,0.117,0.0,0.0,0.12,0,1.98
2016-04-17,SKU-018,WH-CA1,Baseline Legacy Rule,86,0,0,0,86,0,0,0,0.117,0.0,0.0,0.12,0,1.98
2016-04-18,SKU-018,WH-CA1,Baseline Legacy Rule,86,5,5,0,81,0,0,0,0.11,0.0,0.0,0.11,0,1.98
2016-04-19,SKU-018,WH-CA1,Baseline Legacy Rule,81,0,0,0,81,0,0,0,0.11,0.0,0.0,0.11,0,1.98
2016-04-20,SKU-018,WH-CA1,Baseline Legacy Rule,81,1,1,0,80,0,0,0,0.108,0.0,0.0,0.11,0,1.98
2016-04-21,SKU-018,WH-CA1,Baseline Legacy Rule,80,0,0,0,80,0,0,0,0.108,0.0,0.0,0.11,0,1.98
2016-04-22,SKU-018,WH-CA1,Baseline Legacy Rule,80,0,0,0,80,0,0,0,0.108,0.0,0.0,0.11,0,1.98
2016-04-23,SKU-018,WH-CA1,Baseline Legacy Rule,80,1,1,0,79,0,0,0,0.107,0.0,0.0,0.11,0,1.98
2016-04-24,SKU-018,WH-CA1,Baseline Legacy Rule,79,0,0,0,79,0,0,0,0.107,0.0,0.0,0.11,0,1.98
2016-03-28,SKU-018,WH-TX1,Baseline Legacy Rule,5,1,1,0,4,96,96,0,0.004,75.0,0.0,75.0,0,1.98
2016-03-29,SKU-018,WH-TX1,Baseline Legacy Rule,4,0,0,0,4,96,0,0,0.004,0.0,0.0,0.0,0,1.98
2016-03-30,SKU-018,WH-TX1,Baseline Legacy Rule,4,0,0,0,4,96,0,0,0.004,0.0,0.0,0.0,0,1.98
2016-03-31,SKU-018,WH-TX1,Baseline Legacy Rule,4,0,0,0,4,96,0,0,0.004,0.0,0.0,0.0,0,1.98
2016-04-01,SKU-018,WH-TX1,Baseline Legacy Rule,4,0,0,0,4,96,0,0,0.004,0.0,0.0,0.0,0,1.98
2016-04-02,SKU-018,WH-TX1,Baseline Legacy Rule,4,3,3,0,1,96,0,0,0.001,0.0,0.0,0.0,0,1.98
2016-04-03,SKU-018,WH-TX1,Baseline Legacy Rule,97,0,0,0,97,0,0,96,0.105,0.0,0.0,0.1,0,1.98
2016-04-04,SKU-018,WH-TX1,Baseline Legacy Rule,97,0,0,0,97,0,0,0,0.105,0.0,0.0,0.1,0,1.98
2016-04-05,SKU-018,WH-TX1,Baseline Legacy Rule,97,0,0,0,97,0,0,0,0.105,0.0,0.0,0.1,0,1.98
2016-04-06,SKU-018,WH-TX1,Baseline Legacy Rule,97,0,0,0,97,0,0,0,0.105,0.0,0.0,0.1,0,1.98
2016-04-07,SKU-018,WH-TX1,Baseline Legacy Rule,97,1,1,0,96,0,0,0,0.104,0.0,0.0,0.1,0,1.98
2016-04-08,SKU-018,WH-TX1,Baseline Legacy Rule,96,0,0,0,96,0,0,0,0.104,0.0,0.0,0.1,0,1.98
2016-04-09,SKU-018,WH-TX1,Baseline Legacy Rule,96,1,1,0,95,0,0,0,0.103,0.0,0.0,0.1,0,1.98
2016-04-10,SKU-018,WH-TX1,Baseline Legacy Rule,95,0,0,0,95,0,0,0,0.103,0.0,0.0,0.1,0,1.98
2016-04-11,SKU-018,WH-TX1,Baseline Legacy Rule,95,1,1,0,94,0,0,0,0.102,0.0,0.0,0.1,0,1.98
2016-04-12,SKU-018,WH-TX1,Baseline Legacy Rule,94,0,0,0,94,0,0,0,0.102,0.0,0.0,0.1,0,1.98
2016-04-13,SKU-018,WH-TX1,Baseline Legacy Rule,94,0,0,0,94,0,0,0,0.102,0.0,0.0,0.1,0,1.98
2016-04-14,SKU-018,WH-TX1,Baseline Legacy Rule,94,0,0,0,94,0,0,0,0.102,0.0,0.0,0.1,0,1.98
2016-04-15,SKU-018,WH-TX1,Baseline Legacy Rule,94,0,0,0,94,0,0,0,0.102,0.0,0.0,0.1,0,1.98
2016-04-16,SKU-018,WH-TX1,Baseline Legacy Rule,94,0,0,0,94,0,0,0,0.102,0.0,0.0,0.1,0,1.98
2016-04-17,SKU-018,WH-TX1,Baseline Legacy Rule,94,2,2,0,92,0,0,0,0.1,0.0,0.0,0.1,0,1.98
2016-04-18,SKU-018,WH-TX1,Baseline Legacy Rule,92,1,1,0,91,0,0,0,0.099,0.0,0.0,0.1,0,1.98
2016-04-19,SKU-018,WH-TX1,Baseline Legacy Rule,91,0,0,0,91,0,0,0,0.099,0.0,0.0,0.1,0,1.98
2016-04-20,SKU-018,WH-TX1,Baseline Legacy Rule,91,0,0,0,91,0,0,0,0.099,0.0,0.0,0.1,0,1.98
2016-04-21,SKU-018,WH-TX1,Baseline Legacy Rule,91,1,1,0,90,0,0,0,0.098,0.0,0.0,0.1,0,1.98
2016-04-22,SKU-018,WH-TX1,Baseline Legacy Rule,90,1,1,0,89,0,0,0,0.097,0.0,0.0,0.1,0,1.98
2016-04-23,SKU-018,WH-TX1,Baseline Legacy Rule,89,0,0,0,89,0,0,0,0.097,0.0,0.0,0.1,0,1.98
2016-04-24,SKU-018,WH-TX1,Baseline Legacy Rule,89,1,1,0,88,0,0,0,0.095,0.0,0.0,0.1,0,1.98
2016-03-28,SKU-018,WH-WI1,Baseline Legacy Rule,7,3,3,0,4,96,96,0,0.005,75.0,0.0,75.0,0,1.98
2016-03-29,SKU-018,WH-WI1,Baseline Legacy Rule,4,1,1,0,3,96,0,0,0.004,0.0,0.0,0.0,0,1.98
2016-03-30,SKU-018,WH-WI1,Baseline Legacy Rule,3,0,0,0,3,96,0,0,0.004,0.0,0.0,0.0,0,1.98
2016-03-31,SKU-018,WH-WI1,Baseline Legacy Rule,3,2,2,0,1,96,0,0,0.001,0.0,0.0,0.0,0,1.98
2016-04-01,SKU-018,WH-WI1,Baseline Legacy Rule,1,0,0,0,1,96,0,0,0.001,0.0,0.0,0.0,0,1.98
2016-04-02,SKU-018,WH-WI1,Baseline Legacy Rule,97,2,2,0,95,0,0,96,0.113,0.0,0.0,0.11,0,1.98
2016-04-03,SKU-018,WH-WI1,Baseline Legacy Rule,95,2,2,0,93,0,0,0,0.111,0.0,0.0,0.11,0,1.98
2016-04-04,SKU-018,WH-WI1,Baseline Legacy Rule,93,0,0,0,93,0,0,0,0.111,0.0,0.0,0.11,0,1.98
2016-04-05,SKU-018,WH-WI1,Baseline Legacy Rule,93,2,2,0,91,0,0,0,0.109,0.0,0.0,0.11,0,1.98
2016-04-06,SKU-018,WH-WI1,Baseline Legacy Rule,91,0,0,0,91,0,0,0,0.109,0.0,0.0,0.11,0,1.98
2016-04-07,SKU-018,WH-WI1,Baseline Legacy Rule,91,0,0,0,91,0,0,0,0.109,0.0,0.0,0.11,0,1.98
2016-04-08,SKU-018,WH-WI1,Baseline Legacy Rule,91,1,1,0,90,0,0,0,0.107,0.0,0.0,0.11,0,1.98
2016-04-09,SKU-018,WH-WI1,Baseline Legacy Rule,90,2,2,0,88,0,0,0,0.105,0.0,0.0,0.1,0,1.98
2016-04-10,SKU-018,WH-WI1,Baseline Legacy Rule,88,0,0,0,88,0,0,0,0.105,0.0,0.0,0.1,0,1.98
2016-04-11,SKU-018,WH-WI1,Baseline Legacy Rule,88,0,0,0,88,0,0,0,0.105,0.0,0.0,0.1,0,1.98
2016-04-12,SKU-018,WH-WI1,Baseline Legacy Rule,88,1,1,0,87,0,0,0,0.104,0.0,0.0,0.1,0,1.98
2016-04-13,SKU-018,WH-WI1,Baseline Legacy Rule,87,0,0,0,87,0,0,0,0.104,0.0,0.0,0.1,0,1.98
2016-04-14,SKU-018,WH-WI1,Baseline Legacy Rule,87,2,2,0,85,0,0,0,0.101,0.0,0.0,0.1,0,1.98
2016-04-15,SKU-018,WH-WI1,Baseline Legacy Rule,85,0,0,0,85,0,0,0,0.101,0.0,0.0,0.1,0,1.98
2016-04-16,SKU-018,WH-WI1,Baseline Legacy Rule,85,0,0,0,85,0,0,0,0.101,0.0,0.0,0.1,0,1.98
2016-04-17,SKU-018,WH-WI1,Baseline Legacy Rule,85,0,0,0,85,0,0,0,0.101,0.0,0.0,0.1,0,1.98
2016-04-18,SKU-018,WH-WI1,Baseline Legacy Rule,85,3,3,0,82,0,0,0,0.098,0.0,0.0,0.1,0,1.98
2016-04-19,SKU-018,WH-WI1,Baseline Legacy Rule,82,1,1,0,81,0,0,0,0.097,0.0,0.0,0.1,0,1.98
2016-04-20,SKU-018,WH-WI1,Baseline Legacy Rule,81,0,0,0,81,0,0,0,0.097,0.0,0.0,0.1,0,1.98
2016-04-21,SKU-018,WH-WI1,Baseline Legacy Rule,81,2,2,0,79,0,0,0,0.094,0.0,0.0,0.09,0,1.98
2016-04-22,SKU-018,WH-WI1,Baseline Legacy Rule,79,3,3,0,76,0,0,0,0.091,0.0,0.0,0.09,0,1.98
2016-04-23,SKU-018,WH-WI1,Baseline Legacy Rule,76,1,1,0,75,0,0,0,0.09,0.0,0.0,0.09,0,1.98
2016-04-24,SKU-018,WH-WI1,Baseline Legacy Rule,75,1,1,0,74,0,0,0,0.088,0.0,0.0,0.09,0,1.98
2016-03-28,SKU-019,WH-CA1,Baseline Legacy Rule,6,0,0,0,6,96,96,0,0.008,75.0,0.0,75.01,0,1.98
2016-03-29,SKU-019,WH-CA1,Baseline Legacy Rule,6,0,0,0,6,96,0,0,0.008,0.0,0.0,0.01,0,1.98
2016-03-30,SKU-019,WH-CA1,Baseline Legacy Rule,6,0,0,0,6,96,0,0,0.008,0.0,0.0,0.01,0,1.98
2016-03-31,SKU-019,WH-CA1,Baseline Legacy Rule,102,0,0,0,102,0,0,96,0.138,0.0,0.0,0.14,0,1.98
2016-04-01,SKU-019,WH-CA1,Baseline Legacy Rule,102,4,4,0,98,0,0,0,0.133,0.0,0.0,0.13,0,1.98
2016-04-02,SKU-019,WH-CA1,Baseline Legacy Rule,98,0,0,0,98,0,0,0,0.133,0.0,0.0,0.13,0,1.98
2016-04-03,SKU-019,WH-CA1,Baseline Legacy Rule,98,0,0,0,98,0,0,0,0.133,0.0,0.0,0.13,0,1.98
2016-04-04,SKU-019,WH-CA1,Baseline Legacy Rule,98,0,0,0,98,0,0,0,0.133,0.0,0.0,0.13,0,1.98
2016-04-05,SKU-019,WH-CA1,Baseline Legacy Rule,98,0,0,0,98,0,0,0,0.133,0.0,0.0,0.13,0,1.98
2016-04-06,SKU-019,WH-CA1,Baseline Legacy Rule,98,1,1,0,97,0,0,0,0.132,0.0,0.0,0.13,0,1.98
2016-04-07,SKU-019,WH-CA1,Baseline Legacy Rule,97,2,2,0,95,0,0,0,0.129,0.0,0.0,0.13,0,1.98
2016-04-08,SKU-019,WH-CA1,Baseline Legacy Rule,95,0,0,0,95,0,0,0,0.129,0.0,0.0,0.13,0,1.98
2016-04-09,SKU-019,WH-CA1,Baseline Legacy Rule,95,2,2,0,93,0,0,0,0.126,0.0,0.0,0.13,0,1.98
2016-04-10,SKU-019,WH-CA1,Baseline Legacy Rule,93,3,3,0,90,0,0,0,0.122,0.0,0.0,0.12,0,1.98
2016-04-11,SKU-019,WH-CA1,Baseline Legacy Rule,90,0,0,0,90,0,0,0,0.122,0.0,0.0,0.12,0,1.98
2016-04-12,SKU-019,WH-CA1,Baseline Legacy Rule,90,0,0,0,90,0,0,0,0.122,0.0,0.0,0.12,0,1.98
2016-04-13,SKU-019,WH-CA1,Baseline Legacy Rule,90,0,0,0,90,0,0,0,0.122,0.0,0.0,0.12,0,1.98
2016-04-14,SKU-019,WH-CA1,Baseline Legacy Rule,90,0,0,0,90,0,0,0,0.122,0.0,0.0,0.12,0,1.98
2016-04-15,SKU-019,WH-CA1,Baseline Legacy Rule,90,1,1,0,89,0,0,0,0.121,0.0,0.0,0.12,0,1.98
2016-04-16,SKU-019,WH-CA1,Baseline Legacy Rule,89,1,1,0,88,0,0,0,0.119,0.0,0.0,0.12,0,1.98
2016-04-17,SKU-019,WH-CA1,Baseline Legacy Rule,88,2,2,0,86,0,0,0,0.117,0.0,0.0,0.12,0,1.98
2016-04-18,SKU-019,WH-CA1,Baseline Legacy Rule,86,0,0,0,86,0,0,0,0.117,0.0,0.0,0.12,0,1.98
2016-04-19,SKU-019,WH-CA1,Baseline Legacy Rule,86,0,0,0,86,0,0,0,0.117,0.0,0.0,0.12,0,1.98
2016-04-20,SKU-019,WH-CA1,Baseline Legacy Rule,86,0,0,0,86,0,0,0,0.117,0.0,0.0,0.12,0,1.98
2016-04-21,SKU-019,WH-CA1,Baseline Legacy Rule,86,0,0,0,86,0,0,0,0.117,0.0,0.0,0.12,0,1.98
2016-04-22,SKU-019,WH-CA1,Baseline Legacy Rule,86,0,0,0,86,0,0,0,0.117,0.0,0.0,0.12,0,1.98
2016-04-23,SKU-019,WH-CA1,Baseline Legacy Rule,86,2,2,0,84,0,0,0,0.114,0.0,0.0,0.11,0,1.98
2016-04-24,SKU-019,WH-CA1,Baseline Legacy Rule,84,0,0,0,84,0,0,0,0.114,0.0,0.0,0.11,0,1.98
2016-03-28,SKU-019,WH-TX1,Baseline Legacy Rule,5,0,0,0,5,96,96,0,0.005,75.0,0.0,75.0,0,1.98
2016-03-29,SKU-019,WH-TX1,Baseline Legacy Rule,5,1,1,0,4,96,0,0,0.004,0.0,0.0,0.0,0,1.98
2016-03-30,SKU-019,WH-TX1,Baseline Legacy Rule,4,0,0,0,4,96,0,0,0.004,0.0,0.0,0.0,0,1.98
2016-03-31,SKU-019,WH-TX1,Baseline Legacy Rule,4,0,0,0,4,96,0,0,0.004,0.0,0.0,0.0,0,1.98
2016-04-01,SKU-019,WH-TX1,Baseline Legacy Rule,100,0,0,0,100,0,0,96,0.108,0.0,0.0,0.11,0,1.98
2016-04-02,SKU-019,WH-TX1,Baseline Legacy Rule,100,2,2,0,98,0,0,0,0.106,0.0,0.0,0.11,0,1.98
2016-04-03,SKU-019,WH-TX1,Baseline Legacy Rule,98,0,0,0,98,0,0,0,0.106,0.0,0.0,0.11,0,1.98
2016-04-04,SKU-019,WH-TX1,Baseline Legacy Rule,98,0,0,0,98,0,0,0,0.106,0.0,0.0,0.11,0,1.98
2016-04-05,SKU-019,WH-TX1,Baseline Legacy Rule,98,0,0,0,98,0,0,0,0.106,0.0,0.0,0.11,0,1.98
2016-04-06,SKU-019,WH-TX1,Baseline Legacy Rule,98,0,0,0,98,0,0,0,0.106,0.0,0.0,0.11,0,1.98
2016-04-07,SKU-019,WH-TX1,Baseline Legacy Rule,98,0,0,0,98,0,0,0,0.106,0.0,0.0,0.11,0,1.98
2016-04-08,SKU-019,WH-TX1,Baseline Legacy Rule,98,0,0,0,98,0,0,0,0.106,0.0,0.0,0.11,0,1.98
2016-04-09,SKU-019,WH-TX1,Baseline Legacy Rule,98,4,4,0,94,0,0,0,0.102,0.0,0.0,0.1,0,1.98
2016-04-10,SKU-019,WH-TX1,Baseline Legacy Rule,94,3,3,0,91,0,0,0,0.099,0.0,0.0,0.1,0,1.98
2016-04-11,SKU-019,WH-TX1,Baseline Legacy Rule,91,0,0,0,91,0,0,0,0.099,0.0,0.0,0.1,0,1.98
2016-04-12,SKU-019,WH-TX1,Baseline Legacy Rule,91,2,2,0,89,0,0,0,0.097,0.0,0.0,0.1,0,1.98
2016-04-13,SKU-019,WH-TX1,Baseline Legacy Rule,89,0,0,0,89,0,0,0,0.097,0.0,0.0,0.1,0,1.98
2016-04-14,SKU-019,WH-TX1,Baseline Legacy Rule,89,0,0,0,89,0,0,0,0.097,0.0,0.0,0.1,0,1.98
2016-04-15,SKU-019,WH-TX1,Baseline Legacy Rule,89,0,0,0,89,0,0,0,0.097,0.0,0.0,0.1,0,1.98
2016-04-16,SKU-019,WH-TX1,Baseline Legacy Rule,89,1,1,0,88,0,0,0,0.095,0.0,0.0,0.1,0,1.98
2016-04-17,SKU-019,WH-TX1,Baseline Legacy Rule,88,0,0,0,88,0,0,0,0.095,0.0,0.0,0.1,0,1.98
2016-04-18,SKU-019,WH-TX1,Baseline Legacy Rule,88,0,0,0,88,0,0,0,0.095,0.0,0.0,0.1,0,1.98
2016-04-19,SKU-019,WH-TX1,Baseline Legacy Rule,88,0,0,0,88,0,0,0,0.095,0.0,0.0,0.1,0,1.98
2016-04-20,SKU-019,WH-TX1,Baseline Legacy Rule,88,1,1,0,87,0,0,0,0.094,0.0,0.0,0.09,0,1.98
2016-04-21,SKU-019,WH-TX1,Baseline Legacy Rule,87,1,1,0,86,0,0,0,0.093,0.0,0.0,0.09,0,1.98
2016-04-22,SKU-019,WH-TX1,Baseline Legacy Rule,86,1,1,0,85,0,0,0,0.092,0.0,0.0,0.09,0,1.98
2016-04-23,SKU-019,WH-TX1,Baseline Legacy Rule,85,1,1,0,84,0,0,0,0.091,0.0,0.0,0.09,0,1.98
2016-04-24,SKU-019,WH-TX1,Baseline Legacy Rule,84,1,1,0,83,0,0,0,0.09,0.0,0.0,0.09,0,1.98
2016-03-28,SKU-019,WH-WI1,Baseline Legacy Rule,8,1,1,0,7,96,96,0,0.008,75.0,0.0,75.01,0,1.98
2016-03-29,SKU-019,WH-WI1,Baseline Legacy Rule,7,0,0,0,7,96,0,0,0.008,0.0,0.0,0.01,0,1.98
2016-03-30,SKU-019,WH-WI1,Baseline Legacy Rule,7,0,0,0,7,96,0,0,0.008,0.0,0.0,0.01,0,1.98
2016-03-31,SKU-019,WH-WI1,Baseline Legacy Rule,7,3,3,0,4,96,0,0,0.005,0.0,0.0,0.01,0,1.98
2016-04-01,SKU-019,WH-WI1,Baseline Legacy Rule,4,0,0,0,4,96,0,0,0.005,0.0,0.0,0.01,0,1.98
2016-04-02,SKU-019,WH-WI1,Baseline Legacy Rule,100,1,1,0,99,0,0,96,0.118,0.0,0.0,0.12,0,1.98
2016-04-03,SKU-019,WH-WI1,Baseline Legacy Rule,99,3,3,0,96,0,0,0,0.115,0.0,0.0,0.12,0,1.98
2016-04-04,SKU-019,WH-WI1,Baseline Legacy Rule,96,0,0,0,96,0,0,0,0.115,0.0,0.0,0.12,0,1.98
2016-04-05,SKU-019,WH-WI1,Baseline Legacy Rule,96,1,1,0,95,0,0,0,0.113,0.0,0.0,0.11,0,1.98
2016-04-06,SKU-019,WH-WI1,Baseline Legacy Rule,95,0,0,0,95,0,0,0,0.113,0.0,0.0,0.11,0,1.98
2016-04-07,SKU-019,WH-WI1,Baseline Legacy Rule,95,1,1,0,94,0,0,0,0.112,0.0,0.0,0.11,0,1.98
2016-04-08,SKU-019,WH-WI1,Baseline Legacy Rule,94,0,0,0,94,0,0,0,0.112,0.0,0.0,0.11,0,1.98
2016-04-09,SKU-019,WH-WI1,Baseline Legacy Rule,94,2,2,0,92,0,0,0,0.11,0.0,0.0,0.11,0,1.98
2016-04-10,SKU-019,WH-WI1,Baseline Legacy Rule,92,0,0,0,92,0,0,0,0.11,0.0,0.0,0.11,0,1.98
2016-04-11,SKU-019,WH-WI1,Baseline Legacy Rule,92,1,1,0,91,0,0,0,0.109,0.0,0.0,0.11,0,1.98
2016-04-12,SKU-019,WH-WI1,Baseline Legacy Rule,91,1,1,0,90,0,0,0,0.107,0.0,0.0,0.11,0,1.98
2016-04-13,SKU-019,WH-WI1,Baseline Legacy Rule,90,0,0,0,90,0,0,0,0.107,0.0,0.0,0.11,0,1.98
2016-04-14,SKU-019,WH-WI1,Baseline Legacy Rule,90,1,1,0,89,0,0,0,0.106,0.0,0.0,0.11,0,1.98
2016-04-15,SKU-019,WH-WI1,Baseline Legacy Rule,89,1,1,0,88,0,0,0,0.105,0.0,0.0,0.1,0,1.98
2016-04-16,SKU-019,WH-WI1,Baseline Legacy Rule,88,4,4,0,84,0,0,0,0.1,0.0,0.0,0.1,0,1.98
2016-04-17,SKU-019,WH-WI1,Baseline Legacy Rule,84,3,3,0,81,0,0,0,0.097,0.0,0.0,0.1,0,1.98
2016-04-18,SKU-019,WH-WI1,Baseline Legacy Rule,81,1,1,0,80,0,0,0,0.095,0.0,0.0,0.1,0,1.98
2016-04-19,SKU-019,WH-WI1,Baseline Legacy Rule,80,1,1,0,79,0,0,0,0.094,0.0,0.0,0.09,0,1.98
2016-04-20,SKU-019,WH-WI1,Baseline Legacy Rule,79,1,1,0,78,0,0,0,0.093,0.0,0.0,0.09,0,1.98
2016-04-21,SKU-019,WH-WI1,Baseline Legacy Rule,78,0,0,0,78,0,0,0,0.093,0.0,0.0,0.09,0,1.98
2016-04-22,SKU-019,WH-WI1,Baseline Legacy Rule,78,0,0,0,78,0,0,0,0.093,0.0,0.0,0.09,0,1.98
2016-04-23,SKU-019,WH-WI1,Baseline Legacy Rule,78,2,2,0,76,0,0,0,0.091,0.0,0.0,0.09,0,1.98
2016-04-24,SKU-019,WH-WI1,Baseline Legacy Rule,76,3,3,0,73,0,0,0,0.087,0.0,0.0,0.09,0,1.98
2016-03-28,SKU-020,WH-CA1,Baseline Legacy Rule,5,0,0,0,5,96,96,0,0.006,75.0,0.0,75.01,0,1.79
2016-03-29,SKU-020,WH-CA1,Baseline Legacy Rule,5,0,0,0,5,96,0,0,0.006,0.0,0.0,0.01,0,1.79
2016-03-30,SKU-020,WH-CA1,Baseline Legacy Rule,5,1,1,0,4,96,0,0,0.005,0.0,0.0,0.01,0,1.79
2016-03-31,SKU-020,WH-CA1,Baseline Legacy Rule,4,0,0,0,4,96,0,0,0.005,0.0,0.0,0.01,0,1.79
2016-04-01,SKU-020,WH-CA1,Baseline Legacy Rule,4,0,0,0,4,96,0,0,0.005,0.0,0.0,0.01,0,1.79
2016-04-02,SKU-020,WH-CA1,Baseline Legacy Rule,4,0,0,0,4,96,0,0,0.005,0.0,0.0,0.01,0,1.79
2016-04-03,SKU-020,WH-CA1,Baseline Legacy Rule,4,0,0,0,4,96,0,0,0.005,0.0,0.0,0.01,0,1.79
2016-04-04,SKU-020,WH-CA1,Baseline Legacy Rule,100,0,0,0,100,0,0,96,0.123,0.0,0.0,0.12,0,1.79
2016-04-05,SKU-020,WH-CA1,Baseline Legacy Rule,100,0,0,0,100,0,0,0,0.123,0.0,0.0,0.12,0,1.79
2016-04-06,SKU-020,WH-CA1,Baseline Legacy Rule,100,0,0,0,100,0,0,0,0.123,0.0,0.0,0.12,0,1.79
2016-04-07,SKU-020,WH-CA1,Baseline Legacy Rule,100,1,1,0,99,0,0,0,0.121,0.0,0.0,0.12,0,1.79
2016-04-08,SKU-020,WH-CA1,Baseline Legacy Rule,99,0,0,0,99,0,0,0,0.121,0.0,0.0,0.12,0,1.79
2016-04-09,SKU-020,WH-CA1,Baseline Legacy Rule,99,0,0,0,99,0,0,0,0.121,0.0,0.0,0.12,0,1.79
2016-04-10,SKU-020,WH-CA1,Baseline Legacy Rule,99,0,0,0,99,0,0,0,0.121,0.0,0.0,0.12,0,1.79
2016-04-11,SKU-020,WH-CA1,Baseline Legacy Rule,99,0,0,0,99,0,0,0,0.121,0.0,0.0,0.12,0,1.79
2016-04-12,SKU-020,WH-CA1,Baseline Legacy Rule,99,1,1,0,98,0,0,0,0.12,0.0,0.0,0.12,0,1.79
2016-04-13,SKU-020,WH-CA1,Baseline Legacy Rule,98,0,0,0,98,0,0,0,0.12,0.0,0.0,0.12,0,1.79
2016-04-14,SKU-020,WH-CA1,Baseline Legacy Rule,98,0,0,0,98,0,0,0,0.12,0.0,0.0,0.12,0,1.79
2016-04-15,SKU-020,WH-CA1,Baseline Legacy Rule,98,0,0,0,98,0,0,0,0.12,0.0,0.0,0.12,0,1.79
2016-04-16,SKU-020,WH-CA1,Baseline Legacy Rule,98,0,0,0,98,0,0,0,0.12,0.0,0.0,0.12,0,1.79
2016-04-17,SKU-020,WH-CA1,Baseline Legacy Rule,98,0,0,0,98,0,0,0,0.12,0.0,0.0,0.12,0,1.79
2016-04-18,SKU-020,WH-CA1,Baseline Legacy Rule,98,0,0,0,98,0,0,0,0.12,0.0,0.0,0.12,0,1.79
2016-04-19,SKU-020,WH-CA1,Baseline Legacy Rule,98,0,0,0,98,0,0,0,0.12,0.0,0.0,0.12,0,1.79
2016-04-20,SKU-020,WH-CA1,Baseline Legacy Rule,98,0,0,0,98,0,0,0,0.12,0.0,0.0,0.12,0,1.79
2016-04-21,SKU-020,WH-CA1,Baseline Legacy Rule,98,1,1,0,97,0,0,0,0.119,0.0,0.0,0.12,0,1.79
2016-04-22,SKU-020,WH-CA1,Baseline Legacy Rule,97,1,1,0,96,0,0,0,0.118,0.0,0.0,0.12,0,1.79
2016-04-23,SKU-020,WH-CA1,Baseline Legacy Rule,96,1,1,0,95,0,0,0,0.116,0.0,0.0,0.12,0,1.79
2016-04-24,SKU-020,WH-CA1,Baseline Legacy Rule,95,1,1,0,94,0,0,0,0.115,0.0,0.0,0.12,0,1.79
2016-03-28,SKU-020,WH-TX1,Baseline Legacy Rule,5,0,0,0,5,0,0,0,0.005,0.0,0.0,0.01,0,1.79
2016-03-29,SKU-020,WH-TX1,Baseline Legacy Rule,5,0,0,0,5,0,0,0,0.005,0.0,0.0,0.01,0,1.79
2016-03-30,SKU-020,WH-TX1,Baseline Legacy Rule,5,0,0,0,5,0,0,0,0.005,0.0,0.0,0.01,0,1.79
2016-03-31,SKU-020,WH-TX1,Baseline Legacy Rule,5,0,0,0,5,0,0,0,0.005,0.0,0.0,0.01,0,1.79
2016-04-01,SKU-020,WH-TX1,Baseline Legacy Rule,5,0,0,0,5,0,0,0,0.005,0.0,0.0,0.01,0,1.79
2016-04-02,SKU-020,WH-TX1,Baseline Legacy Rule,5,0,0,0,5,0,0,0,0.005,0.0,0.0,0.01,0,1.79
2016-04-03,SKU-020,WH-TX1,Baseline Legacy Rule,5,0,0,0,5,0,0,0,0.005,0.0,0.0,0.01,0,1.79
2016-04-04,SKU-020,WH-TX1,Baseline Legacy Rule,5,0,0,0,5,0,0,0,0.005,0.0,0.0,0.01,0,1.79
2016-04-05,SKU-020,WH-TX1,Baseline Legacy Rule,5,1,1,0,4,0,0,0,0.004,0.0,0.0,0.0,0,1.79
2016-04-06,SKU-020,WH-TX1,Baseline Legacy Rule,4,0,0,0,4,0,0,0,0.004,0.0,0.0,0.0,0,1.79
2016-04-07,SKU-020,WH-TX1,Baseline Legacy Rule,4,0,0,0,4,0,0,0,0.004,0.0,0.0,0.0,0,1.79
2016-04-08,SKU-020,WH-TX1,Baseline Legacy Rule,4,0,0,0,4,0,0,0,0.004,0.0,0.0,0.0,0,1.79
2016-04-09,SKU-020,WH-TX1,Baseline Legacy Rule,4,0,0,0,4,0,0,0,0.004,0.0,0.0,0.0,0,1.79
2016-04-10,SKU-020,WH-TX1,Baseline Legacy Rule,4,0,0,0,4,0,0,0,0.004,0.0,0.0,0.0,0,1.79
2016-04-11,SKU-020,WH-TX1,Baseline Legacy Rule,4,0,0,0,4,0,0,0,0.004,0.0,0.0,0.0,0,1.79
2016-04-12,SKU-020,WH-TX1,Baseline Legacy Rule,4,1,1,0,3,0,0,0,0.003,0.0,0.0,0.0,0,1.79
2016-04-13,SKU-020,WH-TX1,Baseline Legacy Rule,3,0,0,0,3,0,0,0,0.003,0.0,0.0,0.0,0,1.79
2016-04-14,SKU-020,WH-TX1,Baseline Legacy Rule,3,0,0,0,3,0,0,0,0.003,0.0,0.0,0.0,0,1.79
2016-04-15,SKU-020,WH-TX1,Baseline Legacy Rule,3,0,0,0,3,0,0,0,0.003,0.0,0.0,0.0,0,1.79
2016-04-16,SKU-020,WH-TX1,Baseline Legacy Rule,3,0,0,0,3,0,0,0,0.003,0.0,0.0,0.0,0,1.79
2016-04-17,SKU-020,WH-TX1,Baseline Legacy Rule,3,1,1,0,2,96,96,0,0.002,75.0,0.0,75.0,0,1.79
2016-04-18,SKU-020,WH-TX1,Baseline Legacy Rule,2,0,0,0,2,96,0,0,0.002,0.0,0.0,0.0,0,1.79
2016-04-19,SKU-020,WH-TX1,Baseline Legacy Rule,2,0,0,0,2,96,0,0,0.002,0.0,0.0,0.0,0,1.79
2016-04-20,SKU-020,WH-TX1,Baseline Legacy Rule,2,0,0,0,2,96,0,0,0.002,0.0,0.0,0.0,0,1.79
2016-04-21,SKU-020,WH-TX1,Baseline Legacy Rule,2,0,0,0,2,96,0,0,0.002,0.0,0.0,0.0,0,1.79
2016-04-22,SKU-020,WH-TX1,Baseline Legacy Rule,2,0,0,0,2,96,0,0,0.002,0.0,0.0,0.0,0,1.79
2016-04-23,SKU-020,WH-TX1,Baseline Legacy Rule,2,0,0,0,2,96,0,0,0.002,0.0,0.0,0.0,0,1.79
2016-04-24,SKU-020,WH-TX1,Baseline Legacy Rule,2,0,0,0,2,96,0,0,0.002,0.0,0.0,0.0,0,1.79
2016-03-28,SKU-020,WH-WI1,Baseline Legacy Rule,7,1,1,0,6,96,96,0,0.006,75.0,0.0,75.01,0,1.79
2016-03-29,SKU-020,WH-WI1,Baseline Legacy Rule,6,0,0,0,6,96,0,0,0.006,0.0,0.0,0.01,0,1.79
2016-03-30,SKU-020,WH-WI1,Baseline Legacy Rule,6,0,0,0,6,96,0,0,0.006,0.0,0.0,0.01,0,1.79
2016-03-31,SKU-020,WH-WI1,Baseline Legacy Rule,102,0,0,0,102,0,0,96,0.11,0.0,0.0,0.11,0,1.79
2016-04-01,SKU-020,WH-WI1,Baseline Legacy Rule,102,0,0,0,102,0,0,0,0.11,0.0,0.0,0.11,0,1.79
2016-04-02,SKU-020,WH-WI1,Baseline Legacy Rule,102,3,3,0,99,0,0,0,0.107,0.0,0.0,0.11,0,1.79
2016-04-03,SKU-020,WH-WI1,Baseline Legacy Rule,99,8,8,0,91,0,0,0,0.098,0.0,0.0,0.1,0,1.79
2016-04-04,SKU-020,WH-WI1,Baseline Legacy Rule,91,0,0,0,91,0,0,0,0.098,0.0,0.0,0.1,0,1.79
2016-04-05,SKU-020,WH-WI1,Baseline Legacy Rule,91,2,2,0,89,0,0,0,0.096,0.0,0.0,0.1,0,1.79
2016-04-06,SKU-020,WH-WI1,Baseline Legacy Rule,89,0,0,0,89,0,0,0,0.096,0.0,0.0,0.1,0,1.79
2016-04-07,SKU-020,WH-WI1,Baseline Legacy Rule,89,0,0,0,89,0,0,0,0.096,0.0,0.0,0.1,0,1.79
2016-04-08,SKU-020,WH-WI1,Baseline Legacy Rule,89,0,0,0,89,0,0,0,0.096,0.0,0.0,0.1,0,1.79
2016-04-09,SKU-020,WH-WI1,Baseline Legacy Rule,89,0,0,0,89,0,0,0,0.096,0.0,0.0,0.1,0,1.79
2016-04-10,SKU-020,WH-WI1,Baseline Legacy Rule,89,0,0,0,89,0,0,0,0.096,0.0,0.0,0.1,0,1.79
2016-04-11,SKU-020,WH-WI1,Baseline Legacy Rule,89,0,0,0,89,0,0,0,0.096,0.0,0.0,0.1,0,1.79
2016-04-12,SKU-020,WH-WI1,Baseline Legacy Rule,89,1,1,0,88,0,0,0,0.095,0.0,0.0,0.1,0,1.79
2016-04-13,SKU-020,WH-WI1,Baseline Legacy Rule,88,0,0,0,88,0,0,0,0.095,0.0,0.0,0.1,0,1.79
2016-04-14,SKU-020,WH-WI1,Baseline Legacy Rule,88,0,0,0,88,0,0,0,0.095,0.0,0.0,0.1,0,1.79
2016-04-15,SKU-020,WH-WI1,Baseline Legacy Rule,88,1,1,0,87,0,0,0,0.094,0.0,0.0,0.09,0,1.79
2016-04-16,SKU-020,WH-WI1,Baseline Legacy Rule,87,2,2,0,85,0,0,0,0.092,0.0,0.0,0.09,0,1.79
2016-04-17,SKU-020,WH-WI1,Baseline Legacy Rule,85,9,9,0,76,0,0,0,0.082,0.0,0.0,0.08,0,1.79
2016-04-18,SKU-020,WH-WI1,Baseline Legacy Rule,76,0,0,0,76,0,0,0,0.082,0.0,0.0,0.08,0,1.79
2016-04-19,SKU-020,WH-WI1,Baseline Legacy Rule,76,0,0,0,76,0,0,0,0.082,0.0,0.0,0.08,0,1.79
2016-04-20,SKU-020,WH-WI1,Baseline Legacy Rule,76,2,2,0,74,0,0,0,0.08,0.0,0.0,0.08,0,1.79
2016-04-21,SKU-020,WH-WI1,Baseline Legacy Rule,74,1,1,0,73,0,0,0,0.079,0.0,0.0,0.08,0,1.79
2016-04-22,SKU-020,WH-WI1,Baseline Legacy Rule,73,0,0,0,73,0,0,0,0.079,0.0,0.0,0.08,0,1.79
2016-04-23,SKU-020,WH-WI1,Baseline Legacy Rule,73,0,0,0,73,0,0,0,0.079,0.0,0.0,0.08,0,1.79
2016-04-24,SKU-020,WH-WI1,Baseline Legacy Rule,73,0,0,0,73,0,0,0,0.079,0.0,0.0,0.08,0,1.79
2016-03-28,SKU-021,WH-CA1,Baseline Legacy Rule,12,1,1,0,11,48,48,0,0.038,90.0,0.0,90.04,0,5.09
2016-03-29,SKU-021,WH-CA1,Baseline Legacy Rule,11,0,0,0,11,48,0,0,0.038,0.0,0.0,0.04,0,5.09
2016-03-30,SKU-021,WH-CA1,Baseline Legacy Rule,11,0,0,0,11,48,0,0,0.038,0.0,0.0,0.04,0,5.09
2016-03-31,SKU-021,WH-CA1,Baseline Legacy Rule,11,0,0,0,11,48,0,0,0.038,0.0,0.0,0.04,0,5.09
2016-04-01,SKU-021,WH-CA1,Baseline Legacy Rule,11,1,1,0,10,48,0,0,0.035,0.0,0.0,0.04,0,5.09
2016-04-02,SKU-021,WH-CA1,Baseline Legacy Rule,10,0,0,0,10,48,0,0,0.035,0.0,0.0,0.04,0,5.09
2016-04-03,SKU-021,WH-CA1,Baseline Legacy Rule,10,0,0,0,10,48,0,0,0.035,0.0,0.0,0.04,0,5.09
2016-04-04,SKU-021,WH-CA1,Baseline Legacy Rule,10,0,0,0,10,48,0,0,0.035,0.0,0.0,0.04,0,5.09
2016-04-05,SKU-021,WH-CA1,Baseline Legacy Rule,10,0,0,0,10,48,0,0,0.035,0.0,0.0,0.04,0,5.09
2016-04-06,SKU-021,WH-CA1,Baseline Legacy Rule,10,0,0,0,10,48,0,0,0.035,0.0,0.0,0.04,0,5.09
2016-04-07,SKU-021,WH-CA1,Baseline Legacy Rule,10,2,2,0,8,48,0,0,0.028,0.0,0.0,0.03,0,5.09
2016-04-08,SKU-021,WH-CA1,Baseline Legacy Rule,56,0,0,0,56,0,0,48,0.195,0.0,0.0,0.2,0,5.09
2016-04-09,SKU-021,WH-CA1,Baseline Legacy Rule,56,1,1,0,55,0,0,0,0.192,0.0,0.0,0.19,0,5.09
2016-04-10,SKU-021,WH-CA1,Baseline Legacy Rule,55,0,0,0,55,0,0,0,0.192,0.0,0.0,0.19,0,5.09
2016-04-11,SKU-021,WH-CA1,Baseline Legacy Rule,55,0,0,0,55,0,0,0,0.192,0.0,0.0,0.19,0,5.09
2016-04-12,SKU-021,WH-CA1,Baseline Legacy Rule,55,1,1,0,54,0,0,0,0.188,0.0,0.0,0.19,0,5.09
2016-04-13,SKU-021,WH-CA1,Baseline Legacy Rule,54,0,0,0,54,0,0,0,0.188,0.0,0.0,0.19,0,5.09
2016-04-14,SKU-021,WH-CA1,Baseline Legacy Rule,54,2,2,0,52,0,0,0,0.181,0.0,0.0,0.18,0,5.09
2016-04-15,SKU-021,WH-CA1,Baseline Legacy Rule,52,0,0,0,52,0,0,0,0.181,0.0,0.0,0.18,0,5.09
2016-04-16,SKU-021,WH-CA1,Baseline Legacy Rule,52,0,0,0,52,0,0,0,0.181,0.0,0.0,0.18,0,5.09
2016-04-17,SKU-021,WH-CA1,Baseline Legacy Rule,52,0,0,0,52,0,0,0,0.181,0.0,0.0,0.18,0,5.09
2016-04-18,SKU-021,WH-CA1,Baseline Legacy Rule,52,0,0,0,52,0,0,0,0.181,0.0,0.0,0.18,0,5.09
2016-04-19,SKU-021,WH-CA1,Baseline Legacy Rule,52,4,4,0,48,0,0,0,0.167,0.0,0.0,0.17,0,5.09
2016-04-20,SKU-021,WH-CA1,Baseline Legacy Rule,48,1,1,0,47,0,0,0,0.164,0.0,0.0,0.16,0,5.09
2016-04-21,SKU-021,WH-CA1,Baseline Legacy Rule,47,1,1,0,46,0,0,0,0.16,0.0,0.0,0.16,0,5.09
2016-04-22,SKU-021,WH-CA1,Baseline Legacy Rule,46,0,0,0,46,0,0,0,0.16,0.0,0.0,0.16,0,5.09
2016-04-23,SKU-021,WH-CA1,Baseline Legacy Rule,46,1,1,0,45,0,0,0,0.157,0.0,0.0,0.16,0,5.09
2016-04-24,SKU-021,WH-CA1,Baseline Legacy Rule,45,1,1,0,44,0,0,0,0.153,0.0,0.0,0.15,0,5.09
2016-03-28,SKU-021,WH-TX1,Baseline Legacy Rule,33,1,1,0,32,72,72,0,0.089,90.0,0.0,90.09,0,5.09
2016-03-29,SKU-021,WH-TX1,Baseline Legacy Rule,32,2,2,0,30,72,0,0,0.084,0.0,0.0,0.08,0,5.09
2016-03-30,SKU-021,WH-TX1,Baseline Legacy Rule,30,3,3,0,27,72,0,0,0.075,0.0,0.0,0.07,0,5.09
2016-03-31,SKU-021,WH-TX1,Baseline Legacy Rule,27,4,4,0,23,72,0,0,0.064,0.0,0.0,0.06,0,5.09
2016-04-01,SKU-021,WH-TX1,Baseline Legacy Rule,23,2,2,0,21,72,0,0,0.059,0.0,0.0,0.06,0,5.09
2016-04-02,SKU-021,WH-TX1,Baseline Legacy Rule,21,5,5,0,16,72,0,0,0.045,0.0,0.0,0.04,0,5.09
2016-04-03,SKU-021,WH-TX1,Baseline Legacy Rule,16,6,6,0,10,72,0,0,0.028,0.0,0.0,0.03,0,5.09
2016-04-04,SKU-021,WH-TX1,Baseline Legacy Rule,10,6,6,0,4,72,0,0,0.011,0.0,0.0,0.01,0,5.09
2016-04-05,SKU-021,WH-TX1,Baseline Legacy Rule,4,3,3,0,1,72,0,0,0.003,0.0,0.0,0.0,0,5.09
2016-04-06,SKU-021,WH-TX1,Baseline Legacy Rule,1,4,1,3,0,72,0,0,0.0,0.0,14.61,14.61,1,5.09
2016-04-07,SKU-021,WH-TX1,Baseline Legacy Rule,72,4,4,0,68,0,0,72,0.19,0.0,0.0,0.19,0,5.09
2016-04-08,SKU-021,WH-TX1,Baseline Legacy Rule,68,2,2,0,66,0,0,0,0.184,0.0,0.0,0.18,0,5.09
2016-04-09,SKU-021,WH-TX1,Baseline Legacy Rule,66,2,2,0,64,0,0,0,0.178,0.0,0.0,0.18,0,5.09
2016-04-10,SKU-021,WH-TX1,Baseline Legacy Rule,64,6,6,0,58,0,0,0,0.162,0.0,0.0,0.16,0,5.09
2016-04-11,SKU-021,WH-TX1,Baseline Legacy Rule,58,5,5,0,53,0,0,0,0.148,0.0,0.0,0.15,0,5.09
2016-04-12,SKU-021,WH-TX1,Baseline Legacy Rule,53,0,0,0,53,0,0,0,0.148,0.0,0.0,0.15,0,5.09
2016-04-13,SKU-021,WH-TX1,Baseline Legacy Rule,53,4,4,0,49,0,0,0,0.137,0.0,0.0,0.14,0,5.09
2016-04-14,SKU-021,WH-TX1,Baseline Legacy Rule,49,2,2,0,47,0,0,0,0.131,0.0,0.0,0.13,0,5.09
2016-04-15,SKU-021,WH-TX1,Baseline Legacy Rule,47,1,1,0,46,72,72,0,0.128,90.0,0.0,90.13,0,5.09
2016-04-16,SKU-021,WH-TX1,Baseline Legacy Rule,46,4,4,0,42,72,0,0,0.117,0.0,0.0,0.12,0,5.09
2016-04-17,SKU-021,WH-TX1,Baseline Legacy Rule,42,0,0,0,42,72,0,0,0.117,0.0,0.0,0.12,0,5.09
2016-04-18,SKU-021,WH-TX1,Baseline Legacy Rule,42,8,8,0,34,72,0,0,0.095,0.0,0.0,0.1,0,5.09
2016-04-19,SKU-021,WH-TX1,Baseline Legacy Rule,34,3,3,0,31,72,0,0,0.086,0.0,0.0,0.09,0,5.09
2016-04-20,SKU-021,WH-TX1,Baseline Legacy Rule,31,3,3,0,28,72,0,0,0.078,0.0,0.0,0.08,0,5.09
2016-04-21,SKU-021,WH-TX1,Baseline Legacy Rule,28,0,0,0,28,72,0,0,0.078,0.0,0.0,0.08,0,5.09
2016-04-22,SKU-021,WH-TX1,Baseline Legacy Rule,28,3,3,0,25,72,0,0,0.07,0.0,0.0,0.07,0,5.09
2016-04-23,SKU-021,WH-TX1,Baseline Legacy Rule,25,1,1,0,24,72,0,0,0.067,0.0,0.0,0.07,0,5.09
2016-04-24,SKU-021,WH-TX1,Baseline Legacy Rule,96,1,1,0,95,0,0,72,0.265,0.0,0.0,0.27,0,5.09
2016-03-28,SKU-021,WH-WI1,Baseline Legacy Rule,5,0,0,0,5,0,0,0,0.015,0.0,0.0,0.01,0,5.09
2016-03-29,SKU-021,WH-WI1,Baseline Legacy Rule,5,0,0,0,5,0,0,0,0.015,0.0,0.0,0.01,0,5.09
2016-03-30,SKU-021,WH-WI1,Baseline Legacy Rule,5,0,0,0,5,0,0,0,0.015,0.0,0.0,0.01,0,5.09
2016-03-31,SKU-021,WH-WI1,Baseline Legacy Rule,5,0,0,0,5,0,0,0,0.015,0.0,0.0,0.01,0,5.09
2016-04-01,SKU-021,WH-WI1,Baseline Legacy Rule,5,0,0,0,5,0,0,0,0.015,0.0,0.0,0.01,0,5.09
2016-04-02,SKU-021,WH-WI1,Baseline Legacy Rule,5,0,0,0,5,0,0,0,0.015,0.0,0.0,0.01,0,5.09
2016-04-03,SKU-021,WH-WI1,Baseline Legacy Rule,5,0,0,0,5,0,0,0,0.015,0.0,0.0,0.01,0,5.09
2016-04-04,SKU-021,WH-WI1,Baseline Legacy Rule,5,0,0,0,5,0,0,0,0.015,0.0,0.0,0.01,0,5.09
2016-04-05,SKU-021,WH-WI1,Baseline Legacy Rule,5,0,0,0,5,0,0,0,0.015,0.0,0.0,0.01,0,5.09
2016-04-06,SKU-021,WH-WI1,Baseline Legacy Rule,5,0,0,0,5,0,0,0,0.015,0.0,0.0,0.01,0,5.09
2016-04-07,SKU-021,WH-WI1,Baseline Legacy Rule,5,1,1,0,4,0,0,0,0.012,0.0,0.0,0.01,0,5.09
2016-04-08,SKU-021,WH-WI1,Baseline Legacy Rule,4,0,0,0,4,0,0,0,0.012,0.0,0.0,0.01,0,5.09
2016-04-09,SKU-021,WH-WI1,Baseline Legacy Rule,4,0,0,0,4,0,0,0,0.012,0.0,0.0,0.01,0,5.09
2016-04-10,SKU-021,WH-WI1,Baseline Legacy Rule,4,0,0,0,4,0,0,0,0.012,0.0,0.0,0.01,0,5.09
2016-04-11,SKU-021,WH-WI1,Baseline Legacy Rule,4,0,0,0,4,0,0,0,0.012,0.0,0.0,0.01,0,5.09
2016-04-12,SKU-021,WH-WI1,Baseline Legacy Rule,4,0,0,0,4,0,0,0,0.012,0.0,0.0,0.01,0,5.09
2016-04-13,SKU-021,WH-WI1,Baseline Legacy Rule,4,0,0,0,4,0,0,0,0.012,0.0,0.0,0.01,0,5.09
2016-04-14,SKU-021,WH-WI1,Baseline Legacy Rule,4,0,0,0,4,0,0,0,0.012,0.0,0.0,0.01,0,5.09
2016-04-15,SKU-021,WH-WI1,Baseline Legacy Rule,4,0,0,0,4,0,0,0,0.012,0.0,0.0,0.01,0,5.09
2016-04-16,SKU-021,WH-WI1,Baseline Legacy Rule,4,0,0,0,4,0,0,0,0.012,0.0,0.0,0.01,0,5.09
2016-04-17,SKU-021,WH-WI1,Baseline Legacy Rule,4,0,0,0,4,0,0,0,0.012,0.0,0.0,0.01,0,5.09
2016-04-18,SKU-021,WH-WI1,Baseline Legacy Rule,4,0,0,0,4,0,0,0,0.012,0.0,0.0,0.01,0,5.09
2016-04-19,SKU-021,WH-WI1,Baseline Legacy Rule,4,0,0,0,4,0,0,0,0.012,0.0,0.0,0.01,0,5.09
2016-04-20,SKU-021,WH-WI1,Baseline Legacy Rule,4,0,0,0,4,0,0,0,0.012,0.0,0.0,0.01,0,5.09
2016-04-21,SKU-021,WH-WI1,Baseline Legacy Rule,4,0,0,0,4,0,0,0,0.012,0.0,0.0,0.01,0,5.09
2016-04-22,SKU-021,WH-WI1,Baseline Legacy Rule,4,0,0,0,4,0,0,0,0.012,0.0,0.0,0.01,0,5.09
2016-04-23,SKU-021,WH-WI1,Baseline Legacy Rule,4,0,0,0,4,0,0,0,0.012,0.0,0.0,0.01,0,5.09
2016-04-24,SKU-021,WH-WI1,Baseline Legacy Rule,4,0,0,0,4,0,0,0,0.012,0.0,0.0,0.01,0,5.09
2016-03-28,SKU-022,WH-CA1,Baseline Legacy Rule,34,3,3,0,31,96,96,0,0.028,90.0,0.0,90.03,0,1.34
2016-03-29,SKU-022,WH-CA1,Baseline Legacy Rule,31,4,4,0,27,96,0,0,0.025,0.0,0.0,0.03,0,1.34
2016-03-30,SKU-022,WH-CA1,Baseline Legacy Rule,27,2,2,0,25,96,0,0,0.023,0.0,0.0,0.02,0,1.34
2016-03-31,SKU-022,WH-CA1,Baseline Legacy Rule,25,5,5,0,20,96,0,0,0.018,0.0,0.0,0.02,0,1.34
2016-04-01,SKU-022,WH-CA1,Baseline Legacy Rule,20,7,7,0,13,96,0,0,0.012,0.0,0.0,0.01,0,1.34
2016-04-02,SKU-022,WH-CA1,Baseline Legacy Rule,13,12,12,0,1,96,0,0,0.001,0.0,0.0,0.0,0,1.34
2016-04-03,SKU-022,WH-CA1,Baseline Legacy Rule,1,8,1,7,0,96,0,0,0.0,0.0,19.32,19.32,1,1.34
2016-04-04,SKU-022,WH-CA1,Baseline Legacy Rule,0,7,0,7,0,96,0,0,0.0,0.0,19.32,19.32,1,1.34
2016-04-05,SKU-022,WH-CA1,Baseline Legacy Rule,0,5,0,5,0,96,0,0,0.0,0.0,13.8,13.8,1,1.34
2016-04-06,SKU-022,WH-CA1,Baseline Legacy Rule,0,5,0,5,0,96,0,0,0.0,0.0,13.8,13.8,1,1.34
2016-04-07,SKU-022,WH-CA1,Baseline Legacy Rule,0,2,0,2,0,96,0,0,0.0,0.0,5.52,5.52,1,1.34
2016-04-08,SKU-022,WH-CA1,Baseline Legacy Rule,0,3,0,3,0,96,0,0,0.0,0.0,8.28,8.28,1,1.34
2016-04-09,SKU-022,WH-CA1,Baseline Legacy Rule,0,6,0,6,0,96,0,0,0.0,0.0,16.56,16.56,1,1.34
2016-04-10,SKU-022,WH-CA1,Baseline Legacy Rule,0,5,0,5,0,96,0,0,0.0,0.0,13.8,13.8,1,1.34
2016-04-11,SKU-022,WH-CA1,Baseline Legacy Rule,96,7,7,0,89,0,0,96,0.082,0.0,0.0,0.08,0,1.34
2016-04-12,SKU-022,WH-CA1,Baseline Legacy Rule,89,4,4,0,85,0,0,0,0.078,0.0,0.0,0.08,0,1.34
2016-04-13,SKU-022,WH-CA1,Baseline Legacy Rule,85,4,4,0,81,0,0,0,0.074,0.0,0.0,0.07,0,1.34
2016-04-14,SKU-022,WH-CA1,Baseline Legacy Rule,81,4,4,0,77,0,0,0,0.071,0.0,0.0,0.07,0,1.34
2016-04-15,SKU-022,WH-CA1,Baseline Legacy Rule,77,3,3,0,74,0,0,0,0.068,0.0,0.0,0.07,0,1.34
2016-04-16,SKU-022,WH-CA1,Baseline Legacy Rule,74,5,5,0,69,0,0,0,0.063,0.0,0.0,0.06,0,1.34
2016-04-17,SKU-022,WH-CA1,Baseline Legacy Rule,69,5,5,0,64,0,0,0,0.059,0.0,0.0,0.06,0,1.34
2016-04-18,SKU-022,WH-CA1,Baseline Legacy Rule,64,4,4,0,60,0,0,0,0.055,0.0,0.0,0.06,0,1.34
2016-04-19,SKU-022,WH-CA1,Baseline Legacy Rule,60,0,0,0,60,0,0,0,0.055,0.0,0.0,0.06,0,1.34
2016-04-20,SKU-022,WH-CA1,Baseline Legacy Rule,60,0,0,0,60,0,0,0,0.055,0.0,0.0,0.06,0,1.34
2016-04-21,SKU-022,WH-CA1,Baseline Legacy Rule,60,3,3,0,57,0,0,0,0.052,0.0,0.0,0.05,0,1.34
2016-04-22,SKU-022,WH-CA1,Baseline Legacy Rule,57,1,1,0,56,0,0,0,0.051,0.0,0.0,0.05,0,1.34
2016-04-23,SKU-022,WH-CA1,Baseline Legacy Rule,56,3,3,0,53,0,0,0,0.049,0.0,0.0,0.05,0,1.34
2016-04-24,SKU-022,WH-CA1,Baseline Legacy Rule,53,5,5,0,48,0,0,0,0.044,0.0,0.0,0.04,0,1.34
2016-03-28,SKU-022,WH-TX1,Baseline Legacy Rule,31,4,4,0,27,96,96,0,0.02,90.0,0.0,90.02,0,1.34
2016-03-29,SKU-022,WH-TX1,Baseline Legacy Rule,27,0,0,0,27,96,0,0,0.02,0.0,0.0,0.02,0,1.34
2016-03-30,SKU-022,WH-TX1,Baseline Legacy Rule,27,2,2,0,25,96,0,0,0.018,0.0,0.0,0.02,0,1.34
2016-03-31,SKU-022,WH-TX1,Baseline Legacy Rule,25,3,3,0,22,96,0,0,0.016,0.0,0.0,0.02,0,1.34
2016-04-01,SKU-022,WH-TX1,Baseline Legacy Rule,22,2,2,0,20,96,0,0,0.015,0.0,0.0,0.01,0,1.34
2016-04-02,SKU-022,WH-TX1,Baseline Legacy Rule,20,3,3,0,17,96,0,0,0.012,0.0,0.0,0.01,0,1.34
2016-04-03,SKU-022,WH-TX1,Baseline Legacy Rule,17,7,7,0,10,96,0,0,0.007,0.0,0.0,0.01,0,1.34
2016-04-04,SKU-022,WH-TX1,Baseline Legacy Rule,10,2,2,0,8,96,0,0,0.006,0.0,0.0,0.01,0,1.34
2016-04-05,SKU-022,WH-TX1,Baseline Legacy Rule,8,0,0,0,8,96,0,0,0.006,0.0,0.0,0.01,0,1.34
2016-04-06,SKU-022,WH-TX1,Baseline Legacy Rule,104,3,3,0,101,0,0,96,0.074,0.0,0.0,0.07,0,1.34
2016-04-07,SKU-022,WH-TX1,Baseline Legacy Rule,101,3,3,0,98,0,0,0,0.072,0.0,0.0,0.07,0,1.34
2016-04-08,SKU-022,WH-TX1,Baseline Legacy Rule,98,2,2,0,96,0,0,0,0.07,0.0,0.0,0.07,0,1.34
2016-04-09,SKU-022,WH-TX1,Baseline Legacy Rule,96,7,7,0,89,0,0,0,0.065,0.0,0.0,0.07,0,1.34
2016-04-10,SKU-022,WH-TX1,Baseline Legacy Rule,89,1,1,0,88,0,0,0,0.065,0.0,0.0,0.07,0,1.34
2016-04-11,SKU-022,WH-TX1,Baseline Legacy Rule,88,0,0,0,88,0,0,0,0.065,0.0,0.0,0.07,0,1.34
2016-04-12,SKU-022,WH-TX1,Baseline Legacy Rule,88,2,2,0,86,0,0,0,0.063,0.0,0.0,0.06,0,1.34
2016-04-13,SKU-022,WH-TX1,Baseline Legacy Rule,86,0,0,0,86,0,0,0,0.063,0.0,0.0,0.06,0,1.34
2016-04-14,SKU-022,WH-TX1,Baseline Legacy Rule,86,0,0,0,86,0,0,0,0.063,0.0,0.0,0.06,0,1.34
2016-04-15,SKU-022,WH-TX1,Baseline Legacy Rule,86,2,2,0,84,0,0,0,0.062,0.0,0.0,0.06,0,1.34
2016-04-16,SKU-022,WH-TX1,Baseline Legacy Rule,84,3,3,0,81,0,0,0,0.059,0.0,0.0,0.06,0,1.34
2016-04-17,SKU-022,WH-TX1,Baseline Legacy Rule,81,3,3,0,78,0,0,0,0.057,0.0,0.0,0.06,0,1.34
2016-04-18,SKU-022,WH-TX1,Baseline Legacy Rule,78,5,5,0,73,0,0,0,0.054,0.0,0.0,0.05,0,1.34
2016-04-19,SKU-022,WH-TX1,Baseline Legacy Rule,73,1,1,0,72,0,0,0,0.053,0.0,0.0,0.05,0,1.34
2016-04-20,SKU-022,WH-TX1,Baseline Legacy Rule,72,0,0,0,72,0,0,0,0.053,0.0,0.0,0.05,0,1.34
2016-04-21,SKU-022,WH-TX1,Baseline Legacy Rule,72,2,2,0,70,0,0,0,0.051,0.0,0.0,0.05,0,1.34
2016-04-22,SKU-022,WH-TX1,Baseline Legacy Rule,70,1,1,0,69,0,0,0,0.051,0.0,0.0,0.05,0,1.34
2016-04-23,SKU-022,WH-TX1,Baseline Legacy Rule,69,3,3,0,66,0,0,0,0.048,0.0,0.0,0.05,0,1.34
2016-04-24,SKU-022,WH-TX1,Baseline Legacy Rule,66,1,1,0,65,0,0,0,0.048,0.0,0.0,0.05,0,1.34
2016-03-28,SKU-022,WH-WI1,Baseline Legacy Rule,15,2,2,0,13,96,96,0,0.01,90.0,0.0,90.01,0,1.34
2016-03-29,SKU-022,WH-WI1,Baseline Legacy Rule,13,1,1,0,12,96,0,0,0.01,0.0,0.0,0.01,0,1.34
2016-03-30,SKU-022,WH-WI1,Baseline Legacy Rule,12,1,1,0,11,96,0,0,0.009,0.0,0.0,0.01,0,1.34
2016-03-31,SKU-022,WH-WI1,Baseline Legacy Rule,11,0,0,0,11,96,0,0,0.009,0.0,0.0,0.01,0,1.34
2016-04-01,SKU-022,WH-WI1,Baseline Legacy Rule,11,2,2,0,9,96,0,0,0.007,0.0,0.0,0.01,0,1.34
2016-04-02,SKU-022,WH-WI1,Baseline Legacy Rule,9,2,2,0,7,96,0,0,0.006,0.0,0.0,0.01,0,1.34
2016-04-03,SKU-022,WH-WI1,Baseline Legacy Rule,7,2,2,0,5,96,0,0,0.004,0.0,0.0,0.0,0,1.34
2016-04-04,SKU-022,WH-WI1,Baseline Legacy Rule,5,0,0,0,5,96,0,0,0.004,0.0,0.0,0.0,0,1.34
2016-04-05,SKU-022,WH-WI1,Baseline Legacy Rule,5,4,4,0,1,96,0,0,0.001,0.0,0.0,0.0,0,1.34
2016-04-06,SKU-022,WH-WI1,Baseline Legacy Rule,1,2,1,1,0,96,0,0,0.0,0.0,2.76,2.76,1,1.34
2016-04-07,SKU-022,WH-WI1,Baseline Legacy Rule,0,1,0,1,0,96,0,0,0.0,0.0,2.76,2.76,1,1.34
2016-04-08,SKU-022,WH-WI1,Baseline Legacy Rule,0,1,0,1,0,96,0,0,0.0,0.0,2.76,2.76,1,1.34
2016-04-09,SKU-022,WH-WI1,Baseline Legacy Rule,0,3,0,3,0,96,0,0,0.0,0.0,8.28,8.28,1,1.34
2016-04-10,SKU-022,WH-WI1,Baseline Legacy Rule,96,1,1,0,95,0,0,96,0.077,0.0,0.0,0.08,0,1.34
2016-04-11,SKU-022,WH-WI1,Baseline Legacy Rule,95,1,1,0,94,0,0,0,0.076,0.0,0.0,0.08,0,1.34
2016-04-12,SKU-022,WH-WI1,Baseline Legacy Rule,94,1,1,0,93,0,0,0,0.075,0.0,0.0,0.07,0,1.34
2016-04-13,SKU-022,WH-WI1,Baseline Legacy Rule,93,0,0,0,93,0,0,0,0.075,0.0,0.0,0.07,0,1.34
2016-04-14,SKU-022,WH-WI1,Baseline Legacy Rule,93,1,1,0,92,0,0,0,0.074,0.0,0.0,0.07,0,1.34
2016-04-15,SKU-022,WH-WI1,Baseline Legacy Rule,92,1,1,0,91,0,0,0,0.073,0.0,0.0,0.07,0,1.34
2016-04-16,SKU-022,WH-WI1,Baseline Legacy Rule,91,1,1,0,90,0,0,0,0.073,0.0,0.0,0.07,0,1.34
2016-04-17,SKU-022,WH-WI1,Baseline Legacy Rule,90,0,0,0,90,0,0,0,0.073,0.0,0.0,0.07,0,1.34
2016-04-18,SKU-022,WH-WI1,Baseline Legacy Rule,90,1,1,0,89,0,0,0,0.072,0.0,0.0,0.07,0,1.34
2016-04-19,SKU-022,WH-WI1,Baseline Legacy Rule,89,1,1,0,88,0,0,0,0.071,0.0,0.0,0.07,0,1.34
2016-04-20,SKU-022,WH-WI1,Baseline Legacy Rule,88,1,1,0,87,0,0,0,0.07,0.0,0.0,0.07,0,1.34
2016-04-21,SKU-022,WH-WI1,Baseline Legacy Rule,87,1,1,0,86,0,0,0,0.069,0.0,0.0,0.07,0,1.34
2016-04-22,SKU-022,WH-WI1,Baseline Legacy Rule,86,1,1,0,85,0,0,0,0.069,0.0,0.0,0.07,0,1.34
2016-04-23,SKU-022,WH-WI1,Baseline Legacy Rule,85,1,1,0,84,0,0,0,0.068,0.0,0.0,0.07,0,1.34
2016-04-24,SKU-022,WH-WI1,Baseline Legacy Rule,84,4,4,0,80,0,0,0,0.065,0.0,0.0,0.07,0,1.34
2016-03-28,SKU-023,WH-CA1,Baseline Legacy Rule,9,0,0,0,9,96,96,0,0.008,90.0,0.0,90.01,0,1.27
2016-03-29,SKU-023,WH-CA1,Baseline Legacy Rule,9,1,1,0,8,96,0,0,0.007,0.0,0.0,0.01,0,1.27
2016-03-30,SKU-023,WH-CA1,Baseline Legacy Rule,8,5,5,0,3,96,0,0,0.003,0.0,0.0,0.0,0,1.27
2016-03-31,SKU-023,WH-CA1,Baseline Legacy Rule,3,0,0,0,3,96,0,0,0.003,0.0,0.0,0.0,0,1.27
2016-04-01,SKU-023,WH-CA1,Baseline Legacy Rule,3,0,0,0,3,96,0,0,0.003,0.0,0.0,0.0,0,1.27
2016-04-02,SKU-023,WH-CA1,Baseline Legacy Rule,3,2,2,0,1,96,0,0,0.001,0.0,0.0,0.0,0,1.27
2016-04-03,SKU-023,WH-CA1,Baseline Legacy Rule,1,0,0,0,1,96,0,0,0.001,0.0,0.0,0.0,0,1.27
2016-04-04,SKU-023,WH-CA1,Baseline Legacy Rule,1,0,0,0,1,96,0,0,0.001,0.0,0.0,0.0,0,1.27
2016-04-05,SKU-023,WH-CA1,Baseline Legacy Rule,1,0,0,0,1,96,0,0,0.001,0.0,0.0,0.0,0,1.27
2016-04-06,SKU-023,WH-CA1,Baseline Legacy Rule,1,0,0,0,1,96,0,0,0.001,0.0,0.0,0.0,0,1.27
2016-04-07,SKU-023,WH-CA1,Baseline Legacy Rule,1,0,0,0,1,96,0,0,0.001,0.0,0.0,0.0,0,1.27
2016-04-08,SKU-023,WH-CA1,Baseline Legacy Rule,1,1,1,0,0,96,0,0,0.0,0.0,0.0,0.0,0,1.27
2016-04-09,SKU-023,WH-CA1,Baseline Legacy Rule,0,0,0,0,0,96,0,0,0.0,0.0,0.0,0.0,0,1.27
2016-04-10,SKU-023,WH-CA1,Baseline Legacy Rule,96,1,1,0,95,0,0,96,0.083,0.0,0.0,0.08,0,1.27
2016-04-11,SKU-023,WH-CA1,Baseline Legacy Rule,95,0,0,0,95,0,0,0,0.083,0.0,0.0,0.08,0,1.27
2016-04-12,SKU-023,WH-CA1,Baseline Legacy Rule,95,0,0,0,95,0,0,0,0.083,0.0,0.0,0.08,0,1.27
2016-04-13,SKU-023,WH-CA1,Baseline Legacy Rule,95,0,0,0,95,0,0,0,0.083,0.0,0.0,0.08,0,1.27
2016-04-14,SKU-023,WH-CA1,Baseline Legacy Rule,95,2,2,0,93,0,0,0,0.081,0.0,0.0,0.08,0,1.27
2016-04-15,SKU-023,WH-CA1,Baseline Legacy Rule,93,0,0,0,93,0,0,0,0.081,0.0,0.0,0.08,0,1.27
2016-04-16,SKU-023,WH-CA1,Baseline Legacy Rule,93,0,0,0,93,0,0,0,0.081,0.0,0.0,0.08,0,1.27
2016-04-17,SKU-023,WH-CA1,Baseline Legacy Rule,93,0,0,0,93,0,0,0,0.081,0.0,0.0,0.08,0,1.27
2016-04-18,SKU-023,WH-CA1,Baseline Legacy Rule,93,1,1,0,92,0,0,0,0.08,0.0,0.0,0.08,0,1.27
2016-04-19,SKU-023,WH-CA1,Baseline Legacy Rule,92,0,0,0,92,0,0,0,0.08,0.0,0.0,0.08,0,1.27
2016-04-20,SKU-023,WH-CA1,Baseline Legacy Rule,92,3,3,0,89,0,0,0,0.077,0.0,0.0,0.08,0,1.27
2016-04-21,SKU-023,WH-CA1,Baseline Legacy Rule,89,0,0,0,89,0,0,0,0.077,0.0,0.0,0.08,0,1.27
2016-04-22,SKU-023,WH-CA1,Baseline Legacy Rule,89,0,0,0,89,0,0,0,0.077,0.0,0.0,0.08,0,1.27
2016-04-23,SKU-023,WH-CA1,Baseline Legacy Rule,89,2,2,0,87,0,0,0,0.076,0.0,0.0,0.08,0,1.27
2016-04-24,SKU-023,WH-CA1,Baseline Legacy Rule,87,1,1,0,86,0,0,0,0.075,0.0,0.0,0.07,0,1.27
2016-03-28,SKU-023,WH-TX1,Baseline Legacy Rule,15,1,1,0,14,96,96,0,0.01,90.0,0.0,90.01,0,1.27
2016-03-29,SKU-023,WH-TX1,Baseline Legacy Rule,14,3,3,0,11,96,0,0,0.008,0.0,0.0,0.01,0,1.27
2016-03-30,SKU-023,WH-TX1,Baseline Legacy Rule,11,6,6,0,5,96,0,0,0.003,0.0,0.0,0.0,0,1.27
2016-03-31,SKU-023,WH-TX1,Baseline Legacy Rule,5,3,3,0,2,96,0,0,0.001,0.0,0.0,0.0,0,1.27
2016-04-01,SKU-023,WH-TX1,Baseline Legacy Rule,2,6,2,4,0,96,0,0,0.0,0.0,10.84,10.84,1,1.27
2016-04-02,SKU-023,WH-TX1,Baseline Legacy Rule,0,2,0,2,0,96,0,0,0.0,0.0,5.42,5.42,1,1.27
2016-04-03,SKU-023,WH-TX1,Baseline Legacy Rule,0,0,0,0,0,96,0,0,0.0,0.0,0.0,0.0,0,1.27
2016-04-04,SKU-023,WH-TX1,Baseline Legacy Rule,0,2,0,2,0,96,0,0,0.0,0.0,5.42,5.42,1,1.27
2016-04-05,SKU-023,WH-TX1,Baseline Legacy Rule,0,5,0,5,0,96,0,0,0.0,0.0,13.55,13.55,1,1.27
2016-04-06,SKU-023,WH-TX1,Baseline Legacy Rule,0,1,0,1,0,96,0,0,0.0,0.0,2.71,2.71,1,1.27
2016-04-07,SKU-023,WH-TX1,Baseline Legacy Rule,0,0,0,0,0,96,0,0,0.0,0.0,0.0,0.0,0,1.27
2016-04-08,SKU-023,WH-TX1,Baseline Legacy Rule,0,3,0,3,0,96,0,0,0.0,0.0,8.13,8.13,1,1.27
2016-04-09,SKU-023,WH-TX1,Baseline Legacy Rule,0,3,0,3,0,96,0,0,0.0,0.0,8.13,8.13,1,1.27
2016-04-10,SKU-023,WH-TX1,Baseline Legacy Rule,0,2,0,2,0,96,0,0,0.0,0.0,5.42,5.42,1,1.27
2016-04-11,SKU-023,WH-TX1,Baseline Legacy Rule,0,0,0,0,0,96,0,0,0.0,0.0,0.0,0.0,0,1.27
2016-04-12,SKU-023,WH-TX1,Baseline Legacy Rule,96,1,1,0,95,0,0,96,0.066,0.0,0.0,0.07,0,1.27
2016-04-13,SKU-023,WH-TX1,Baseline Legacy Rule,95,3,3,0,92,0,0,0,0.064,0.0,0.0,0.06,0,1.27
2016-04-14,SKU-023,WH-TX1,Baseline Legacy Rule,92,1,1,0,91,0,0,0,0.063,0.0,0.0,0.06,0,1.27
2016-04-15,SKU-023,WH-TX1,Baseline Legacy Rule,91,2,2,0,89,0,0,0,0.062,0.0,0.0,0.06,0,1.27
2016-04-16,SKU-023,WH-TX1,Baseline Legacy Rule,89,2,2,0,87,0,0,0,0.061,0.0,0.0,0.06,0,1.27
2016-04-17,SKU-023,WH-TX1,Baseline Legacy Rule,87,2,2,0,85,0,0,0,0.059,0.0,0.0,0.06,0,1.27
2016-04-18,SKU-023,WH-TX1,Baseline Legacy Rule,85,1,1,0,84,0,0,0,0.058,0.0,0.0,0.06,0,1.27
2016-04-19,SKU-023,WH-TX1,Baseline Legacy Rule,84,2,2,0,82,0,0,0,0.057,0.0,0.0,0.06,0,1.27
2016-04-20,SKU-023,WH-TX1,Baseline Legacy Rule,82,2,2,0,80,0,0,0,0.056,0.0,0.0,0.06,0,1.27
2016-04-21,SKU-023,WH-TX1,Baseline Legacy Rule,80,1,1,0,79,0,0,0,0.055,0.0,0.0,0.06,0,1.27
2016-04-22,SKU-023,WH-TX1,Baseline Legacy Rule,79,0,0,0,79,0,0,0,0.055,0.0,0.0,0.06,0,1.27
2016-04-23,SKU-023,WH-TX1,Baseline Legacy Rule,79,3,3,0,76,0,0,0,0.053,0.0,0.0,0.05,0,1.27
2016-04-24,SKU-023,WH-TX1,Baseline Legacy Rule,76,3,3,0,73,0,0,0,0.051,0.0,0.0,0.05,0,1.27
2016-03-28,SKU-023,WH-WI1,Baseline Legacy Rule,19,4,4,0,15,96,96,0,0.011,90.0,0.0,90.01,0,1.27
2016-03-29,SKU-023,WH-WI1,Baseline Legacy Rule,15,3,3,0,12,96,0,0,0.009,0.0,0.0,0.01,0,1.27
2016-03-30,SKU-023,WH-WI1,Baseline Legacy Rule,12,0,0,0,12,96,0,0,0.009,0.0,0.0,0.01,0,1.27
2016-03-31,SKU-023,WH-WI1,Baseline Legacy Rule,12,3,3,0,9,96,0,0,0.007,0.0,0.0,0.01,0,1.27
2016-04-01,SKU-023,WH-WI1,Baseline Legacy Rule,9,5,5,0,4,96,0,0,0.003,0.0,0.0,0.0,0,1.27
2016-04-02,SKU-023,WH-WI1,Baseline Legacy Rule,4,1,1,0,3,96,0,0,0.002,0.0,0.0,0.0,0,1.27
2016-04-03,SKU-023,WH-WI1,Baseline Legacy Rule,3,3,3,0,0,96,0,0,0.0,0.0,0.0,0.0,0,1.27
2016-04-04,SKU-023,WH-WI1,Baseline Legacy Rule,0,1,0,1,0,96,0,0,0.0,0.0,2.71,2.71,1,1.27
2016-04-05,SKU-023,WH-WI1,Baseline Legacy Rule,0,3,0,3,0,96,0,0,0.0,0.0,8.13,8.13,1,1.27
2016-04-06,SKU-023,WH-WI1,Baseline Legacy Rule,0,3,0,3,0,96,0,0,0.0,0.0,8.13,8.13,1,1.27
2016-04-07,SKU-023,WH-WI1,Baseline Legacy Rule,0,1,0,1,0,96,0,0,0.0,0.0,2.71,2.71,1,1.27
2016-04-08,SKU-023,WH-WI1,Baseline Legacy Rule,96,1,1,0,95,0,0,96,0.073,0.0,0.0,0.07,0,1.27
2016-04-09,SKU-023,WH-WI1,Baseline Legacy Rule,95,2,2,0,93,0,0,0,0.071,0.0,0.0,0.07,0,1.27
2016-04-10,SKU-023,WH-WI1,Baseline Legacy Rule,93,2,2,0,91,0,0,0,0.07,0.0,0.0,0.07,0,1.27
2016-04-11,SKU-023,WH-WI1,Baseline Legacy Rule,91,1,1,0,90,0,0,0,0.069,0.0,0.0,0.07,0,1.27
2016-04-12,SKU-023,WH-WI1,Baseline Legacy Rule,90,2,2,0,88,0,0,0,0.067,0.0,0.0,0.07,0,1.27
2016-04-13,SKU-023,WH-WI1,Baseline Legacy Rule,88,1,1,0,87,0,0,0,0.067,0.0,0.0,0.07,0,1.27
2016-04-14,SKU-023,WH-WI1,Baseline Legacy Rule,87,1,1,0,86,0,0,0,0.066,0.0,0.0,0.07,0,1.27
2016-04-15,SKU-023,WH-WI1,Baseline Legacy Rule,86,1,1,0,85,0,0,0,0.065,0.0,0.0,0.07,0,1.27
2016-04-16,SKU-023,WH-WI1,Baseline Legacy Rule,85,3,3,0,82,0,0,0,0.063,0.0,0.0,0.06,0,1.27
2016-04-17,SKU-023,WH-WI1,Baseline Legacy Rule,82,3,3,0,79,0,0,0,0.06,0.0,0.0,0.06,0,1.27
2016-04-18,SKU-023,WH-WI1,Baseline Legacy Rule,79,3,3,0,76,0,0,0,0.058,0.0,0.0,0.06,0,1.27
2016-04-19,SKU-023,WH-WI1,Baseline Legacy Rule,76,1,1,0,75,0,0,0,0.057,0.0,0.0,0.06,0,1.27
2016-04-20,SKU-023,WH-WI1,Baseline Legacy Rule,75,3,3,0,72,0,0,0,0.055,0.0,0.0,0.06,0,1.27
2016-04-21,SKU-023,WH-WI1,Baseline Legacy Rule,72,1,1,0,71,0,0,0,0.054,0.0,0.0,0.05,0,1.27
2016-04-22,SKU-023,WH-WI1,Baseline Legacy Rule,71,0,0,0,71,0,0,0,0.054,0.0,0.0,0.05,0,1.27
2016-04-23,SKU-023,WH-WI1,Baseline Legacy Rule,71,4,4,0,67,0,0,0,0.051,0.0,0.0,0.05,0,1.27
2016-04-24,SKU-023,WH-WI1,Baseline Legacy Rule,67,1,1,0,66,0,0,0,0.051,0.0,0.0,0.05,0,1.27
2016-03-28,SKU-024,WH-CA1,Baseline Legacy Rule,16,0,0,0,16,96,96,0,0.018,90.0,0.0,90.02,0,1.62
2016-03-29,SKU-024,WH-CA1,Baseline Legacy Rule,16,2,2,0,14,96,0,0,0.016,0.0,0.0,0.02,0,1.62
2016-03-30,SKU-024,WH-CA1,Baseline Legacy Rule,14,1,1,0,13,96,0,0,0.014,0.0,0.0,0.01,0,1.62
2016-03-31,SKU-024,WH-CA1,Baseline Legacy Rule,13,0,0,0,13,96,0,0,0.014,0.0,0.0,0.01,0,1.62
2016-04-01,SKU-024,WH-CA1,Baseline Legacy Rule,13,3,3,0,10,96,0,0,0.011,0.0,0.0,0.01,0,1.62
2016-04-02,SKU-024,WH-CA1,Baseline Legacy Rule,10,2,2,0,8,96,0,0,0.009,0.0,0.0,0.01,0,1.62
2016-04-03,SKU-024,WH-CA1,Baseline Legacy Rule,8,6,6,0,2,96,0,0,0.002,0.0,0.0,0.0,0,1.62
2016-04-04,SKU-024,WH-CA1,Baseline Legacy Rule,2,3,2,1,0,96,0,0,0.0,0.0,2.91,2.91,1,1.62
2016-04-05,SKU-024,WH-CA1,Baseline Legacy Rule,0,4,0,4,0,96,0,0,0.0,0.0,11.64,11.64,1,1.62
2016-04-06,SKU-024,WH-CA1,Baseline Legacy Rule,96,1,1,0,95,0,0,96,0.105,0.0,0.0,0.1,0,1.62
2016-04-07,SKU-024,WH-CA1,Baseline Legacy Rule,95,2,2,0,93,0,0,0,0.103,0.0,0.0,0.1,0,1.62
2016-04-08,SKU-024,WH-CA1,Baseline Legacy Rule,93,2,2,0,91,0,0,0,0.101,0.0,0.0,0.1,0,1.62
2016-04-09,SKU-024,WH-CA1,Baseline Legacy Rule,91,2,2,0,89,0,0,0,0.099,0.0,0.0,0.1,0,1.62
2016-04-10,SKU-024,WH-CA1,Baseline Legacy Rule,89,1,1,0,88,0,0,0,0.098,0.0,0.0,0.1,0,1.62
2016-04-11,SKU-024,WH-CA1,Baseline Legacy Rule,88,3,3,0,85,0,0,0,0.094,0.0,0.0,0.09,0,1.62
2016-04-12,SKU-024,WH-CA1,Baseline Legacy Rule,85,2,2,0,83,0,0,0,0.092,0.0,0.0,0.09,0,1.62
2016-04-13,SKU-024,WH-CA1,Baseline Legacy Rule,83,3,3,0,80,0,0,0,0.089,0.0,0.0,0.09,0,1.62
2016-04-14,SKU-024,WH-CA1,Baseline Legacy Rule,80,1,1,0,79,0,0,0,0.088,0.0,0.0,0.09,0,1.62
2016-04-15,SKU-024,WH-CA1,Baseline Legacy Rule,79,0,0,0,79,0,0,0,0.088,0.0,0.0,0.09,0,1.62
2016-04-16,SKU-024,WH-CA1,Baseline Legacy Rule,79,2,2,0,77,0,0,0,0.085,0.0,0.0,0.09,0,1.62
2016-04-17,SKU-024,WH-CA1,Baseline Legacy Rule,77,2,2,0,75,0,0,0,0.083,0.0,0.0,0.08,0,1.62
2016-04-18,SKU-024,WH-CA1,Baseline Legacy Rule,75,0,0,0,75,0,0,0,0.083,0.0,0.0,0.08,0,1.62
2016-04-19,SKU-024,WH-CA1,Baseline Legacy Rule,75,0,0,0,75,0,0,0,0.083,0.0,0.0,0.08,0,1.62
2016-04-20,SKU-024,WH-CA1,Baseline Legacy Rule,75,6,6,0,69,0,0,0,0.077,0.0,0.0,0.08,0,1.62
2016-04-21,SKU-024,WH-CA1,Baseline Legacy Rule,69,1,1,0,68,0,0,0,0.075,0.0,0.0,0.07,0,1.62
2016-04-22,SKU-024,WH-CA1,Baseline Legacy Rule,68,0,0,0,68,0,0,0,0.075,0.0,0.0,0.07,0,1.62
2016-04-23,SKU-024,WH-CA1,Baseline Legacy Rule,68,2,2,0,66,0,0,0,0.073,0.0,0.0,0.07,0,1.62
2016-04-24,SKU-024,WH-CA1,Baseline Legacy Rule,66,0,0,0,66,0,0,0,0.073,0.0,0.0,0.07,0,1.62
2016-03-28,SKU-024,WH-TX1,Baseline Legacy Rule,14,0,0,0,14,96,96,0,0.012,90.0,0.0,90.01,0,1.62
2016-03-29,SKU-024,WH-TX1,Baseline Legacy Rule,14,1,1,0,13,96,0,0,0.012,0.0,0.0,0.01,0,1.62
2016-03-30,SKU-024,WH-TX1,Baseline Legacy Rule,13,0,0,0,13,96,0,0,0.012,0.0,0.0,0.01,0,1.62
2016-03-31,SKU-024,WH-TX1,Baseline Legacy Rule,13,2,2,0,11,96,0,0,0.01,0.0,0.0,0.01,0,1.62
2016-04-01,SKU-024,WH-TX1,Baseline Legacy Rule,11,2,2,0,9,96,0,0,0.008,0.0,0.0,0.01,0,1.62
2016-04-02,SKU-024,WH-TX1,Baseline Legacy Rule,9,2,2,0,7,96,0,0,0.006,0.0,0.0,0.01,0,1.62
2016-04-03,SKU-024,WH-TX1,Baseline Legacy Rule,7,1,1,0,6,96,0,0,0.005,0.0,0.0,0.01,0,1.62
2016-04-04,SKU-024,WH-TX1,Baseline Legacy Rule,6,1,1,0,5,96,0,0,0.004,0.0,0.0,0.0,0,1.62
2016-04-05,SKU-024,WH-TX1,Baseline Legacy Rule,5,0,0,0,5,96,0,0,0.004,0.0,0.0,0.0,0,1.62
2016-04-06,SKU-024,WH-TX1,Baseline Legacy Rule,101,2,2,0,99,0,0,96,0.088,0.0,0.0,0.09,0,1.62
2016-04-07,SKU-024,WH-TX1,Baseline Legacy Rule,99,0,0,0,99,0,0,0,0.088,0.0,0.0,0.09,0,1.62
2016-04-08,SKU-024,WH-TX1,Baseline Legacy Rule,99,0,0,0,99,0,0,0,0.088,0.0,0.0,0.09,0,1.62
2016-04-09,SKU-024,WH-TX1,Baseline Legacy Rule,99,1,1,0,98,0,0,0,0.087,0.0,0.0,0.09,0,1.62
2016-04-10,SKU-024,WH-TX1,Baseline Legacy Rule,98,5,5,0,93,0,0,0,0.083,0.0,0.0,0.08,0,1.62
2016-04-11,SKU-024,WH-TX1,Baseline Legacy Rule,93,1,1,0,92,0,0,0,0.082,0.0,0.0,0.08,0,1.62
2016-04-12,SKU-024,WH-TX1,Baseline Legacy Rule,92,0,0,0,92,0,0,0,0.082,0.0,0.0,0.08,0,1.62
2016-04-13,SKU-024,WH-TX1,Baseline Legacy Rule,92,3,3,0,89,0,0,0,0.079,0.0,0.0,0.08,0,1.62
2016-04-14,SKU-024,WH-TX1,Baseline Legacy Rule,89,1,1,0,88,0,0,0,0.078,0.0,0.0,0.08,0,1.62
2016-04-15,SKU-024,WH-TX1,Baseline Legacy Rule,88,3,3,0,85,0,0,0,0.075,0.0,0.0,0.07,0,1.62
2016-04-16,SKU-024,WH-TX1,Baseline Legacy Rule,85,0,0,0,85,0,0,0,0.075,0.0,0.0,0.07,0,1.62
2016-04-17,SKU-024,WH-TX1,Baseline Legacy Rule,85,2,2,0,83,0,0,0,0.074,0.0,0.0,0.07,0,1.62
2016-04-18,SKU-024,WH-TX1,Baseline Legacy Rule,83,2,2,0,81,0,0,0,0.072,0.0,0.0,0.07,0,1.62
2016-04-19,SKU-024,WH-TX1,Baseline Legacy Rule,81,0,0,0,81,0,0,0,0.072,0.0,0.0,0.07,0,1.62
2016-04-20,SKU-024,WH-TX1,Baseline Legacy Rule,81,2,2,0,79,0,0,0,0.07,0.0,0.0,0.07,0,1.62
2016-04-21,SKU-024,WH-TX1,Baseline Legacy Rule,79,4,4,0,75,0,0,0,0.067,0.0,0.0,0.07,0,1.62
2016-04-22,SKU-024,WH-TX1,Baseline Legacy Rule,75,0,0,0,75,0,0,0,0.067,0.0,0.0,0.07,0,1.62
2016-04-23,SKU-024,WH-TX1,Baseline Legacy Rule,75,1,1,0,74,0,0,0,0.066,0.0,0.0,0.07,0,1.62
2016-04-24,SKU-024,WH-TX1,Baseline Legacy Rule,74,1,1,0,73,0,0,0,0.065,0.0,0.0,0.07,0,1.62
2016-03-28,SKU-024,WH-WI1,Baseline Legacy Rule,12,1,1,0,11,96,96,0,0.011,90.0,0.0,90.01,0,1.62
2016-03-29,SKU-024,WH-WI1,Baseline Legacy Rule,11,3,3,0,8,96,0,0,0.008,0.0,0.0,0.01,0,1.62
2016-03-30,SKU-024,WH-WI1,Baseline Legacy Rule,8,2,2,0,6,96,0,0,0.006,0.0,0.0,0.01,0,1.62
2016-03-31,SKU-024,WH-WI1,Baseline Legacy Rule,6,2,2,0,4,96,0,0,0.004,0.0,0.0,0.0,0,1.62
2016-04-01,SKU-024,WH-WI1,Baseline Legacy Rule,4,4,4,0,0,96,0,0,0.0,0.0,0.0,0.0,0,1.62
2016-04-02,SKU-024,WH-WI1,Baseline Legacy Rule,0,4,0,4,0,96,0,0,0.0,0.0,11.64,11.64,1,1.62
2016-04-03,SKU-024,WH-WI1,Baseline Legacy Rule,0,3,0,3,0,96,0,0,0.0,0.0,8.73,8.73,1,1.62
2016-04-04,SKU-024,WH-WI1,Baseline Legacy Rule,0,1,0,1,0,96,0,0,0.0,0.0,2.91,2.91,1,1.62
2016-04-05,SKU-024,WH-WI1,Baseline Legacy Rule,0,2,0,2,0,96,0,0,0.0,0.0,5.82,5.82,1,1.62
2016-04-06,SKU-024,WH-WI1,Baseline Legacy Rule,0,0,0,0,0,96,0,0,0.0,0.0,0.0,0.0,0,1.62
2016-04-07,SKU-024,WH-WI1,Baseline Legacy Rule,0,0,0,0,0,96,0,0,0.0,0.0,0.0,0.0,0,1.62
2016-04-08,SKU-024,WH-WI1,Baseline Legacy Rule,0,3,0,3,0,96,0,0,0.0,0.0,8.73,8.73,1,1.62
2016-04-09,SKU-024,WH-WI1,Baseline Legacy Rule,96,4,4,0,92,0,0,96,0.09,0.0,0.0,0.09,0,1.62
2016-04-10,SKU-024,WH-WI1,Baseline Legacy Rule,92,4,4,0,88,0,0,0,0.086,0.0,0.0,0.09,0,1.62
2016-04-11,SKU-024,WH-WI1,Baseline Legacy Rule,88,4,4,0,84,0,0,0,0.082,0.0,0.0,0.08,0,1.62
2016-04-12,SKU-024,WH-WI1,Baseline Legacy Rule,84,1,1,0,83,0,0,0,0.081,0.0,0.0,0.08,0,1.62
2016-04-13,SKU-024,WH-WI1,Baseline Legacy Rule,83,3,3,0,80,0,0,0,0.078,0.0,0.0,0.08,0,1.62
2016-04-14,SKU-024,WH-WI1,Baseline Legacy Rule,80,2,2,0,78,0,0,0,0.076,0.0,0.0,0.08,0,1.62
2016-04-15,SKU-024,WH-WI1,Baseline Legacy Rule,78,3,3,0,75,0,0,0,0.073,0.0,0.0,0.07,0,1.62
2016-04-16,SKU-024,WH-WI1,Baseline Legacy Rule,75,2,2,0,73,0,0,0,0.071,0.0,0.0,0.07,0,1.62
2016-04-17,SKU-024,WH-WI1,Baseline Legacy Rule,73,4,4,0,69,0,0,0,0.067,0.0,0.0,0.07,0,1.62
2016-04-18,SKU-024,WH-WI1,Baseline Legacy Rule,69,1,1,0,68,0,0,0,0.066,0.0,0.0,0.07,0,1.62
2016-04-19,SKU-024,WH-WI1,Baseline Legacy Rule,68,5,5,0,63,0,0,0,0.062,0.0,0.0,0.06,0,1.62
2016-04-20,SKU-024,WH-WI1,Baseline Legacy Rule,63,3,3,0,60,0,0,0,0.059,0.0,0.0,0.06,0,1.62
2016-04-21,SKU-024,WH-WI1,Baseline Legacy Rule,60,3,3,0,57,0,0,0,0.056,0.0,0.0,0.06,0,1.62
2016-04-22,SKU-024,WH-WI1,Baseline Legacy Rule,57,0,0,0,57,0,0,0,0.056,0.0,0.0,0.06,0,1.62
2016-04-23,SKU-024,WH-WI1,Baseline Legacy Rule,57,3,3,0,54,0,0,0,0.053,0.0,0.0,0.05,0,1.62
2016-04-24,SKU-024,WH-WI1,Baseline Legacy Rule,54,4,4,0,50,0,0,0,0.049,0.0,0.0,0.05,0,1.62
2016-03-28,SKU-025,WH-CA1,Baseline Legacy Rule,16,0,0,0,16,96,96,0,0.007,90.0,0.0,90.01,0,0.62
2016-03-29,SKU-025,WH-CA1,Baseline Legacy Rule,16,3,3,0,13,96,0,0,0.006,0.0,0.0,0.01,0,0.62
2016-03-30,SKU-025,WH-CA1,Baseline Legacy Rule,13,0,0,0,13,96,0,0,0.006,0.0,0.0,0.01,0,0.62
2016-03-31,SKU-025,WH-CA1,Baseline Legacy Rule,13,1,1,0,12,96,0,0,0.005,0.0,0.0,0.01,0,0.62
2016-04-01,SKU-025,WH-CA1,Baseline Legacy Rule,12,0,0,0,12,96,0,0,0.005,0.0,0.0,0.01,0,0.62
2016-04-02,SKU-025,WH-CA1,Baseline Legacy Rule,12,0,0,0,12,96,0,0,0.005,0.0,0.0,0.01,0,0.62
2016-04-03,SKU-025,WH-CA1,Baseline Legacy Rule,12,2,2,0,10,96,0,0,0.004,0.0,0.0,0.0,0,0.62
2016-04-04,SKU-025,WH-CA1,Baseline Legacy Rule,10,0,0,0,10,96,0,0,0.004,0.0,0.0,0.0,0,0.62
2016-04-05,SKU-025,WH-CA1,Baseline Legacy Rule,10,0,0,0,10,96,0,0,0.004,0.0,0.0,0.0,0,0.62
2016-04-06,SKU-025,WH-CA1,Baseline Legacy Rule,10,0,0,0,10,96,0,0,0.004,0.0,0.0,0.0,0,0.62
2016-04-07,SKU-025,WH-CA1,Baseline Legacy Rule,10,3,3,0,7,96,0,0,0.003,0.0,0.0,0.0,0,0.62
2016-04-08,SKU-025,WH-CA1,Baseline Legacy Rule,7,0,0,0,7,96,0,0,0.003,0.0,0.0,0.0,0,0.62
2016-04-09,SKU-025,WH-CA1,Baseline Legacy Rule,7,1,1,0,6,96,0,0,0.003,0.0,0.0,0.0,0,0.62
2016-04-10,SKU-025,WH-CA1,Baseline Legacy Rule,6,0,0,0,6,96,0,0,0.003,0.0,0.0,0.0,0,0.62
2016-04-11,SKU-025,WH-CA1,Baseline Legacy Rule,6,0,0,0,6,96,0,0,0.003,0.0,0.0,0.0,0,0.62
2016-04-12,SKU-025,WH-CA1,Baseline Legacy Rule,102,0,0,0,102,0,0,96,0.043,0.0,0.0,0.04,0,0.62
2016-04-13,SKU-025,WH-CA1,Baseline Legacy Rule,102,0,0,0,102,0,0,0,0.043,0.0,0.0,0.04,0,0.62
2016-04-14,SKU-025,WH-CA1,Baseline Legacy Rule,102,0,0,0,102,0,0,0,0.043,0.0,0.0,0.04,0,0.62
2016-04-15,SKU-025,WH-CA1,Baseline Legacy Rule,102,0,0,0,102,0,0,0,0.043,0.0,0.0,0.04,0,0.62
2016-04-16,SKU-025,WH-CA1,Baseline Legacy Rule,102,0,0,0,102,0,0,0,0.043,0.0,0.0,0.04,0,0.62
2016-04-17,SKU-025,WH-CA1,Baseline Legacy Rule,102,1,1,0,101,0,0,0,0.043,0.0,0.0,0.04,0,0.62
2016-04-18,SKU-025,WH-CA1,Baseline Legacy Rule,101,0,0,0,101,0,0,0,0.043,0.0,0.0,0.04,0,0.62
2016-04-19,SKU-025,WH-CA1,Baseline Legacy Rule,101,0,0,0,101,0,0,0,0.043,0.0,0.0,0.04,0,0.62
2016-04-20,SKU-025,WH-CA1,Baseline Legacy Rule,101,1,1,0,100,0,0,0,0.042,0.0,0.0,0.04,0,0.62
2016-04-21,SKU-025,WH-CA1,Baseline Legacy Rule,100,7,7,0,93,0,0,0,0.039,0.0,0.0,0.04,0,0.62
2016-04-22,SKU-025,WH-CA1,Baseline Legacy Rule,93,5,5,0,88,0,0,0,0.037,0.0,0.0,0.04,0,0.62
2016-04-23,SKU-025,WH-CA1,Baseline Legacy Rule,88,6,6,0,82,0,0,0,0.035,0.0,0.0,0.04,0,0.62
2016-04-24,SKU-025,WH-CA1,Baseline Legacy Rule,82,0,0,0,82,0,0,0,0.035,0.0,0.0,0.04,0,0.62
2016-03-28,SKU-025,WH-TX1,Baseline Legacy Rule,8,1,1,0,7,96,96,0,0.002,90.0,0.0,90.0,0,0.62
2016-03-29,SKU-025,WH-TX1,Baseline Legacy Rule,7,0,0,0,7,96,0,0,0.002,0.0,0.0,0.0,0,0.62
2016-03-30,SKU-025,WH-TX1,Baseline Legacy Rule,7,0,0,0,7,96,0,0,0.002,0.0,0.0,0.0,0,0.62
2016-03-31,SKU-025,WH-TX1,Baseline Legacy Rule,7,0,0,0,7,96,0,0,0.002,0.0,0.0,0.0,0,0.62
2016-04-01,SKU-025,WH-TX1,Baseline Legacy Rule,7,1,1,0,6,96,0,0,0.002,0.0,0.0,0.0,0,0.62
2016-04-02,SKU-025,WH-TX1,Baseline Legacy Rule,6,0,0,0,6,96,0,0,0.002,0.0,0.0,0.0,0,0.62
2016-04-03,SKU-025,WH-TX1,Baseline Legacy Rule,6,2,2,0,4,96,0,0,0.001,0.0,0.0,0.0,0,0.62
2016-04-04,SKU-025,WH-TX1,Baseline Legacy Rule,4,0,0,0,4,96,0,0,0.001,0.0,0.0,0.0,0,0.62
2016-04-05,SKU-025,WH-TX1,Baseline Legacy Rule,4,0,0,0,4,96,0,0,0.001,0.0,0.0,0.0,0,0.62
2016-04-06,SKU-025,WH-TX1,Baseline Legacy Rule,4,0,0,0,4,96,0,0,0.001,0.0,0.0,0.0,0,0.62
2016-04-07,SKU-025,WH-TX1,Baseline Legacy Rule,4,0,0,0,4,96,0,0,0.001,0.0,0.0,0.0,0,0.62
2016-04-08,SKU-025,WH-TX1,Baseline Legacy Rule,4,2,2,0,2,96,0,0,0.001,0.0,0.0,0.0,0,0.62
2016-04-09,SKU-025,WH-TX1,Baseline Legacy Rule,2,0,0,0,2,96,0,0,0.001,0.0,0.0,0.0,0,0.62
2016-04-10,SKU-025,WH-TX1,Baseline Legacy Rule,98,2,2,0,96,0,0,96,0.033,0.0,0.0,0.03,0,0.62
2016-04-11,SKU-025,WH-TX1,Baseline Legacy Rule,96,0,0,0,96,0,0,0,0.033,0.0,0.0,0.03,0,0.62
2016-04-12,SKU-025,WH-TX1,Baseline Legacy Rule,96,0,0,0,96,0,0,0,0.033,0.0,0.0,0.03,0,0.62
2016-04-13,SKU-025,WH-TX1,Baseline Legacy Rule,96,0,0,0,96,0,0,0,0.033,0.0,0.0,0.03,0,0.62
2016-04-14,SKU-025,WH-TX1,Baseline Legacy Rule,96,4,4,0,92,0,0,0,0.031,0.0,0.0,0.03,0,0.62
2016-04-15,SKU-025,WH-TX1,Baseline Legacy Rule,92,0,0,0,92,0,0,0,0.031,0.0,0.0,0.03,0,0.62
2016-04-16,SKU-025,WH-TX1,Baseline Legacy Rule,92,0,0,0,92,0,0,0,0.031,0.0,0.0,0.03,0,0.62
2016-04-17,SKU-025,WH-TX1,Baseline Legacy Rule,92,0,0,0,92,0,0,0,0.031,0.0,0.0,0.03,0,0.62
2016-04-18,SKU-025,WH-TX1,Baseline Legacy Rule,92,0,0,0,92,0,0,0,0.031,0.0,0.0,0.03,0,0.62
2016-04-19,SKU-025,WH-TX1,Baseline Legacy Rule,92,0,0,0,92,0,0,0,0.031,0.0,0.0,0.03,0,0.62
2016-04-20,SKU-025,WH-TX1,Baseline Legacy Rule,92,1,1,0,91,0,0,0,0.031,0.0,0.0,0.03,0,0.62
2016-04-21,SKU-025,WH-TX1,Baseline Legacy Rule,91,0,0,0,91,0,0,0,0.031,0.0,0.0,0.03,0,0.62
2016-04-22,SKU-025,WH-TX1,Baseline Legacy Rule,91,0,0,0,91,0,0,0,0.031,0.0,0.0,0.03,0,0.62
2016-04-23,SKU-025,WH-TX1,Baseline Legacy Rule,91,0,0,0,91,0,0,0,0.031,0.0,0.0,0.03,0,0.62
2016-04-24,SKU-025,WH-TX1,Baseline Legacy Rule,91,2,2,0,89,0,0,0,0.03,0.0,0.0,0.03,0,0.62
2016-03-28,SKU-025,WH-WI1,Baseline Legacy Rule,27,0,0,0,27,96,96,0,0.01,90.0,0.0,90.01,0,0.62
2016-03-29,SKU-025,WH-WI1,Baseline Legacy Rule,27,1,1,0,26,96,0,0,0.01,0.0,0.0,0.01,0,0.62
2016-03-30,SKU-025,WH-WI1,Baseline Legacy Rule,26,0,0,0,26,96,0,0,0.01,0.0,0.0,0.01,0,0.62
2016-03-31,SKU-025,WH-WI1,Baseline Legacy Rule,26,4,4,0,22,96,0,0,0.008,0.0,0.0,0.01,0,0.62
2016-04-01,SKU-025,WH-WI1,Baseline Legacy Rule,22,3,3,0,19,96,0,0,0.007,0.0,0.0,0.01,0,0.62
2016-04-02,SKU-025,WH-WI1,Baseline Legacy Rule,19,3,3,0,16,96,0,0,0.006,0.0,0.0,0.01,0,0.62
2016-04-03,SKU-025,WH-WI1,Baseline Legacy Rule,16,10,10,0,6,96,0,0,0.002,0.0,0.0,0.0,0,0.62
2016-04-04,SKU-025,WH-WI1,Baseline Legacy Rule,6,2,2,0,4,96,0,0,0.001,0.0,0.0,0.0,0,0.62
2016-04-05,SKU-025,WH-WI1,Baseline Legacy Rule,4,1,1,0,3,96,0,0,0.001,0.0,0.0,0.0,0,0.62
2016-04-06,SKU-025,WH-WI1,Baseline Legacy Rule,3,5,3,2,0,96,0,0,0.0,0.0,4.7,4.7,1,0.62
2016-04-07,SKU-025,WH-WI1,Baseline Legacy Rule,0,0,0,0,0,96,0,0,0.0,0.0,0.0,0.0,0,0.62
2016-04-08,SKU-025,WH-WI1,Baseline Legacy Rule,0,4,0,4,0,96,0,0,0.0,0.0,9.4,9.4,1,0.62
2016-04-09,SKU-025,WH-WI1,Baseline Legacy Rule,0,4,0,4,0,96,0,0,0.0,0.0,9.4,9.4,1,0.62
2016-04-10,SKU-025,WH-WI1,Baseline Legacy Rule,0,0,0,0,0,96,0,0,0.0,0.0,0.0,0.0,0,0.62
2016-04-11,SKU-025,WH-WI1,Baseline Legacy Rule,0,3,0,3,0,96,0,0,0.0,0.0,7.05,7.05,1,0.62
2016-04-12,SKU-025,WH-WI1,Baseline Legacy Rule,96,0,0,0,96,0,0,96,0.036,0.0,0.0,0.04,0,0.62
2016-04-13,SKU-025,WH-WI1,Baseline Legacy Rule,96,0,0,0,96,0,0,0,0.036,0.0,0.0,0.04,0,0.62
2016-04-14,SKU-025,WH-WI1,Baseline Legacy Rule,96,1,1,0,95,0,0,0,0.036,0.0,0.0,0.04,0,0.62
2016-04-15,SKU-025,WH-WI1,Baseline Legacy Rule,95,2,2,0,93,0,0,0,0.035,0.0,0.0,0.04,0,0.62
2016-04-16,SKU-025,WH-WI1,Baseline Legacy Rule,93,3,3,0,90,0,0,0,0.034,0.0,0.0,0.03,0,0.62
2016-04-17,SKU-025,WH-WI1,Baseline Legacy Rule,90,0,0,0,90,0,0,0,0.034,0.0,0.0,0.03,0,0.62
2016-04-18,SKU-025,WH-WI1,Baseline Legacy Rule,90,2,2,0,88,0,0,0,0.033,0.0,0.0,0.03,0,0.62
2016-04-19,SKU-025,WH-WI1,Baseline Legacy Rule,88,1,1,0,87,0,0,0,0.033,0.0,0.0,0.03,0,0.62
2016-04-20,SKU-025,WH-WI1,Baseline Legacy Rule,87,2,2,0,85,0,0,0,0.032,0.0,0.0,0.03,0,0.62
2016-04-21,SKU-025,WH-WI1,Baseline Legacy Rule,85,0,0,0,85,0,0,0,0.032,0.0,0.0,0.03,0,0.62
2016-04-22,SKU-025,WH-WI1,Baseline Legacy Rule,85,0,0,0,85,0,0,0,0.032,0.0,0.0,0.03,0,0.62
2016-04-23,SKU-025,WH-WI1,Baseline Legacy Rule,85,1,1,0,84,0,0,0,0.031,0.0,0.0,0.03,0,0.62
2016-04-24,SKU-025,WH-WI1,Baseline Legacy Rule,84,1,1,0,83,0,0,0,0.031,0.0,0.0,0.03,0,0.62
2016-03-28,SKU-026,WH-CA1,Baseline Legacy Rule,5,0,0,0,5,96,96,0,0.008,90.0,0.0,90.01,0,2.27
2016-03-29,SKU-026,WH-CA1,Baseline Legacy Rule,5,0,0,0,5,96,0,0,0.008,0.0,0.0,0.01,0,2.27
2016-03-30,SKU-026,WH-CA1,Baseline Legacy Rule,5,1,1,0,4,96,0,0,0.006,0.0,0.0,0.01,0,2.27
2016-03-31,SKU-026,WH-CA1,Baseline Legacy Rule,4,1,1,0,3,96,0,0,0.005,0.0,0.0,0.01,0,2.27
2016-04-01,SKU-026,WH-CA1,Baseline Legacy Rule,3,1,1,0,2,96,0,0,0.003,0.0,0.0,0.0,0,2.27
2016-04-02,SKU-026,WH-CA1,Baseline Legacy Rule,2,0,0,0,2,96,0,0,0.003,0.0,0.0,0.0,0,2.27
2016-04-03,SKU-026,WH-CA1,Baseline Legacy Rule,2,1,1,0,1,96,0,0,0.002,0.0,0.0,0.0,0,2.27
2016-04-04,SKU-026,WH-CA1,Baseline Legacy Rule,1,1,1,0,0,96,0,0,0.0,0.0,0.0,0.0,0,2.27
2016-04-05,SKU-026,WH-CA1,Baseline Legacy Rule,0,0,0,0,0,96,0,0,0.0,0.0,0.0,0.0,0,2.27
2016-04-06,SKU-026,WH-CA1,Baseline Legacy Rule,0,1,0,1,0,96,0,0,0.0,0.0,3.27,3.27,1,2.27
2016-04-07,SKU-026,WH-CA1,Baseline Legacy Rule,0,1,0,1,0,96,0,0,0.0,0.0,3.27,3.27,1,2.27
2016-04-08,SKU-026,WH-CA1,Baseline Legacy Rule,0,1,0,1,0,96,0,0,0.0,0.0,3.27,3.27,1,2.27
2016-04-09,SKU-026,WH-CA1,Baseline Legacy Rule,96,1,1,0,95,0,0,96,0.148,0.0,0.0,0.15,0,2.27
2016-04-10,SKU-026,WH-CA1,Baseline Legacy Rule,95,0,0,0,95,0,0,0,0.148,0.0,0.0,0.15,0,2.27
2016-04-11,SKU-026,WH-CA1,Baseline Legacy Rule,95,0,0,0,95,0,0,0,0.148,0.0,0.0,0.15,0,2.27
2016-04-12,SKU-026,WH-CA1,Baseline Legacy Rule,95,0,0,0,95,0,0,0,0.148,0.0,0.0,0.15,0,2.27
2016-04-13,SKU-026,WH-CA1,Baseline Legacy Rule,95,0,0,0,95,0,0,0,0.148,0.0,0.0,0.15,0,2.27
2016-04-14,SKU-026,WH-CA1,Baseline Legacy Rule,95,1,1,0,94,0,0,0,0.146,0.0,0.0,0.15,0,2.27
2016-04-15,SKU-026,WH-CA1,Baseline Legacy Rule,94,0,0,0,94,0,0,0,0.146,0.0,0.0,0.15,0,2.27
2016-04-16,SKU-026,WH-CA1,Baseline Legacy Rule,94,1,1,0,93,0,0,0,0.145,0.0,0.0,0.14,0,2.27
2016-04-17,SKU-026,WH-CA1,Baseline Legacy Rule,93,0,0,0,93,0,0,0,0.145,0.0,0.0,0.14,0,2.27
2016-04-18,SKU-026,WH-CA1,Baseline Legacy Rule,93,0,0,0,93,0,0,0,0.145,0.0,0.0,0.14,0,2.27
2016-04-19,SKU-026,WH-CA1,Baseline Legacy Rule,93,0,0,0,93,0,0,0,0.145,0.0,0.0,0.14,0,2.27
2016-04-20,SKU-026,WH-CA1,Baseline Legacy Rule,93,1,1,0,92,0,0,0,0.143,0.0,0.0,0.14,0,2.27
2016-04-21,SKU-026,WH-CA1,Baseline Legacy Rule,92,1,1,0,91,0,0,0,0.141,0.0,0.0,0.14,0,2.27
2016-04-22,SKU-026,WH-CA1,Baseline Legacy Rule,91,2,2,0,89,0,0,0,0.138,0.0,0.0,0.14,0,2.27
2016-04-23,SKU-026,WH-CA1,Baseline Legacy Rule,89,1,1,0,88,0,0,0,0.137,0.0,0.0,0.14,0,2.27
2016-04-24,SKU-026,WH-CA1,Baseline Legacy Rule,88,1,1,0,87,0,0,0,0.135,0.0,0.0,0.14,0,2.27
2016-03-28,SKU-026,WH-TX1,Baseline Legacy Rule,5,0,0,0,5,0,0,0,0.006,0.0,0.0,0.01,0,2.27
2016-03-29,SKU-026,WH-TX1,Baseline Legacy Rule,5,0,0,0,5,0,0,0,0.006,0.0,0.0,0.01,0,2.27
2016-03-30,SKU-026,WH-TX1,Baseline Legacy Rule,5,0,0,0,5,0,0,0,0.006,0.0,0.0,0.01,0,2.27
2016-03-31,SKU-026,WH-TX1,Baseline Legacy Rule,5,1,1,0,4,96,96,0,0.005,90.0,0.0,90.0,0,2.27
2016-04-01,SKU-026,WH-TX1,Baseline Legacy Rule,4,0,0,0,4,96,0,0,0.005,0.0,0.0,0.01,0,2.27
2016-04-02,SKU-026,WH-TX1,Baseline Legacy Rule,4,0,0,0,4,96,0,0,0.005,0.0,0.0,0.01,0,2.27
2016-04-03,SKU-026,WH-TX1,Baseline Legacy Rule,4,4,4,0,0,96,0,0,0.0,0.0,0.0,0.0,0,2.27
2016-04-04,SKU-026,WH-TX1,Baseline Legacy Rule,0,0,0,0,0,96,0,0,0.0,0.0,0.0,0.0,0,2.27
2016-04-05,SKU-026,WH-TX1,Baseline Legacy Rule,0,1,0,1,0,96,0,0,0.0,0.0,3.27,3.27,1,2.27
2016-04-06,SKU-026,WH-TX1,Baseline Legacy Rule,0,0,0,0,0,96,0,0,0.0,0.0,0.0,0.0,0,2.27
2016-04-07,SKU-026,WH-TX1,Baseline Legacy Rule,0,0,0,0,0,96,0,0,0.0,0.0,0.0,0.0,0,2.27
2016-04-08,SKU-026,WH-TX1,Baseline Legacy Rule,0,0,0,0,0,96,0,0,0.0,0.0,0.0,0.0,0,2.27
2016-04-09,SKU-026,WH-TX1,Baseline Legacy Rule,0,1,0,1,0,96,0,0,0.0,0.0,3.27,3.27,1,2.27
2016-04-10,SKU-026,WH-TX1,Baseline Legacy Rule,0,0,0,0,0,96,0,0,0.0,0.0,0.0,0.0,0,2.27
2016-04-11,SKU-026,WH-TX1,Baseline Legacy Rule,0,1,0,1,0,96,0,0,0.0,0.0,3.27,3.27,1,2.27
2016-04-12,SKU-026,WH-TX1,Baseline Legacy Rule,0,0,0,0,0,96,0,0,0.0,0.0,0.0,0.0,0,2.27
2016-04-13,SKU-026,WH-TX1,Baseline Legacy Rule,0,1,0,1,0,96,0,0,0.0,0.0,3.27,3.27,1,2.27
2016-04-14,SKU-026,WH-TX1,Baseline Legacy Rule,96,0,0,0,96,0,0,96,0.119,0.0,0.0,0.12,0,2.27
2016-04-15,SKU-026,WH-TX1,Baseline Legacy Rule,96,2,2,0,94,0,0,0,0.117,0.0,0.0,0.12,0,2.27
2016-04-16,SKU-026,WH-TX1,Baseline Legacy Rule,94,1,1,0,93,0,0,0,0.116,0.0,0.0,0.12,0,2.27
2016-04-17,SKU-026,WH-TX1,Baseline Legacy Rule,93,0,0,0,93,0,0,0,0.116,0.0,0.0,0.12,0,2.27
2016-04-18,SKU-026,WH-TX1,Baseline Legacy Rule,93,0,0,0,93,0,0,0,0.116,0.0,0.0,0.12,0,2.27
2016-04-19,SKU-026,WH-TX1,Baseline Legacy Rule,93,0,0,0,93,0,0,0,0.116,0.0,0.0,0.12,0,2.27
2016-04-20,SKU-026,WH-TX1,Baseline Legacy Rule,93,0,0,0,93,0,0,0,0.116,0.0,0.0,0.12,0,2.27
2016-04-21,SKU-026,WH-TX1,Baseline Legacy Rule,93,0,0,0,93,0,0,0,0.116,0.0,0.0,0.12,0,2.27
2016-04-22,SKU-026,WH-TX1,Baseline Legacy Rule,93,0,0,0,93,0,0,0,0.116,0.0,0.0,0.12,0,2.27
2016-04-23,SKU-026,WH-TX1,Baseline Legacy Rule,93,0,0,0,93,0,0,0,0.116,0.0,0.0,0.12,0,2.27
2016-04-24,SKU-026,WH-TX1,Baseline Legacy Rule,93,0,0,0,93,0,0,0,0.116,0.0,0.0,0.12,0,2.27
2016-03-28,SKU-026,WH-WI1,Baseline Legacy Rule,5,1,1,0,4,96,96,0,0.005,90.0,0.0,90.0,0,2.27
2016-03-29,SKU-026,WH-WI1,Baseline Legacy Rule,4,0,0,0,4,96,0,0,0.005,0.0,0.0,0.01,0,2.27
2016-03-30,SKU-026,WH-WI1,Baseline Legacy Rule,4,0,0,0,4,96,0,0,0.005,0.0,0.0,0.01,0,2.27
2016-03-31,SKU-026,WH-WI1,Baseline Legacy Rule,4,0,0,0,4,96,0,0,0.005,0.0,0.0,0.01,0,2.27
2016-04-01,SKU-026,WH-WI1,Baseline Legacy Rule,4,0,0,0,4,96,0,0,0.005,0.0,0.0,0.01,0,2.27
2016-04-02,SKU-026,WH-WI1,Baseline Legacy Rule,4,0,0,0,4,96,0,0,0.005,0.0,0.0,0.01,0,2.27
2016-04-03,SKU-026,WH-WI1,Baseline Legacy Rule,4,0,0,0,4,96,0,0,0.005,0.0,0.0,0.01,0,2.27
2016-04-04,SKU-026,WH-WI1,Baseline Legacy Rule,4,0,0,0,4,96,0,0,0.005,0.0,0.0,0.01,0,2.27
2016-04-05,SKU-026,WH-WI1,Baseline Legacy Rule,4,0,0,0,4,96,0,0,0.005,0.0,0.0,0.01,0,2.27
2016-04-06,SKU-026,WH-WI1,Baseline Legacy Rule,4,0,0,0,4,96,0,0,0.005,0.0,0.0,0.01,0,2.27
2016-04-07,SKU-026,WH-WI1,Baseline Legacy Rule,4,0,0,0,4,96,0,0,0.005,0.0,0.0,0.01,0,2.27
2016-04-08,SKU-026,WH-WI1,Baseline Legacy Rule,100,0,0,0,100,0,0,96,0.137,0.0,0.0,0.14,0,2.27
2016-04-09,SKU-026,WH-WI1,Baseline Legacy Rule,100,0,0,0,100,0,0,0,0.137,0.0,0.0,0.14,0,2.27
2016-04-10,SKU-026,WH-WI1,Baseline Legacy Rule,100,0,0,0,100,0,0,0,0.137,0.0,0.0,0.14,0,2.27
2016-04-11,SKU-026,WH-WI1,Baseline Legacy Rule,100,0,0,0,100,0,0,0,0.137,0.0,0.0,0.14,0,2.27
2016-04-12,SKU-026,WH-WI1,Baseline Legacy Rule,100,0,0,0,100,0,0,0,0.137,0.0,0.0,0.14,0,2.27
2016-04-13,SKU-026,WH-WI1,Baseline Legacy Rule,100,0,0,0,100,0,0,0,0.137,0.0,0.0,0.14,0,2.27
2016-04-14,SKU-026,WH-WI1,Baseline Legacy Rule,100,0,0,0,100,0,0,0,0.137,0.0,0.0,0.14,0,2.27
2016-04-15,SKU-026,WH-WI1,Baseline Legacy Rule,100,0,0,0,100,0,0,0,0.137,0.0,0.0,0.14,0,2.27
2016-04-16,SKU-026,WH-WI1,Baseline Legacy Rule,100,0,0,0,100,0,0,0,0.137,0.0,0.0,0.14,0,2.27
2016-04-17,SKU-026,WH-WI1,Baseline Legacy Rule,100,0,0,0,100,0,0,0,0.137,0.0,0.0,0.14,0,2.27
2016-04-18,SKU-026,WH-WI1,Baseline Legacy Rule,100,0,0,0,100,0,0,0,0.137,0.0,0.0,0.14,0,2.27
2016-04-19,SKU-026,WH-WI1,Baseline Legacy Rule,100,0,0,0,100,0,0,0,0.137,0.0,0.0,0.14,0,2.27
2016-04-20,SKU-026,WH-WI1,Baseline Legacy Rule,100,1,1,0,99,0,0,0,0.135,0.0,0.0,0.14,0,2.27
2016-04-21,SKU-026,WH-WI1,Baseline Legacy Rule,99,1,1,0,98,0,0,0,0.134,0.0,0.0,0.13,0,2.27
2016-04-22,SKU-026,WH-WI1,Baseline Legacy Rule,98,0,0,0,98,0,0,0,0.134,0.0,0.0,0.13,0,2.27
2016-04-23,SKU-026,WH-WI1,Baseline Legacy Rule,98,0,0,0,98,0,0,0,0.134,0.0,0.0,0.13,0,2.27
2016-04-24,SKU-026,WH-WI1,Baseline Legacy Rule,98,0,0,0,98,0,0,0,0.134,0.0,0.0,0.13,0,2.27
2016-03-28,SKU-027,WH-CA1,Baseline Legacy Rule,5,0,0,0,5,96,96,0,0.009,90.0,0.0,90.01,0,2.5
2016-03-29,SKU-027,WH-CA1,Baseline Legacy Rule,5,0,0,0,5,96,0,0,0.009,0.0,0.0,0.01,0,2.5
2016-03-30,SKU-027,WH-CA1,Baseline Legacy Rule,5,1,1,0,4,96,0,0,0.007,0.0,0.0,0.01,0,2.5
2016-03-31,SKU-027,WH-CA1,Baseline Legacy Rule,4,0,0,0,4,96,0,0,0.007,0.0,0.0,0.01,0,2.5
2016-04-01,SKU-027,WH-CA1,Baseline Legacy Rule,4,0,0,0,4,96,0,0,0.007,0.0,0.0,0.01,0,2.5
2016-04-02,SKU-027,WH-CA1,Baseline Legacy Rule,4,0,0,0,4,96,0,0,0.007,0.0,0.0,0.01,0,2.5
2016-04-03,SKU-027,WH-CA1,Baseline Legacy Rule,4,1,1,0,3,96,0,0,0.005,0.0,0.0,0.01,0,2.5
2016-04-04,SKU-027,WH-CA1,Baseline Legacy Rule,3,0,0,0,3,96,0,0,0.005,0.0,0.0,0.01,0,2.5
2016-04-05,SKU-027,WH-CA1,Baseline Legacy Rule,3,0,0,0,3,96,0,0,0.005,0.0,0.0,0.01,0,2.5
2016-04-06,SKU-027,WH-CA1,Baseline Legacy Rule,99,0,0,0,99,0,0,96,0.17,0.0,0.0,0.17,0,2.5
2016-04-07,SKU-027,WH-CA1,Baseline Legacy Rule,99,0,0,0,99,0,0,0,0.17,0.0,0.0,0.17,0,2.5
2016-04-08,SKU-027,WH-CA1,Baseline Legacy Rule,99,0,0,0,99,0,0,0,0.17,0.0,0.0,0.17,0,2.5
2016-04-09,SKU-027,WH-CA1,Baseline Legacy Rule,99,0,0,0,99,0,0,0,0.17,0.0,0.0,0.17,0,2.5
2016-04-10,SKU-027,WH-CA1,Baseline Legacy Rule,99,0,0,0,99,0,0,0,0.17,0.0,0.0,0.17,0,2.5
2016-04-11,SKU-027,WH-CA1,Baseline Legacy Rule,99,0,0,0,99,0,0,0,0.17,0.0,0.0,0.17,0,2.5
2016-04-12,SKU-027,WH-CA1,Baseline Legacy Rule,99,0,0,0,99,0,0,0,0.17,0.0,0.0,0.17,0,2.5
2016-04-13,SKU-027,WH-CA1,Baseline Legacy Rule,99,0,0,0,99,0,0,0,0.17,0.0,0.0,0.17,0,2.5
2016-04-14,SKU-027,WH-CA1,Baseline Legacy Rule,99,2,2,0,97,0,0,0,0.166,0.0,0.0,0.17,0,2.5
2016-04-15,SKU-027,WH-CA1,Baseline Legacy Rule,97,1,1,0,96,0,0,0,0.164,0.0,0.0,0.16,0,2.5
2016-04-16,SKU-027,WH-CA1,Baseline Legacy Rule,96,0,0,0,96,0,0,0,0.164,0.0,0.0,0.16,0,2.5
2016-04-17,SKU-027,WH-CA1,Baseline Legacy Rule,96,0,0,0,96,0,0,0,0.164,0.0,0.0,0.16,0,2.5
2016-04-18,SKU-027,WH-CA1,Baseline Legacy Rule,96,0,0,0,96,0,0,0,0.164,0.0,0.0,0.16,0,2.5
2016-04-19,SKU-027,WH-CA1,Baseline Legacy Rule,96,0,0,0,96,0,0,0,0.164,0.0,0.0,0.16,0,2.5
2016-04-20,SKU-027,WH-CA1,Baseline Legacy Rule,96,0,0,0,96,0,0,0,0.164,0.0,0.0,0.16,0,2.5
2016-04-21,SKU-027,WH-CA1,Baseline Legacy Rule,96,0,0,0,96,0,0,0,0.164,0.0,0.0,0.16,0,2.5
2016-04-22,SKU-027,WH-CA1,Baseline Legacy Rule,96,1,1,0,95,0,0,0,0.163,0.0,0.0,0.16,0,2.5
2016-04-23,SKU-027,WH-CA1,Baseline Legacy Rule,95,1,1,0,94,0,0,0,0.161,0.0,0.0,0.16,0,2.5
2016-04-24,SKU-027,WH-CA1,Baseline Legacy Rule,94,1,1,0,93,0,0,0,0.159,0.0,0.0,0.16,0,2.5
2016-03-28,SKU-027,WH-TX1,Baseline Legacy Rule,5,0,0,0,5,96,96,0,0.007,90.0,0.0,90.01,0,2.5
2016-03-29,SKU-027,WH-TX1,Baseline Legacy Rule,5,0,0,0,5,96,0,0,0.007,0.0,0.0,0.01,0,2.5
2016-03-30,SKU-027,WH-TX1,Baseline Legacy Rule,5,0,0,0,5,96,0,0,0.007,0.0,0.0,0.01,0,2.5
2016-03-31,SKU-027,WH-TX1,Baseline Legacy Rule,5,1,1,0,4,96,0,0,0.005,0.0,0.0,0.01,0,2.5
2016-04-01,SKU-027,WH-TX1,Baseline Legacy Rule,4,0,0,0,4,96,0,0,0.005,0.0,0.0,0.01,0,2.5
2016-04-02,SKU-027,WH-TX1,Baseline Legacy Rule,4,0,0,0,4,96,0,0,0.005,0.0,0.0,0.01,0,2.5
2016-04-03,SKU-027,WH-TX1,Baseline Legacy Rule,4,0,0,0,4,96,0,0,0.005,0.0,0.0,0.01,0,2.5
2016-04-04,SKU-027,WH-TX1,Baseline Legacy Rule,4,0,0,0,4,96,0,0,0.005,0.0,0.0,0.01,0,2.5
2016-04-05,SKU-027,WH-TX1,Baseline Legacy Rule,4,0,0,0,4,96,0,0,0.005,0.0,0.0,0.01,0,2.5
2016-04-06,SKU-027,WH-TX1,Baseline Legacy Rule,100,0,0,0,100,0,0,96,0.137,0.0,0.0,0.14,0,2.5
2016-04-07,SKU-027,WH-TX1,Baseline Legacy Rule,100,0,0,0,100,0,0,0,0.137,0.0,0.0,0.14,0,2.5
2016-04-08,SKU-027,WH-TX1,Baseline Legacy Rule,100,0,0,0,100,0,0,0,0.137,0.0,0.0,0.14,0,2.5
2016-04-09,SKU-027,WH-TX1,Baseline Legacy Rule,100,2,2,0,98,0,0,0,0.134,0.0,0.0,0.13,0,2.5
2016-04-10,SKU-027,WH-TX1,Baseline Legacy Rule,98,0,0,0,98,0,0,0,0.134,0.0,0.0,0.13,0,2.5
2016-04-11,SKU-027,WH-TX1,Baseline Legacy Rule,98,0,0,0,98,0,0,0,0.134,0.0,0.0,0.13,0,2.5
2016-04-12,SKU-027,WH-TX1,Baseline Legacy Rule,98,0,0,0,98,0,0,0,0.134,0.0,0.0,0.13,0,2.5
2016-04-13,SKU-027,WH-TX1,Baseline Legacy Rule,98,0,0,0,98,0,0,0,0.134,0.0,0.0,0.13,0,2.5
2016-04-14,SKU-027,WH-TX1,Baseline Legacy Rule,98,0,0,0,98,0,0,0,0.134,0.0,0.0,0.13,0,2.5
2016-04-15,SKU-027,WH-TX1,Baseline Legacy Rule,98,0,0,0,98,0,0,0,0.134,0.0,0.0,0.13,0,2.5
2016-04-16,SKU-027,WH-TX1,Baseline Legacy Rule,98,0,0,0,98,0,0,0,0.134,0.0,0.0,0.13,0,2.5
2016-04-17,SKU-027,WH-TX1,Baseline Legacy Rule,98,0,0,0,98,0,0,0,0.134,0.0,0.0,0.13,0,2.5
2016-04-18,SKU-027,WH-TX1,Baseline Legacy Rule,98,0,0,0,98,0,0,0,0.134,0.0,0.0,0.13,0,2.5
2016-04-19,SKU-027,WH-TX1,Baseline Legacy Rule,98,0,0,0,98,0,0,0,0.134,0.0,0.0,0.13,0,2.5
2016-04-20,SKU-027,WH-TX1,Baseline Legacy Rule,98,0,0,0,98,0,0,0,0.134,0.0,0.0,0.13,0,2.5
2016-04-21,SKU-027,WH-TX1,Baseline Legacy Rule,98,0,0,0,98,0,0,0,0.134,0.0,0.0,0.13,0,2.5
2016-04-22,SKU-027,WH-TX1,Baseline Legacy Rule,98,0,0,0,98,0,0,0,0.134,0.0,0.0,0.13,0,2.5
2016-04-23,SKU-027,WH-TX1,Baseline Legacy Rule,98,2,2,0,96,0,0,0,0.132,0.0,0.0,0.13,0,2.5
2016-04-24,SKU-027,WH-TX1,Baseline Legacy Rule,96,1,1,0,95,0,0,0,0.13,0.0,0.0,0.13,0,2.5
2016-03-28,SKU-027,WH-WI1,Baseline Legacy Rule,5,0,0,0,5,96,96,0,0.008,90.0,0.0,90.01,0,2.5
2016-03-29,SKU-027,WH-WI1,Baseline Legacy Rule,5,0,0,0,5,96,0,0,0.008,0.0,0.0,0.01,0,2.5
2016-03-30,SKU-027,WH-WI1,Baseline Legacy Rule,5,0,0,0,5,96,0,0,0.008,0.0,0.0,0.01,0,2.5
2016-03-31,SKU-027,WH-WI1,Baseline Legacy Rule,5,0,0,0,5,96,0,0,0.008,0.0,0.0,0.01,0,2.5
2016-04-01,SKU-027,WH-WI1,Baseline Legacy Rule,5,0,0,0,5,96,0,0,0.008,0.0,0.0,0.01,0,2.5
2016-04-02,SKU-027,WH-WI1,Baseline Legacy Rule,5,0,0,0,5,96,0,0,0.008,0.0,0.0,0.01,0,2.5
2016-04-03,SKU-027,WH-WI1,Baseline Legacy Rule,5,0,0,0,5,96,0,0,0.008,0.0,0.0,0.01,0,2.5
2016-04-04,SKU-027,WH-WI1,Baseline Legacy Rule,101,2,2,0,99,0,0,96,0.149,0.0,0.0,0.15,0,2.5
2016-04-05,SKU-027,WH-WI1,Baseline Legacy Rule,99,0,0,0,99,0,0,0,0.149,0.0,0.0,0.15,0,2.5
2016-04-06,SKU-027,WH-WI1,Baseline Legacy Rule,99,0,0,0,99,0,0,0,0.149,0.0,0.0,0.15,0,2.5
2016-04-07,SKU-027,WH-WI1,Baseline Legacy Rule,99,0,0,0,99,0,0,0,0.149,0.0,0.0,0.15,0,2.5
2016-04-08,SKU-027,WH-WI1,Baseline Legacy Rule,99,0,0,0,99,0,0,0,0.149,0.0,0.0,0.15,0,2.5
2016-04-09,SKU-027,WH-WI1,Baseline Legacy Rule,99,2,2,0,97,0,0,0,0.146,0.0,0.0,0.15,0,2.5
2016-04-10,SKU-027,WH-WI1,Baseline Legacy Rule,97,0,0,0,97,0,0,0,0.146,0.0,0.0,0.15,0,2.5
2016-04-11,SKU-027,WH-WI1,Baseline Legacy Rule,97,0,0,0,97,0,0,0,0.146,0.0,0.0,0.15,0,2.5
2016-04-12,SKU-027,WH-WI1,Baseline Legacy Rule,97,0,0,0,97,0,0,0,0.146,0.0,0.0,0.15,0,2.5
2016-04-13,SKU-027,WH-WI1,Baseline Legacy Rule,97,1,1,0,96,0,0,0,0.145,0.0,0.0,0.14,0,2.5
2016-04-14,SKU-027,WH-WI1,Baseline Legacy Rule,96,0,0,0,96,0,0,0,0.145,0.0,0.0,0.14,0,2.5
2016-04-15,SKU-027,WH-WI1,Baseline Legacy Rule,96,0,0,0,96,0,0,0,0.145,0.0,0.0,0.14,0,2.5
2016-04-16,SKU-027,WH-WI1,Baseline Legacy Rule,96,1,1,0,95,0,0,0,0.143,0.0,0.0,0.14,0,2.5
2016-04-17,SKU-027,WH-WI1,Baseline Legacy Rule,95,1,1,0,94,0,0,0,0.142,0.0,0.0,0.14,0,2.5
2016-04-18,SKU-027,WH-WI1,Baseline Legacy Rule,94,0,0,0,94,0,0,0,0.142,0.0,0.0,0.14,0,2.5
2016-04-19,SKU-027,WH-WI1,Baseline Legacy Rule,94,0,0,0,94,0,0,0,0.142,0.0,0.0,0.14,0,2.5
2016-04-20,SKU-027,WH-WI1,Baseline Legacy Rule,94,0,0,0,94,0,0,0,0.142,0.0,0.0,0.14,0,2.5
2016-04-21,SKU-027,WH-WI1,Baseline Legacy Rule,94,0,0,0,94,0,0,0,0.142,0.0,0.0,0.14,0,2.5
2016-04-22,SKU-027,WH-WI1,Baseline Legacy Rule,94,0,0,0,94,0,0,0,0.142,0.0,0.0,0.14,0,2.5
2016-04-23,SKU-027,WH-WI1,Baseline Legacy Rule,94,0,0,0,94,0,0,0,0.142,0.0,0.0,0.14,0,2.5
2016-04-24,SKU-027,WH-WI1,Baseline Legacy Rule,94,0,0,0,94,0,0,0,0.142,0.0,0.0,0.14,0,2.5
2016-03-28,SKU-028,WH-CA1,Baseline Legacy Rule,13,1,1,0,12,48,48,0,0.053,90.0,0.0,90.05,0,6.44
2016-03-29,SKU-028,WH-CA1,Baseline Legacy Rule,12,2,2,0,10,48,0,0,0.044,0.0,0.0,0.04,0,6.44
2016-03-30,SKU-028,WH-CA1,Baseline Legacy Rule,10,1,1,0,9,48,0,0,0.04,0.0,0.0,0.04,0,6.44
2016-03-31,SKU-028,WH-CA1,Baseline Legacy Rule,9,3,3,0,6,48,0,0,0.026,0.0,0.0,0.03,0,6.44
2016-04-01,SKU-028,WH-CA1,Baseline Legacy Rule,6,2,2,0,4,48,0,0,0.018,0.0,0.0,0.02,0,6.44
2016-04-02,SKU-028,WH-CA1,Baseline Legacy Rule,4,3,3,0,1,48,0,0,0.004,0.0,0.0,0.0,0,6.44
2016-04-03,SKU-028,WH-CA1,Baseline Legacy Rule,1,0,0,0,1,48,0,0,0.004,0.0,0.0,0.0,0,6.44
2016-04-04,SKU-028,WH-CA1,Baseline Legacy Rule,1,2,1,1,0,48,0,0,0.0,0.0,5.63,5.63,1,6.44
2016-04-05,SKU-028,WH-CA1,Baseline Legacy Rule,0,1,0,1,0,48,0,0,0.0,0.0,5.63,5.63,1,6.44
2016-04-06,SKU-028,WH-CA1,Baseline Legacy Rule,0,1,0,1,0,48,0,0,0.0,0.0,5.63,5.63,1,6.44
2016-04-07,SKU-028,WH-CA1,Baseline Legacy Rule,0,1,0,1,0,48,0,0,0.0,0.0,5.63,5.63,1,6.44
2016-04-08,SKU-028,WH-CA1,Baseline Legacy Rule,0,1,0,1,0,48,0,0,0.0,0.0,5.63,5.63,1,6.44
2016-04-09,SKU-028,WH-CA1,Baseline Legacy Rule,0,2,0,2,0,48,0,0,0.0,0.0,11.26,11.26,1,6.44
2016-04-10,SKU-028,WH-CA1,Baseline Legacy Rule,0,3,0,3,0,48,0,0,0.0,0.0,16.89,16.89,1,6.44
2016-04-11,SKU-028,WH-CA1,Baseline Legacy Rule,0,5,0,5,0,48,0,0,0.0,0.0,28.15,28.15,1,6.44
2016-04-12,SKU-028,WH-CA1,Baseline Legacy Rule,48,1,1,0,47,0,0,48,0.207,0.0,0.0,0.21,0,6.44
2016-04-13,SKU-028,WH-CA1,Baseline Legacy Rule,47,0,0,0,47,0,0,0,0.207,0.0,0.0,0.21,0,6.44
2016-04-14,SKU-028,WH-CA1,Baseline Legacy Rule,47,0,0,0,47,0,0,0,0.207,0.0,0.0,0.21,0,6.44
2016-04-15,SKU-028,WH-CA1,Baseline Legacy Rule,47,1,1,0,46,0,0,0,0.203,0.0,0.0,0.2,0,6.44
2016-04-16,SKU-028,WH-CA1,Baseline Legacy Rule,46,2,2,0,44,0,0,0,0.194,0.0,0.0,0.19,0,6.44
2016-04-17,SKU-028,WH-CA1,Baseline Legacy Rule,44,3,3,0,41,0,0,0,0.181,0.0,0.0,0.18,0,6.44
2016-04-18,SKU-028,WH-CA1,Baseline Legacy Rule,41,1,1,0,40,0,0,0,0.176,0.0,0.0,0.18,0,6.44
2016-04-19,SKU-028,WH-CA1,Baseline Legacy Rule,40,0,0,0,40,0,0,0,0.176,0.0,0.0,0.18,0,6.44
2016-04-20,SKU-028,WH-CA1,Baseline Legacy Rule,40,0,0,0,40,0,0,0,0.176,0.0,0.0,0.18,0,6.44
2016-04-21,SKU-028,WH-CA1,Baseline Legacy Rule,40,1,1,0,39,0,0,0,0.172,0.0,0.0,0.17,0,6.44
2016-04-22,SKU-028,WH-CA1,Baseline Legacy Rule,39,1,1,0,38,0,0,0,0.168,0.0,0.0,0.17,0,6.44
2016-04-23,SKU-028,WH-CA1,Baseline Legacy Rule,38,5,5,0,33,0,0,0,0.146,0.0,0.0,0.15,0,6.44
2016-04-24,SKU-028,WH-CA1,Baseline Legacy Rule,33,3,3,0,30,0,0,0,0.132,0.0,0.0,0.13,0,6.44
2016-03-28,SKU-028,WH-TX1,Baseline Legacy Rule,23,0,0,0,23,60,60,0,0.081,90.0,0.0,90.08,0,6.44
2016-03-29,SKU-028,WH-TX1,Baseline Legacy Rule,23,1,1,0,22,60,0,0,0.078,0.0,0.0,0.08,0,6.44
2016-03-30,SKU-028,WH-TX1,Baseline Legacy Rule,22,4,4,0,18,60,0,0,0.064,0.0,0.0,0.06,0,6.44
2016-03-31,SKU-028,WH-TX1,Baseline Legacy Rule,18,6,6,0,12,60,0,0,0.042,0.0,0.0,0.04,0,6.44
2016-04-01,SKU-028,WH-TX1,Baseline Legacy Rule,12,0,0,0,12,60,0,0,0.042,0.0,0.0,0.04,0,6.44
2016-04-02,SKU-028,WH-TX1,Baseline Legacy Rule,12,8,8,0,4,60,0,0,0.014,0.0,0.0,0.01,0,6.44
2016-04-03,SKU-028,WH-TX1,Baseline Legacy Rule,4,2,2,0,2,60,0,0,0.007,0.0,0.0,0.01,0,6.44
2016-04-04,SKU-028,WH-TX1,Baseline Legacy Rule,2,0,0,0,2,60,0,0,0.007,0.0,0.0,0.01,0,6.44
2016-04-05,SKU-028,WH-TX1,Baseline Legacy Rule,2,5,2,3,0,60,0,0,0.0,0.0,16.89,16.89,1,6.44
2016-04-06,SKU-028,WH-TX1,Baseline Legacy Rule,0,1,0,1,0,60,0,0,0.0,0.0,5.63,5.63,1,6.44
2016-04-07,SKU-028,WH-TX1,Baseline Legacy Rule,0,3,0,3,0,60,0,0,0.0,0.0,16.89,16.89,1,6.44
2016-04-08,SKU-028,WH-TX1,Baseline Legacy Rule,0,4,0,4,0,60,0,0,0.0,0.0,22.52,22.52,1,6.44
2016-04-09,SKU-028,WH-TX1,Baseline Legacy Rule,0,2,0,2,0,60,0,0,0.0,0.0,11.26,11.26,1,6.44
2016-04-10,SKU-028,WH-TX1,Baseline Legacy Rule,0,2,0,2,0,60,0,0,0.0,0.0,11.26,11.26,1,6.44
2016-04-11,SKU-028,WH-TX1,Baseline Legacy Rule,0,5,0,5,0,60,0,0,0.0,0.0,28.15,28.15,1,6.44
2016-04-12,SKU-028,WH-TX1,Baseline Legacy Rule,60,4,4,0,56,0,0,60,0.198,0.0,0.0,0.2,0,6.44
2016-04-13,SKU-028,WH-TX1,Baseline Legacy Rule,56,1,1,0,55,0,0,0,0.194,0.0,0.0,0.19,0,6.44
2016-04-14,SKU-028,WH-TX1,Baseline Legacy Rule,55,4,4,0,51,0,0,0,0.18,0.0,0.0,0.18,0,6.44
2016-04-15,SKU-028,WH-TX1,Baseline Legacy Rule,51,4,4,0,47,0,0,0,0.166,0.0,0.0,0.17,0,6.44
2016-04-16,SKU-028,WH-TX1,Baseline Legacy Rule,47,1,1,0,46,0,0,0,0.162,0.0,0.0,0.16,0,6.44
2016-04-17,SKU-028,WH-TX1,Baseline Legacy Rule,46,5,5,0,41,0,0,0,0.145,0.0,0.0,0.14,0,6.44
2016-04-18,SKU-028,WH-TX1,Baseline Legacy Rule,41,1,1,0,40,0,0,0,0.141,0.0,0.0,0.14,0,6.44
2016-04-19,SKU-028,WH-TX1,Baseline Legacy Rule,40,1,1,0,39,0,0,0,0.138,0.0,0.0,0.14,0,6.44
2016-04-20,SKU-028,WH-TX1,Baseline Legacy Rule,39,3,3,0,36,0,0,0,0.127,0.0,0.0,0.13,0,6.44
2016-04-21,SKU-028,WH-TX1,Baseline Legacy Rule,36,0,0,0,36,0,0,0,0.127,0.0,0.0,0.13,0,6.44
2016-04-22,SKU-028,WH-TX1,Baseline Legacy Rule,36,4,4,0,32,60,60,0,0.113,90.0,0.0,90.11,0,6.44
2016-04-23,SKU-028,WH-TX1,Baseline Legacy Rule,32,1,1,0,31,60,0,0,0.109,0.0,0.0,0.11,0,6.44
2016-04-24,SKU-028,WH-TX1,Baseline Legacy Rule,31,1,1,0,30,60,0,0,0.106,0.0,0.0,0.11,0,6.44
2016-03-28,SKU-028,WH-WI1,Baseline Legacy Rule,5,1,1,0,4,48,48,0,0.016,90.0,0.0,90.02,0,6.44
2016-03-29,SKU-028,WH-WI1,Baseline Legacy Rule,4,0,0,0,4,48,0,0,0.016,0.0,0.0,0.02,0,6.44
2016-03-30,SKU-028,WH-WI1,Baseline Legacy Rule,4,1,1,0,3,48,0,0,0.012,0.0,0.0,0.01,0,6.44
2016-03-31,SKU-028,WH-WI1,Baseline Legacy Rule,3,0,0,0,3,48,0,0,0.012,0.0,0.0,0.01,0,6.44
2016-04-01,SKU-028,WH-WI1,Baseline Legacy Rule,3,1,1,0,2,48,0,0,0.008,0.0,0.0,0.01,0,6.44
2016-04-02,SKU-028,WH-WI1,Baseline Legacy Rule,2,1,1,0,1,48,0,0,0.004,0.0,0.0,0.0,0,6.44
2016-04-03,SKU-028,WH-WI1,Baseline Legacy Rule,1,0,0,0,1,48,0,0,0.004,0.0,0.0,0.0,0,6.44
2016-04-04,SKU-028,WH-WI1,Baseline Legacy Rule,1,0,0,0,1,48,0,0,0.004,0.0,0.0,0.0,0,6.44
2016-04-05,SKU-028,WH-WI1,Baseline Legacy Rule,1,0,0,0,1,48,0,0,0.004,0.0,0.0,0.0,0,6.44
2016-04-06,SKU-028,WH-WI1,Baseline Legacy Rule,1,0,0,0,1,48,0,0,0.004,0.0,0.0,0.0,0,6.44
2016-04-07,SKU-028,WH-WI1,Baseline Legacy Rule,1,1,1,0,0,48,0,0,0.0,0.0,0.0,0.0,0,6.44
2016-04-08,SKU-028,WH-WI1,Baseline Legacy Rule,0,0,0,0,0,48,0,0,0.0,0.0,0.0,0.0,0,6.44
2016-04-09,SKU-028,WH-WI1,Baseline Legacy Rule,0,1,0,1,0,48,0,0,0.0,0.0,5.63,5.63,1,6.44
2016-04-10,SKU-028,WH-WI1,Baseline Legacy Rule,48,0,0,0,48,0,0,48,0.186,0.0,0.0,0.19,0,6.44
2016-04-11,SKU-028,WH-WI1,Baseline Legacy Rule,48,0,0,0,48,0,0,0,0.186,0.0,0.0,0.19,0,6.44
2016-04-12,SKU-028,WH-WI1,Baseline Legacy Rule,48,0,0,0,48,0,0,0,0.186,0.0,0.0,0.19,0,6.44
2016-04-13,SKU-028,WH-WI1,Baseline Legacy Rule,48,0,0,0,48,0,0,0,0.186,0.0,0.0,0.19,0,6.44
2016-04-14,SKU-028,WH-WI1,Baseline Legacy Rule,48,1,1,0,47,0,0,0,0.182,0.0,0.0,0.18,0,6.44
2016-04-15,SKU-028,WH-WI1,Baseline Legacy Rule,47,0,0,0,47,0,0,0,0.182,0.0,0.0,0.18,0,6.44
2016-04-16,SKU-028,WH-WI1,Baseline Legacy Rule,47,0,0,0,47,0,0,0,0.182,0.0,0.0,0.18,0,6.44
2016-04-17,SKU-028,WH-WI1,Baseline Legacy Rule,47,0,0,0,47,0,0,0,0.182,0.0,0.0,0.18,0,6.44
2016-04-18,SKU-028,WH-WI1,Baseline Legacy Rule,47,0,0,0,47,0,0,0,0.182,0.0,0.0,0.18,0,6.44
2016-04-19,SKU-028,WH-WI1,Baseline Legacy Rule,47,0,0,0,47,0,0,0,0.182,0.0,0.0,0.18,0,6.44
2016-04-20,SKU-028,WH-WI1,Baseline Legacy Rule,47,0,0,0,47,0,0,0,0.182,0.0,0.0,0.18,0,6.44
2016-04-21,SKU-028,WH-WI1,Baseline Legacy Rule,47,1,1,0,46,0,0,0,0.179,0.0,0.0,0.18,0,6.44
2016-04-22,SKU-028,WH-WI1,Baseline Legacy Rule,46,0,0,0,46,0,0,0,0.179,0.0,0.0,0.18,0,6.44
2016-04-23,SKU-028,WH-WI1,Baseline Legacy Rule,46,0,0,0,46,0,0,0,0.179,0.0,0.0,0.18,0,6.44
2016-04-24,SKU-028,WH-WI1,Baseline Legacy Rule,46,1,1,0,45,0,0,0,0.175,0.0,0.0,0.17,0,6.44
2016-03-28,SKU-029,WH-CA1,Baseline Legacy Rule,7,0,0,0,7,48,48,0,0.037,90.0,0.0,90.04,0,7.73
2016-03-29,SKU-029,WH-CA1,Baseline Legacy Rule,7,0,0,0,7,48,0,0,0.037,0.0,0.0,0.04,0,7.73
2016-03-30,SKU-029,WH-CA1,Baseline Legacy Rule,7,0,0,0,7,48,0,0,0.037,0.0,0.0,0.04,0,7.73
2016-03-31,SKU-029,WH-CA1,Baseline Legacy Rule,7,0,0,0,7,48,0,0,0.037,0.0,0.0,0.04,0,7.73
2016-04-01,SKU-029,WH-CA1,Baseline Legacy Rule,7,1,1,0,6,48,0,0,0.032,0.0,0.0,0.03,0,7.73
2016-04-02,SKU-029,WH-CA1,Baseline Legacy Rule,6,2,2,0,4,48,0,0,0.021,0.0,0.0,0.02,0,7.73
2016-04-03,SKU-029,WH-CA1,Baseline Legacy Rule,4,3,3,0,1,48,0,0,0.005,0.0,0.0,0.01,0,7.73
2016-04-04,SKU-029,WH-CA1,Baseline Legacy Rule,1,4,1,3,0,48,0,0,0.0,0.0,19.05,19.05,1,7.73
2016-04-05,SKU-029,WH-CA1,Baseline Legacy Rule,0,1,0,1,0,48,0,0,0.0,0.0,6.35,6.35,1,7.73
2016-04-06,SKU-029,WH-CA1,Baseline Legacy Rule,48,1,1,0,47,0,0,48,0.249,0.0,0.0,0.25,0,7.73
2016-04-07,SKU-029,WH-CA1,Baseline Legacy Rule,47,1,1,0,46,0,0,0,0.244,0.0,0.0,0.24,0,7.73
2016-04-08,SKU-029,WH-CA1,Baseline Legacy Rule,46,0,0,0,46,0,0,0,0.244,0.0,0.0,0.24,0,7.73
2016-04-09,SKU-029,WH-CA1,Baseline Legacy Rule,46,0,0,0,46,0,0,0,0.244,0.0,0.0,0.24,0,7.73
2016-04-10,SKU-029,WH-CA1,Baseline Legacy Rule,46,4,4,0,42,0,0,0,0.222,0.0,0.0,0.22,0,7.73
2016-04-11,SKU-029,WH-CA1,Baseline Legacy Rule,42,2,2,0,40,0,0,0,0.212,0.0,0.0,0.21,0,7.73
2016-04-12,SKU-029,WH-CA1,Baseline Legacy Rule,40,0,0,0,40,0,0,0,0.212,0.0,0.0,0.21,0,7.73
2016-04-13,SKU-029,WH-CA1,Baseline Legacy Rule,40,1,1,0,39,0,0,0,0.206,0.0,0.0,0.21,0,7.73
2016-04-14,SKU-029,WH-CA1,Baseline Legacy Rule,39,3,3,0,36,0,0,0,0.191,0.0,0.0,0.19,0,7.73
2016-04-15,SKU-029,WH-CA1,Baseline Legacy Rule,36,2,2,0,34,0,0,0,0.18,0.0,0.0,0.18,0,7.73
2016-04-16,SKU-029,WH-CA1,Baseline Legacy Rule,34,3,3,0,31,0,0,0,0.164,0.0,0.0,0.16,0,7.73
2016-04-17,SKU-029,WH-CA1,Baseline Legacy Rule,31,2,2,0,29,0,0,0,0.154,0.0,0.0,0.15,0,7.73
2016-04-18,SKU-029,WH-CA1,Baseline Legacy Rule,29,1,1,0,28,0,0,0,0.148,0.0,0.0,0.15,0,7.73
2016-04-19,SKU-029,WH-CA1,Baseline Legacy Rule,28,3,3,0,25,0,0,0,0.132,0.0,0.0,0.13,0,7.73
2016-04-20,SKU-029,WH-CA1,Baseline Legacy Rule,25,2,2,0,23,0,0,0,0.122,0.0,0.0,0.12,0,7.73
2016-04-21,SKU-029,WH-CA1,Baseline Legacy Rule,23,0,0,0,23,0,0,0,0.122,0.0,0.0,0.12,0,7.73
2016-04-22,SKU-029,WH-CA1,Baseline Legacy Rule,23,3,3,0,20,0,0,0,0.106,0.0,0.0,0.11,0,7.73
2016-04-23,SKU-029,WH-CA1,Baseline Legacy Rule,20,3,3,0,17,0,0,0,0.09,0.0,0.0,0.09,0,7.73
2016-04-24,SKU-029,WH-CA1,Baseline Legacy Rule,17,2,2,0,15,0,0,0,0.079,0.0,0.0,0.08,0,7.73
2016-03-28,SKU-029,WH-TX1,Baseline Legacy Rule,8,0,0,0,8,48,48,0,0.034,90.0,0.0,90.03,0,7.73
2016-03-29,SKU-029,WH-TX1,Baseline Legacy Rule,8,0,0,0,8,48,0,0,0.034,0.0,0.0,0.03,0,7.73
2016-03-30,SKU-029,WH-TX1,Baseline Legacy Rule,8,0,0,0,8,48,0,0,0.034,0.0,0.0,0.03,0,7.73
2016-03-31,SKU-029,WH-TX1,Baseline Legacy Rule,8,2,2,0,6,48,0,0,0.025,0.0,0.0,0.03,0,7.73
2016-04-01,SKU-029,WH-TX1,Baseline Legacy Rule,6,2,2,0,4,48,0,0,0.017,0.0,0.0,0.02,0,7.73
2016-04-02,SKU-029,WH-TX1,Baseline Legacy Rule,4,6,4,2,0,48,0,0,0.0,0.0,12.7,12.7,1,7.73
2016-04-03,SKU-029,WH-TX1,Baseline Legacy Rule,0,3,0,3,0,48,0,0,0.0,0.0,19.05,19.05,1,7.73
2016-04-04,SKU-029,WH-TX1,Baseline Legacy Rule,0,2,0,2,0,48,0,0,0.0,0.0,12.7,12.7,1,7.73
2016-04-05,SKU-029,WH-TX1,Baseline Legacy Rule,0,0,0,0,0,48,0,0,0.0,0.0,0.0,0.0,0,7.73
2016-04-06,SKU-029,WH-TX1,Baseline Legacy Rule,0,3,0,3,0,48,0,0,0.0,0.0,19.05,19.05,1,7.73
2016-04-07,SKU-029,WH-TX1,Baseline Legacy Rule,0,0,0,0,0,48,0,0,0.0,0.0,0.0,0.0,0,7.73
2016-04-08,SKU-029,WH-TX1,Baseline Legacy Rule,48,5,5,0,43,0,0,48,0.182,0.0,0.0,0.18,0,7.73
2016-04-09,SKU-029,WH-TX1,Baseline Legacy Rule,43,2,2,0,41,0,0,0,0.174,0.0,0.0,0.17,0,7.73
2016-04-10,SKU-029,WH-TX1,Baseline Legacy Rule,41,4,4,0,37,0,0,0,0.157,0.0,0.0,0.16,0,7.73
2016-04-11,SKU-029,WH-TX1,Baseline Legacy Rule,37,0,0,0,37,0,0,0,0.157,0.0,0.0,0.16,0,7.73
2016-04-12,SKU-029,WH-TX1,Baseline Legacy Rule,37,2,2,0,35,0,0,0,0.148,0.0,0.0,0.15,0,7.73
2016-04-13,SKU-029,WH-TX1,Baseline Legacy Rule,35,1,1,0,34,0,0,0,0.144,0.0,0.0,0.14,0,7.73
2016-04-14,SKU-029,WH-TX1,Baseline Legacy Rule,34,1,1,0,33,0,0,0,0.14,0.0,0.0,0.14,0,7.73
2016-04-15,SKU-029,WH-TX1,Baseline Legacy Rule,33,0,0,0,33,0,0,0,0.14,0.0,0.0,0.14,0,7.73
2016-04-16,SKU-029,WH-TX1,Baseline Legacy Rule,33,4,4,0,29,0,0,0,0.123,0.0,0.0,0.12,0,7.73
2016-04-17,SKU-029,WH-TX1,Baseline Legacy Rule,29,1,1,0,28,0,0,0,0.119,0.0,0.0,0.12,0,7.73
2016-04-18,SKU-029,WH-TX1,Baseline Legacy Rule,28,3,3,0,25,0,0,0,0.106,0.0,0.0,0.11,0,7.73
2016-04-19,SKU-029,WH-TX1,Baseline Legacy Rule,25,2,2,0,23,0,0,0,0.097,0.0,0.0,0.1,0,7.73
2016-04-20,SKU-029,WH-TX1,Baseline Legacy Rule,23,8,8,0,15,0,0,0,0.064,0.0,0.0,0.06,0,7.73
2016-04-21,SKU-029,WH-TX1,Baseline Legacy Rule,15,3,3,0,12,48,48,0,0.051,90.0,0.0,90.05,0,7.73
2016-04-22,SKU-029,WH-TX1,Baseline Legacy Rule,12,2,2,0,10,48,0,0,0.042,0.0,0.0,0.04,0,7.73
2016-04-23,SKU-029,WH-TX1,Baseline Legacy Rule,10,1,1,0,9,48,0,0,0.038,0.0,0.0,0.04,0,7.73
2016-04-24,SKU-029,WH-TX1,Baseline Legacy Rule,9,3,3,0,6,48,0,0,0.025,0.0,0.0,0.03,0,7.73
2016-03-28,SKU-029,WH-WI1,Baseline Legacy Rule,6,0,0,0,6,48,48,0,0.028,90.0,0.0,90.03,0,7.73
2016-03-29,SKU-029,WH-WI1,Baseline Legacy Rule,6,0,0,0,6,48,0,0,0.028,0.0,0.0,0.03,0,7.73
2016-03-30,SKU-029,WH-WI1,Baseline Legacy Rule,6,0,0,0,6,48,0,0,0.028,0.0,0.0,0.03,0,7.73
2016-03-31,SKU-029,WH-WI1,Baseline Legacy Rule,6,0,0,0,6,48,0,0,0.028,0.0,0.0,0.03,0,7.73
2016-04-01,SKU-029,WH-WI1,Baseline Legacy Rule,6,1,1,0,5,48,0,0,0.023,0.0,0.0,0.02,0,7.73
2016-04-02,SKU-029,WH-WI1,Baseline Legacy Rule,5,0,0,0,5,48,0,0,0.023,0.0,0.0,0.02,0,7.73
2016-04-03,SKU-029,WH-WI1,Baseline Legacy Rule,5,2,2,0,3,48,0,0,0.014,0.0,0.0,0.01,0,7.73
2016-04-04,SKU-029,WH-WI1,Baseline Legacy Rule,3,2,2,0,1,48,0,0,0.005,0.0,0.0,0.01,0,7.73
2016-04-05,SKU-029,WH-WI1,Baseline Legacy Rule,1,1,1,0,0,48,0,0,0.0,0.0,0.0,0.0,0,7.73
2016-04-06,SKU-029,WH-WI1,Baseline Legacy Rule,0,0,0,0,0,48,0,0,0.0,0.0,0.0,0.0,0,7.73
2016-04-07,SKU-029,WH-WI1,Baseline Legacy Rule,48,1,1,0,47,0,0,48,0.219,0.0,0.0,0.22,0,7.73
2016-04-08,SKU-029,WH-WI1,Baseline Legacy Rule,47,0,0,0,47,0,0,0,0.219,0.0,0.0,0.22,0,7.73
2016-04-09,SKU-029,WH-WI1,Baseline Legacy Rule,47,5,5,0,42,0,0,0,0.196,0.0,0.0,0.2,0,7.73
2016-04-10,SKU-029,WH-WI1,Baseline Legacy Rule,42,4,4,0,38,0,0,0,0.177,0.0,0.0,0.18,0,7.73
2016-04-11,SKU-029,WH-WI1,Baseline Legacy Rule,38,4,4,0,34,0,0,0,0.158,0.0,0.0,0.16,0,7.73
2016-04-12,SKU-029,WH-WI1,Baseline Legacy Rule,34,3,3,0,31,0,0,0,0.144,0.0,0.0,0.14,0,7.73
2016-04-13,SKU-029,WH-WI1,Baseline Legacy Rule,31,0,0,0,31,0,0,0,0.144,0.0,0.0,0.14,0,7.73
2016-04-14,SKU-029,WH-WI1,Baseline Legacy Rule,31,4,4,0,27,0,0,0,0.126,0.0,0.0,0.13,0,7.73
2016-04-15,SKU-029,WH-WI1,Baseline Legacy Rule,27,0,0,0,27,0,0,0,0.126,0.0,0.0,0.13,0,7.73
2016-04-16,SKU-029,WH-WI1,Baseline Legacy Rule,27,0,0,0,27,0,0,0,0.126,0.0,0.0,0.13,0,7.73
2016-04-17,SKU-029,WH-WI1,Baseline Legacy Rule,27,4,4,0,23,0,0,0,0.107,0.0,0.0,0.11,0,7.73
2016-04-18,SKU-029,WH-WI1,Baseline Legacy Rule,23,1,1,0,22,0,0,0,0.103,0.0,0.0,0.1,0,7.73
2016-04-19,SKU-029,WH-WI1,Baseline Legacy Rule,22,0,0,0,22,0,0,0,0.103,0.0,0.0,0.1,0,7.73
2016-04-20,SKU-029,WH-WI1,Baseline Legacy Rule,22,1,1,0,21,0,0,0,0.098,0.0,0.0,0.1,0,7.73
2016-04-21,SKU-029,WH-WI1,Baseline Legacy Rule,21,0,0,0,21,0,0,0,0.098,0.0,0.0,0.1,0,7.73
2016-04-22,SKU-029,WH-WI1,Baseline Legacy Rule,21,2,2,0,19,0,0,0,0.089,0.0,0.0,0.09,0,7.73
2016-04-23,SKU-029,WH-WI1,Baseline Legacy Rule,19,1,1,0,18,0,0,0,0.084,0.0,0.0,0.08,0,7.73
2016-04-24,SKU-029,WH-WI1,Baseline Legacy Rule,18,1,1,0,17,0,0,0,0.079,0.0,0.0,0.08,0,7.73
2016-03-28,SKU-030,WH-CA1,Baseline Legacy Rule,15,1,1,0,14,96,96,0,0.024,90.0,0.0,90.02,0,2.51
2016-03-29,SKU-030,WH-CA1,Baseline Legacy Rule,14,1,1,0,13,96,0,0,0.022,0.0,0.0,0.02,0,2.51
2016-03-30,SKU-030,WH-CA1,Baseline Legacy Rule,13,0,0,0,13,96,0,0,0.022,0.0,0.0,0.02,0,2.51
2016-03-31,SKU-030,WH-CA1,Baseline Legacy Rule,13,1,1,0,12,96,0,0,0.021,0.0,0.0,0.02,0,2.51
2016-04-01,SKU-030,WH-CA1,Baseline Legacy Rule,12,0,0,0,12,96,0,0,0.021,0.0,0.0,0.02,0,2.51
2016-04-02,SKU-030,WH-CA1,Baseline Legacy Rule,12,0,0,0,12,96,0,0,0.021,0.0,0.0,0.02,0,2.51
2016-04-03,SKU-030,WH-CA1,Baseline Legacy Rule,12,2,2,0,10,96,0,0,0.017,0.0,0.0,0.02,0,2.51
2016-04-04,SKU-030,WH-CA1,Baseline Legacy Rule,10,0,0,0,10,96,0,0,0.017,0.0,0.0,0.02,0,2.51
2016-04-05,SKU-030,WH-CA1,Baseline Legacy Rule,10,0,0,0,10,96,0,0,0.017,0.0,0.0,0.02,0,2.51
2016-04-06,SKU-030,WH-CA1,Baseline Legacy Rule,10,12,10,2,0,96,0,0,0.0,0.0,6.82,6.82,1,2.51
2016-04-07,SKU-030,WH-CA1,Baseline Legacy Rule,96,0,0,0,96,0,0,96,0.165,0.0,0.0,0.17,0,2.51
2016-04-08,SKU-030,WH-CA1,Baseline Legacy Rule,96,0,0,0,96,0,0,0,0.165,0.0,0.0,0.17,0,2.51
2016-04-09,SKU-030,WH-CA1,Baseline Legacy Rule,96,0,0,0,96,0,0,0,0.165,0.0,0.0,0.17,0,2.51
2016-04-10,SKU-030,WH-CA1,Baseline Legacy Rule,96,0,0,0,96,0,0,0,0.165,0.0,0.0,0.17,0,2.51
2016-04-11,SKU-030,WH-CA1,Baseline Legacy Rule,96,0,0,0,96,0,0,0,0.165,0.0,0.0,0.17,0,2.51
2016-04-12,SKU-030,WH-CA1,Baseline Legacy Rule,96,0,0,0,96,0,0,0,0.165,0.0,0.0,0.17,0,2.51
2016-04-13,SKU-030,WH-CA1,Baseline Legacy Rule,96,0,0,0,96,0,0,0,0.165,0.0,0.0,0.17,0,2.51
2016-04-14,SKU-030,WH-CA1,Baseline Legacy Rule,96,0,0,0,96,0,0,0,0.165,0.0,0.0,0.17,0,2.51
2016-04-15,SKU-030,WH-CA1,Baseline Legacy Rule,96,0,0,0,96,0,0,0,0.165,0.0,0.0,0.17,0,2.51
2016-04-16,SKU-030,WH-CA1,Baseline Legacy Rule,96,0,0,0,96,0,0,0,0.165,0.0,0.0,0.17,0,2.51
2016-04-17,SKU-030,WH-CA1,Baseline Legacy Rule,96,0,0,0,96,0,0,0,0.165,0.0,0.0,0.17,0,2.51
2016-04-18,SKU-030,WH-CA1,Baseline Legacy Rule,96,0,0,0,96,0,0,0,0.165,0.0,0.0,0.17,0,2.51
2016-04-19,SKU-030,WH-CA1,Baseline Legacy Rule,96,0,0,0,96,0,0,0,0.165,0.0,0.0,0.17,0,2.51
2016-04-20,SKU-030,WH-CA1,Baseline Legacy Rule,96,0,0,0,96,0,0,0,0.165,0.0,0.0,0.17,0,2.51
2016-04-21,SKU-030,WH-CA1,Baseline Legacy Rule,96,0,0,0,96,0,0,0,0.165,0.0,0.0,0.17,0,2.51
2016-04-22,SKU-030,WH-CA1,Baseline Legacy Rule,96,0,0,0,96,0,0,0,0.165,0.0,0.0,0.17,0,2.51
2016-04-23,SKU-030,WH-CA1,Baseline Legacy Rule,96,1,1,0,95,0,0,0,0.163,0.0,0.0,0.16,0,2.51
2016-04-24,SKU-030,WH-CA1,Baseline Legacy Rule,95,2,2,0,93,0,0,0,0.16,0.0,0.0,0.16,0,2.51
2016-03-28,SKU-030,WH-TX1,Baseline Legacy Rule,5,0,0,0,5,0,0,0,0.007,0.0,0.0,0.01,0,2.51
2016-03-29,SKU-030,WH-TX1,Baseline Legacy Rule,5,0,0,0,5,0,0,0,0.007,0.0,0.0,0.01,0,2.51
2016-03-30,SKU-030,WH-TX1,Baseline Legacy Rule,5,0,0,0,5,0,0,0,0.007,0.0,0.0,0.01,0,2.51
2016-03-31,SKU-030,WH-TX1,Baseline Legacy Rule,5,1,1,0,4,96,96,0,0.006,90.0,0.0,90.01,0,2.51
2016-04-01,SKU-030,WH-TX1,Baseline Legacy Rule,4,0,0,0,4,96,0,0,0.006,0.0,0.0,0.01,0,2.51
2016-04-02,SKU-030,WH-TX1,Baseline Legacy Rule,4,0,0,0,4,96,0,0,0.006,0.0,0.0,0.01,0,2.51
2016-04-03,SKU-030,WH-TX1,Baseline Legacy Rule,4,1,1,0,3,96,0,0,0.004,0.0,0.0,0.0,0,2.51
2016-04-04,SKU-030,WH-TX1,Baseline Legacy Rule,3,0,0,0,3,96,0,0,0.004,0.0,0.0,0.0,0,2.51
2016-04-05,SKU-030,WH-TX1,Baseline Legacy Rule,3,0,0,0,3,96,0,0,0.004,0.0,0.0,0.0,0,2.51
2016-04-06,SKU-030,WH-TX1,Baseline Legacy Rule,3,0,0,0,3,96,0,0,0.004,0.0,0.0,0.0,0,2.51
2016-04-07,SKU-030,WH-TX1,Baseline Legacy Rule,3,0,0,0,3,96,0,0,0.004,0.0,0.0,0.0,0,2.51
2016-04-08,SKU-030,WH-TX1,Baseline Legacy Rule,3,0,0,0,3,96,0,0,0.004,0.0,0.0,0.0,0,2.51
2016-04-09,SKU-030,WH-TX1,Baseline Legacy Rule,3,0,0,0,3,96,0,0,0.004,0.0,0.0,0.0,0,2.51
2016-04-10,SKU-030,WH-TX1,Baseline Legacy Rule,3,1,1,0,2,96,0,0,0.003,0.0,0.0,0.0,0,2.51
2016-04-11,SKU-030,WH-TX1,Baseline Legacy Rule,98,0,0,0,98,0,0,96,0.135,0.0,0.0,0.14,0,2.51
2016-04-12,SKU-030,WH-TX1,Baseline Legacy Rule,98,0,0,0,98,0,0,0,0.135,0.0,0.0,0.14,0,2.51
2016-04-13,SKU-030,WH-TX1,Baseline Legacy Rule,98,1,1,0,97,0,0,0,0.133,0.0,0.0,0.13,0,2.51
2016-04-14,SKU-030,WH-TX1,Baseline Legacy Rule,97,0,0,0,97,0,0,0,0.133,0.0,0.0,0.13,0,2.51
2016-04-15,SKU-030,WH-TX1,Baseline Legacy Rule,97,0,0,0,97,0,0,0,0.133,0.0,0.0,0.13,0,2.51
2016-04-16,SKU-030,WH-TX1,Baseline Legacy Rule,97,0,0,0,97,0,0,0,0.133,0.0,0.0,0.13,0,2.51
2016-04-17,SKU-030,WH-TX1,Baseline Legacy Rule,97,0,0,0,97,0,0,0,0.133,0.0,0.0,0.13,0,2.51
2016-04-18,SKU-030,WH-TX1,Baseline Legacy Rule,97,0,0,0,97,0,0,0,0.133,0.0,0.0,0.13,0,2.51
2016-04-19,SKU-030,WH-TX1,Baseline Legacy Rule,97,0,0,0,97,0,0,0,0.133,0.0,0.0,0.13,0,2.51
2016-04-20,SKU-030,WH-TX1,Baseline Legacy Rule,97,0,0,0,97,0,0,0,0.133,0.0,0.0,0.13,0,2.51
2016-04-21,SKU-030,WH-TX1,Baseline Legacy Rule,97,0,0,0,97,0,0,0,0.133,0.0,0.0,0.13,0,2.51
2016-04-22,SKU-030,WH-TX1,Baseline Legacy Rule,97,0,0,0,97,0,0,0,0.133,0.0,0.0,0.13,0,2.51
2016-04-23,SKU-030,WH-TX1,Baseline Legacy Rule,97,0,0,0,97,0,0,0,0.133,0.0,0.0,0.13,0,2.51
2016-04-24,SKU-030,WH-TX1,Baseline Legacy Rule,97,3,3,0,94,0,0,0,0.129,0.0,0.0,0.13,0,2.51
2016-03-28,SKU-030,WH-WI1,Baseline Legacy Rule,12,1,1,0,11,96,96,0,0.017,90.0,0.0,90.02,0,2.51
2016-03-29,SKU-030,WH-WI1,Baseline Legacy Rule,11,0,0,0,11,96,0,0,0.017,0.0,0.0,0.02,0,2.51
2016-03-30,SKU-030,WH-WI1,Baseline Legacy Rule,11,1,1,0,10,96,0,0,0.015,0.0,0.0,0.01,0,2.51
2016-03-31,SKU-030,WH-WI1,Baseline Legacy Rule,10,1,1,0,9,96,0,0,0.014,0.0,0.0,0.01,0,2.51
2016-04-01,SKU-030,WH-WI1,Baseline Legacy Rule,9,0,0,0,9,96,0,0,0.014,0.0,0.0,0.01,0,2.51
2016-04-02,SKU-030,WH-WI1,Baseline Legacy Rule,9,3,3,0,6,96,0,0,0.009,0.0,0.0,0.01,0,2.51
2016-04-03,SKU-030,WH-WI1,Baseline Legacy Rule,6,1,1,0,5,96,0,0,0.008,0.0,0.0,0.01,0,2.51
2016-04-04,SKU-030,WH-WI1,Baseline Legacy Rule,5,1,1,0,4,96,0,0,0.006,0.0,0.0,0.01,0,2.51
2016-04-05,SKU-030,WH-WI1,Baseline Legacy Rule,4,1,1,0,3,96,0,0,0.005,0.0,0.0,0.01,0,2.51
2016-04-06,SKU-030,WH-WI1,Baseline Legacy Rule,3,0,0,0,3,96,0,0,0.005,0.0,0.0,0.01,0,2.51
2016-04-07,SKU-030,WH-WI1,Baseline Legacy Rule,3,1,1,0,2,96,0,0,0.003,0.0,0.0,0.0,0,2.51
2016-04-08,SKU-030,WH-WI1,Baseline Legacy Rule,2,1,1,0,1,96,0,0,0.002,0.0,0.0,0.0,0,2.51
2016-04-09,SKU-030,WH-WI1,Baseline Legacy Rule,1,1,1,0,0,96,0,0,0.0,0.0,0.0,0.0,0,2.51
2016-04-10,SKU-030,WH-WI1,Baseline Legacy Rule,96,0,0,0,96,0,0,96,0.145,0.0,0.0,0.14,0,2.51
2016-04-11,SKU-030,WH-WI1,Baseline Legacy Rule,96,0,0,0,96,0,0,0,0.145,0.0,0.0,0.14,0,2.51
2016-04-12,SKU-030,WH-WI1,Baseline Legacy Rule,96,2,2,0,94,0,0,0,0.142,0.0,0.0,0.14,0,2.51
2016-04-13,SKU-030,WH-WI1,Baseline Legacy Rule,94,1,1,0,93,0,0,0,0.141,0.0,0.0,0.14,0,2.51
2016-04-14,SKU-030,WH-WI1,Baseline Legacy Rule,93,1,1,0,92,0,0,0,0.139,0.0,0.0,0.14,0,2.51
2016-04-15,SKU-030,WH-WI1,Baseline Legacy Rule,92,4,4,0,88,0,0,0,0.133,0.0,0.0,0.13,0,2.51
2016-04-16,SKU-030,WH-WI1,Baseline Legacy Rule,88,3,3,0,85,0,0,0,0.129,0.0,0.0,0.13,0,2.51
2016-04-17,SKU-030,WH-WI1,Baseline Legacy Rule,85,0,0,0,85,0,0,0,0.129,0.0,0.0,0.13,0,2.51
2016-04-18,SKU-030,WH-WI1,Baseline Legacy Rule,85,1,1,0,84,0,0,0,0.127,0.0,0.0,0.13,0,2.51
2016-04-19,SKU-030,WH-WI1,Baseline Legacy Rule,84,0,0,0,84,0,0,0,0.127,0.0,0.0,0.13,0,2.51
2016-04-20,SKU-030,WH-WI1,Baseline Legacy Rule,84,0,0,0,84,0,0,0,0.127,0.0,0.0,0.13,0,2.51
2016-04-21,SKU-030,WH-WI1,Baseline Legacy Rule,84,1,1,0,83,0,0,0,0.126,0.0,0.0,0.13,0,2.51
2016-04-22,SKU-030,WH-WI1,Baseline Legacy Rule,83,1,1,0,82,0,0,0,0.124,0.0,0.0,0.12,0,2.51
2016-04-23,SKU-030,WH-WI1,Baseline Legacy Rule,82,1,1,0,81,0,0,0,0.123,0.0,0.0,0.12,0,2.51
2016-04-24,SKU-030,WH-WI1,Baseline Legacy Rule,81,2,2,0,79,0,0,0,0.12,0.0,0.0,0.12,0,2.51
2016-03-28,SKU-031,WH-CA1,Baseline Legacy Rule,5,0,0,0,5,0,0,0,0.012,0.0,0.0,0.01,0,3.5
2016-03-29,SKU-031,WH-CA1,Baseline Legacy Rule,5,0,0,0,5,0,0,0,0.012,0.0,0.0,0.01,0,3.5
2016-03-30,SKU-031,WH-CA1,Baseline Legacy Rule,5,0,0,0,5,0,0,0,0.012,0.0,0.0,0.01,0,3.5
2016-03-31,SKU-031,WH-CA1,Baseline Legacy Rule,5,0,0,0,5,0,0,0,0.012,0.0,0.0,0.01,0,3.5
2016-04-01,SKU-031,WH-CA1,Baseline Legacy Rule,5,0,0,0,5,0,0,0,0.012,0.0,0.0,0.01,0,3.5
2016-04-02,SKU-031,WH-CA1,Baseline Legacy Rule,5,1,1,0,4,0,0,0,0.01,0.0,0.0,0.01,0,3.5
2016-04-03,SKU-031,WH-CA1,Baseline Legacy Rule,4,1,1,0,3,48,48,0,0.007,90.0,0.0,90.01,0,3.5
2016-04-04,SKU-031,WH-CA1,Baseline Legacy Rule,3,0,0,0,3,48,0,0,0.007,0.0,0.0,0.01,0,3.5
2016-04-05,SKU-031,WH-CA1,Baseline Legacy Rule,3,0,0,0,3,48,0,0,0.007,0.0,0.0,0.01,0,3.5
2016-04-06,SKU-031,WH-CA1,Baseline Legacy Rule,3,0,0,0,3,48,0,0,0.007,0.0,0.0,0.01,0,3.5
2016-04-07,SKU-031,WH-CA1,Baseline Legacy Rule,3,0,0,0,3,48,0,0,0.007,0.0,0.0,0.01,0,3.5
2016-04-08,SKU-031,WH-CA1,Baseline Legacy Rule,3,0,0,0,3,48,0,0,0.007,0.0,0.0,0.01,0,3.5
2016-04-09,SKU-031,WH-CA1,Baseline Legacy Rule,3,0,0,0,3,48,0,0,0.007,0.0,0.0,0.01,0,3.5
2016-04-10,SKU-031,WH-CA1,Baseline Legacy Rule,3,1,1,0,2,48,0,0,0.005,0.0,0.0,0.01,0,3.5
2016-04-11,SKU-031,WH-CA1,Baseline Legacy Rule,2,1,1,0,1,48,0,0,0.002,0.0,0.0,0.0,0,3.5
2016-04-12,SKU-031,WH-CA1,Baseline Legacy Rule,1,1,1,0,0,48,0,0,0.0,0.0,0.0,0.0,0,3.5
2016-04-13,SKU-031,WH-CA1,Baseline Legacy Rule,0,0,0,0,0,48,0,0,0.0,0.0,0.0,0.0,0,3.5
2016-04-14,SKU-031,WH-CA1,Baseline Legacy Rule,0,0,0,0,0,48,0,0,0.0,0.0,0.0,0.0,0,3.5
2016-04-15,SKU-031,WH-CA1,Baseline Legacy Rule,0,0,0,0,0,48,0,0,0.0,0.0,0.0,0.0,0,3.5
2016-04-16,SKU-031,WH-CA1,Baseline Legacy Rule,0,0,0,0,0,48,0,0,0.0,0.0,0.0,0.0,0,3.5
2016-04-17,SKU-031,WH-CA1,Baseline Legacy Rule,48,0,0,0,48,0,0,48,0.115,0.0,0.0,0.12,0,3.5
2016-04-18,SKU-031,WH-CA1,Baseline Legacy Rule,48,0,0,0,48,0,0,0,0.115,0.0,0.0,0.12,0,3.5
2016-04-19,SKU-031,WH-CA1,Baseline Legacy Rule,48,1,1,0,47,0,0,0,0.113,0.0,0.0,0.11,0,3.5
2016-04-20,SKU-031,WH-CA1,Baseline Legacy Rule,47,0,0,0,47,0,0,0,0.113,0.0,0.0,0.11,0,3.5
2016-04-21,SKU-031,WH-CA1,Baseline Legacy Rule,47,0,0,0,47,0,0,0,0.113,0.0,0.0,0.11,0,3.5
2016-04-22,SKU-031,WH-CA1,Baseline Legacy Rule,47,1,1,0,46,0,0,0,0.11,0.0,0.0,0.11,0,3.5
2016-04-23,SKU-031,WH-CA1,Baseline Legacy Rule,46,0,0,0,46,0,0,0,0.11,0.0,0.0,0.11,0,3.5
2016-04-24,SKU-031,WH-CA1,Baseline Legacy Rule,46,0,0,0,46,0,0,0,0.11,0.0,0.0,0.11,0,3.5
2016-03-28,SKU-031,WH-TX1,Baseline Legacy Rule,5,0,0,0,5,0,0,0,0.01,0.0,0.0,0.01,0,3.5
2016-03-29,SKU-031,WH-TX1,Baseline Legacy Rule,5,2,2,0,3,0,0,0,0.006,0.0,0.0,0.01,0,3.5
2016-03-30,SKU-031,WH-TX1,Baseline Legacy Rule,3,0,0,0,3,0,0,0,0.006,0.0,0.0,0.01,0,3.5
2016-03-31,SKU-031,WH-TX1,Baseline Legacy Rule,3,1,1,0,2,48,48,0,0.004,90.0,0.0,90.0,0,3.5
2016-04-01,SKU-031,WH-TX1,Baseline Legacy Rule,2,0,0,0,2,48,0,0,0.004,0.0,0.0,0.0,0,3.5
2016-04-02,SKU-031,WH-TX1,Baseline Legacy Rule,2,1,1,0,1,48,0,0,0.002,0.0,0.0,0.0,0,3.5
2016-04-03,SKU-031,WH-TX1,Baseline Legacy Rule,1,0,0,0,1,48,0,0,0.002,0.0,0.0,0.0,0,3.5
2016-04-04,SKU-031,WH-TX1,Baseline Legacy Rule,1,0,0,0,1,48,0,0,0.002,0.0,0.0,0.0,0,3.5
2016-04-05,SKU-031,WH-TX1,Baseline Legacy Rule,1,0,0,0,1,48,0,0,0.002,0.0,0.0,0.0,0,3.5
2016-04-06,SKU-031,WH-TX1,Baseline Legacy Rule,1,1,1,0,0,48,0,0,0.0,0.0,0.0,0.0,0,3.5
2016-04-07,SKU-031,WH-TX1,Baseline Legacy Rule,0,0,0,0,0,48,0,0,0.0,0.0,0.0,0.0,0,3.5
2016-04-08,SKU-031,WH-TX1,Baseline Legacy Rule,0,0,0,0,0,48,0,0,0.0,0.0,0.0,0.0,0,3.5
2016-04-09,SKU-031,WH-TX1,Baseline Legacy Rule,0,0,0,0,0,48,0,0,0.0,0.0,0.0,0.0,0,3.5
2016-04-10,SKU-031,WH-TX1,Baseline Legacy Rule,0,0,0,0,0,48,0,0,0.0,0.0,0.0,0.0,0,3.5
2016-04-11,SKU-031,WH-TX1,Baseline Legacy Rule,0,0,0,0,0,48,0,0,0.0,0.0,0.0,0.0,0,3.5
2016-04-12,SKU-031,WH-TX1,Baseline Legacy Rule,0,0,0,0,0,48,0,0,0.0,0.0,0.0,0.0,0,3.5
2016-04-13,SKU-031,WH-TX1,Baseline Legacy Rule,0,1,0,1,0,48,0,0,0.0,0.0,3.97,3.97,1,3.5
2016-04-14,SKU-031,WH-TX1,Baseline Legacy Rule,0,0,0,0,0,48,0,0,0.0,0.0,0.0,0.0,0,3.5
2016-04-15,SKU-031,WH-TX1,Baseline Legacy Rule,48,0,0,0,48,0,0,48,0.092,0.0,0.0,0.09,0,3.5
2016-04-16,SKU-031,WH-TX1,Baseline Legacy Rule,48,0,0,0,48,0,0,0,0.092,0.0,0.0,0.09,0,3.5
2016-04-17,SKU-031,WH-TX1,Baseline Legacy Rule,48,0,0,0,48,0,0,0,0.092,0.0,0.0,0.09,0,3.5
2016-04-18,SKU-031,WH-TX1,Baseline Legacy Rule,48,0,0,0,48,0,0,0,0.092,0.0,0.0,0.09,0,3.5
2016-04-19,SKU-031,WH-TX1,Baseline Legacy Rule,48,1,1,0,47,0,0,0,0.09,0.0,0.0,0.09,0,3.5
2016-04-20,SKU-031,WH-TX1,Baseline Legacy Rule,47,0,0,0,47,0,0,0,0.09,0.0,0.0,0.09,0,3.5
2016-04-21,SKU-031,WH-TX1,Baseline Legacy Rule,47,0,0,0,47,0,0,0,0.09,0.0,0.0,0.09,0,3.5
2016-04-22,SKU-031,WH-TX1,Baseline Legacy Rule,47,0,0,0,47,0,0,0,0.09,0.0,0.0,0.09,0,3.5
2016-04-23,SKU-031,WH-TX1,Baseline Legacy Rule,47,0,0,0,47,0,0,0,0.09,0.0,0.0,0.09,0,3.5
2016-04-24,SKU-031,WH-TX1,Baseline Legacy Rule,47,0,0,0,47,0,0,0,0.09,0.0,0.0,0.09,0,3.5
2016-03-28,SKU-031,WH-WI1,Baseline Legacy Rule,5,0,0,0,5,0,0,0,0.011,0.0,0.0,0.01,0,3.5
2016-03-29,SKU-031,WH-WI1,Baseline Legacy Rule,5,0,0,0,5,0,0,0,0.011,0.0,0.0,0.01,0,3.5
2016-03-30,SKU-031,WH-WI1,Baseline Legacy Rule,5,0,0,0,5,0,0,0,0.011,0.0,0.0,0.01,0,3.5
2016-03-31,SKU-031,WH-WI1,Baseline Legacy Rule,5,0,0,0,5,0,0,0,0.011,0.0,0.0,0.01,0,3.5
2016-04-01,SKU-031,WH-WI1,Baseline Legacy Rule,5,0,0,0,5,0,0,0,0.011,0.0,0.0,0.01,0,3.5
2016-04-02,SKU-031,WH-WI1,Baseline Legacy Rule,5,1,1,0,4,48,48,0,0.008,90.0,0.0,90.01,0,3.5
2016-04-03,SKU-031,WH-WI1,Baseline Legacy Rule,4,0,0,0,4,48,0,0,0.008,0.0,0.0,0.01,0,3.5
2016-04-04,SKU-031,WH-WI1,Baseline Legacy Rule,4,0,0,0,4,48,0,0,0.008,0.0,0.0,0.01,0,3.5
2016-04-05,SKU-031,WH-WI1,Baseline Legacy Rule,4,0,0,0,4,48,0,0,0.008,0.0,0.0,0.01,0,3.5
2016-04-06,SKU-031,WH-WI1,Baseline Legacy Rule,4,0,0,0,4,48,0,0,0.008,0.0,0.0,0.01,0,3.5
2016-04-07,SKU-031,WH-WI1,Baseline Legacy Rule,4,1,1,0,3,48,0,0,0.006,0.0,0.0,0.01,0,3.5
2016-04-08,SKU-031,WH-WI1,Baseline Legacy Rule,3,0,0,0,3,48,0,0,0.006,0.0,0.0,0.01,0,3.5
2016-04-09,SKU-031,WH-WI1,Baseline Legacy Rule,3,1,1,0,2,48,0,0,0.004,0.0,0.0,0.0,0,3.5
2016-04-10,SKU-031,WH-WI1,Baseline Legacy Rule,2,2,2,0,0,48,0,0,0.0,0.0,0.0,0.0,0,3.5
2016-04-11,SKU-031,WH-WI1,Baseline Legacy Rule,0,0,0,0,0,48,0,0,0.0,0.0,0.0,0.0,0,3.5
2016-04-12,SKU-031,WH-WI1,Baseline Legacy Rule,0,0,0,0,0,48,0,0,0.0,0.0,0.0,0.0,0,3.5
2016-04-13,SKU-031,WH-WI1,Baseline Legacy Rule,0,1,0,1,0,48,0,0,0.0,0.0,3.97,3.97,1,3.5
2016-04-14,SKU-031,WH-WI1,Baseline Legacy Rule,0,0,0,0,0,48,0,0,0.0,0.0,0.0,0.0,0,3.5
2016-04-15,SKU-031,WH-WI1,Baseline Legacy Rule,0,0,0,0,0,48,0,0,0.0,0.0,0.0,0.0,0,3.5
2016-04-16,SKU-031,WH-WI1,Baseline Legacy Rule,48,1,1,0,47,0,0,48,0.099,0.0,0.0,0.1,0,3.5
2016-04-17,SKU-031,WH-WI1,Baseline Legacy Rule,47,0,0,0,47,0,0,0,0.099,0.0,0.0,0.1,0,3.5
2016-04-18,SKU-031,WH-WI1,Baseline Legacy Rule,47,0,0,0,47,0,0,0,0.099,0.0,0.0,0.1,0,3.5
2016-04-19,SKU-031,WH-WI1,Baseline Legacy Rule,47,0,0,0,47,0,0,0,0.099,0.0,0.0,0.1,0,3.5
2016-04-20,SKU-031,WH-WI1,Baseline Legacy Rule,47,0,0,0,47,0,0,0,0.099,0.0,0.0,0.1,0,3.5
2016-04-21,SKU-031,WH-WI1,Baseline Legacy Rule,47,0,0,0,47,0,0,0,0.099,0.0,0.0,0.1,0,3.5
2016-04-22,SKU-031,WH-WI1,Baseline Legacy Rule,47,0,0,0,47,0,0,0,0.099,0.0,0.0,0.1,0,3.5
2016-04-23,SKU-031,WH-WI1,Baseline Legacy Rule,47,0,0,0,47,0,0,0,0.099,0.0,0.0,0.1,0,3.5
2016-04-24,SKU-031,WH-WI1,Baseline Legacy Rule,47,1,1,0,46,0,0,0,0.097,0.0,0.0,0.1,0,3.5
2016-03-28,SKU-032,WH-CA1,Baseline Legacy Rule,5,0,0,0,5,0,0,0,0.015,0.0,0.0,0.01,0,4.47
2016-03-29,SKU-032,WH-CA1,Baseline Legacy Rule,5,0,0,0,5,0,0,0,0.015,0.0,0.0,0.01,0,4.47
2016-03-30,SKU-032,WH-CA1,Baseline Legacy Rule,5,0,0,0,5,0,0,0,0.015,0.0,0.0,0.01,0,4.47
2016-03-31,SKU-032,WH-CA1,Baseline Legacy Rule,5,0,0,0,5,0,0,0,0.015,0.0,0.0,0.01,0,4.47
2016-04-01,SKU-032,WH-CA1,Baseline Legacy Rule,5,0,0,0,5,0,0,0,0.015,0.0,0.0,0.01,0,4.47
2016-04-02,SKU-032,WH-CA1,Baseline Legacy Rule,5,1,1,0,4,48,48,0,0.012,90.0,0.0,90.01,0,4.47
2016-04-03,SKU-032,WH-CA1,Baseline Legacy Rule,4,0,0,0,4,48,0,0,0.012,0.0,0.0,0.01,0,4.47
2016-04-04,SKU-032,WH-CA1,Baseline Legacy Rule,4,0,0,0,4,48,0,0,0.012,0.0,0.0,0.01,0,4.47
2016-04-05,SKU-032,WH-CA1,Baseline Legacy Rule,4,0,0,0,4,48,0,0,0.012,0.0,0.0,0.01,0,4.47
2016-04-06,SKU-032,WH-CA1,Baseline Legacy Rule,4,0,0,0,4,48,0,0,0.012,0.0,0.0,0.01,0,4.47
2016-04-07,SKU-032,WH-CA1,Baseline Legacy Rule,4,0,0,0,4,48,0,0,0.012,0.0,0.0,0.01,0,4.47
2016-04-08,SKU-032,WH-CA1,Baseline Legacy Rule,4,0,0,0,4,48,0,0,0.012,0.0,0.0,0.01,0,4.47
2016-04-09,SKU-032,WH-CA1,Baseline Legacy Rule,4,0,0,0,4,48,0,0,0.012,0.0,0.0,0.01,0,4.47
2016-04-10,SKU-032,WH-CA1,Baseline Legacy Rule,52,0,0,0,52,0,0,48,0.159,0.0,0.0,0.16,0,4.47
2016-04-11,SKU-032,WH-CA1,Baseline Legacy Rule,52,0,0,0,52,0,0,0,0.159,0.0,0.0,0.16,0,4.47
2016-04-12,SKU-032,WH-CA1,Baseline Legacy Rule,52,2,2,0,50,0,0,0,0.153,0.0,0.0,0.15,0,4.47
2016-04-13,SKU-032,WH-CA1,Baseline Legacy Rule,50,0,0,0,50,0,0,0,0.153,0.0,0.0,0.15,0,4.47
2016-04-14,SKU-032,WH-CA1,Baseline Legacy Rule,50,0,0,0,50,0,0,0,0.153,0.0,0.0,0.15,0,4.47
2016-04-15,SKU-032,WH-CA1,Baseline Legacy Rule,50,0,0,0,50,0,0,0,0.153,0.0,0.0,0.15,0,4.47
2016-04-16,SKU-032,WH-CA1,Baseline Legacy Rule,50,0,0,0,50,0,0,0,0.153,0.0,0.0,0.15,0,4.47
2016-04-17,SKU-032,WH-CA1,Baseline Legacy Rule,50,0,0,0,50,0,0,0,0.153,0.0,0.0,0.15,0,4.47
2016-04-18,SKU-032,WH-CA1,Baseline Legacy Rule,50,0,0,0,50,0,0,0,0.153,0.0,0.0,0.15,0,4.47
2016-04-19,SKU-032,WH-CA1,Baseline Legacy Rule,50,0,0,0,50,0,0,0,0.153,0.0,0.0,0.15,0,4.47
2016-04-20,SKU-032,WH-CA1,Baseline Legacy Rule,50,0,0,0,50,0,0,0,0.153,0.0,0.0,0.15,0,4.47
2016-04-21,SKU-032,WH-CA1,Baseline Legacy Rule,50,0,0,0,50,0,0,0,0.153,0.0,0.0,0.15,0,4.47
2016-04-22,SKU-032,WH-CA1,Baseline Legacy Rule,50,0,0,0,50,0,0,0,0.153,0.0,0.0,0.15,0,4.47
2016-04-23,SKU-032,WH-CA1,Baseline Legacy Rule,50,0,0,0,50,0,0,0,0.153,0.0,0.0,0.15,0,4.47
2016-04-24,SKU-032,WH-CA1,Baseline Legacy Rule,50,0,0,0,50,0,0,0,0.153,0.0,0.0,0.15,0,4.47
2016-03-28,SKU-032,WH-TX1,Baseline Legacy Rule,5,0,0,0,5,48,48,0,0.012,90.0,0.0,90.01,0,4.47
2016-03-29,SKU-032,WH-TX1,Baseline Legacy Rule,5,0,0,0,5,48,0,0,0.012,0.0,0.0,0.01,0,4.47
2016-03-30,SKU-032,WH-TX1,Baseline Legacy Rule,5,1,1,0,4,48,0,0,0.01,0.0,0.0,0.01,0,4.47
2016-03-31,SKU-032,WH-TX1,Baseline Legacy Rule,4,1,1,0,3,48,0,0,0.007,0.0,0.0,0.01,0,4.47
2016-04-01,SKU-032,WH-TX1,Baseline Legacy Rule,3,0,0,0,3,48,0,0,0.007,0.0,0.0,0.01,0,4.47
2016-04-02,SKU-032,WH-TX1,Baseline Legacy Rule,3,0,0,0,3,48,0,0,0.007,0.0,0.0,0.01,0,4.47
2016-04-03,SKU-032,WH-TX1,Baseline Legacy Rule,3,1,1,0,2,48,0,0,0.005,0.0,0.0,0.01,0,4.47
2016-04-04,SKU-032,WH-TX1,Baseline Legacy Rule,2,0,0,0,2,48,0,0,0.005,0.0,0.0,0.01,0,4.47
2016-04-05,SKU-032,WH-TX1,Baseline Legacy Rule,2,1,1,0,1,48,0,0,0.002,0.0,0.0,0.0,0,4.47
2016-04-06,SKU-032,WH-TX1,Baseline Legacy Rule,1,0,0,0,1,48,0,0,0.002,0.0,0.0,0.0,0,4.47
2016-04-07,SKU-032,WH-TX1,Baseline Legacy Rule,1,0,0,0,1,48,0,0,0.002,0.0,0.0,0.0,0,4.47
2016-04-08,SKU-032,WH-TX1,Baseline Legacy Rule,1,0,0,0,1,48,0,0,0.002,0.0,0.0,0.0,0,4.47
2016-04-09,SKU-032,WH-TX1,Baseline Legacy Rule,49,0,0,0,49,0,0,48,0.12,0.0,0.0,0.12,0,4.47
2016-04-10,SKU-032,WH-TX1,Baseline Legacy Rule,49,2,2,0,47,0,0,0,0.115,0.0,0.0,0.12,0,4.47
2016-04-11,SKU-032,WH-TX1,Baseline Legacy Rule,47,1,1,0,46,0,0,0,0.113,0.0,0.0,0.11,0,4.47
2016-04-12,SKU-032,WH-TX1,Baseline Legacy Rule,46,0,0,0,46,0,0,0,0.113,0.0,0.0,0.11,0,4.47
2016-04-13,SKU-032,WH-TX1,Baseline Legacy Rule,46,3,3,0,43,0,0,0,0.105,0.0,0.0,0.1,0,4.47
2016-04-14,SKU-032,WH-TX1,Baseline Legacy Rule,43,0,0,0,43,0,0,0,0.105,0.0,0.0,0.1,0,4.47
2016-04-15,SKU-032,WH-TX1,Baseline Legacy Rule,43,2,2,0,41,0,0,0,0.1,0.0,0.0,0.1,0,4.47
2016-04-16,SKU-032,WH-TX1,Baseline Legacy Rule,41,0,0,0,41,0,0,0,0.1,0.0,0.0,0.1,0,4.47
2016-04-17,SKU-032,WH-TX1,Baseline Legacy Rule,41,0,0,0,41,0,0,0,0.1,0.0,0.0,0.1,0,4.47
2016-04-18,SKU-032,WH-TX1,Baseline Legacy Rule,41,1,1,0,40,0,0,0,0.098,0.0,0.0,0.1,0,4.47
2016-04-19,SKU-032,WH-TX1,Baseline Legacy Rule,40,2,2,0,38,0,0,0,0.093,0.0,0.0,0.09,0,4.47
2016-04-20,SKU-032,WH-TX1,Baseline Legacy Rule,38,1,1,0,37,0,0,0,0.091,0.0,0.0,0.09,0,4.47
2016-04-21,SKU-032,WH-TX1,Baseline Legacy Rule,37,0,0,0,37,0,0,0,0.091,0.0,0.0,0.09,0,4.47
2016-04-22,SKU-032,WH-TX1,Baseline Legacy Rule,37,1,1,0,36,0,0,0,0.088,0.0,0.0,0.09,0,4.47
2016-04-23,SKU-032,WH-TX1,Baseline Legacy Rule,36,0,0,0,36,0,0,0,0.088,0.0,0.0,0.09,0,4.47
2016-04-24,SKU-032,WH-TX1,Baseline Legacy Rule,36,1,1,0,35,0,0,0,0.086,0.0,0.0,0.09,0,4.47
2016-03-28,SKU-032,WH-WI1,Baseline Legacy Rule,5,0,0,0,5,0,0,0,0.013,0.0,0.0,0.01,0,4.47
2016-03-29,SKU-032,WH-WI1,Baseline Legacy Rule,5,0,0,0,5,0,0,0,0.013,0.0,0.0,0.01,0,4.47
2016-03-30,SKU-032,WH-WI1,Baseline Legacy Rule,5,0,0,0,5,0,0,0,0.013,0.0,0.0,0.01,0,4.47
2016-03-31,SKU-032,WH-WI1,Baseline Legacy Rule,5,0,0,0,5,0,0,0,0.013,0.0,0.0,0.01,0,4.47
2016-04-01,SKU-032,WH-WI1,Baseline Legacy Rule,5,0,0,0,5,0,0,0,0.013,0.0,0.0,0.01,0,4.47
2016-04-02,SKU-032,WH-WI1,Baseline Legacy Rule,5,0,0,0,5,0,0,0,0.013,0.0,0.0,0.01,0,4.47
2016-04-03,SKU-032,WH-WI1,Baseline Legacy Rule,5,0,0,0,5,0,0,0,0.013,0.0,0.0,0.01,0,4.47
2016-04-04,SKU-032,WH-WI1,Baseline Legacy Rule,5,0,0,0,5,0,0,0,0.013,0.0,0.0,0.01,0,4.47
2016-04-05,SKU-032,WH-WI1,Baseline Legacy Rule,5,0,0,0,5,0,0,0,0.013,0.0,0.0,0.01,0,4.47
2016-04-06,SKU-032,WH-WI1,Baseline Legacy Rule,5,0,0,0,5,0,0,0,0.013,0.0,0.0,0.01,0,4.47
2016-04-07,SKU-032,WH-WI1,Baseline Legacy Rule,5,0,0,0,5,0,0,0,0.013,0.0,0.0,0.01,0,4.47
2016-04-08,SKU-032,WH-WI1,Baseline Legacy Rule,5,0,0,0,5,0,0,0,0.013,0.0,0.0,0.01,0,4.47
2016-04-09,SKU-032,WH-WI1,Baseline Legacy Rule,5,0,0,0,5,0,0,0,0.013,0.0,0.0,0.01,0,4.47
2016-04-10,SKU-032,WH-WI1,Baseline Legacy Rule,5,0,0,0,5,0,0,0,0.013,0.0,0.0,0.01,0,4.47
2016-04-11,SKU-032,WH-WI1,Baseline Legacy Rule,5,0,0,0,5,0,0,0,0.013,0.0,0.0,0.01,0,4.47
2016-04-12,SKU-032,WH-WI1,Baseline Legacy Rule,5,0,0,0,5,0,0,0,0.013,0.0,0.0,0.01,0,4.47
2016-04-13,SKU-032,WH-WI1,Baseline Legacy Rule,5,0,0,0,5,0,0,0,0.013,0.0,0.0,0.01,0,4.47
2016-04-14,SKU-032,WH-WI1,Baseline Legacy Rule,5,0,0,0,5,0,0,0,0.013,0.0,0.0,0.01,0,4.47
2016-04-15,SKU-032,WH-WI1,Baseline Legacy Rule,5,0,0,0,5,0,0,0,0.013,0.0,0.0,0.01,0,4.47
2016-04-16,SKU-032,WH-WI1,Baseline Legacy Rule,5,0,0,0,5,0,0,0,0.013,0.0,0.0,0.01,0,4.47
2016-04-17,SKU-032,WH-WI1,Baseline Legacy Rule,5,0,0,0,5,0,0,0,0.013,0.0,0.0,0.01,0,4.47
2016-04-18,SKU-032,WH-WI1,Baseline Legacy Rule,5,0,0,0,5,0,0,0,0.013,0.0,0.0,0.01,0,4.47
2016-04-19,SKU-032,WH-WI1,Baseline Legacy Rule,5,0,0,0,5,0,0,0,0.013,0.0,0.0,0.01,0,4.47
2016-04-20,SKU-032,WH-WI1,Baseline Legacy Rule,5,1,1,0,4,0,0,0,0.011,0.0,0.0,0.01,0,4.47
2016-04-21,SKU-032,WH-WI1,Baseline Legacy Rule,4,0,0,0,4,0,0,0,0.011,0.0,0.0,0.01,0,4.47
2016-04-22,SKU-032,WH-WI1,Baseline Legacy Rule,4,0,0,0,4,0,0,0,0.011,0.0,0.0,0.01,0,4.47
2016-04-23,SKU-032,WH-WI1,Baseline Legacy Rule,4,1,1,0,3,0,0,0,0.008,0.0,0.0,0.01,0,4.47
2016-04-24,SKU-032,WH-WI1,Baseline Legacy Rule,3,0,0,0,3,0,0,0,0.008,0.0,0.0,0.01,0,4.47
2016-03-28,SKU-033,WH-CA1,Baseline Legacy Rule,5,0,0,0,5,48,48,0,0.022,90.0,0.0,90.02,0,6.31
2016-03-29,SKU-033,WH-CA1,Baseline Legacy Rule,5,0,0,0,5,48,0,0,0.022,0.0,0.0,0.02,0,6.31
2016-03-30,SKU-033,WH-CA1,Baseline Legacy Rule,5,0,0,0,5,48,0,0,0.022,0.0,0.0,0.02,0,6.31
2016-03-31,SKU-033,WH-CA1,Baseline Legacy Rule,5,0,0,0,5,48,0,0,0.022,0.0,0.0,0.02,0,6.31
2016-04-01,SKU-033,WH-CA1,Baseline Legacy Rule,5,0,0,0,5,48,0,0,0.022,0.0,0.0,0.02,0,6.31
2016-04-02,SKU-033,WH-CA1,Baseline Legacy Rule,5,0,0,0,5,48,0,0,0.022,0.0,0.0,0.02,0,6.31
2016-04-03,SKU-033,WH-CA1,Baseline Legacy Rule,5,0,0,0,5,48,0,0,0.022,0.0,0.0,0.02,0,6.31
2016-04-04,SKU-033,WH-CA1,Baseline Legacy Rule,5,0,0,0,5,48,0,0,0.022,0.0,0.0,0.02,0,6.31
2016-04-05,SKU-033,WH-CA1,Baseline Legacy Rule,5,0,0,0,5,48,0,0,0.022,0.0,0.0,0.02,0,6.31
2016-04-06,SKU-033,WH-CA1,Baseline Legacy Rule,5,0,0,0,5,48,0,0,0.022,0.0,0.0,0.02,0,6.31
2016-04-07,SKU-033,WH-CA1,Baseline Legacy Rule,53,0,0,0,53,0,0,48,0.229,0.0,0.0,0.23,0,6.31
2016-04-08,SKU-033,WH-CA1,Baseline Legacy Rule,53,0,0,0,53,0,0,0,0.229,0.0,0.0,0.23,0,6.31
2016-04-09,SKU-033,WH-CA1,Baseline Legacy Rule,53,0,0,0,53,0,0,0,0.229,0.0,0.0,0.23,0,6.31
2016-04-10,SKU-033,WH-CA1,Baseline Legacy Rule,53,0,0,0,53,0,0,0,0.229,0.0,0.0,0.23,0,6.31
2016-04-11,SKU-033,WH-CA1,Baseline Legacy Rule,53,0,0,0,53,0,0,0,0.229,0.0,0.0,0.23,0,6.31
2016-04-12,SKU-033,WH-CA1,Baseline Legacy Rule,53,0,0,0,53,0,0,0,0.229,0.0,0.0,0.23,0,6.31
2016-04-13,SKU-033,WH-CA1,Baseline Legacy Rule,53,0,0,0,53,0,0,0,0.229,0.0,0.0,0.23,0,6.31
2016-04-14,SKU-033,WH-CA1,Baseline Legacy Rule,53,0,0,0,53,0,0,0,0.229,0.0,0.0,0.23,0,6.31
2016-04-15,SKU-033,WH-CA1,Baseline Legacy Rule,53,0,0,0,53,0,0,0,0.229,0.0,0.0,0.23,0,6.31
2016-04-16,SKU-033,WH-CA1,Baseline Legacy Rule,53,0,0,0,53,0,0,0,0.229,0.0,0.0,0.23,0,6.31
2016-04-17,SKU-033,WH-CA1,Baseline Legacy Rule,53,0,0,0,53,0,0,0,0.229,0.0,0.0,0.23,0,6.31
2016-04-18,SKU-033,WH-CA1,Baseline Legacy Rule,53,0,0,0,53,0,0,0,0.229,0.0,0.0,0.23,0,6.31
2016-04-19,SKU-033,WH-CA1,Baseline Legacy Rule,53,0,0,0,53,0,0,0,0.229,0.0,0.0,0.23,0,6.31
2016-04-20,SKU-033,WH-CA1,Baseline Legacy Rule,53,0,0,0,53,0,0,0,0.229,0.0,0.0,0.23,0,6.31
2016-04-21,SKU-033,WH-CA1,Baseline Legacy Rule,53,0,0,0,53,0,0,0,0.229,0.0,0.0,0.23,0,6.31
2016-04-22,SKU-033,WH-CA1,Baseline Legacy Rule,53,0,0,0,53,0,0,0,0.229,0.0,0.0,0.23,0,6.31
2016-04-23,SKU-033,WH-CA1,Baseline Legacy Rule,53,1,1,0,52,0,0,0,0.225,0.0,0.0,0.23,0,6.31
2016-04-24,SKU-033,WH-CA1,Baseline Legacy Rule,52,1,1,0,51,0,0,0,0.22,0.0,0.0,0.22,0,6.31
2016-03-28,SKU-033,WH-TX1,Baseline Legacy Rule,5,0,0,0,5,48,48,0,0.017,90.0,0.0,90.02,0,6.31
2016-03-29,SKU-033,WH-TX1,Baseline Legacy Rule,5,0,0,0,5,48,0,0,0.017,0.0,0.0,0.02,0,6.31
2016-03-30,SKU-033,WH-TX1,Baseline Legacy Rule,5,1,1,0,4,48,0,0,0.014,0.0,0.0,0.01,0,6.31
2016-03-31,SKU-033,WH-TX1,Baseline Legacy Rule,4,0,0,0,4,48,0,0,0.014,0.0,0.0,0.01,0,6.31
2016-04-01,SKU-033,WH-TX1,Baseline Legacy Rule,4,0,0,0,4,48,0,0,0.014,0.0,0.0,0.01,0,6.31
2016-04-02,SKU-033,WH-TX1,Baseline Legacy Rule,4,0,0,0,4,48,0,0,0.014,0.0,0.0,0.01,0,6.31
2016-04-03,SKU-033,WH-TX1,Baseline Legacy Rule,4,0,0,0,4,48,0,0,0.014,0.0,0.0,0.01,0,6.31
2016-04-04,SKU-033,WH-TX1,Baseline Legacy Rule,4,1,1,0,3,48,0,0,0.01,0.0,0.0,0.01,0,6.31
2016-04-05,SKU-033,WH-TX1,Baseline Legacy Rule,3,0,0,0,3,48,0,0,0.01,0.0,0.0,0.01,0,6.31
2016-04-06,SKU-033,WH-TX1,Baseline Legacy Rule,3,0,0,0,3,48,0,0,0.01,0.0,0.0,0.01,0,6.31
2016-04-07,SKU-033,WH-TX1,Baseline Legacy Rule,3,1,1,0,2,48,0,0,0.007,0.0,0.0,0.01,0,6.31
2016-04-08,SKU-033,WH-TX1,Baseline Legacy Rule,2,1,1,0,1,48,0,0,0.003,0.0,0.0,0.0,0,6.31
2016-04-09,SKU-033,WH-TX1,Baseline Legacy Rule,1,0,0,0,1,48,0,0,0.003,0.0,0.0,0.0,0,6.31
2016-04-10,SKU-033,WH-TX1,Baseline Legacy Rule,1,1,1,0,0,48,0,0,0.0,0.0,0.0,0.0,0,6.31
2016-04-11,SKU-033,WH-TX1,Baseline Legacy Rule,48,0,0,0,48,0,0,48,0.166,0.0,0.0,0.17,0,6.31
2016-04-12,SKU-033,WH-TX1,Baseline Legacy Rule,48,0,0,0,48,0,0,0,0.166,0.0,0.0,0.17,0,6.31
2016-04-13,SKU-033,WH-TX1,Baseline Legacy Rule,48,0,0,0,48,0,0,0,0.166,0.0,0.0,0.17,0,6.31
2016-04-14,SKU-033,WH-TX1,Baseline Legacy Rule,48,0,0,0,48,0,0,0,0.166,0.0,0.0,0.17,0,6.31
2016-04-15,SKU-033,WH-TX1,Baseline Legacy Rule,48,0,0,0,48,0,0,0,0.166,0.0,0.0,0.17,0,6.31
2016-04-16,SKU-033,WH-TX1,Baseline Legacy Rule,48,1,1,0,47,0,0,0,0.163,0.0,0.0,0.16,0,6.31
2016-04-17,SKU-033,WH-TX1,Baseline Legacy Rule,47,0,0,0,47,0,0,0,0.163,0.0,0.0,0.16,0,6.31
2016-04-18,SKU-033,WH-TX1,Baseline Legacy Rule,47,0,0,0,47,0,0,0,0.163,0.0,0.0,0.16,0,6.31
2016-04-19,SKU-033,WH-TX1,Baseline Legacy Rule,47,0,0,0,47,0,0,0,0.163,0.0,0.0,0.16,0,6.31
2016-04-20,SKU-033,WH-TX1,Baseline Legacy Rule,47,0,0,0,47,0,0,0,0.163,0.0,0.0,0.16,0,6.31
2016-04-21,SKU-033,WH-TX1,Baseline Legacy Rule,47,0,0,0,47,0,0,0,0.163,0.0,0.0,0.16,0,6.31
2016-04-22,SKU-033,WH-TX1,Baseline Legacy Rule,47,0,0,0,47,0,0,0,0.163,0.0,0.0,0.16,0,6.31
2016-04-23,SKU-033,WH-TX1,Baseline Legacy Rule,47,2,2,0,45,0,0,0,0.156,0.0,0.0,0.16,0,6.31
2016-04-24,SKU-033,WH-TX1,Baseline Legacy Rule,45,1,1,0,44,0,0,0,0.152,0.0,0.0,0.15,0,6.31
2016-03-28,SKU-033,WH-WI1,Baseline Legacy Rule,5,0,0,0,5,0,0,0,0.019,0.0,0.0,0.02,0,6.31
2016-03-29,SKU-033,WH-WI1,Baseline Legacy Rule,5,1,1,0,4,0,0,0,0.015,0.0,0.0,0.01,0,6.31
2016-03-30,SKU-033,WH-WI1,Baseline Legacy Rule,4,0,0,0,4,0,0,0,0.015,0.0,0.0,0.01,0,6.31
2016-03-31,SKU-033,WH-WI1,Baseline Legacy Rule,4,0,0,0,4,0,0,0,0.015,0.0,0.0,0.01,0,6.31
2016-04-01,SKU-033,WH-WI1,Baseline Legacy Rule,4,0,0,0,4,0,0,0,0.015,0.0,0.0,0.01,0,6.31
2016-04-02,SKU-033,WH-WI1,Baseline Legacy Rule,4,0,0,0,4,0,0,0,0.015,0.0,0.0,0.01,0,6.31
2016-04-03,SKU-033,WH-WI1,Baseline Legacy Rule,4,0,0,0,4,0,0,0,0.015,0.0,0.0,0.01,0,6.31
2016-04-04,SKU-033,WH-WI1,Baseline Legacy Rule,4,0,0,0,4,0,0,0,0.015,0.0,0.0,0.01,0,6.31
2016-04-05,SKU-033,WH-WI1,Baseline Legacy Rule,4,0,0,0,4,0,0,0,0.015,0.0,0.0,0.01,0,6.31
2016-04-06,SKU-033,WH-WI1,Baseline Legacy Rule,4,0,0,0,4,0,0,0,0.015,0.0,0.0,0.01,0,6.31
2016-04-07,SKU-033,WH-WI1,Baseline Legacy Rule,4,0,0,0,4,0,0,0,0.015,0.0,0.0,0.01,0,6.31
2016-04-08,SKU-033,WH-WI1,Baseline Legacy Rule,4,0,0,0,4,0,0,0,0.015,0.0,0.0,0.01,0,6.31
2016-04-09,SKU-033,WH-WI1,Baseline Legacy Rule,4,0,0,0,4,0,0,0,0.015,0.0,0.0,0.01,0,6.31
2016-04-10,SKU-033,WH-WI1,Baseline Legacy Rule,4,0,0,0,4,0,0,0,0.015,0.0,0.0,0.01,0,6.31
2016-04-11,SKU-033,WH-WI1,Baseline Legacy Rule,4,0,0,0,4,0,0,0,0.015,0.0,0.0,0.01,0,6.31
2016-04-12,SKU-033,WH-WI1,Baseline Legacy Rule,4,0,0,0,4,0,0,0,0.015,0.0,0.0,0.01,0,6.31
2016-04-13,SKU-033,WH-WI1,Baseline Legacy Rule,4,0,0,0,4,0,0,0,0.015,0.0,0.0,0.01,0,6.31
2016-04-14,SKU-033,WH-WI1,Baseline Legacy Rule,4,0,0,0,4,0,0,0,0.015,0.0,0.0,0.01,0,6.31
2016-04-15,SKU-033,WH-WI1,Baseline Legacy Rule,4,0,0,0,4,0,0,0,0.015,0.0,0.0,0.01,0,6.31
2016-04-16,SKU-033,WH-WI1,Baseline Legacy Rule,4,1,1,0,3,48,48,0,0.011,90.0,0.0,90.01,0,6.31
2016-04-17,SKU-033,WH-WI1,Baseline Legacy Rule,3,0,0,0,3,48,0,0,0.011,0.0,0.0,0.01,0,6.31
2016-04-18,SKU-033,WH-WI1,Baseline Legacy Rule,3,1,1,0,2,48,0,0,0.008,0.0,0.0,0.01,0,6.31
2016-04-19,SKU-033,WH-WI1,Baseline Legacy Rule,2,0,0,0,2,48,0,0,0.008,0.0,0.0,0.01,0,6.31
2016-04-20,SKU-033,WH-WI1,Baseline Legacy Rule,2,0,0,0,2,48,0,0,0.008,0.0,0.0,0.01,0,6.31
2016-04-21,SKU-033,WH-WI1,Baseline Legacy Rule,2,1,1,0,1,48,0,0,0.004,0.0,0.0,0.0,0,6.31
2016-04-22,SKU-033,WH-WI1,Baseline Legacy Rule,1,0,0,0,1,48,0,0,0.004,0.0,0.0,0.0,0,6.31
2016-04-23,SKU-033,WH-WI1,Baseline Legacy Rule,1,0,0,0,1,48,0,0,0.004,0.0,0.0,0.0,0,6.31
2016-04-24,SKU-033,WH-WI1,Baseline Legacy Rule,1,1,1,0,0,48,0,0,0.0,0.0,0.0,0.0,0,6.31
2016-03-28,SKU-034,WH-CA1,Baseline Legacy Rule,5,0,0,0,5,0,0,0,0.013,0.0,0.0,0.01,0,3.83
2016-03-29,SKU-034,WH-CA1,Baseline Legacy Rule,5,0,0,0,5,0,0,0,0.013,0.0,0.0,0.01,0,3.83
2016-03-30,SKU-034,WH-CA1,Baseline Legacy Rule,5,0,0,0,5,0,0,0,0.013,0.0,0.0,0.01,0,3.83
2016-03-31,SKU-034,WH-CA1,Baseline Legacy Rule,5,0,0,0,5,0,0,0,0.013,0.0,0.0,0.01,0,3.83
2016-04-01,SKU-034,WH-CA1,Baseline Legacy Rule,5,0,0,0,5,0,0,0,0.013,0.0,0.0,0.01,0,3.83
2016-04-02,SKU-034,WH-CA1,Baseline Legacy Rule,5,0,0,0,5,0,0,0,0.013,0.0,0.0,0.01,0,3.83
2016-04-03,SKU-034,WH-CA1,Baseline Legacy Rule,5,0,0,0,5,0,0,0,0.013,0.0,0.0,0.01,0,3.83
2016-04-04,SKU-034,WH-CA1,Baseline Legacy Rule,5,0,0,0,5,0,0,0,0.013,0.0,0.0,0.01,0,3.83
2016-04-05,SKU-034,WH-CA1,Baseline Legacy Rule,5,0,0,0,5,0,0,0,0.013,0.0,0.0,0.01,0,3.83
2016-04-06,SKU-034,WH-CA1,Baseline Legacy Rule,5,0,0,0,5,0,0,0,0.013,0.0,0.0,0.01,0,3.83
2016-04-07,SKU-034,WH-CA1,Baseline Legacy Rule,5,0,0,0,5,0,0,0,0.013,0.0,0.0,0.01,0,3.83
2016-04-08,SKU-034,WH-CA1,Baseline Legacy Rule,5,0,0,0,5,0,0,0,0.013,0.0,0.0,0.01,0,3.83
2016-04-09,SKU-034,WH-CA1,Baseline Legacy Rule,5,0,0,0,5,0,0,0,0.013,0.0,0.0,0.01,0,3.83
2016-04-10,SKU-034,WH-CA1,Baseline Legacy Rule,5,0,0,0,5,0,0,0,0.013,0.0,0.0,0.01,0,3.83
2016-04-11,SKU-034,WH-CA1,Baseline Legacy Rule,5,0,0,0,5,0,0,0,0.013,0.0,0.0,0.01,0,3.83
2016-04-12,SKU-034,WH-CA1,Baseline Legacy Rule,5,0,0,0,5,0,0,0,0.013,0.0,0.0,0.01,0,3.83
2016-04-13,SKU-034,WH-CA1,Baseline Legacy Rule,5,0,0,0,5,0,0,0,0.013,0.0,0.0,0.01,0,3.83
2016-04-14,SKU-034,WH-CA1,Baseline Legacy Rule,5,0,0,0,5,0,0,0,0.013,0.0,0.0,0.01,0,3.83
2016-04-15,SKU-034,WH-CA1,Baseline Legacy Rule,5,0,0,0,5,0,0,0,0.013,0.0,0.0,0.01,0,3.83
2016-04-16,SKU-034,WH-CA1,Baseline Legacy Rule,5,0,0,0,5,0,0,0,0.013,0.0,0.0,0.01,0,3.83
2016-04-17,SKU-034,WH-CA1,Baseline Legacy Rule,5,0,0,0,5,0,0,0,0.013,0.0,0.0,0.01,0,3.83
2016-04-18,SKU-034,WH-CA1,Baseline Legacy Rule,5,0,0,0,5,0,0,0,0.013,0.0,0.0,0.01,0,3.83
2016-04-19,SKU-034,WH-CA1,Baseline Legacy Rule,5,0,0,0,5,0,0,0,0.013,0.0,0.0,0.01,0,3.83
2016-04-20,SKU-034,WH-CA1,Baseline Legacy Rule,5,0,0,0,5,0,0,0,0.013,0.0,0.0,0.01,0,3.83
2016-04-21,SKU-034,WH-CA1,Baseline Legacy Rule,5,0,0,0,5,0,0,0,0.013,0.0,0.0,0.01,0,3.83
2016-04-22,SKU-034,WH-CA1,Baseline Legacy Rule,5,0,0,0,5,0,0,0,0.013,0.0,0.0,0.01,0,3.83
2016-04-23,SKU-034,WH-CA1,Baseline Legacy Rule,5,0,0,0,5,0,0,0,0.013,0.0,0.0,0.01,0,3.83
2016-04-24,SKU-034,WH-CA1,Baseline Legacy Rule,5,0,0,0,5,0,0,0,0.013,0.0,0.0,0.01,0,3.83
2016-03-28,SKU-034,WH-TX1,Baseline Legacy Rule,5,0,0,0,5,0,0,0,0.01,0.0,0.0,0.01,0,3.83
2016-03-29,SKU-034,WH-TX1,Baseline Legacy Rule,5,1,1,0,4,0,0,0,0.008,0.0,0.0,0.01,0,3.83
2016-03-30,SKU-034,WH-TX1,Baseline Legacy Rule,4,0,0,0,4,0,0,0,0.008,0.0,0.0,0.01,0,3.83
2016-03-31,SKU-034,WH-TX1,Baseline Legacy Rule,4,0,0,0,4,0,0,0,0.008,0.0,0.0,0.01,0,3.83
2016-04-01,SKU-034,WH-TX1,Baseline Legacy Rule,4,0,0,0,4,0,0,0,0.008,0.0,0.0,0.01,0,3.83
2016-04-02,SKU-034,WH-TX1,Baseline Legacy Rule,4,0,0,0,4,0,0,0,0.008,0.0,0.0,0.01,0,3.83
2016-04-03,SKU-034,WH-TX1,Baseline Legacy Rule,4,0,0,0,4,0,0,0,0.008,0.0,0.0,0.01,0,3.83
2016-04-04,SKU-034,WH-TX1,Baseline Legacy Rule,4,0,0,0,4,0,0,0,0.008,0.0,0.0,0.01,0,3.83
2016-04-05,SKU-034,WH-TX1,Baseline Legacy Rule,4,0,0,0,4,0,0,0,0.008,0.0,0.0,0.01,0,3.83
2016-04-06,SKU-034,WH-TX1,Baseline Legacy Rule,4,0,0,0,4,0,0,0,0.008,0.0,0.0,0.01,0,3.83
2016-04-07,SKU-034,WH-TX1,Baseline Legacy Rule,4,0,0,0,4,0,0,0,0.008,0.0,0.0,0.01,0,3.83
2016-04-08,SKU-034,WH-TX1,Baseline Legacy Rule,4,0,0,0,4,0,0,0,0.008,0.0,0.0,0.01,0,3.83
2016-04-09,SKU-034,WH-TX1,Baseline Legacy Rule,4,0,0,0,4,0,0,0,0.008,0.0,0.0,0.01,0,3.83
2016-04-10,SKU-034,WH-TX1,Baseline Legacy Rule,4,0,0,0,4,0,0,0,0.008,0.0,0.0,0.01,0,3.83
2016-04-11,SKU-034,WH-TX1,Baseline Legacy Rule,4,0,0,0,4,0,0,0,0.008,0.0,0.0,0.01,0,3.83
2016-04-12,SKU-034,WH-TX1,Baseline Legacy Rule,4,0,0,0,4,0,0,0,0.008,0.0,0.0,0.01,0,3.83
2016-04-13,SKU-034,WH-TX1,Baseline Legacy Rule,4,1,1,0,3,0,0,0,0.006,0.0,0.0,0.01,0,3.83
2016-04-14,SKU-034,WH-TX1,Baseline Legacy Rule,3,0,0,0,3,0,0,0,0.006,0.0,0.0,0.01,0,3.83
2016-04-15,SKU-034,WH-TX1,Baseline Legacy Rule,3,0,0,0,3,0,0,0,0.006,0.0,0.0,0.01,0,3.83
2016-04-16,SKU-034,WH-TX1,Baseline Legacy Rule,3,0,0,0,3,0,0,0,0.006,0.0,0.0,0.01,0,3.83
2016-04-17,SKU-034,WH-TX1,Baseline Legacy Rule,3,0,0,0,3,0,0,0,0.006,0.0,0.0,0.01,0,3.83
2016-04-18,SKU-034,WH-TX1,Baseline Legacy Rule,3,0,0,0,3,0,0,0,0.006,0.0,0.0,0.01,0,3.83
2016-04-19,SKU-034,WH-TX1,Baseline Legacy Rule,3,0,0,0,3,0,0,0,0.006,0.0,0.0,0.01,0,3.83
2016-04-20,SKU-034,WH-TX1,Baseline Legacy Rule,3,0,0,0,3,0,0,0,0.006,0.0,0.0,0.01,0,3.83
2016-04-21,SKU-034,WH-TX1,Baseline Legacy Rule,3,0,0,0,3,0,0,0,0.006,0.0,0.0,0.01,0,3.83
2016-04-22,SKU-034,WH-TX1,Baseline Legacy Rule,3,0,0,0,3,0,0,0,0.006,0.0,0.0,0.01,0,3.83
2016-04-23,SKU-034,WH-TX1,Baseline Legacy Rule,3,0,0,0,3,0,0,0,0.006,0.0,0.0,0.01,0,3.83
2016-04-24,SKU-034,WH-TX1,Baseline Legacy Rule,3,0,0,0,3,0,0,0,0.006,0.0,0.0,0.01,0,3.83
2016-03-28,SKU-034,WH-WI1,Baseline Legacy Rule,5,0,0,0,5,0,0,0,0.012,0.0,0.0,0.01,0,3.83
2016-03-29,SKU-034,WH-WI1,Baseline Legacy Rule,5,0,0,0,5,0,0,0,0.012,0.0,0.0,0.01,0,3.83
2016-03-30,SKU-034,WH-WI1,Baseline Legacy Rule,5,0,0,0,5,0,0,0,0.012,0.0,0.0,0.01,0,3.83
2016-03-31,SKU-034,WH-WI1,Baseline Legacy Rule,5,0,0,0,5,0,0,0,0.012,0.0,0.0,0.01,0,3.83
2016-04-01,SKU-034,WH-WI1,Baseline Legacy Rule,5,0,0,0,5,0,0,0,0.012,0.0,0.0,0.01,0,3.83
2016-04-02,SKU-034,WH-WI1,Baseline Legacy Rule,5,0,0,0,5,0,0,0,0.012,0.0,0.0,0.01,0,3.83
2016-04-03,SKU-034,WH-WI1,Baseline Legacy Rule,5,0,0,0,5,0,0,0,0.012,0.0,0.0,0.01,0,3.83
2016-04-04,SKU-034,WH-WI1,Baseline Legacy Rule,5,0,0,0,5,0,0,0,0.012,0.0,0.0,0.01,0,3.83
2016-04-05,SKU-034,WH-WI1,Baseline Legacy Rule,5,0,0,0,5,0,0,0,0.012,0.0,0.0,0.01,0,3.83
2016-04-06,SKU-034,WH-WI1,Baseline Legacy Rule,5,0,0,0,5,0,0,0,0.012,0.0,0.0,0.01,0,3.83
2016-04-07,SKU-034,WH-WI1,Baseline Legacy Rule,5,0,0,0,5,0,0,0,0.012,0.0,0.0,0.01,0,3.83
2016-04-08,SKU-034,WH-WI1,Baseline Legacy Rule,5,1,1,0,4,0,0,0,0.009,0.0,0.0,0.01,0,3.83
2016-04-09,SKU-034,WH-WI1,Baseline Legacy Rule,4,0,0,0,4,0,0,0,0.009,0.0,0.0,0.01,0,3.83
2016-04-10,SKU-034,WH-WI1,Baseline Legacy Rule,4,0,0,0,4,0,0,0,0.009,0.0,0.0,0.01,0,3.83
2016-04-11,SKU-034,WH-WI1,Baseline Legacy Rule,4,0,0,0,4,0,0,0,0.009,0.0,0.0,0.01,0,3.83
2016-04-12,SKU-034,WH-WI1,Baseline Legacy Rule,4,0,0,0,4,0,0,0,0.009,0.0,0.0,0.01,0,3.83
2016-04-13,SKU-034,WH-WI1,Baseline Legacy Rule,4,0,0,0,4,0,0,0,0.009,0.0,0.0,0.01,0,3.83
2016-04-14,SKU-034,WH-WI1,Baseline Legacy Rule,4,1,1,0,3,0,0,0,0.007,0.0,0.0,0.01,0,3.83
2016-04-15,SKU-034,WH-WI1,Baseline Legacy Rule,3,0,0,0,3,0,0,0,0.007,0.0,0.0,0.01,0,3.83
2016-04-16,SKU-034,WH-WI1,Baseline Legacy Rule,3,0,0,0,3,0,0,0,0.007,0.0,0.0,0.01,0,3.83
2016-04-17,SKU-034,WH-WI1,Baseline Legacy Rule,3,0,0,0,3,0,0,0,0.007,0.0,0.0,0.01,0,3.83
2016-04-18,SKU-034,WH-WI1,Baseline Legacy Rule,3,0,0,0,3,0,0,0,0.007,0.0,0.0,0.01,0,3.83
2016-04-19,SKU-034,WH-WI1,Baseline Legacy Rule,3,0,0,0,3,0,0,0,0.007,0.0,0.0,0.01,0,3.83
2016-04-20,SKU-034,WH-WI1,Baseline Legacy Rule,3,0,0,0,3,0,0,0,0.007,0.0,0.0,0.01,0,3.83
2016-04-21,SKU-034,WH-WI1,Baseline Legacy Rule,3,0,0,0,3,0,0,0,0.007,0.0,0.0,0.01,0,3.83
2016-04-22,SKU-034,WH-WI1,Baseline Legacy Rule,3,0,0,0,3,0,0,0,0.007,0.0,0.0,0.01,0,3.83
2016-04-23,SKU-034,WH-WI1,Baseline Legacy Rule,3,0,0,0,3,0,0,0,0.007,0.0,0.0,0.01,0,3.83
2016-04-24,SKU-034,WH-WI1,Baseline Legacy Rule,3,0,0,0,3,0,0,0,0.007,0.0,0.0,0.01,0,3.83
2016-03-28,SKU-035,WH-CA1,Baseline Legacy Rule,5,0,0,0,5,48,48,0,0.011,90.0,0.0,90.01,0,3.18
2016-03-29,SKU-035,WH-CA1,Baseline Legacy Rule,5,0,0,0,5,48,0,0,0.011,0.0,0.0,0.01,0,3.18
2016-03-30,SKU-035,WH-CA1,Baseline Legacy Rule,5,0,0,0,5,48,0,0,0.011,0.0,0.0,0.01,0,3.18
2016-03-31,SKU-035,WH-CA1,Baseline Legacy Rule,5,0,0,0,5,48,0,0,0.011,0.0,0.0,0.01,0,3.18
2016-04-01,SKU-035,WH-CA1,Baseline Legacy Rule,5,0,0,0,5,48,0,0,0.011,0.0,0.0,0.01,0,3.18
2016-04-02,SKU-035,WH-CA1,Baseline Legacy Rule,5,0,0,0,5,48,0,0,0.011,0.0,0.0,0.01,0,3.18
2016-04-03,SKU-035,WH-CA1,Baseline Legacy Rule,5,0,0,0,5,48,0,0,0.011,0.0,0.0,0.01,0,3.18
2016-04-04,SKU-035,WH-CA1,Baseline Legacy Rule,5,0,0,0,5,48,0,0,0.011,0.0,0.0,0.01,0,3.18
2016-04-05,SKU-035,WH-CA1,Baseline Legacy Rule,5,0,0,0,5,48,0,0,0.011,0.0,0.0,0.01,0,3.18
2016-04-06,SKU-035,WH-CA1,Baseline Legacy Rule,5,2,2,0,3,48,0,0,0.007,0.0,0.0,0.01,0,3.18
2016-04-07,SKU-035,WH-CA1,Baseline Legacy Rule,3,0,0,0,3,48,0,0,0.007,0.0,0.0,0.01,0,3.18
2016-04-08,SKU-035,WH-CA1,Baseline Legacy Rule,3,0,0,0,3,48,0,0,0.007,0.0,0.0,0.01,0,3.18
2016-04-09,SKU-035,WH-CA1,Baseline Legacy Rule,3,0,0,0,3,48,0,0,0.007,0.0,0.0,0.01,0,3.18
2016-04-10,SKU-035,WH-CA1,Baseline Legacy Rule,51,1,1,0,50,0,0,48,0.109,0.0,0.0,0.11,0,3.18
2016-04-11,SKU-035,WH-CA1,Baseline Legacy Rule,50,2,2,0,48,0,0,0,0.105,0.0,0.0,0.1,0,3.18
2016-04-12,SKU-035,WH-CA1,Baseline Legacy Rule,48,0,0,0,48,0,0,0,0.105,0.0,0.0,0.1,0,3.18
2016-04-13,SKU-035,WH-CA1,Baseline Legacy Rule,48,0,0,0,48,0,0,0,0.105,0.0,0.0,0.1,0,3.18
2016-04-14,SKU-035,WH-CA1,Baseline Legacy Rule,48,0,0,0,48,0,0,0,0.105,0.0,0.0,0.1,0,3.18
2016-04-15,SKU-035,WH-CA1,Baseline Legacy Rule,48,3,3,0,45,0,0,0,0.098,0.0,0.0,0.1,0,3.18
2016-04-16,SKU-035,WH-CA1,Baseline Legacy Rule,45,0,0,0,45,0,0,0,0.098,0.0,0.0,0.1,0,3.18
2016-04-17,SKU-035,WH-CA1,Baseline Legacy Rule,45,0,0,0,45,0,0,0,0.098,0.0,0.0,0.1,0,3.18
2016-04-18,SKU-035,WH-CA1,Baseline Legacy Rule,45,0,0,0,45,0,0,0,0.098,0.0,0.0,0.1,0,3.18
2016-04-19,SKU-035,WH-CA1,Baseline Legacy Rule,45,0,0,0,45,0,0,0,0.098,0.0,0.0,0.1,0,3.18
2016-04-20,SKU-035,WH-CA1,Baseline Legacy Rule,45,0,0,0,45,0,0,0,0.098,0.0,0.0,0.1,0,3.18
2016-04-21,SKU-035,WH-CA1,Baseline Legacy Rule,45,0,0,0,45,0,0,0,0.098,0.0,0.0,0.1,0,3.18
2016-04-22,SKU-035,WH-CA1,Baseline Legacy Rule,45,0,0,0,45,0,0,0,0.098,0.0,0.0,0.1,0,3.18
2016-04-23,SKU-035,WH-CA1,Baseline Legacy Rule,45,0,0,0,45,0,0,0,0.098,0.0,0.0,0.1,0,3.18
2016-04-24,SKU-035,WH-CA1,Baseline Legacy Rule,45,0,0,0,45,0,0,0,0.098,0.0,0.0,0.1,0,3.18
2016-03-28,SKU-035,WH-TX1,Baseline Legacy Rule,5,0,0,0,5,0,0,0,0.009,0.0,0.0,0.01,0,3.18
2016-03-29,SKU-035,WH-TX1,Baseline Legacy Rule,5,0,0,0,5,0,0,0,0.009,0.0,0.0,0.01,0,3.18
2016-03-30,SKU-035,WH-TX1,Baseline Legacy Rule,5,0,0,0,5,0,0,0,0.009,0.0,0.0,0.01,0,3.18
2016-03-31,SKU-035,WH-TX1,Baseline Legacy Rule,5,1,1,0,4,0,0,0,0.007,0.0,0.0,0.01,0,3.18
2016-04-01,SKU-035,WH-TX1,Baseline Legacy Rule,4,0,0,0,4,0,0,0,0.007,0.0,0.0,0.01,0,3.18
2016-04-02,SKU-035,WH-TX1,Baseline Legacy Rule,4,0,0,0,4,0,0,0,0.007,0.0,0.0,0.01,0,3.18
2016-04-03,SKU-035,WH-TX1,Baseline Legacy Rule,4,0,0,0,4,0,0,0,0.007,0.0,0.0,0.01,0,3.18
2016-04-04,SKU-035,WH-TX1,Baseline Legacy Rule,4,0,0,0,4,0,0,0,0.007,0.0,0.0,0.01,0,3.18
2016-04-05,SKU-035,WH-TX1,Baseline Legacy Rule,4,0,0,0,4,0,0,0,0.007,0.0,0.0,0.01,0,3.18
2016-04-06,SKU-035,WH-TX1,Baseline Legacy Rule,4,0,0,0,4,0,0,0,0.007,0.0,0.0,0.01,0,3.18
2016-04-07,SKU-035,WH-TX1,Baseline Legacy Rule,4,0,0,0,4,0,0,0,0.007,0.0,0.0,0.01,0,3.18
2016-04-08,SKU-035,WH-TX1,Baseline Legacy Rule,4,0,0,0,4,0,0,0,0.007,0.0,0.0,0.01,0,3.18
2016-04-09,SKU-035,WH-TX1,Baseline Legacy Rule,4,0,0,0,4,0,0,0,0.007,0.0,0.0,0.01,0,3.18
2016-04-10,SKU-035,WH-TX1,Baseline Legacy Rule,4,0,0,0,4,0,0,0,0.007,0.0,0.0,0.01,0,3.18
2016-04-11,SKU-035,WH-TX1,Baseline Legacy Rule,4,0,0,0,4,0,0,0,0.007,0.0,0.0,0.01,0,3.18
2016-04-12,SKU-035,WH-TX1,Baseline Legacy Rule,4,0,0,0,4,0,0,0,0.007,0.0,0.0,0.01,0,3.18
2016-04-13,SKU-035,WH-TX1,Baseline Legacy Rule,4,0,0,0,4,0,0,0,0.007,0.0,0.0,0.01,0,3.18
2016-04-14,SKU-035,WH-TX1,Baseline Legacy Rule,4,0,0,0,4,0,0,0,0.007,0.0,0.0,0.01,0,3.18
2016-04-15,SKU-035,WH-TX1,Baseline Legacy Rule,4,0,0,0,4,0,0,0,0.007,0.0,0.0,0.01,0,3.18
2016-04-16,SKU-035,WH-TX1,Baseline Legacy Rule,4,0,0,0,4,0,0,0,0.007,0.0,0.0,0.01,0,3.18
2016-04-17,SKU-035,WH-TX1,Baseline Legacy Rule,4,0,0,0,4,0,0,0,0.007,0.0,0.0,0.01,0,3.18
2016-04-18,SKU-035,WH-TX1,Baseline Legacy Rule,4,0,0,0,4,0,0,0,0.007,0.0,0.0,0.01,0,3.18
2016-04-19,SKU-035,WH-TX1,Baseline Legacy Rule,4,0,0,0,4,0,0,0,0.007,0.0,0.0,0.01,0,3.18
2016-04-20,SKU-035,WH-TX1,Baseline Legacy Rule,4,0,0,0,4,0,0,0,0.007,0.0,0.0,0.01,0,3.18
2016-04-21,SKU-035,WH-TX1,Baseline Legacy Rule,4,0,0,0,4,0,0,0,0.007,0.0,0.0,0.01,0,3.18
2016-04-22,SKU-035,WH-TX1,Baseline Legacy Rule,4,0,0,0,4,0,0,0,0.007,0.0,0.0,0.01,0,3.18
2016-04-23,SKU-035,WH-TX1,Baseline Legacy Rule,4,1,1,0,3,48,48,0,0.005,90.0,0.0,90.0,0,3.18
2016-04-24,SKU-035,WH-TX1,Baseline Legacy Rule,3,2,2,0,1,48,0,0,0.002,0.0,0.0,0.0,0,3.18
2016-03-28,SKU-035,WH-WI1,Baseline Legacy Rule,5,0,0,0,5,0,0,0,0.01,0.0,0.0,0.01,0,3.18
2016-03-29,SKU-035,WH-WI1,Baseline Legacy Rule,5,1,1,0,4,0,0,0,0.008,0.0,0.0,0.01,0,3.18
2016-03-30,SKU-035,WH-WI1,Baseline Legacy Rule,4,0,0,0,4,0,0,0,0.008,0.0,0.0,0.01,0,3.18
2016-03-31,SKU-035,WH-WI1,Baseline Legacy Rule,4,0,0,0,4,0,0,0,0.008,0.0,0.0,0.01,0,3.18
2016-04-01,SKU-035,WH-WI1,Baseline Legacy Rule,4,0,0,0,4,0,0,0,0.008,0.0,0.0,0.01,0,3.18
2016-04-02,SKU-035,WH-WI1,Baseline Legacy Rule,4,1,1,0,3,0,0,0,0.006,0.0,0.0,0.01,0,3.18
2016-04-03,SKU-035,WH-WI1,Baseline Legacy Rule,3,1,1,0,2,48,48,0,0.004,90.0,0.0,90.0,0,3.18
2016-04-04,SKU-035,WH-WI1,Baseline Legacy Rule,2,0,0,0,2,48,0,0,0.004,0.0,0.0,0.0,0,3.18
2016-04-05,SKU-035,WH-WI1,Baseline Legacy Rule,2,0,0,0,2,48,0,0,0.004,0.0,0.0,0.0,0,3.18
2016-04-06,SKU-035,WH-WI1,Baseline Legacy Rule,2,0,0,0,2,48,0,0,0.004,0.0,0.0,0.0,0,3.18
2016-04-07,SKU-035,WH-WI1,Baseline Legacy Rule,2,1,1,0,1,48,0,0,0.002,0.0,0.0,0.0,0,3.18
2016-04-08,SKU-035,WH-WI1,Baseline Legacy Rule,1,0,0,0,1,48,0,0,0.002,0.0,0.0,0.0,0,3.18
2016-04-09,SKU-035,WH-WI1,Baseline Legacy Rule,1,0,0,0,1,48,0,0,0.002,0.0,0.0,0.0,0,3.18
2016-04-10,SKU-035,WH-WI1,Baseline Legacy Rule,1,0,0,0,1,48,0,0,0.002,0.0,0.0,0.0,0,3.18
2016-04-11,SKU-035,WH-WI1,Baseline Legacy Rule,1,0,0,0,1,48,0,0,0.002,0.0,0.0,0.0,0,3.18
2016-04-12,SKU-035,WH-WI1,Baseline Legacy Rule,1,0,0,0,1,48,0,0,0.002,0.0,0.0,0.0,0,3.18
2016-04-13,SKU-035,WH-WI1,Baseline Legacy Rule,49,0,0,0,49,0,0,48,0.094,0.0,0.0,0.09,0,3.18
2016-04-14,SKU-035,WH-WI1,Baseline Legacy Rule,49,0,0,0,49,0,0,0,0.094,0.0,0.0,0.09,0,3.18
2016-04-15,SKU-035,WH-WI1,Baseline Legacy Rule,49,0,0,0,49,0,0,0,0.094,0.0,0.0,0.09,0,3.18
2016-04-16,SKU-035,WH-WI1,Baseline Legacy Rule,49,1,1,0,48,0,0,0,0.092,0.0,0.0,0.09,0,3.18
2016-04-17,SKU-035,WH-WI1,Baseline Legacy Rule,48,0,0,0,48,0,0,0,0.092,0.0,0.0,0.09,0,3.18
2016-04-18,SKU-035,WH-WI1,Baseline Legacy Rule,48,0,0,0,48,0,0,0,0.092,0.0,0.0,0.09,0,3.18
2016-04-19,SKU-035,WH-WI1,Baseline Legacy Rule,48,1,1,0,47,0,0,0,0.09,0.0,0.0,0.09,0,3.18
2016-04-20,SKU-035,WH-WI1,Baseline Legacy Rule,47,0,0,0,47,0,0,0,0.09,0.0,0.0,0.09,0,3.18
2016-04-21,SKU-035,WH-WI1,Baseline Legacy Rule,47,0,0,0,47,0,0,0,0.09,0.0,0.0,0.09,0,3.18
2016-04-22,SKU-035,WH-WI1,Baseline Legacy Rule,47,0,0,0,47,0,0,0,0.09,0.0,0.0,0.09,0,3.18
2016-04-23,SKU-035,WH-WI1,Baseline Legacy Rule,47,0,0,0,47,0,0,0,0.09,0.0,0.0,0.09,0,3.18
2016-04-24,SKU-035,WH-WI1,Baseline Legacy Rule,47,0,0,0,47,0,0,0,0.09,0.0,0.0,0.09,0,3.18
2016-03-28,SKU-036,WH-CA1,Baseline Legacy Rule,9,0,0,0,9,96,96,0,0.003,110.0,0.0,110.0,0,0.5
2016-03-29,SKU-036,WH-CA1,Baseline Legacy Rule,9,0,0,0,9,96,0,0,0.003,0.0,0.0,0.0,0,0.5
2016-03-30,SKU-036,WH-CA1,Baseline Legacy Rule,9,0,0,0,9,96,0,0,0.003,0.0,0.0,0.0,0,0.5
2016-03-31,SKU-036,WH-CA1,Baseline Legacy Rule,9,0,0,0,9,96,0,0,0.003,0.0,0.0,0.0,0,0.5
2016-04-01,SKU-036,WH-CA1,Baseline Legacy Rule,9,0,0,0,9,96,0,0,0.003,0.0,0.0,0.0,0,0.5
2016-04-02,SKU-036,WH-CA1,Baseline Legacy Rule,9,0,0,0,9,96,0,0,0.003,0.0,0.0,0.0,0,0.5
2016-04-03,SKU-036,WH-CA1,Baseline Legacy Rule,9,4,4,0,5,96,0,0,0.002,0.0,0.0,0.0,0,0.5
2016-04-04,SKU-036,WH-CA1,Baseline Legacy Rule,5,0,0,0,5,96,0,0,0.002,0.0,0.0,0.0,0,0.5
2016-04-05,SKU-036,WH-CA1,Baseline Legacy Rule,5,0,0,0,5,96,0,0,0.002,0.0,0.0,0.0,0,0.5
2016-04-06,SKU-036,WH-CA1,Baseline Legacy Rule,5,4,4,0,1,96,0,0,0.0,0.0,0.0,0.0,0,0.5
2016-04-07,SKU-036,WH-CA1,Baseline Legacy Rule,1,0,0,0,1,96,0,0,0.0,0.0,0.0,0.0,0,0.5
2016-04-08,SKU-036,WH-CA1,Baseline Legacy Rule,1,2,1,1,0,96,0,0,0.0,0.0,2.18,2.18,1,0.5
2016-04-09,SKU-036,WH-CA1,Baseline Legacy Rule,0,1,0,1,0,96,0,0,0.0,0.0,2.18,2.18,1,0.5
2016-04-10,SKU-036,WH-CA1,Baseline Legacy Rule,0,1,0,1,0,96,0,0,0.0,0.0,2.18,2.18,1,0.5
2016-04-11,SKU-036,WH-CA1,Baseline Legacy Rule,0,0,0,0,0,96,0,0,0.0,0.0,0.0,0.0,0,0.5
2016-04-12,SKU-036,WH-CA1,Baseline Legacy Rule,0,0,0,0,0,96,0,0,0.0,0.0,0.0,0.0,0,0.5
2016-04-13,SKU-036,WH-CA1,Baseline Legacy Rule,0,0,0,0,0,96,0,0,0.0,0.0,0.0,0.0,0,0.5
2016-04-14,SKU-036,WH-CA1,Baseline Legacy Rule,0,0,0,0,0,96,0,0,0.0,0.0,0.0,0.0,0,0.5
2016-04-15,SKU-036,WH-CA1,Baseline Legacy Rule,0,0,0,0,0,96,0,0,0.0,0.0,0.0,0.0,0,0.5
2016-04-16,SKU-036,WH-CA1,Baseline Legacy Rule,0,2,0,2,0,96,0,0,0.0,0.0,4.36,4.36,1,0.5
2016-04-17,SKU-036,WH-CA1,Baseline Legacy Rule,0,0,0,0,0,96,0,0,0.0,0.0,0.0,0.0,0,0.5
2016-04-18,SKU-036,WH-CA1,Baseline Legacy Rule,0,0,0,0,0,96,0,0,0.0,0.0,0.0,0.0,0,0.5
2016-04-19,SKU-036,WH-CA1,Baseline Legacy Rule,0,0,0,0,0,96,0,0,0.0,0.0,0.0,0.0,0,0.5
2016-04-20,SKU-036,WH-CA1,Baseline Legacy Rule,0,1,0,1,0,96,0,0,0.0,0.0,2.18,2.18,1,0.5
2016-04-21,SKU-036,WH-CA1,Baseline Legacy Rule,0,0,0,0,0,96,0,0,0.0,0.0,0.0,0.0,0,0.5
2016-04-22,SKU-036,WH-CA1,Baseline Legacy Rule,96,0,0,0,96,0,0,96,0.033,0.0,0.0,0.03,0,0.5
2016-04-23,SKU-036,WH-CA1,Baseline Legacy Rule,96,1,1,0,95,0,0,0,0.033,0.0,0.0,0.03,0,0.5
2016-04-24,SKU-036,WH-CA1,Baseline Legacy Rule,95,0,0,0,95,0,0,0,0.033,0.0,0.0,0.03,0,0.5
2016-03-28,SKU-036,WH-TX1,Baseline Legacy Rule,13,1,1,0,12,96,96,0,0.003,110.0,0.0,110.0,0,0.5
2016-03-29,SKU-036,WH-TX1,Baseline Legacy Rule,12,0,0,0,12,96,0,0,0.003,0.0,0.0,0.0,0,0.5
2016-03-30,SKU-036,WH-TX1,Baseline Legacy Rule,12,0,0,0,12,96,0,0,0.003,0.0,0.0,0.0,0,0.5
2016-03-31,SKU-036,WH-TX1,Baseline Legacy Rule,12,0,0,0,12,96,0,0,0.003,0.0,0.0,0.0,0,0.5
2016-04-01,SKU-036,WH-TX1,Baseline Legacy Rule,12,1,1,0,11,96,0,0,0.003,0.0,0.0,0.0,0,0.5
2016-04-02,SKU-036,WH-TX1,Baseline Legacy Rule,11,0,0,0,11,96,0,0,0.003,0.0,0.0,0.0,0,0.5
2016-04-03,SKU-036,WH-TX1,Baseline Legacy Rule,11,0,0,0,11,96,0,0,0.003,0.0,0.0,0.0,0,0.5
2016-04-04,SKU-036,WH-TX1,Baseline Legacy Rule,11,0,0,0,11,96,0,0,0.003,0.0,0.0,0.0,0,0.5
2016-04-05,SKU-036,WH-TX1,Baseline Legacy Rule,11,0,0,0,11,96,0,0,0.003,0.0,0.0,0.0,0,0.5
2016-04-06,SKU-036,WH-TX1,Baseline Legacy Rule,11,0,0,0,11,96,0,0,0.003,0.0,0.0,0.0,0,0.5
2016-04-07,SKU-036,WH-TX1,Baseline Legacy Rule,11,0,0,0,11,96,0,0,0.003,0.0,0.0,0.0,0,0.5
2016-04-08,SKU-036,WH-TX1,Baseline Legacy Rule,11,0,0,0,11,96,0,0,0.003,0.0,0.0,0.0,0,0.5
2016-04-09,SKU-036,WH-TX1,Baseline Legacy Rule,11,0,0,0,11,96,0,0,0.003,0.0,0.0,0.0,0,0.5
2016-04-10,SKU-036,WH-TX1,Baseline Legacy Rule,11,0,0,0,11,96,0,0,0.003,0.0,0.0,0.0,0,0.5
2016-04-11,SKU-036,WH-TX1,Baseline Legacy Rule,11,0,0,0,11,96,0,0,0.003,0.0,0.0,0.0,0,0.5
2016-04-12,SKU-036,WH-TX1,Baseline Legacy Rule,11,0,0,0,11,96,0,0,0.003,0.0,0.0,0.0,0,0.5
2016-04-13,SKU-036,WH-TX1,Baseline Legacy Rule,11,0,0,0,11,96,0,0,0.003,0.0,0.0,0.0,0,0.5
2016-04-14,SKU-036,WH-TX1,Baseline Legacy Rule,11,0,0,0,11,96,0,0,0.003,0.0,0.0,0.0,0,0.5
2016-04-15,SKU-036,WH-TX1,Baseline Legacy Rule,11,0,0,0,11,96,0,0,0.003,0.0,0.0,0.0,0,0.5
2016-04-16,SKU-036,WH-TX1,Baseline Legacy Rule,11,0,0,0,11,96,0,0,0.003,0.0,0.0,0.0,0,0.5
2016-04-17,SKU-036,WH-TX1,Baseline Legacy Rule,11,0,0,0,11,96,0,0,0.003,0.0,0.0,0.0,0,0.5
2016-04-18,SKU-036,WH-TX1,Baseline Legacy Rule,11,0,0,0,11,96,0,0,0.003,0.0,0.0,0.0,0,0.5
2016-04-19,SKU-036,WH-TX1,Baseline Legacy Rule,11,0,0,0,11,96,0,0,0.003,0.0,0.0,0.0,0,0.5
2016-04-20,SKU-036,WH-TX1,Baseline Legacy Rule,11,2,2,0,9,96,0,0,0.002,0.0,0.0,0.0,0,0.5
2016-04-21,SKU-036,WH-TX1,Baseline Legacy Rule,105,0,0,0,105,0,0,96,0.029,0.0,0.0,0.03,0,0.5
2016-04-22,SKU-036,WH-TX1,Baseline Legacy Rule,105,0,0,0,105,0,0,0,0.029,0.0,0.0,0.03,0,0.5
2016-04-23,SKU-036,WH-TX1,Baseline Legacy Rule,105,0,0,0,105,0,0,0,0.029,0.0,0.0,0.03,0,0.5
2016-04-24,SKU-036,WH-TX1,Baseline Legacy Rule,105,1,1,0,104,0,0,0,0.028,0.0,0.0,0.03,0,0.5
2016-03-28,SKU-036,WH-WI1,Baseline Legacy Rule,12,3,3,0,9,96,96,0,0.003,110.0,0.0,110.0,0,0.5
2016-03-29,SKU-036,WH-WI1,Baseline Legacy Rule,9,3,3,0,6,96,0,0,0.002,0.0,0.0,0.0,0,0.5
2016-03-30,SKU-036,WH-WI1,Baseline Legacy Rule,6,1,1,0,5,96,0,0,0.002,0.0,0.0,0.0,0,0.5
2016-03-31,SKU-036,WH-WI1,Baseline Legacy Rule,5,1,1,0,4,96,0,0,0.001,0.0,0.0,0.0,0,0.5
2016-04-01,SKU-036,WH-WI1,Baseline Legacy Rule,4,1,1,0,3,96,0,0,0.001,0.0,0.0,0.0,0,0.5
2016-04-02,SKU-036,WH-WI1,Baseline Legacy Rule,3,5,3,2,0,96,0,0,0.0,0.0,4.36,4.36,1,0.5
2016-04-03,SKU-036,WH-WI1,Baseline Legacy Rule,0,3,0,3,0,96,0,0,0.0,0.0,6.54,6.54,1,0.5
2016-04-04,SKU-036,WH-WI1,Baseline Legacy Rule,0,3,0,3,0,96,0,0,0.0,0.0,6.54,6.54,1,0.5
2016-04-05,SKU-036,WH-WI1,Baseline Legacy Rule,0,0,0,0,0,96,0,0,0.0,0.0,0.0,0.0,0,0.5
2016-04-06,SKU-036,WH-WI1,Baseline Legacy Rule,0,0,0,0,0,96,0,0,0.0,0.0,0.0,0.0,0,0.5
2016-04-07,SKU-036,WH-WI1,Baseline Legacy Rule,0,1,0,1,0,96,0,0,0.0,0.0,2.18,2.18,1,0.5
2016-04-08,SKU-036,WH-WI1,Baseline Legacy Rule,0,1,0,1,0,96,0,0,0.0,0.0,2.18,2.18,1,0.5
2016-04-09,SKU-036,WH-WI1,Baseline Legacy Rule,0,8,0,8,0,96,0,0,0.0,0.0,17.44,17.44,1,0.5
2016-04-10,SKU-036,WH-WI1,Baseline Legacy Rule,0,3,0,3,0,96,0,0,0.0,0.0,6.54,6.54,1,0.5
2016-04-11,SKU-036,WH-WI1,Baseline Legacy Rule,0,0,0,0,0,96,0,0,0.0,0.0,0.0,0.0,0,0.5
2016-04-12,SKU-036,WH-WI1,Baseline Legacy Rule,0,0,0,0,0,96,0,0,0.0,0.0,0.0,0.0,0,0.5
2016-04-13,SKU-036,WH-WI1,Baseline Legacy Rule,0,4,0,4,0,96,0,0,0.0,0.0,8.72,8.72,1,0.5
2016-04-14,SKU-036,WH-WI1,Baseline Legacy Rule,0,7,0,7,0,96,0,0,0.0,0.0,15.26,15.26,1,0.5
2016-04-15,SKU-036,WH-WI1,Baseline Legacy Rule,0,1,0,1,0,96,0,0,0.0,0.0,2.18,2.18,1,0.5
2016-04-16,SKU-036,WH-WI1,Baseline Legacy Rule,0,2,0,2,0,96,0,0,0.0,0.0,4.36,4.36,1,0.5
2016-04-17,SKU-036,WH-WI1,Baseline Legacy Rule,0,0,0,0,0,96,0,0,0.0,0.0,0.0,0.0,0,0.5
2016-04-18,SKU-036,WH-WI1,Baseline Legacy Rule,0,3,0,3,0,96,0,0,0.0,0.0,6.54,6.54,1,0.5
2016-04-19,SKU-036,WH-WI1,Baseline Legacy Rule,0,1,0,1,0,96,0,0,0.0,0.0,2.18,2.18,1,0.5
2016-04-20,SKU-036,WH-WI1,Baseline Legacy Rule,0,10,0,10,0,96,0,0,0.0,0.0,21.8,21.8,1,0.5
2016-04-21,SKU-036,WH-WI1,Baseline Legacy Rule,96,0,0,0,96,0,0,96,0.029,0.0,0.0,0.03,0,0.5
2016-04-22,SKU-036,WH-WI1,Baseline Legacy Rule,96,1,1,0,95,0,0,0,0.029,0.0,0.0,0.03,0,0.5
2016-04-23,SKU-036,WH-WI1,Baseline Legacy Rule,95,2,2,0,93,0,0,0,0.028,0.0,0.0,0.03,0,0.5
2016-04-24,SKU-036,WH-WI1,Baseline Legacy Rule,93,0,0,0,93,0,0,0,0.028,0.0,0.0,0.03,0,0.5
2016-03-28,SKU-037,WH-CA1,Baseline Legacy Rule,122,3,3,0,119,264,264,0,0.041,110.0,0.0,110.04,0,0.5
2016-03-29,SKU-037,WH-CA1,Baseline Legacy Rule,119,10,10,0,109,264,0,0,0.037,0.0,0.0,0.04,0,0.5
2016-03-30,SKU-037,WH-CA1,Baseline Legacy Rule,109,16,16,0,93,264,0,0,0.032,0.0,0.0,0.03,0,0.5
2016-03-31,SKU-037,WH-CA1,Baseline Legacy Rule,93,31,31,0,62,264,0,0,0.021,0.0,0.0,0.02,0,0.5
2016-04-01,SKU-037,WH-CA1,Baseline Legacy Rule,62,22,22,0,40,264,0,0,0.014,0.0,0.0,0.01,0,0.5
2016-04-02,SKU-037,WH-CA1,Baseline Legacy Rule,40,26,26,0,14,264,0,0,0.005,0.0,0.0,0.01,0,0.5
2016-04-03,SKU-037,WH-CA1,Baseline Legacy Rule,14,54,14,40,0,264,0,0,0.0,0.0,79.2,79.2,1,0.5
2016-04-04,SKU-037,WH-CA1,Baseline Legacy Rule,0,7,0,7,0,264,0,0,0.0,0.0,13.86,13.86,1,0.5
2016-04-05,SKU-037,WH-CA1,Baseline Legacy Rule,0,8,0,8,0,264,0,0,0.0,0.0,15.84,15.84,1,0.5
2016-04-06,SKU-037,WH-CA1,Baseline Legacy Rule,0,4,0,4,0,264,0,0,0.0,0.0,7.92,7.92,1,0.5
2016-04-07,SKU-037,WH-CA1,Baseline Legacy Rule,0,7,0,7,0,264,0,0,0.0,0.0,13.86,13.86,1,0.5
2016-04-08,SKU-037,WH-CA1,Baseline Legacy Rule,0,14,0,14,0,264,0,0,0.0,0.0,27.72,27.72,1,0.5
2016-04-09,SKU-037,WH-CA1,Baseline Legacy Rule,0,11,0,11,0,264,0,0,0.0,0.0,21.78,21.78,1,0.5
2016-04-10,SKU-037,WH-CA1,Baseline Legacy Rule,0,5,0,5,0,264,0,0,0.0,0.0,9.9,9.9,1,0.5
2016-04-11,SKU-037,WH-CA1,Baseline Legacy Rule,0,53,0,53,0,264,0,0,0.0,0.0,104.94,104.94,1,0.5
2016-04-12,SKU-037,WH-CA1,Baseline Legacy Rule,0,5,0,5,0,264,0,0,0.0,0.0,9.9,9.9,1,0.5
2016-04-13,SKU-037,WH-CA1,Baseline Legacy Rule,0,1,0,1,0,264,0,0,0.0,0.0,1.98,1.98,1,0.5
2016-04-14,SKU-037,WH-CA1,Baseline Legacy Rule,0,9,0,9,0,264,0,0,0.0,0.0,17.82,17.82,1,0.5
2016-04-15,SKU-037,WH-CA1,Baseline Legacy Rule,0,15,0,15,0,264,0,0,0.0,0.0,29.7,29.7,1,0.5
2016-04-16,SKU-037,WH-CA1,Baseline Legacy Rule,0,13,0,13,0,264,0,0,0.0,0.0,25.74,25.74,1,0.5
2016-04-17,SKU-037,WH-CA1,Baseline Legacy Rule,0,17,0,17,0,264,0,0,0.0,0.0,33.66,33.66,1,0.5
2016-04-18,SKU-037,WH-CA1,Baseline Legacy Rule,0,25,0,25,0,264,0,0,0.0,0.0,49.5,49.5,1,0.5
2016-04-19,SKU-037,WH-CA1,Baseline Legacy Rule,0,4,0,4,0,264,0,0,0.0,0.0,7.92,7.92,1,0.5
2016-04-20,SKU-037,WH-CA1,Baseline Legacy Rule,264,19,19,0,245,0,0,264,0.084,0.0,0.0,0.08,0,0.5
2016-04-21,SKU-037,WH-CA1,Baseline Legacy Rule,245,10,10,0,235,0,0,0,0.08,0.0,0.0,0.08,0,0.5
2016-04-22,SKU-037,WH-CA1,Baseline Legacy Rule,235,20,20,0,215,0,0,0,0.074,0.0,0.0,0.07,0,0.5
2016-04-23,SKU-037,WH-CA1,Baseline Legacy Rule,215,10,10,0,205,0,0,0,0.07,0.0,0.0,0.07,0,0.5
2016-04-24,SKU-037,WH-CA1,Baseline Legacy Rule,205,21,21,0,184,0,0,0,0.063,0.0,0.0,0.06,0,0.5
2016-03-28,SKU-037,WH-TX1,Baseline Legacy Rule,39,3,3,0,36,96,96,0,0.01,110.0,0.0,110.01,0,0.5
2016-03-29,SKU-037,WH-TX1,Baseline Legacy Rule,36,2,2,0,34,96,0,0,0.009,0.0,0.0,0.01,0,0.5
2016-03-30,SKU-037,WH-TX1,Baseline Legacy Rule,34,0,0,0,34,96,0,0,0.009,0.0,0.0,0.01,0,0.5
2016-03-31,SKU-037,WH-TX1,Baseline Legacy Rule,34,8,8,0,26,96,0,0,0.007,0.0,0.0,0.01,0,0.5
2016-04-01,SKU-037,WH-TX1,Baseline Legacy Rule,26,16,16,0,10,96,0,0,0.003,0.0,0.0,0.0,0,0.5
2016-04-02,SKU-037,WH-TX1,Baseline Legacy Rule,10,5,5,0,5,96,0,0,0.001,0.0,0.0,0.0,0,0.5
2016-04-03,SKU-037,WH-TX1,Baseline Legacy Rule,5,3,3,0,2,96,0,0,0.001,0.0,0.0,0.0,0,0.5
2016-04-04,SKU-037,WH-TX1,Baseline Legacy Rule,2,0,0,0,2,96,0,0,0.001,0.0,0.0,0.0,0,0.5
2016-04-05,SKU-037,WH-TX1,Baseline Legacy Rule,2,6,2,4,0,96,0,0,0.0,0.0,7.92,7.92,1,0.5
2016-04-06,SKU-037,WH-TX1,Baseline Legacy Rule,0,1,0,1,0,96,0,0,0.0,0.0,1.98,1.98,1,0.5
2016-04-07,SKU-037,WH-TX1,Baseline Legacy Rule,0,2,0,2,0,96,0,0,0.0,0.0,3.96,3.96,1,0.5
2016-04-08,SKU-037,WH-TX1,Baseline Legacy Rule,0,3,0,3,0,96,0,0,0.0,0.0,5.94,5.94,1,0.5
2016-04-09,SKU-037,WH-TX1,Baseline Legacy Rule,0,0,0,0,0,96,0,0,0.0,0.0,0.0,0.0,0,0.5
2016-04-10,SKU-037,WH-TX1,Baseline Legacy Rule,0,0,0,0,0,96,0,0,0.0,0.0,0.0,0.0,0,0.5
2016-04-11,SKU-037,WH-TX1,Baseline Legacy Rule,0,9,0,9,0,96,0,0,0.0,0.0,17.82,17.82,1,0.5
2016-04-12,SKU-037,WH-TX1,Baseline Legacy Rule,0,1,0,1,0,96,0,0,0.0,0.0,1.98,1.98,1,0.5
2016-04-13,SKU-037,WH-TX1,Baseline Legacy Rule,0,0,0,0,0,96,0,0,0.0,0.0,0.0,0.0,0,0.5
2016-04-14,SKU-037,WH-TX1,Baseline Legacy Rule,0,7,0,7,0,96,0,0,0.0,0.0,13.86,13.86,1,0.5
2016-04-15,SKU-037,WH-TX1,Baseline Legacy Rule,0,0,0,0,0,96,0,0,0.0,0.0,0.0,0.0,0,0.5
2016-04-16,SKU-037,WH-TX1,Baseline Legacy Rule,0,4,0,4,0,96,0,0,0.0,0.0,7.92,7.92,1,0.5
2016-04-17,SKU-037,WH-TX1,Baseline Legacy Rule,0,0,0,0,0,96,0,0,0.0,0.0,0.0,0.0,0,0.5
2016-04-18,SKU-037,WH-TX1,Baseline Legacy Rule,0,4,0,4,0,96,0,0,0.0,0.0,7.92,7.92,1,0.5
2016-04-19,SKU-037,WH-TX1,Baseline Legacy Rule,0,2,0,2,0,96,0,0,0.0,0.0,3.96,3.96,1,0.5
2016-04-20,SKU-037,WH-TX1,Baseline Legacy Rule,0,7,0,7,0,96,0,0,0.0,0.0,13.86,13.86,1,0.5
2016-04-21,SKU-037,WH-TX1,Baseline Legacy Rule,0,0,0,0,0,96,0,0,0.0,0.0,0.0,0.0,0,0.5
2016-04-22,SKU-037,WH-TX1,Baseline Legacy Rule,0,1,0,1,0,96,0,0,0.0,0.0,1.98,1.98,1,0.5
2016-04-23,SKU-037,WH-TX1,Baseline Legacy Rule,0,5,0,5,0,96,0,0,0.0,0.0,9.9,9.9,1,0.5
2016-04-24,SKU-037,WH-TX1,Baseline Legacy Rule,0,1,0,1,0,96,0,0,0.0,0.0,1.98,1.98,1,0.5
2016-03-28,SKU-037,WH-WI1,Baseline Legacy Rule,78,6,6,0,72,168,168,0,0.022,110.0,0.0,110.02,0,0.5
2016-03-29,SKU-037,WH-WI1,Baseline Legacy Rule,72,5,5,0,67,168,0,0,0.02,0.0,0.0,0.02,0,0.5
2016-03-30,SKU-037,WH-WI1,Baseline Legacy Rule,67,8,8,0,59,168,0,0,0.018,0.0,0.0,0.02,0,0.5
2016-03-31,SKU-037,WH-WI1,Baseline Legacy Rule,59,5,5,0,54,168,0,0,0.016,0.0,0.0,0.02,0,0.5
2016-04-01,SKU-037,WH-WI1,Baseline Legacy Rule,54,34,34,0,20,168,0,0,0.006,0.0,0.0,0.01,0,0.5
2016-04-02,SKU-037,WH-WI1,Baseline Legacy Rule,20,11,11,0,9,168,0,0,0.003,0.0,0.0,0.0,0,0.5
2016-04-03,SKU-037,WH-WI1,Baseline Legacy Rule,9,9,9,0,0,168,0,0,0.0,0.0,0.0,0.0,0,0.5
2016-04-04,SKU-037,WH-WI1,Baseline Legacy Rule,0,9,0,9,0,168,0,0,0.0,0.0,17.82,17.82,1,0.5
2016-04-05,SKU-037,WH-WI1,Baseline Legacy Rule,0,4,0,4,0,168,0,0,0.0,0.0,7.92,7.92,1,0.5
2016-04-06,SKU-037,WH-WI1,Baseline Legacy Rule,0,4,0,4,0,168,0,0,0.0,0.0,7.92,7.92,1,0.5
2016-04-07,SKU-037,WH-WI1,Baseline Legacy Rule,0,16,0,16,0,168,0,0,0.0,0.0,31.68,31.68,1,0.5
2016-04-08,SKU-037,WH-WI1,Baseline Legacy Rule,0,29,0,29,0,168,0,0,0.0,0.0,57.42,57.42,1,0.5
2016-04-09,SKU-037,WH-WI1,Baseline Legacy Rule,0,19,0,19,0,168,0,0,0.0,0.0,37.62,37.62,1,0.5
2016-04-10,SKU-037,WH-WI1,Baseline Legacy Rule,0,5,0,5,0,168,0,0,0.0,0.0,9.9,9.9,1,0.5
2016-04-11,SKU-037,WH-WI1,Baseline Legacy Rule,0,0,0,0,0,168,0,0,0.0,0.0,0.0,0.0,0,0.5
2016-04-12,SKU-037,WH-WI1,Baseline Legacy Rule,0,9,0,9,0,168,0,0,0.0,0.0,17.82,17.82,1,0.5
2016-04-13,SKU-037,WH-WI1,Baseline Legacy Rule,0,7,0,7,0,168,0,0,0.0,0.0,13.86,13.86,1,0.5
2016-04-14,SKU-037,WH-WI1,Baseline Legacy Rule,0,1,0,1,0,168,0,0,0.0,0.0,1.98,1.98,1,0.5
2016-04-15,SKU-037,WH-WI1,Baseline Legacy Rule,0,10,0,10,0,168,0,0,0.0,0.0,19.8,19.8,1,0.5
2016-04-16,SKU-037,WH-WI1,Baseline Legacy Rule,0,4,0,4,0,168,0,0,0.0,0.0,7.92,7.92,1,0.5
2016-04-17,SKU-037,WH-WI1,Baseline Legacy Rule,0,5,0,5,0,168,0,0,0.0,0.0,9.9,9.9,1,0.5
2016-04-18,SKU-037,WH-WI1,Baseline Legacy Rule,168,9,9,0,159,0,0,168,0.048,0.0,0.0,0.05,0,0.5
2016-04-19,SKU-037,WH-WI1,Baseline Legacy Rule,159,3,3,0,156,0,0,0,0.047,0.0,0.0,0.05,0,0.5
2016-04-20,SKU-037,WH-WI1,Baseline Legacy Rule,156,9,9,0,147,0,0,0,0.044,0.0,0.0,0.04,0,0.5
2016-04-21,SKU-037,WH-WI1,Baseline Legacy Rule,147,4,4,0,143,0,0,0,0.043,0.0,0.0,0.04,0,0.5
2016-04-22,SKU-037,WH-WI1,Baseline Legacy Rule,143,11,11,0,132,0,0,0,0.04,0.0,0.0,0.04,0,0.5
2016-04-23,SKU-037,WH-WI1,Baseline Legacy Rule,132,4,4,0,128,0,0,0,0.039,0.0,0.0,0.04,0,0.5
2016-04-24,SKU-037,WH-WI1,Baseline Legacy Rule,128,3,3,0,125,0,0,0,0.038,0.0,0.0,0.04,0,0.5
2016-03-28,SKU-038,WH-CA1,Baseline Legacy Rule,11,0,0,0,11,96,96,0,0.021,110.0,0.0,110.02,0,2.81
2016-03-29,SKU-038,WH-CA1,Baseline Legacy Rule,11,0,0,0,11,96,0,0,0.021,0.0,0.0,0.02,0,2.81
2016-03-30,SKU-038,WH-CA1,Baseline Legacy Rule,11,2,2,0,9,96,0,0,0.017,0.0,0.0,0.02,0,2.81
2016-03-31,SKU-038,WH-CA1,Baseline Legacy Rule,9,1,1,0,8,96,0,0,0.015,0.0,0.0,0.01,0,2.81
2016-04-01,SKU-038,WH-CA1,Baseline Legacy Rule,8,1,1,0,7,96,0,0,0.013,0.0,0.0,0.01,0,2.81
2016-04-02,SKU-038,WH-CA1,Baseline Legacy Rule,7,4,4,0,3,96,0,0,0.006,0.0,0.0,0.01,0,2.81
2016-04-03,SKU-038,WH-CA1,Baseline Legacy Rule,3,2,2,0,1,96,0,0,0.002,0.0,0.0,0.0,0,2.81
2016-04-04,SKU-038,WH-CA1,Baseline Legacy Rule,1,1,1,0,0,96,0,0,0.0,0.0,0.0,0.0,0,2.81
2016-04-05,SKU-038,WH-CA1,Baseline Legacy Rule,0,2,0,2,0,96,0,0,0.0,0.0,8.42,8.42,1,2.81
2016-04-06,SKU-038,WH-CA1,Baseline Legacy Rule,0,2,0,2,0,96,0,0,0.0,0.0,8.42,8.42,1,2.81
2016-04-07,SKU-038,WH-CA1,Baseline Legacy Rule,0,2,0,2,0,96,0,0,0.0,0.0,8.42,8.42,1,2.81
2016-04-08,SKU-038,WH-CA1,Baseline Legacy Rule,0,0,0,0,0,96,0,0,0.0,0.0,0.0,0.0,0,2.81
2016-04-09,SKU-038,WH-CA1,Baseline Legacy Rule,0,1,0,1,0,96,0,0,0.0,0.0,4.21,4.21,1,2.81
2016-04-10,SKU-038,WH-CA1,Baseline Legacy Rule,0,2,0,2,0,96,0,0,0.0,0.0,8.42,8.42,1,2.81
2016-04-11,SKU-038,WH-CA1,Baseline Legacy Rule,0,3,0,3,0,96,0,0,0.0,0.0,12.63,12.63,1,2.81
2016-04-12,SKU-038,WH-CA1,Baseline Legacy Rule,0,1,0,1,0,96,0,0,0.0,0.0,4.21,4.21,1,2.81
2016-04-13,SKU-038,WH-CA1,Baseline Legacy Rule,0,0,0,0,0,96,0,0,0.0,0.0,0.0,0.0,0,2.81
2016-04-14,SKU-038,WH-CA1,Baseline Legacy Rule,0,2,0,2,0,96,0,0,0.0,0.0,8.42,8.42,1,2.81
2016-04-15,SKU-038,WH-CA1,Baseline Legacy Rule,0,0,0,0,0,96,0,0,0.0,0.0,0.0,0.0,0,2.81
2016-04-16,SKU-038,WH-CA1,Baseline Legacy Rule,0,0,0,0,0,96,0,0,0.0,0.0,0.0,0.0,0,2.81
2016-04-17,SKU-038,WH-CA1,Baseline Legacy Rule,0,4,0,4,0,96,0,0,0.0,0.0,16.84,16.84,1,2.81
2016-04-18,SKU-038,WH-CA1,Baseline Legacy Rule,0,2,0,2,0,96,0,0,0.0,0.0,8.42,8.42,1,2.81
2016-04-19,SKU-038,WH-CA1,Baseline Legacy Rule,0,1,0,1,0,96,0,0,0.0,0.0,4.21,4.21,1,2.81
2016-04-20,SKU-038,WH-CA1,Baseline Legacy Rule,96,1,1,0,95,0,0,96,0.183,0.0,0.0,0.18,0,2.81
2016-04-21,SKU-038,WH-CA1,Baseline Legacy Rule,95,1,1,0,94,0,0,0,0.181,0.0,0.0,0.18,0,2.81
2016-04-22,SKU-038,WH-CA1,Baseline Legacy Rule,94,1,1,0,93,0,0,0,0.179,0.0,0.0,0.18,0,2.81
2016-04-23,SKU-038,WH-CA1,Baseline Legacy Rule,93,1,1,0,92,0,0,0,0.177,0.0,0.0,0.18,0,2.81
2016-04-24,SKU-038,WH-CA1,Baseline Legacy Rule,92,3,3,0,89,0,0,0,0.171,0.0,0.0,0.17,0,2.81
2016-03-28,SKU-038,WH-TX1,Baseline Legacy Rule,22,0,0,0,22,96,96,0,0.034,110.0,0.0,110.03,0,2.81
2016-03-29,SKU-038,WH-TX1,Baseline Legacy Rule,22,0,0,0,22,96,0,0,0.034,0.0,0.0,0.03,0,2.81
2016-03-30,SKU-038,WH-TX1,Baseline Legacy Rule,22,4,4,0,18,96,0,0,0.028,0.0,0.0,0.03,0,2.81
2016-03-31,SKU-038,WH-TX1,Baseline Legacy Rule,18,4,4,0,14,96,0,0,0.022,0.0,0.0,0.02,0,2.81
2016-04-01,SKU-038,WH-TX1,Baseline Legacy Rule,14,1,1,0,13,96,0,0,0.02,0.0,0.0,0.02,0,2.81
2016-04-02,SKU-038,WH-TX1,Baseline Legacy Rule,13,3,3,0,10,96,0,0,0.015,0.0,0.0,0.01,0,2.81
2016-04-03,SKU-038,WH-TX1,Baseline Legacy Rule,10,3,3,0,7,96,0,0,0.011,0.0,0.0,0.01,0,2.81
2016-04-04,SKU-038,WH-TX1,Baseline Legacy Rule,7,3,3,0,4,96,0,0,0.006,0.0,0.0,0.01,0,2.81
2016-04-05,SKU-038,WH-TX1,Baseline Legacy Rule,4,0,0,0,4,96,0,0,0.006,0.0,0.0,0.01,0,2.81
2016-04-06,SKU-038,WH-TX1,Baseline Legacy Rule,4,3,3,0,1,96,0,0,0.002,0.0,0.0,0.0,0,2.81
2016-04-07,SKU-038,WH-TX1,Baseline Legacy Rule,1,2,1,1,0,96,0,0,0.0,0.0,4.21,4.21,1,2.81
2016-04-08,SKU-038,WH-TX1,Baseline Legacy Rule,0,3,0,3,0,96,0,0,0.0,0.0,12.63,12.63,1,2.81
2016-04-09,SKU-038,WH-TX1,Baseline Legacy Rule,0,3,0,3,0,96,0,0,0.0,0.0,12.63,12.63,1,2.81
2016-04-10,SKU-038,WH-TX1,Baseline Legacy Rule,0,3,0,3,0,96,0,0,0.0,0.0,12.63,12.63,1,2.81
2016-04-11,SKU-038,WH-TX1,Baseline Legacy Rule,0,0,0,0,0,96,0,0,0.0,0.0,0.0,0.0,0,2.81
2016-04-12,SKU-038,WH-TX1,Baseline Legacy Rule,0,0,0,0,0,96,0,0,0.0,0.0,0.0,0.0,0,2.81
2016-04-13,SKU-038,WH-TX1,Baseline Legacy Rule,0,3,0,3,0,96,0,0,0.0,0.0,12.63,12.63,1,2.81
2016-04-14,SKU-038,WH-TX1,Baseline Legacy Rule,0,4,0,4,0,96,0,0,0.0,0.0,16.84,16.84,1,2.81
2016-04-15,SKU-038,WH-TX1,Baseline Legacy Rule,0,1,0,1,0,96,0,0,0.0,0.0,4.21,4.21,1,2.81
2016-04-16,SKU-038,WH-TX1,Baseline Legacy Rule,0,3,0,3,0,96,0,0,0.0,0.0,12.63,12.63,1,2.81
2016-04-17,SKU-038,WH-TX1,Baseline Legacy Rule,0,1,0,1,0,96,0,0,0.0,0.0,4.21,4.21,1,2.81
2016-04-18,SKU-038,WH-TX1,Baseline Legacy Rule,0,4,0,4,0,96,0,0,0.0,0.0,16.84,16.84,1,2.81
2016-04-19,SKU-038,WH-TX1,Baseline Legacy Rule,0,2,0,2,0,96,0,0,0.0,0.0,8.42,8.42,1,2.81
2016-04-20,SKU-038,WH-TX1,Baseline Legacy Rule,0,3,0,3,0,96,0,0,0.0,0.0,12.63,12.63,1,2.81
2016-04-21,SKU-038,WH-TX1,Baseline Legacy Rule,0,1,0,1,0,96,0,0,0.0,0.0,4.21,4.21,1,2.81
2016-04-22,SKU-038,WH-TX1,Baseline Legacy Rule,0,3,0,3,0,96,0,0,0.0,0.0,12.63,12.63,1,2.81
2016-04-23,SKU-038,WH-TX1,Baseline Legacy Rule,0,3,0,3,0,96,0,0,0.0,0.0,12.63,12.63,1,2.81
2016-04-24,SKU-038,WH-TX1,Baseline Legacy Rule,0,4,0,4,0,96,0,0,0.0,0.0,16.84,16.84,1,2.81
2016-03-28,SKU-038,WH-WI1,Baseline Legacy Rule,5,0,0,0,5,96,96,0,0.008,110.0,0.0,110.01,0,2.81
2016-03-29,SKU-038,WH-WI1,Baseline Legacy Rule,5,1,1,0,4,96,0,0,0.007,0.0,0.0,0.01,0,2.81
2016-03-30,SKU-038,WH-WI1,Baseline Legacy Rule,4,1,1,0,3,96,0,0,0.005,0.0,0.0,0.01,0,2.81
2016-03-31,SKU-038,WH-WI1,Baseline Legacy Rule,3,2,2,0,1,96,0,0,0.002,0.0,0.0,0.0,0,2.81
2016-04-01,SKU-038,WH-WI1,Baseline Legacy Rule,1,0,0,0,1,96,0,0,0.002,0.0,0.0,0.0,0,2.81
2016-04-02,SKU-038,WH-WI1,Baseline Legacy Rule,1,0,0,0,1,96,0,0,0.002,0.0,0.0,0.0,0,2.81
2016-04-03,SKU-038,WH-WI1,Baseline Legacy Rule,1,1,1,0,0,96,0,0,0.0,0.0,0.0,0.0,0,2.81
2016-04-04,SKU-038,WH-WI1,Baseline Legacy Rule,0,1,0,1,0,96,0,0,0.0,0.0,4.21,4.21,1,2.81
2016-04-05,SKU-038,WH-WI1,Baseline Legacy Rule,0,2,0,2,0,96,0,0,0.0,0.0,8.42,8.42,1,2.81
2016-04-06,SKU-038,WH-WI1,Baseline Legacy Rule,0,0,0,0,0,96,0,0,0.0,0.0,0.0,0.0,0,2.81
2016-04-07,SKU-038,WH-WI1,Baseline Legacy Rule,0,2,0,2,0,96,0,0,0.0,0.0,8.42,8.42,1,2.81
2016-04-08,SKU-038,WH-WI1,Baseline Legacy Rule,0,0,0,0,0,96,0,0,0.0,0.0,0.0,0.0,0,2.81
2016-04-09,SKU-038,WH-WI1,Baseline Legacy Rule,0,0,0,0,0,96,0,0,0.0,0.0,0.0,0.0,0,2.81
2016-04-10,SKU-038,WH-WI1,Baseline Legacy Rule,0,0,0,0,0,96,0,0,0.0,0.0,0.0,0.0,0,2.81
2016-04-11,SKU-038,WH-WI1,Baseline Legacy Rule,0,0,0,0,0,96,0,0,0.0,0.0,0.0,0.0,0,2.81
2016-04-12,SKU-038,WH-WI1,Baseline Legacy Rule,0,0,0,0,0,96,0,0,0.0,0.0,0.0,0.0,0,2.81
2016-04-13,SKU-038,WH-WI1,Baseline Legacy Rule,0,0,0,0,0,96,0,0,0.0,0.0,0.0,0.0,0,2.81
2016-04-14,SKU-038,WH-WI1,Baseline Legacy Rule,96,0,0,0,96,0,0,96,0.163,0.0,0.0,0.16,0,2.81
2016-04-15,SKU-038,WH-WI1,Baseline Legacy Rule,96,0,0,0,96,0,0,0,0.163,0.0,0.0,0.16,0,2.81
2016-04-16,SKU-038,WH-WI1,Baseline Legacy Rule,96,0,0,0,96,0,0,0,0.163,0.0,0.0,0.16,0,2.81
2016-04-17,SKU-038,WH-WI1,Baseline Legacy Rule,96,1,1,0,95,0,0,0,0.161,0.0,0.0,0.16,0,2.81
2016-04-18,SKU-038,WH-WI1,Baseline Legacy Rule,95,0,0,0,95,0,0,0,0.161,0.0,0.0,0.16,0,2.81
2016-04-19,SKU-038,WH-WI1,Baseline Legacy Rule,95,0,0,0,95,0,0,0,0.161,0.0,0.0,0.16,0,2.81
2016-04-20,SKU-038,WH-WI1,Baseline Legacy Rule,95,0,0,0,95,0,0,0,0.161,0.0,0.0,0.16,0,2.81
2016-04-21,SKU-038,WH-WI1,Baseline Legacy Rule,95,0,0,0,95,0,0,0,0.161,0.0,0.0,0.16,0,2.81
2016-04-22,SKU-038,WH-WI1,Baseline Legacy Rule,95,0,0,0,95,0,0,0,0.161,0.0,0.0,0.16,0,2.81
2016-04-23,SKU-038,WH-WI1,Baseline Legacy Rule,95,1,1,0,94,0,0,0,0.159,0.0,0.0,0.16,0,2.81
2016-04-24,SKU-038,WH-WI1,Baseline Legacy Rule,94,1,1,0,93,0,0,0,0.158,0.0,0.0,0.16,0,2.81
2016-03-28,SKU-039,WH-CA1,Baseline Legacy Rule,40,0,0,0,40,96,96,0,0.014,110.0,0.0,110.01,0,0.5
2016-03-29,SKU-039,WH-CA1,Baseline Legacy Rule,40,0,0,0,40,96,0,0,0.014,0.0,0.0,0.01,0,0.5
2016-03-30,SKU-039,WH-CA1,Baseline Legacy Rule,40,0,0,0,40,96,0,0,0.014,0.0,0.0,0.01,0,0.5
2016-03-31,SKU-039,WH-CA1,Baseline Legacy Rule,40,0,0,0,40,96,0,0,0.014,0.0,0.0,0.01,0,0.5
2016-04-01,SKU-039,WH-CA1,Baseline Legacy Rule,40,0,0,0,40,96,0,0,0.014,0.0,0.0,0.01,0,0.5
2016-04-02,SKU-039,WH-CA1,Baseline Legacy Rule,40,0,0,0,40,96,0,0,0.014,0.0,0.0,0.01,0,0.5
2016-04-03,SKU-039,WH-CA1,Baseline Legacy Rule,40,0,0,0,40,96,0,0,0.014,0.0,0.0,0.01,0,0.5
2016-04-04,SKU-039,WH-CA1,Baseline Legacy Rule,40,0,0,0,40,96,0,0,0.014,0.0,0.0,0.01,0,0.5
2016-04-05,SKU-039,WH-CA1,Baseline Legacy Rule,40,0,0,0,40,96,0,0,0.014,0.0,0.0,0.01,0,0.5
2016-04-06,SKU-039,WH-CA1,Baseline Legacy Rule,40,0,0,0,40,96,0,0,0.014,0.0,0.0,0.01,0,0.5
2016-04-07,SKU-039,WH-CA1,Baseline Legacy Rule,40,0,0,0,40,96,0,0,0.014,0.0,0.0,0.01,0,0.5
2016-04-08,SKU-039,WH-CA1,Baseline Legacy Rule,40,48,40,8,0,96,0,0,0.0,0.0,16.48,16.48,1,0.5
2016-04-09,SKU-039,WH-CA1,Baseline Legacy Rule,0,0,0,0,0,96,0,0,0.0,0.0,0.0,0.0,0,0.5
2016-04-10,SKU-039,WH-CA1,Baseline Legacy Rule,0,0,0,0,0,96,0,0,0.0,0.0,0.0,0.0,0,0.5
2016-04-11,SKU-039,WH-CA1,Baseline Legacy Rule,0,0,0,0,0,96,0,0,0.0,0.0,0.0,0.0,0,0.5
2016-04-12,SKU-039,WH-CA1,Baseline Legacy Rule,0,0,0,0,0,96,0,0,0.0,0.0,0.0,0.0,0,0.5
2016-04-13,SKU-039,WH-CA1,Baseline Legacy Rule,0,0,0,0,0,96,0,0,0.0,0.0,0.0,0.0,0,0.5
2016-04-14,SKU-039,WH-CA1,Baseline Legacy Rule,0,0,0,0,0,96,0,0,0.0,0.0,0.0,0.0,0,0.5
2016-04-15,SKU-039,WH-CA1,Baseline Legacy Rule,0,0,0,0,0,96,0,0,0.0,0.0,0.0,0.0,0,0.5
2016-04-16,SKU-039,WH-CA1,Baseline Legacy Rule,0,9,0,9,0,96,0,0,0.0,0.0,18.54,18.54,1,0.5
2016-04-17,SKU-039,WH-CA1,Baseline Legacy Rule,0,0,0,0,0,96,0,0,0.0,0.0,0.0,0.0,0,0.5
2016-04-18,SKU-039,WH-CA1,Baseline Legacy Rule,0,7,0,7,0,96,0,0,0.0,0.0,14.42,14.42,1,0.5
2016-04-19,SKU-039,WH-CA1,Baseline Legacy Rule,0,14,0,14,0,96,0,0,0.0,0.0,28.84,28.84,1,0.5
2016-04-20,SKU-039,WH-CA1,Baseline Legacy Rule,0,3,0,3,0,96,0,0,0.0,0.0,6.18,6.18,1,0.5
2016-04-21,SKU-039,WH-CA1,Baseline Legacy Rule,0,0,0,0,0,96,0,0,0.0,0.0,0.0,0.0,0,0.5
2016-04-22,SKU-039,WH-CA1,Baseline Legacy Rule,96,4,4,0,92,0,0,96,0.032,0.0,0.0,0.03,0,0.5
2016-04-23,SKU-039,WH-CA1,Baseline Legacy Rule,92,20,20,0,72,0,0,0,0.025,0.0,0.0,0.03,0,0.5
2016-04-24,SKU-039,WH-CA1,Baseline Legacy Rule,72,0,0,0,72,0,0,0,0.025,0.0,0.0,0.03,0,0.5
2016-03-28,SKU-039,WH-TX1,Baseline Legacy Rule,16,0,0,0,16,96,96,0,0.004,110.0,0.0,110.0,0,0.5
2016-03-29,SKU-039,WH-TX1,Baseline Legacy Rule,16,2,2,0,14,96,0,0,0.004,0.0,0.0,0.0,0,0.5
2016-03-30,SKU-039,WH-TX1,Baseline Legacy Rule,14,0,0,0,14,96,0,0,0.004,0.0,0.0,0.0,0,0.5
2016-03-31,SKU-039,WH-TX1,Baseline Legacy Rule,14,0,0,0,14,96,0,0,0.004,0.0,0.0,0.0,0,0.5
2016-04-01,SKU-039,WH-TX1,Baseline Legacy Rule,14,0,0,0,14,96,0,0,0.004,0.0,0.0,0.0,0,0.5
2016-04-02,SKU-039,WH-TX1,Baseline Legacy Rule,14,1,1,0,13,96,0,0,0.004,0.0,0.0,0.0,0,0.5
2016-04-03,SKU-039,WH-TX1,Baseline Legacy Rule,13,3,3,0,10,96,0,0,0.003,0.0,0.0,0.0,0,0.5
2016-04-04,SKU-039,WH-TX1,Baseline Legacy Rule,10,0,0,0,10,96,0,0,0.003,0.0,0.0,0.0,0,0.5
2016-04-05,SKU-039,WH-TX1,Baseline Legacy Rule,10,0,0,0,10,96,0,0,0.003,0.0,0.0,0.0,0,0.5
2016-04-06,SKU-039,WH-TX1,Baseline Legacy Rule,10,1,1,0,9,96,0,0,0.002,0.0,0.0,0.0,0,0.5
2016-04-07,SKU-039,WH-TX1,Baseline Legacy Rule,9,1,1,0,8,96,0,0,0.002,0.0,0.0,0.0,0,0.5
2016-04-08,SKU-039,WH-TX1,Baseline Legacy Rule,8,4,4,0,4,96,0,0,0.001,0.0,0.0,0.0,0,0.5
2016-04-09,SKU-039,WH-TX1,Baseline Legacy Rule,4,0,0,0,4,96,0,0,0.001,0.0,0.0,0.0,0,0.5
2016-04-10,SKU-039,WH-TX1,Baseline Legacy Rule,4,2,2,0,2,96,0,0,0.001,0.0,0.0,0.0,0,0.5
2016-04-11,SKU-039,WH-TX1,Baseline Legacy Rule,2,0,0,0,2,96,0,0,0.001,0.0,0.0,0.0,0,0.5
2016-04-12,SKU-039,WH-TX1,Baseline Legacy Rule,2,0,0,0,2,96,0,0,0.001,0.0,0.0,0.0,0,0.5
2016-04-13,SKU-039,WH-TX1,Baseline Legacy Rule,2,2,2,0,0,96,0,0,0.0,0.0,0.0,0.0,0,0.5
2016-04-14,SKU-039,WH-TX1,Baseline Legacy Rule,0,0,0,0,0,96,0,0,0.0,0.0,0.0,0.0,0,0.5
2016-04-15,SKU-039,WH-TX1,Baseline Legacy Rule,0,0,0,0,0,96,0,0,0.0,0.0,0.0,0.0,0,0.5
2016-04-16,SKU-039,WH-TX1,Baseline Legacy Rule,0,0,0,0,0,96,0,0,0.0,0.0,0.0,0.0,0,0.5
2016-04-17,SKU-039,WH-TX1,Baseline Legacy Rule,0,0,0,0,0,96,0,0,0.0,0.0,0.0,0.0,0,0.5
2016-04-18,SKU-039,WH-TX1,Baseline Legacy Rule,0,0,0,0,0,96,0,0,0.0,0.0,0.0,0.0,0,0.5
2016-04-19,SKU-039,WH-TX1,Baseline Legacy Rule,0,0,0,0,0,96,0,0,0.0,0.0,0.0,0.0,0,0.5
2016-04-20,SKU-039,WH-TX1,Baseline Legacy Rule,0,4,0,4,0,96,0,0,0.0,0.0,8.24,8.24,1,0.5
2016-04-21,SKU-039,WH-TX1,Baseline Legacy Rule,0,1,0,1,0,96,0,0,0.0,0.0,2.06,2.06,1,0.5
2016-04-22,SKU-039,WH-TX1,Baseline Legacy Rule,0,0,0,0,0,96,0,0,0.0,0.0,0.0,0.0,0,0.5
2016-04-23,SKU-039,WH-TX1,Baseline Legacy Rule,0,6,0,6,0,96,0,0,0.0,0.0,12.36,12.36,1,0.5
2016-04-24,SKU-039,WH-TX1,Baseline Legacy Rule,0,6,0,6,0,96,0,0,0.0,0.0,12.36,12.36,1,0.5
2016-03-28,SKU-039,WH-WI1,Baseline Legacy Rule,43,0,0,0,43,96,96,0,0.013,110.0,0.0,110.01,0,0.5
2016-03-29,SKU-039,WH-WI1,Baseline Legacy Rule,43,0,0,0,43,96,0,0,0.013,0.0,0.0,0.01,0,0.5
2016-03-30,SKU-039,WH-WI1,Baseline Legacy Rule,43,0,0,0,43,96,0,0,0.013,0.0,0.0,0.01,0,0.5
2016-03-31,SKU-039,WH-WI1,Baseline Legacy Rule,43,0,0,0,43,96,0,0,0.013,0.0,0.0,0.01,0,0.5
2016-04-01,SKU-039,WH-WI1,Baseline Legacy Rule,43,3,3,0,40,96,0,0,0.012,0.0,0.0,0.01,0,0.5
2016-04-02,SKU-039,WH-WI1,Baseline Legacy Rule,40,5,5,0,35,96,0,0,0.011,0.0,0.0,0.01,0,0.5
2016-04-03,SKU-039,WH-WI1,Baseline Legacy Rule,35,2,2,0,33,96,0,0,0.01,0.0,0.0,0.01,0,0.5
2016-04-04,SKU-039,WH-WI1,Baseline Legacy Rule,33,11,11,0,22,96,0,0,0.007,0.0,0.0,0.01,0,0.5
2016-04-05,SKU-039,WH-WI1,Baseline Legacy Rule,22,2,2,0,20,96,0,0,0.006,0.0,0.0,0.01,0,0.5
2016-04-06,SKU-039,WH-WI1,Baseline Legacy Rule,20,3,3,0,17,96,0,0,0.005,0.0,0.0,0.01,0,0.5
2016-04-07,SKU-039,WH-WI1,Baseline Legacy Rule,17,4,4,0,13,96,0,0,0.004,0.0,0.0,0.0,0,0.5
2016-04-08,SKU-039,WH-WI1,Baseline Legacy Rule,13,4,4,0,9,96,0,0,0.003,0.0,0.0,0.0,0,0.5
2016-04-09,SKU-039,WH-WI1,Baseline Legacy Rule,9,2,2,0,7,96,0,0,0.002,0.0,0.0,0.0,0,0.5
2016-04-10,SKU-039,WH-WI1,Baseline Legacy Rule,7,16,7,9,0,96,0,0,0.0,0.0,18.54,18.54,1,0.5
2016-04-11,SKU-039,WH-WI1,Baseline Legacy Rule,0,9,0,9,0,96,0,0,0.0,0.0,18.54,18.54,1,0.5
2016-04-12,SKU-039,WH-WI1,Baseline Legacy Rule,0,2,0,2,0,96,0,0,0.0,0.0,4.12,4.12,1,0.5
2016-04-13,SKU-039,WH-WI1,Baseline Legacy Rule,0,0,0,0,0,96,0,0,0.0,0.0,0.0,0.0,0,0.5
2016-04-14,SKU-039,WH-WI1,Baseline Legacy Rule,0,3,0,3,0,96,0,0,0.0,0.0,6.18,6.18,1,0.5
2016-04-15,SKU-039,WH-WI1,Baseline Legacy Rule,0,8,0,8,0,96,0,0,0.0,0.0,16.48,16.48,1,0.5
2016-04-16,SKU-039,WH-WI1,Baseline Legacy Rule,0,6,0,6,0,96,0,0,0.0,0.0,12.36,12.36,1,0.5
2016-04-17,SKU-039,WH-WI1,Baseline Legacy Rule,0,4,0,4,0,96,0,0,0.0,0.0,8.24,8.24,1,0.5
2016-04-18,SKU-039,WH-WI1,Baseline Legacy Rule,0,11,0,11,0,96,0,0,0.0,0.0,22.66,22.66,1,0.5
2016-04-19,SKU-039,WH-WI1,Baseline Legacy Rule,0,7,0,7,0,96,0,0,0.0,0.0,14.42,14.42,1,0.5
2016-04-20,SKU-039,WH-WI1,Baseline Legacy Rule,0,1,0,1,0,96,0,0,0.0,0.0,2.06,2.06,1,0.5
2016-04-21,SKU-039,WH-WI1,Baseline Legacy Rule,0,6,0,6,0,96,0,0,0.0,0.0,12.36,12.36,1,0.5
2016-04-22,SKU-039,WH-WI1,Baseline Legacy Rule,96,4,4,0,92,0,0,96,0.028,0.0,0.0,0.03,0,0.5
2016-04-23,SKU-039,WH-WI1,Baseline Legacy Rule,92,5,5,0,87,0,0,0,0.026,0.0,0.0,0.03,0,0.5
2016-04-24,SKU-039,WH-WI1,Baseline Legacy Rule,87,16,16,0,71,0,0,0,0.021,0.0,0.0,0.02,0,0.5
2016-03-28,SKU-040,WH-CA1,Baseline Legacy Rule,58,4,4,0,54,144,144,0,0.018,110.0,0.0,110.02,0,0.5
2016-03-29,SKU-040,WH-CA1,Baseline Legacy Rule,54,4,4,0,50,144,0,0,0.017,0.0,0.0,0.02,0,0.5
2016-03-30,SKU-040,WH-CA1,Baseline Legacy Rule,50,4,4,0,46,144,0,0,0.016,0.0,0.0,0.02,0,0.5
2016-03-31,SKU-040,WH-CA1,Baseline Legacy Rule,46,6,6,0,40,144,0,0,0.014,0.0,0.0,0.01,0,0.5
2016-04-01,SKU-040,WH-CA1,Baseline Legacy Rule,40,0,0,0,40,144,0,0,0.014,0.0,0.0,0.01,0,0.5
2016-04-02,SKU-040,WH-CA1,Baseline Legacy Rule,40,8,8,0,32,144,0,0,0.011,0.0,0.0,0.01,0,0.5
2016-04-03,SKU-040,WH-CA1,Baseline Legacy Rule,32,4,4,0,28,144,0,0,0.01,0.0,0.0,0.01,0,0.5
2016-04-04,SKU-040,WH-CA1,Baseline Legacy Rule,28,0,0,0,28,144,0,0,0.01,0.0,0.0,0.01,0,0.5
2016-04-05,SKU-040,WH-CA1,Baseline Legacy Rule,28,7,7,0,21,144,0,0,0.007,0.0,0.0,0.01,0,0.5
2016-04-06,SKU-040,WH-CA1,Baseline Legacy Rule,21,4,4,0,17,144,0,0,0.006,0.0,0.0,0.01,0,0.5
2016-04-07,SKU-040,WH-CA1,Baseline Legacy Rule,17,0,0,0,17,144,0,0,0.006,0.0,0.0,0.01,0,0.5
2016-04-08,SKU-040,WH-CA1,Baseline Legacy Rule,17,31,17,14,0,144,0,0,0.0,0.0,27.72,27.72,1,0.5
2016-04-09,SKU-040,WH-CA1,Baseline Legacy Rule,0,2,0,2,0,144,0,0,0.0,0.0,3.96,3.96,1,0.5
2016-04-10,SKU-040,WH-CA1,Baseline Legacy Rule,0,4,0,4,0,144,0,0,0.0,0.0,7.92,7.92,1,0.5
2016-04-11,SKU-040,WH-CA1,Baseline Legacy Rule,0,8,0,8,0,144,0,0,0.0,0.0,15.84,15.84,1,0.5
2016-04-12,SKU-040,WH-CA1,Baseline Legacy Rule,144,5,5,0,139,0,0,144,0.048,0.0,0.0,0.05,0,0.5
2016-04-13,SKU-040,WH-CA1,Baseline Legacy Rule,139,1,1,0,138,0,0,0,0.047,0.0,0.0,0.05,0,0.5
2016-04-14,SKU-040,WH-CA1,Baseline Legacy Rule,138,4,4,0,134,0,0,0,0.046,0.0,0.0,0.05,0,0.5
2016-04-15,SKU-040,WH-CA1,Baseline Legacy Rule,134,0,0,0,134,0,0,0,0.046,0.0,0.0,0.05,0,0.5
2016-04-16,SKU-040,WH-CA1,Baseline Legacy Rule,134,2,2,0,132,0,0,0,0.045,0.0,0.0,0.04,0,0.5
2016-04-17,SKU-040,WH-CA1,Baseline Legacy Rule,132,2,2,0,130,0,0,0,0.045,0.0,0.0,0.04,0,0.5
2016-04-18,SKU-040,WH-CA1,Baseline Legacy Rule,130,3,3,0,127,0,0,0,0.043,0.0,0.0,0.04,0,0.5
2016-04-19,SKU-040,WH-CA1,Baseline Legacy Rule,127,4,4,0,123,0,0,0,0.042,0.0,0.0,0.04,0,0.5
2016-04-20,SKU-040,WH-CA1,Baseline Legacy Rule,123,4,4,0,119,0,0,0,0.041,0.0,0.0,0.04,0,0.5
2016-04-21,SKU-040,WH-CA1,Baseline Legacy Rule,119,3,3,0,116,0,0,0,0.04,0.0,0.0,0.04,0,0.5
2016-04-22,SKU-040,WH-CA1,Baseline Legacy Rule,116,13,13,0,103,0,0,0,0.035,0.0,0.0,0.04,0,0.5
2016-04-23,SKU-040,WH-CA1,Baseline Legacy Rule,103,0,0,0,103,0,0,0,0.035,0.0,0.0,0.04,0,0.5
2016-04-24,SKU-040,WH-CA1,Baseline Legacy Rule,103,5,5,0,98,0,0,0,0.034,0.0,0.0,0.03,0,0.5
2016-03-28,SKU-040,WH-TX1,Baseline Legacy Rule,32,3,3,0,29,96,96,0,0.008,110.0,0.0,110.01,0,0.5
2016-03-29,SKU-040,WH-TX1,Baseline Legacy Rule,29,3,3,0,26,96,0,0,0.007,0.0,0.0,0.01,0,0.5
2016-03-30,SKU-040,WH-TX1,Baseline Legacy Rule,26,13,13,0,13,96,0,0,0.004,0.0,0.0,0.0,0,0.5
2016-03-31,SKU-040,WH-TX1,Baseline Legacy Rule,13,0,0,0,13,96,0,0,0.004,0.0,0.0,0.0,0,0.5
2016-04-01,SKU-040,WH-TX1,Baseline Legacy Rule,13,12,12,0,1,96,0,0,0.0,0.0,0.0,0.0,0,0.5
2016-04-02,SKU-040,WH-TX1,Baseline Legacy Rule,1,4,1,3,0,96,0,0,0.0,0.0,5.94,5.94,1,0.5
2016-04-03,SKU-040,WH-TX1,Baseline Legacy Rule,0,1,0,1,0,96,0,0,0.0,0.0,1.98,1.98,1,0.5
2016-04-04,SKU-040,WH-TX1,Baseline Legacy Rule,0,1,0,1,0,96,0,0,0.0,0.0,1.98,1.98,1,0.5
2016-04-05,SKU-040,WH-TX1,Baseline Legacy Rule,0,0,0,0,0,96,0,0,0.0,0.0,0.0,0.0,0,0.5
2016-04-06,SKU-040,WH-TX1,Baseline Legacy Rule,0,0,0,0,0,96,0,0,0.0,0.0,0.0,0.0,0,0.5
2016-04-07,SKU-040,WH-TX1,Baseline Legacy Rule,0,0,0,0,0,96,0,0,0.0,0.0,0.0,0.0,0,0.5
2016-04-08,SKU-040,WH-TX1,Baseline Legacy Rule,0,0,0,0,0,96,0,0,0.0,0.0,0.0,0.0,0,0.5
2016-04-09,SKU-040,WH-TX1,Baseline Legacy Rule,0,2,0,2,0,96,0,0,0.0,0.0,3.96,3.96,1,0.5
2016-04-10,SKU-040,WH-TX1,Baseline Legacy Rule,0,0,0,0,0,96,0,0,0.0,0.0,0.0,0.0,0,0.5
2016-04-11,SKU-040,WH-TX1,Baseline Legacy Rule,0,0,0,0,0,96,0,0,0.0,0.0,0.0,0.0,0,0.5
2016-04-12,SKU-040,WH-TX1,Baseline Legacy Rule,0,14,0,14,0,96,0,0,0.0,0.0,27.72,27.72,1,0.5
2016-04-13,SKU-040,WH-TX1,Baseline Legacy Rule,0,6,0,6,0,96,0,0,0.0,0.0,11.88,11.88,1,0.5
2016-04-14,SKU-040,WH-TX1,Baseline Legacy Rule,0,2,0,2,0,96,0,0,0.0,0.0,3.96,3.96,1,0.5
2016-04-15,SKU-040,WH-TX1,Baseline Legacy Rule,0,1,0,1,0,96,0,0,0.0,0.0,1.98,1.98,1,0.5
2016-04-16,SKU-040,WH-TX1,Baseline Legacy Rule,0,8,0,8,0,96,0,0,0.0,0.0,15.84,15.84,1,0.5
2016-04-17,SKU-040,WH-TX1,Baseline Legacy Rule,0,9,0,9,0,96,0,0,0.0,0.0,17.82,17.82,1,0.5
2016-04-18,SKU-040,WH-TX1,Baseline Legacy Rule,96,2,2,0,94,0,0,96,0.026,0.0,0.0,0.03,0,0.5
2016-04-19,SKU-040,WH-TX1,Baseline Legacy Rule,94,2,2,0,92,0,0,0,0.025,0.0,0.0,0.03,0,0.5
2016-04-20,SKU-040,WH-TX1,Baseline Legacy Rule,92,2,2,0,90,0,0,0,0.025,0.0,0.0,0.03,0,0.5
2016-04-21,SKU-040,WH-TX1,Baseline Legacy Rule,90,1,1,0,89,0,0,0,0.024,0.0,0.0,0.02,0,0.5
2016-04-22,SKU-040,WH-TX1,Baseline Legacy Rule,89,0,0,0,89,0,0,0,0.024,0.0,0.0,0.02,0,0.5
2016-04-23,SKU-040,WH-TX1,Baseline Legacy Rule,89,0,0,0,89,0,0,0,0.024,0.0,0.0,0.02,0,0.5
2016-04-24,SKU-040,WH-TX1,Baseline Legacy Rule,89,1,1,0,88,0,0,0,0.024,0.0,0.0,0.02,0,0.5
2016-03-28,SKU-040,WH-WI1,Baseline Legacy Rule,59,3,3,0,56,144,144,0,0.017,110.0,0.0,110.02,0,0.5
2016-03-29,SKU-040,WH-WI1,Baseline Legacy Rule,56,2,2,0,54,144,0,0,0.016,0.0,0.0,0.02,0,0.5
2016-03-30,SKU-040,WH-WI1,Baseline Legacy Rule,54,0,0,0,54,144,0,0,0.016,0.0,0.0,0.02,0,0.5
2016-03-31,SKU-040,WH-WI1,Baseline Legacy Rule,54,4,4,0,50,144,0,0,0.015,0.0,0.0,0.01,0,0.5
2016-04-01,SKU-040,WH-WI1,Baseline Legacy Rule,50,12,12,0,38,144,0,0,0.011,0.0,0.0,0.01,0,0.5
2016-04-02,SKU-040,WH-WI1,Baseline Legacy Rule,38,1,1,0,37,144,0,0,0.011,0.0,0.0,0.01,0,0.5
2016-04-03,SKU-040,WH-WI1,Baseline Legacy Rule,37,7,7,0,30,144,0,0,0.009,0.0,0.0,0.01,0,0.5
2016-04-04,SKU-040,WH-WI1,Baseline Legacy Rule,30,11,11,0,19,144,0,0,0.006,0.0,0.0,0.01,0,0.5
2016-04-05,SKU-040,WH-WI1,Baseline Legacy Rule,19,5,5,0,14,144,0,0,0.004,0.0,0.0,0.0,0,0.5
2016-04-06,SKU-040,WH-WI1,Baseline Legacy Rule,14,4,4,0,10,144,0,0,0.003,0.0,0.0,0.0,0,0.5
2016-04-07,SKU-040,WH-WI1,Baseline Legacy Rule,10,5,5,0,5,144,0,0,0.002,0.0,0.0,0.0,0,0.5
2016-04-08,SKU-040,WH-WI1,Baseline Legacy Rule,5,6,5,1,0,144,0,0,0.0,0.0,1.98,1.98,1,0.5
2016-04-09,SKU-040,WH-WI1,Baseline Legacy Rule,0,16,0,16,0,144,0,0,0.0,0.0,31.68,31.68,1,0.5
2016-04-10,SKU-040,WH-WI1,Baseline Legacy Rule,0,9,0,9,0,144,0,0,0.0,0.0,17.82,17.82,1,0.5
2016-04-11,SKU-040,WH-WI1,Baseline Legacy Rule,0,5,0,5,0,144,0,0,0.0,0.0,9.9,9.9,1,0.5
2016-04-12,SKU-040,WH-WI1,Baseline Legacy Rule,0,3,0,3,0,144,0,0,0.0,0.0,5.94,5.94,1,0.5
2016-04-13,SKU-040,WH-WI1,Baseline Legacy Rule,0,1,0,1,0,144,0,0,0.0,0.0,1.98,1.98,1,0.5
2016-04-14,SKU-040,WH-WI1,Baseline Legacy Rule,144,6,6,0,138,0,0,144,0.042,0.0,0.0,0.04,0,0.5
2016-04-15,SKU-040,WH-WI1,Baseline Legacy Rule,138,6,6,0,132,0,0,0,0.04,0.0,0.0,0.04,0,0.5
2016-04-16,SKU-040,WH-WI1,Baseline Legacy Rule,132,22,22,0,110,0,0,0,0.033,0.0,0.0,0.03,0,0.5
2016-04-17,SKU-040,WH-WI1,Baseline Legacy Rule,110,4,4,0,106,0,0,0,0.032,0.0,0.0,0.03,0,0.5
2016-04-18,SKU-040,WH-WI1,Baseline Legacy Rule,106,7,7,0,99,0,0,0,0.03,0.0,0.0,0.03,0,0.5
2016-04-19,SKU-040,WH-WI1,Baseline Legacy Rule,99,8,8,0,91,0,0,0,0.027,0.0,0.0,0.03,0,0.5
2016-04-20,SKU-040,WH-WI1,Baseline Legacy Rule,91,2,2,0,89,0,0,0,0.027,0.0,0.0,0.03,0,0.5
2016-04-21,SKU-040,WH-WI1,Baseline Legacy Rule,89,1,1,0,88,0,0,0,0.027,0.0,0.0,0.03,0,0.5
2016-04-22,SKU-040,WH-WI1,Baseline Legacy Rule,88,5,5,0,83,144,144,0,0.025,110.0,0.0,110.03,0,0.5
2016-04-23,SKU-040,WH-WI1,Baseline Legacy Rule,83,8,8,0,75,144,0,0,0.023,0.0,0.0,0.02,0,0.5
2016-04-24,SKU-040,WH-WI1,Baseline Legacy Rule,75,6,6,0,69,144,0,0,0.021,0.0,0.0,0.02,0,0.5
2016-03-28,SKU-041,WH-CA1,Baseline Legacy Rule,10,1,1,0,9,96,96,0,0.017,110.0,0.0,110.02,0,2.71
2016-03-29,SKU-041,WH-CA1,Baseline Legacy Rule,9,0,0,0,9,96,0,0,0.017,0.0,0.0,0.02,0,2.71
2016-03-30,SKU-041,WH-CA1,Baseline Legacy Rule,9,0,0,0,9,96,0,0,0.017,0.0,0.0,0.02,0,2.71
2016-03-31,SKU-041,WH-CA1,Baseline Legacy Rule,9,1,1,0,8,96,0,0,0.015,0.0,0.0,0.01,0,2.71
2016-04-01,SKU-041,WH-CA1,Baseline Legacy Rule,8,1,1,0,7,96,0,0,0.013,0.0,0.0,0.01,0,2.71
2016-04-02,SKU-041,WH-CA1,Baseline Legacy Rule,7,0,0,0,7,96,0,0,0.013,0.0,0.0,0.01,0,2.71
2016-04-03,SKU-041,WH-CA1,Baseline Legacy Rule,7,0,0,0,7,96,0,0,0.013,0.0,0.0,0.01,0,2.71
2016-04-04,SKU-041,WH-CA1,Baseline Legacy Rule,7,0,0,0,7,96,0,0,0.013,0.0,0.0,0.01,0,2.71
2016-04-05,SKU-041,WH-CA1,Baseline Legacy Rule,7,1,1,0,6,96,0,0,0.011,0.0,0.0,0.01,0,2.71
2016-04-06,SKU-041,WH-CA1,Baseline Legacy Rule,6,1,1,0,5,96,0,0,0.009,0.0,0.0,0.01,0,2.71
2016-04-07,SKU-041,WH-CA1,Baseline Legacy Rule,5,0,0,0,5,96,0,0,0.009,0.0,0.0,0.01,0,2.71
2016-04-08,SKU-041,WH-CA1,Baseline Legacy Rule,5,0,0,0,5,96,0,0,0.009,0.0,0.0,0.01,0,2.71
2016-04-09,SKU-041,WH-CA1,Baseline Legacy Rule,5,1,1,0,4,96,0,0,0.007,0.0,0.0,0.01,0,2.71
2016-04-10,SKU-041,WH-CA1,Baseline Legacy Rule,4,1,1,0,3,96,0,0,0.006,0.0,0.0,0.01,0,2.71
2016-04-11,SKU-041,WH-CA1,Baseline Legacy Rule,3,2,2,0,1,96,0,0,0.002,0.0,0.0,0.0,0,2.71
2016-04-12,SKU-041,WH-CA1,Baseline Legacy Rule,1,0,0,0,1,96,0,0,0.002,0.0,0.0,0.0,0,2.71
2016-04-13,SKU-041,WH-CA1,Baseline Legacy Rule,1,1,1,0,0,96,0,0,0.0,0.0,0.0,0.0,0,2.71
2016-04-14,SKU-041,WH-CA1,Baseline Legacy Rule,0,0,0,0,0,96,0,0,0.0,0.0,0.0,0.0,0,2.71
2016-04-15,SKU-041,WH-CA1,Baseline Legacy Rule,0,0,0,0,0,96,0,0,0.0,0.0,0.0,0.0,0,2.71
2016-04-16,SKU-041,WH-CA1,Baseline Legacy Rule,0,0,0,0,0,96,0,0,0.0,0.0,0.0,0.0,0,2.71
2016-04-17,SKU-041,WH-CA1,Baseline Legacy Rule,0,0,0,0,0,96,0,0,0.0,0.0,0.0,0.0,0,2.71
2016-04-18,SKU-041,WH-CA1,Baseline Legacy Rule,0,1,0,1,0,96,0,0,0.0,0.0,4.13,4.13,1,2.71
2016-04-19,SKU-041,WH-CA1,Baseline Legacy Rule,0,1,0,1,0,96,0,0,0.0,0.0,4.13,4.13,1,2.71
2016-04-20,SKU-041,WH-CA1,Baseline Legacy Rule,96,1,1,0,95,0,0,96,0.176,0.0,0.0,0.18,0,2.71
2016-04-21,SKU-041,WH-CA1,Baseline Legacy Rule,95,0,0,0,95,0,0,0,0.176,0.0,0.0,0.18,0,2.71
2016-04-22,SKU-041,WH-CA1,Baseline Legacy Rule,95,1,1,0,94,0,0,0,0.174,0.0,0.0,0.17,0,2.71
2016-04-23,SKU-041,WH-CA1,Baseline Legacy Rule,94,2,2,0,92,0,0,0,0.171,0.0,0.0,0.17,0,2.71
2016-04-24,SKU-041,WH-CA1,Baseline Legacy Rule,92,2,2,0,90,0,0,0,0.167,0.0,0.0,0.17,0,2.71
2016-03-28,SKU-041,WH-TX1,Baseline Legacy Rule,5,0,0,0,5,96,96,0,0.007,110.0,0.0,110.01,0,2.71
2016-03-29,SKU-041,WH-TX1,Baseline Legacy Rule,5,0,0,0,5,96,0,0,0.007,0.0,0.0,0.01,0,2.71
2016-03-30,SKU-041,WH-TX1,Baseline Legacy Rule,5,0,0,0,5,96,0,0,0.007,0.0,0.0,0.01,0,2.71
2016-03-31,SKU-041,WH-TX1,Baseline Legacy Rule,5,0,0,0,5,96,0,0,0.007,0.0,0.0,0.01,0,2.71
2016-04-01,SKU-041,WH-TX1,Baseline Legacy Rule,5,0,0,0,5,96,0,0,0.007,0.0,0.0,0.01,0,2.71
2016-04-02,SKU-041,WH-TX1,Baseline Legacy Rule,5,1,1,0,4,96,0,0,0.006,0.0,0.0,0.01,0,2.71
2016-04-03,SKU-041,WH-TX1,Baseline Legacy Rule,4,0,0,0,4,96,0,0,0.006,0.0,0.0,0.01,0,2.71
2016-04-04,SKU-041,WH-TX1,Baseline Legacy Rule,4,0,0,0,4,96,0,0,0.006,0.0,0.0,0.01,0,2.71
2016-04-05,SKU-041,WH-TX1,Baseline Legacy Rule,4,0,0,0,4,96,0,0,0.006,0.0,0.0,0.01,0,2.71
2016-04-06,SKU-041,WH-TX1,Baseline Legacy Rule,4,0,0,0,4,96,0,0,0.006,0.0,0.0,0.01,0,2.71
2016-04-07,SKU-041,WH-TX1,Baseline Legacy Rule,4,0,0,0,4,96,0,0,0.006,0.0,0.0,0.01,0,2.71
2016-04-08,SKU-041,WH-TX1,Baseline Legacy Rule,4,1,1,0,3,96,0,0,0.004,0.0,0.0,0.0,0,2.71
2016-04-09,SKU-041,WH-TX1,Baseline Legacy Rule,3,1,1,0,2,96,0,0,0.003,0.0,0.0,0.0,0,2.71
2016-04-10,SKU-041,WH-TX1,Baseline Legacy Rule,2,2,2,0,0,96,0,0,0.0,0.0,0.0,0.0,0,2.71
2016-04-11,SKU-041,WH-TX1,Baseline Legacy Rule,0,0,0,0,0,96,0,0,0.0,0.0,0.0,0.0,0,2.71
2016-04-12,SKU-041,WH-TX1,Baseline Legacy Rule,0,0,0,0,0,96,0,0,0.0,0.0,0.0,0.0,0,2.71
2016-04-13,SKU-041,WH-TX1,Baseline Legacy Rule,0,1,0,1,0,96,0,0,0.0,0.0,4.13,4.13,1,2.71
2016-04-14,SKU-041,WH-TX1,Baseline Legacy Rule,0,1,0,1,0,96,0,0,0.0,0.0,4.13,4.13,1,2.71
2016-04-15,SKU-041,WH-TX1,Baseline Legacy Rule,0,0,0,0,0,96,0,0,0.0,0.0,0.0,0.0,0,2.71
2016-04-16,SKU-041,WH-TX1,Baseline Legacy Rule,0,0,0,0,0,96,0,0,0.0,0.0,0.0,0.0,0,2.71
2016-04-17,SKU-041,WH-TX1,Baseline Legacy Rule,0,0,0,0,0,96,0,0,0.0,0.0,0.0,0.0,0,2.71
2016-04-18,SKU-041,WH-TX1,Baseline Legacy Rule,0,0,0,0,0,96,0,0,0.0,0.0,0.0,0.0,0,2.71
2016-04-19,SKU-041,WH-TX1,Baseline Legacy Rule,0,0,0,0,0,96,0,0,0.0,0.0,0.0,0.0,0,2.71
2016-04-20,SKU-041,WH-TX1,Baseline Legacy Rule,0,1,0,1,0,96,0,0,0.0,0.0,4.13,4.13,1,2.71
2016-04-21,SKU-041,WH-TX1,Baseline Legacy Rule,0,1,0,1,0,96,0,0,0.0,0.0,4.13,4.13,1,2.71
2016-04-22,SKU-041,WH-TX1,Baseline Legacy Rule,0,1,0,1,0,96,0,0,0.0,0.0,4.13,4.13,1,2.71
2016-04-23,SKU-041,WH-TX1,Baseline Legacy Rule,0,0,0,0,0,96,0,0,0.0,0.0,0.0,0.0,0,2.71
2016-04-24,SKU-041,WH-TX1,Baseline Legacy Rule,0,0,0,0,0,96,0,0,0.0,0.0,0.0,0.0,0,2.71
2016-03-28,SKU-041,WH-WI1,Baseline Legacy Rule,12,1,1,0,11,96,96,0,0.018,110.0,0.0,110.02,0,2.71
2016-03-29,SKU-041,WH-WI1,Baseline Legacy Rule,11,2,2,0,9,96,0,0,0.015,0.0,0.0,0.01,0,2.71
2016-03-30,SKU-041,WH-WI1,Baseline Legacy Rule,9,0,0,0,9,96,0,0,0.015,0.0,0.0,0.01,0,2.71
2016-03-31,SKU-041,WH-WI1,Baseline Legacy Rule,9,0,0,0,9,96,0,0,0.015,0.0,0.0,0.01,0,2.71
2016-04-01,SKU-041,WH-WI1,Baseline Legacy Rule,9,4,4,0,5,96,0,0,0.008,0.0,0.0,0.01,0,2.71
2016-04-02,SKU-041,WH-WI1,Baseline Legacy Rule,5,0,0,0,5,96,0,0,0.008,0.0,0.0,0.01,0,2.71
2016-04-03,SKU-041,WH-WI1,Baseline Legacy Rule,5,0,0,0,5,96,0,0,0.008,0.0,0.0,0.01,0,2.71
2016-04-04,SKU-041,WH-WI1,Baseline Legacy Rule,5,0,0,0,5,96,0,0,0.008,0.0,0.0,0.01,0,2.71
2016-04-05,SKU-041,WH-WI1,Baseline Legacy Rule,5,2,2,0,3,96,0,0,0.005,0.0,0.0,0.01,0,2.71
2016-04-06,SKU-041,WH-WI1,Baseline Legacy Rule,3,0,0,0,3,96,0,0,0.005,0.0,0.0,0.01,0,2.71
2016-04-07,SKU-041,WH-WI1,Baseline Legacy Rule,3,0,0,0,3,96,0,0,0.005,0.0,0.0,0.01,0,2.71
2016-04-08,SKU-041,WH-WI1,Baseline Legacy Rule,3,0,0,0,3,96,0,0,0.005,0.0,0.0,0.01,0,2.71
2016-04-09,SKU-041,WH-WI1,Baseline Legacy Rule,3,1,1,0,2,96,0,0,0.003,0.0,0.0,0.0,0,2.71
2016-04-10,SKU-041,WH-WI1,Baseline Legacy Rule,2,2,2,0,0,96,0,0,0.0,0.0,0.0,0.0,0,2.71
2016-04-11,SKU-041,WH-WI1,Baseline Legacy Rule,0,0,0,0,0,96,0,0,0.0,0.0,0.0,0.0,0,2.71
2016-04-12,SKU-041,WH-WI1,Baseline Legacy Rule,0,0,0,0,0,96,0,0,0.0,0.0,0.0,0.0,0,2.71
2016-04-13,SKU-041,WH-WI1,Baseline Legacy Rule,0,0,0,0,0,96,0,0,0.0,0.0,0.0,0.0,0,2.71
2016-04-14,SKU-041,WH-WI1,Baseline Legacy Rule,0,0,0,0,0,96,0,0,0.0,0.0,0.0,0.0,0,2.71
2016-04-15,SKU-041,WH-WI1,Baseline Legacy Rule,0,0,0,0,0,96,0,0,0.0,0.0,0.0,0.0,0,2.71
2016-04-16,SKU-041,WH-WI1,Baseline Legacy Rule,0,0,0,0,0,96,0,0,0.0,0.0,0.0,0.0,0,2.71
2016-04-17,SKU-041,WH-WI1,Baseline Legacy Rule,0,0,0,0,0,96,0,0,0.0,0.0,0.0,0.0,0,2.71
2016-04-18,SKU-041,WH-WI1,Baseline Legacy Rule,0,0,0,0,0,96,0,0,0.0,0.0,0.0,0.0,0,2.71
2016-04-19,SKU-041,WH-WI1,Baseline Legacy Rule,0,1,0,1,0,96,0,0,0.0,0.0,4.13,4.13,1,2.71
2016-04-20,SKU-041,WH-WI1,Baseline Legacy Rule,0,2,0,2,0,96,0,0,0.0,0.0,8.26,8.26,1,2.71
2016-04-21,SKU-041,WH-WI1,Baseline Legacy Rule,96,1,1,0,95,0,0,96,0.155,0.0,0.0,0.15,0,2.71
2016-04-22,SKU-041,WH-WI1,Baseline Legacy Rule,95,3,3,0,92,0,0,0,0.15,0.0,0.0,0.15,0,2.71
2016-04-23,SKU-041,WH-WI1,Baseline Legacy Rule,92,2,2,0,90,0,0,0,0.147,0.0,0.0,0.15,0,2.71
2016-04-24,SKU-041,WH-WI1,Baseline Legacy Rule,90,1,1,0,89,0,0,0,0.145,0.0,0.0,0.14,0,2.71
2016-03-28,SKU-042,WH-CA1,Baseline Legacy Rule,5,0,0,0,5,0,0,0,0.015,0.0,0.0,0.01,0,4.3
2016-03-29,SKU-042,WH-CA1,Baseline Legacy Rule,5,0,0,0,5,0,0,0,0.015,0.0,0.0,0.01,0,4.3
2016-03-30,SKU-042,WH-CA1,Baseline Legacy Rule,5,0,0,0,5,0,0,0,0.015,0.0,0.0,0.01,0,4.3
2016-03-31,SKU-042,WH-CA1,Baseline Legacy Rule,5,0,0,0,5,0,0,0,0.015,0.0,0.0,0.01,0,4.3
2016-04-01,SKU-042,WH-CA1,Baseline Legacy Rule,5,0,0,0,5,0,0,0,0.015,0.0,0.0,0.01,0,4.3
2016-04-02,SKU-042,WH-CA1,Baseline Legacy Rule,5,0,0,0,5,0,0,0,0.015,0.0,0.0,0.01,0,4.3
2016-04-03,SKU-042,WH-CA1,Baseline Legacy Rule,5,0,0,0,5,0,0,0,0.015,0.0,0.0,0.01,0,4.3
2016-04-04,SKU-042,WH-CA1,Baseline Legacy Rule,5,0,0,0,5,0,0,0,0.015,0.0,0.0,0.01,0,4.3
2016-04-05,SKU-042,WH-CA1,Baseline Legacy Rule,5,0,0,0,5,0,0,0,0.015,0.0,0.0,0.01,0,4.3
2016-04-06,SKU-042,WH-CA1,Baseline Legacy Rule,5,0,0,0,5,0,0,0,0.015,0.0,0.0,0.01,0,4.3
2016-04-07,SKU-042,WH-CA1,Baseline Legacy Rule,5,0,0,0,5,0,0,0,0.015,0.0,0.0,0.01,0,4.3
2016-04-08,SKU-042,WH-CA1,Baseline Legacy Rule,5,0,0,0,5,0,0,0,0.015,0.0,0.0,0.01,0,4.3
2016-04-09,SKU-042,WH-CA1,Baseline Legacy Rule,5,0,0,0,5,0,0,0,0.015,0.0,0.0,0.01,0,4.3
2016-04-10,SKU-042,WH-CA1,Baseline Legacy Rule,5,0,0,0,5,0,0,0,0.015,0.0,0.0,0.01,0,4.3
2016-04-11,SKU-042,WH-CA1,Baseline Legacy Rule,5,0,0,0,5,0,0,0,0.015,0.0,0.0,0.01,0,4.3
2016-04-12,SKU-042,WH-CA1,Baseline Legacy Rule,5,0,0,0,5,0,0,0,0.015,0.0,0.0,0.01,0,4.3
2016-04-13,SKU-042,WH-CA1,Baseline Legacy Rule,5,0,0,0,5,0,0,0,0.015,0.0,0.0,0.01,0,4.3
2016-04-14,SKU-042,WH-CA1,Baseline Legacy Rule,5,0,0,0,5,0,0,0,0.015,0.0,0.0,0.01,0,4.3
2016-04-15,SKU-042,WH-CA1,Baseline Legacy Rule,5,0,0,0,5,0,0,0,0.015,0.0,0.0,0.01,0,4.3
2016-04-16,SKU-042,WH-CA1,Baseline Legacy Rule,5,0,0,0,5,0,0,0,0.015,0.0,0.0,0.01,0,4.3
2016-04-17,SKU-042,WH-CA1,Baseline Legacy Rule,5,0,0,0,5,0,0,0,0.015,0.0,0.0,0.01,0,4.3
2016-04-18,SKU-042,WH-CA1,Baseline Legacy Rule,5,0,0,0,5,0,0,0,0.015,0.0,0.0,0.01,0,4.3
2016-04-19,SKU-042,WH-CA1,Baseline Legacy Rule,5,0,0,0,5,0,0,0,0.015,0.0,0.0,0.01,0,4.3
2016-04-20,SKU-042,WH-CA1,Baseline Legacy Rule,5,0,0,0,5,0,0,0,0.015,0.0,0.0,0.01,0,4.3
2016-04-21,SKU-042,WH-CA1,Baseline Legacy Rule,5,0,0,0,5,0,0,0,0.015,0.0,0.0,0.01,0,4.3
2016-04-22,SKU-042,WH-CA1,Baseline Legacy Rule,5,0,0,0,5,0,0,0,0.015,0.0,0.0,0.01,0,4.3
2016-04-23,SKU-042,WH-CA1,Baseline Legacy Rule,5,0,0,0,5,0,0,0,0.015,0.0,0.0,0.01,0,4.3
2016-04-24,SKU-042,WH-CA1,Baseline Legacy Rule,5,0,0,0,5,0,0,0,0.015,0.0,0.0,0.01,0,4.3
2016-03-28,SKU-042,WH-TX1,Baseline Legacy Rule,5,0,0,0,5,0,0,0,0.012,0.0,0.0,0.01,0,4.3
2016-03-29,SKU-042,WH-TX1,Baseline Legacy Rule,5,0,0,0,5,0,0,0,0.012,0.0,0.0,0.01,0,4.3
2016-03-30,SKU-042,WH-TX1,Baseline Legacy Rule,5,0,0,0,5,0,0,0,0.012,0.0,0.0,0.01,0,4.3
2016-03-31,SKU-042,WH-TX1,Baseline Legacy Rule,5,0,0,0,5,0,0,0,0.012,0.0,0.0,0.01,0,4.3
2016-04-01,SKU-042,WH-TX1,Baseline Legacy Rule,5,0,0,0,5,0,0,0,0.012,0.0,0.0,0.01,0,4.3
2016-04-02,SKU-042,WH-TX1,Baseline Legacy Rule,5,0,0,0,5,0,0,0,0.012,0.0,0.0,0.01,0,4.3
2016-04-03,SKU-042,WH-TX1,Baseline Legacy Rule,5,1,1,0,4,0,0,0,0.009,0.0,0.0,0.01,0,4.3
2016-04-04,SKU-042,WH-TX1,Baseline Legacy Rule,4,0,0,0,4,0,0,0,0.009,0.0,0.0,0.01,0,4.3
2016-04-05,SKU-042,WH-TX1,Baseline Legacy Rule,4,0,0,0,4,0,0,0,0.009,0.0,0.0,0.01,0,4.3
2016-04-06,SKU-042,WH-TX1,Baseline Legacy Rule,4,2,2,0,2,48,48,0,0.005,110.0,0.0,110.0,0,4.3
2016-04-07,SKU-042,WH-TX1,Baseline Legacy Rule,2,0,0,0,2,48,0,0,0.005,0.0,0.0,0.01,0,4.3
2016-04-08,SKU-042,WH-TX1,Baseline Legacy Rule,2,2,2,0,0,48,0,0,0.0,0.0,0.0,0.0,0,4.3
2016-04-09,SKU-042,WH-TX1,Baseline Legacy Rule,0,3,0,3,0,48,0,0,0.0,0.0,16.14,16.14,1,4.3
2016-04-10,SKU-042,WH-TX1,Baseline Legacy Rule,0,0,0,0,0,48,0,0,0.0,0.0,0.0,0.0,0,4.3
2016-04-11,SKU-042,WH-TX1,Baseline Legacy Rule,0,0,0,0,0,48,0,0,0.0,0.0,0.0,0.0,0,4.3
2016-04-12,SKU-042,WH-TX1,Baseline Legacy Rule,0,0,0,0,0,48,0,0,0.0,0.0,0.0,0.0,0,4.3
2016-04-13,SKU-042,WH-TX1,Baseline Legacy Rule,0,0,0,0,0,48,0,0,0.0,0.0,0.0,0.0,0,4.3
2016-04-14,SKU-042,WH-TX1,Baseline Legacy Rule,0,0,0,0,0,48,0,0,0.0,0.0,0.0,0.0,0,4.3
2016-04-15,SKU-042,WH-TX1,Baseline Legacy Rule,0,0,0,0,0,48,0,0,0.0,0.0,0.0,0.0,0,4.3
2016-04-16,SKU-042,WH-TX1,Baseline Legacy Rule,0,0,0,0,0,48,0,0,0.0,0.0,0.0,0.0,0,4.3
2016-04-17,SKU-042,WH-TX1,Baseline Legacy Rule,0,0,0,0,0,48,0,0,0.0,0.0,0.0,0.0,0,4.3
2016-04-18,SKU-042,WH-TX1,Baseline Legacy Rule,0,0,0,0,0,48,0,0,0.0,0.0,0.0,0.0,0,4.3
2016-04-19,SKU-042,WH-TX1,Baseline Legacy Rule,0,0,0,0,0,48,0,0,0.0,0.0,0.0,0.0,0,4.3
2016-04-20,SKU-042,WH-TX1,Baseline Legacy Rule,0,1,0,1,0,48,0,0,0.0,0.0,5.38,5.38,1,4.3
2016-04-21,SKU-042,WH-TX1,Baseline Legacy Rule,0,0,0,0,0,48,0,0,0.0,0.0,0.0,0.0,0,4.3
2016-04-22,SKU-042,WH-TX1,Baseline Legacy Rule,0,0,0,0,0,48,0,0,0.0,0.0,0.0,0.0,0,4.3
2016-04-23,SKU-042,WH-TX1,Baseline Legacy Rule,0,0,0,0,0,48,0,0,0.0,0.0,0.0,0.0,0,4.3
2016-04-24,SKU-042,WH-TX1,Baseline Legacy Rule,0,0,0,0,0,48,0,0,0.0,0.0,0.0,0.0,0,4.3
2016-03-28,SKU-042,WH-WI1,Baseline Legacy Rule,5,0,0,0,5,48,48,0,0.013,110.0,0.0,110.01,0,4.3
2016-03-29,SKU-042,WH-WI1,Baseline Legacy Rule,5,1,1,0,4,48,0,0,0.01,0.0,0.0,0.01,0,4.3
2016-03-30,SKU-042,WH-WI1,Baseline Legacy Rule,4,1,1,0,3,48,0,0,0.008,0.0,0.0,0.01,0,4.3
2016-03-31,SKU-042,WH-WI1,Baseline Legacy Rule,3,0,0,0,3,48,0,0,0.008,0.0,0.0,0.01,0,4.3
2016-04-01,SKU-042,WH-WI1,Baseline Legacy Rule,3,0,0,0,3,48,0,0,0.008,0.0,0.0,0.01,0,4.3
2016-04-02,SKU-042,WH-WI1,Baseline Legacy Rule,3,0,0,0,3,48,0,0,0.008,0.0,0.0,0.01,0,4.3
2016-04-03,SKU-042,WH-WI1,Baseline Legacy Rule,3,1,1,0,2,48,0,0,0.005,0.0,0.0,0.01,0,4.3
2016-04-04,SKU-042,WH-WI1,Baseline Legacy Rule,2,0,0,0,2,48,0,0,0.005,0.0,0.0,0.01,0,4.3
2016-04-05,SKU-042,WH-WI1,Baseline Legacy Rule,2,0,0,0,2,48,0,0,0.005,0.0,0.0,0.01,0,4.3
2016-04-06,SKU-042,WH-WI1,Baseline Legacy Rule,2,0,0,0,2,48,0,0,0.005,0.0,0.0,0.01,0,4.3
2016-04-07,SKU-042,WH-WI1,Baseline Legacy Rule,2,0,0,0,2,48,0,0,0.005,0.0,0.0,0.01,0,4.3
2016-04-08,SKU-042,WH-WI1,Baseline Legacy Rule,2,2,2,0,0,48,0,0,0.0,0.0,0.0,0.0,0,4.3
2016-04-09,SKU-042,WH-WI1,Baseline Legacy Rule,0,1,0,1,0,48,0,0,0.0,0.0,5.38,5.38,1,4.3
2016-04-10,SKU-042,WH-WI1,Baseline Legacy Rule,0,3,0,3,0,48,0,0,0.0,0.0,16.14,16.14,1,4.3
2016-04-11,SKU-042,WH-WI1,Baseline Legacy Rule,0,0,0,0,0,48,0,0,0.0,0.0,0.0,0.0,0,4.3
2016-04-12,SKU-042,WH-WI1,Baseline Legacy Rule,0,0,0,0,0,48,0,0,0.0,0.0,0.0,0.0,0,4.3
2016-04-13,SKU-042,WH-WI1,Baseline Legacy Rule,0,1,0,1,0,48,0,0,0.0,0.0,5.38,5.38,1,4.3
2016-04-14,SKU-042,WH-WI1,Baseline Legacy Rule,0,1,0,1,0,48,0,0,0.0,0.0,5.38,5.38,1,4.3
2016-04-15,SKU-042,WH-WI1,Baseline Legacy Rule,0,0,0,0,0,48,0,0,0.0,0.0,0.0,0.0,0,4.3
2016-04-16,SKU-042,WH-WI1,Baseline Legacy Rule,0,2,0,2,0,48,0,0,0.0,0.0,10.76,10.76,1,4.3
2016-04-17,SKU-042,WH-WI1,Baseline Legacy Rule,0,5,0,5,0,48,0,0,0.0,0.0,26.9,26.9,1,4.3
2016-04-18,SKU-042,WH-WI1,Baseline Legacy Rule,0,0,0,0,0,48,0,0,0.0,0.0,0.0,0.0,0,4.3
2016-04-19,SKU-042,WH-WI1,Baseline Legacy Rule,0,0,0,0,0,48,0,0,0.0,0.0,0.0,0.0,0,4.3
2016-04-20,SKU-042,WH-WI1,Baseline Legacy Rule,0,0,0,0,0,48,0,0,0.0,0.0,0.0,0.0,0,4.3
2016-04-21,SKU-042,WH-WI1,Baseline Legacy Rule,48,0,0,0,48,0,0,48,0.124,0.0,0.0,0.12,0,4.3
2016-04-22,SKU-042,WH-WI1,Baseline Legacy Rule,48,0,0,0,48,0,0,0,0.124,0.0,0.0,0.12,0,4.3
2016-04-23,SKU-042,WH-WI1,Baseline Legacy Rule,48,0,0,0,48,0,0,0,0.124,0.0,0.0,0.12,0,4.3
2016-04-24,SKU-042,WH-WI1,Baseline Legacy Rule,48,0,0,0,48,0,0,0,0.124,0.0,0.0,0.12,0,4.3
2016-03-28,SKU-043,WH-CA1,Baseline Legacy Rule,7,2,2,0,5,96,96,0,0.009,110.0,0.0,110.01,0,2.62
2016-03-29,SKU-043,WH-CA1,Baseline Legacy Rule,5,0,0,0,5,96,0,0,0.009,0.0,0.0,0.01,0,2.62
2016-03-30,SKU-043,WH-CA1,Baseline Legacy Rule,5,1,1,0,4,96,0,0,0.007,0.0,0.0,0.01,0,2.62
2016-03-31,SKU-043,WH-CA1,Baseline Legacy Rule,4,0,0,0,4,96,0,0,0.007,0.0,0.0,0.01,0,2.62
2016-04-01,SKU-043,WH-CA1,Baseline Legacy Rule,4,2,2,0,2,96,0,0,0.004,0.0,0.0,0.0,0,2.62
2016-04-02,SKU-043,WH-CA1,Baseline Legacy Rule,2,0,0,0,2,96,0,0,0.004,0.0,0.0,0.0,0,2.62
2016-04-03,SKU-043,WH-CA1,Baseline Legacy Rule,2,3,2,1,0,96,0,0,0.0,0.0,4.06,4.06,1,2.62
2016-04-04,SKU-043,WH-CA1,Baseline Legacy Rule,0,0,0,0,0,96,0,0,0.0,0.0,0.0,0.0,0,2.62
2016-04-05,SKU-043,WH-CA1,Baseline Legacy Rule,0,0,0,0,0,96,0,0,0.0,0.0,0.0,0.0,0,2.62
2016-04-06,SKU-043,WH-CA1,Baseline Legacy Rule,0,5,0,5,0,96,0,0,0.0,0.0,20.3,20.3,1,2.62
2016-04-07,SKU-043,WH-CA1,Baseline Legacy Rule,0,1,0,1,0,96,0,0,0.0,0.0,4.06,4.06,1,2.62
2016-04-08,SKU-043,WH-CA1,Baseline Legacy Rule,0,0,0,0,0,96,0,0,0.0,0.0,0.0,0.0,0,2.62
2016-04-09,SKU-043,WH-CA1,Baseline Legacy Rule,0,1,0,1,0,96,0,0,0.0,0.0,4.06,4.06,1,2.62
2016-04-10,SKU-043,WH-CA1,Baseline Legacy Rule,0,1,0,1,0,96,0,0,0.0,0.0,4.06,4.06,1,2.62
2016-04-11,SKU-043,WH-CA1,Baseline Legacy Rule,0,0,0,0,0,96,0,0,0.0,0.0,0.0,0.0,0,2.62
2016-04-12,SKU-043,WH-CA1,Baseline Legacy Rule,0,1,0,1,0,96,0,0,0.0,0.0,4.06,4.06,1,2.62
2016-04-13,SKU-043,WH-CA1,Baseline Legacy Rule,0,3,0,3,0,96,0,0,0.0,0.0,12.18,12.18,1,2.62
2016-04-14,SKU-043,WH-CA1,Baseline Legacy Rule,0,0,0,0,0,96,0,0,0.0,0.0,0.0,0.0,0,2.62
2016-04-15,SKU-043,WH-CA1,Baseline Legacy Rule,0,1,0,1,0,96,0,0,0.0,0.0,4.06,4.06,1,2.62
2016-04-16,SKU-043,WH-CA1,Baseline Legacy Rule,0,0,0,0,0,96,0,0,0.0,0.0,0.0,0.0,0,2.62
2016-04-17,SKU-043,WH-CA1,Baseline Legacy Rule,0,0,0,0,0,96,0,0,0.0,0.0,0.0,0.0,0,2.62
2016-04-18,SKU-043,WH-CA1,Baseline Legacy Rule,0,5,0,5,0,96,0,0,0.0,0.0,20.3,20.3,1,2.62
2016-04-19,SKU-043,WH-CA1,Baseline Legacy Rule,96,1,1,0,95,0,0,96,0.17,0.0,0.0,0.17,0,2.62
2016-04-20,SKU-043,WH-CA1,Baseline Legacy Rule,95,0,0,0,95,0,0,0,0.17,0.0,0.0,0.17,0,2.62
2016-04-21,SKU-043,WH-CA1,Baseline Legacy Rule,95,0,0,0,95,0,0,0,0.17,0.0,0.0,0.17,0,2.62
2016-04-22,SKU-043,WH-CA1,Baseline Legacy Rule,95,1,1,0,94,0,0,0,0.169,0.0,0.0,0.17,0,2.62
2016-04-23,SKU-043,WH-CA1,Baseline Legacy Rule,94,1,1,0,93,0,0,0,0.167,0.0,0.0,0.17,0,2.62
2016-04-24,SKU-043,WH-CA1,Baseline Legacy Rule,93,2,2,0,91,0,0,0,0.163,0.0,0.0,0.16,0,2.62
2016-03-28,SKU-043,WH-TX1,Baseline Legacy Rule,5,0,0,0,5,96,96,0,0.007,110.0,0.0,110.01,0,2.62
2016-03-29,SKU-043,WH-TX1,Baseline Legacy Rule,5,0,0,0,5,96,0,0,0.007,0.0,0.0,0.01,0,2.62
2016-03-30,SKU-043,WH-TX1,Baseline Legacy Rule,5,2,2,0,3,96,0,0,0.004,0.0,0.0,0.0,0,2.62
2016-03-31,SKU-043,WH-TX1,Baseline Legacy Rule,3,0,0,0,3,96,0,0,0.004,0.0,0.0,0.0,0,2.62
2016-04-01,SKU-043,WH-TX1,Baseline Legacy Rule,3,1,1,0,2,96,0,0,0.003,0.0,0.0,0.0,0,2.62
2016-04-02,SKU-043,WH-TX1,Baseline Legacy Rule,2,1,1,0,1,96,0,0,0.001,0.0,0.0,0.0,0,2.62
2016-04-03,SKU-043,WH-TX1,Baseline Legacy Rule,1,1,1,0,0,96,0,0,0.0,0.0,0.0,0.0,0,2.62
2016-04-04,SKU-043,WH-TX1,Baseline Legacy Rule,0,1,0,1,0,96,0,0,0.0,0.0,4.06,4.06,1,2.62
2016-04-05,SKU-043,WH-TX1,Baseline Legacy Rule,0,3,0,3,0,96,0,0,0.0,0.0,12.18,12.18,1,2.62
2016-04-06,SKU-043,WH-TX1,Baseline Legacy Rule,0,1,0,1,0,96,0,0,0.0,0.0,4.06,4.06,1,2.62
2016-04-07,SKU-043,WH-TX1,Baseline Legacy Rule,0,0,0,0,0,96,0,0,0.0,0.0,0.0,0.0,0,2.62
2016-04-08,SKU-043,WH-TX1,Baseline Legacy Rule,0,1,0,1,0,96,0,0,0.0,0.0,4.06,4.06,1,2.62
2016-04-09,SKU-043,WH-TX1,Baseline Legacy Rule,0,1,0,1,0,96,0,0,0.0,0.0,4.06,4.06,1,2.62
2016-04-10,SKU-043,WH-TX1,Baseline Legacy Rule,0,0,0,0,0,96,0,0,0.0,0.0,0.0,0.0,0,2.62
2016-04-11,SKU-043,WH-TX1,Baseline Legacy Rule,0,0,0,0,0,96,0,0,0.0,0.0,0.0,0.0,0,2.62
2016-04-12,SKU-043,WH-TX1,Baseline Legacy Rule,0,0,0,0,0,96,0,0,0.0,0.0,0.0,0.0,0,2.62
2016-04-13,SKU-043,WH-TX1,Baseline Legacy Rule,0,0,0,0,0,96,0,0,0.0,0.0,0.0,0.0,0,2.62
2016-04-14,SKU-043,WH-TX1,Baseline Legacy Rule,0,1,0,1,0,96,0,0,0.0,0.0,4.06,4.06,1,2.62
2016-04-15,SKU-043,WH-TX1,Baseline Legacy Rule,0,1,0,1,0,96,0,0,0.0,0.0,4.06,4.06,1,2.62
2016-04-16,SKU-043,WH-TX1,Baseline Legacy Rule,0,2,0,2,0,96,0,0,0.0,0.0,8.12,8.12,1,2.62
2016-04-17,SKU-043,WH-TX1,Baseline Legacy Rule,0,0,0,0,0,96,0,0,0.0,0.0,0.0,0.0,0,2.62
2016-04-18,SKU-043,WH-TX1,Baseline Legacy Rule,0,0,0,0,0,96,0,0,0.0,0.0,0.0,0.0,0,2.62
2016-04-19,SKU-043,WH-TX1,Baseline Legacy Rule,0,1,0,1,0,96,0,0,0.0,0.0,4.06,4.06,1,2.62
2016-04-20,SKU-043,WH-TX1,Baseline Legacy Rule,0,3,0,3,0,96,0,0,0.0,0.0,12.18,12.18,1,2.62
2016-04-21,SKU-043,WH-TX1,Baseline Legacy Rule,0,0,0,0,0,96,0,0,0.0,0.0,0.0,0.0,0,2.62
2016-04-22,SKU-043,WH-TX1,Baseline Legacy Rule,0,0,0,0,0,96,0,0,0.0,0.0,0.0,0.0,0,2.62
2016-04-23,SKU-043,WH-TX1,Baseline Legacy Rule,0,3,0,3,0,96,0,0,0.0,0.0,12.18,12.18,1,2.62
2016-04-24,SKU-043,WH-TX1,Baseline Legacy Rule,0,0,0,0,0,96,0,0,0.0,0.0,0.0,0.0,0,2.62
2016-03-28,SKU-043,WH-WI1,Baseline Legacy Rule,5,0,0,0,5,0,0,0,0.008,0.0,0.0,0.01,0,2.62
2016-03-29,SKU-043,WH-WI1,Baseline Legacy Rule,5,0,0,0,5,0,0,0,0.008,0.0,0.0,0.01,0,2.62
2016-03-30,SKU-043,WH-WI1,Baseline Legacy Rule,5,0,0,0,5,0,0,0,0.008,0.0,0.0,0.01,0,2.62
2016-03-31,SKU-043,WH-WI1,Baseline Legacy Rule,5,3,3,0,2,96,96,0,0.003,110.0,0.0,110.0,0,2.62
2016-04-01,SKU-043,WH-WI1,Baseline Legacy Rule,2,0,0,0,2,96,0,0,0.003,0.0,0.0,0.0,0,2.62
2016-04-02,SKU-043,WH-WI1,Baseline Legacy Rule,2,1,1,0,1,96,0,0,0.002,0.0,0.0,0.0,0,2.62
2016-04-03,SKU-043,WH-WI1,Baseline Legacy Rule,1,0,0,0,1,96,0,0,0.002,0.0,0.0,0.0,0,2.62
2016-04-04,SKU-043,WH-WI1,Baseline Legacy Rule,1,0,0,0,1,96,0,0,0.002,0.0,0.0,0.0,0,2.62
2016-04-05,SKU-043,WH-WI1,Baseline Legacy Rule,1,1,1,0,0,96,0,0,0.0,0.0,0.0,0.0,0,2.62
2016-04-06,SKU-043,WH-WI1,Baseline Legacy Rule,0,0,0,0,0,96,0,0,0.0,0.0,0.0,0.0,0,2.62
2016-04-07,SKU-043,WH-WI1,Baseline Legacy Rule,0,0,0,0,0,96,0,0,0.0,0.0,0.0,0.0,0,2.62
2016-04-08,SKU-043,WH-WI1,Baseline Legacy Rule,0,0,0,0,0,96,0,0,0.0,0.0,0.0,0.0,0,2.62
2016-04-09,SKU-043,WH-WI1,Baseline Legacy Rule,0,0,0,0,0,96,0,0,0.0,0.0,0.0,0.0,0,2.62
2016-04-10,SKU-043,WH-WI1,Baseline Legacy Rule,0,0,0,0,0,96,0,0,0.0,0.0,0.0,0.0,0,2.62
2016-04-11,SKU-043,WH-WI1,Baseline Legacy Rule,0,0,0,0,0,96,0,0,0.0,0.0,0.0,0.0,0,2.62
2016-04-12,SKU-043,WH-WI1,Baseline Legacy Rule,0,0,0,0,0,96,0,0,0.0,0.0,0.0,0.0,0,2.62
2016-04-13,SKU-043,WH-WI1,Baseline Legacy Rule,0,0,0,0,0,96,0,0,0.0,0.0,0.0,0.0,0,2.62
2016-04-14,SKU-043,WH-WI1,Baseline Legacy Rule,0,0,0,0,0,96,0,0,0.0,0.0,0.0,0.0,0,2.62
2016-04-15,SKU-043,WH-WI1,Baseline Legacy Rule,0,0,0,0,0,96,0,0,0.0,0.0,0.0,0.0,0,2.62
2016-04-16,SKU-043,WH-WI1,Baseline Legacy Rule,0,0,0,0,0,96,0,0,0.0,0.0,0.0,0.0,0,2.62
2016-04-17,SKU-043,WH-WI1,Baseline Legacy Rule,0,0,0,0,0,96,0,0,0.0,0.0,0.0,0.0,0,2.62
2016-04-18,SKU-043,WH-WI1,Baseline Legacy Rule,0,0,0,0,0,96,0,0,0.0,0.0,0.0,0.0,0,2.62
2016-04-19,SKU-043,WH-WI1,Baseline Legacy Rule,0,0,0,0,0,96,0,0,0.0,0.0,0.0,0.0,0,2.62
2016-04-20,SKU-043,WH-WI1,Baseline Legacy Rule,0,0,0,0,0,96,0,0,0.0,0.0,0.0,0.0,0,2.62
2016-04-21,SKU-043,WH-WI1,Baseline Legacy Rule,0,1,0,1,0,96,0,0,0.0,0.0,4.06,4.06,1,2.62
2016-04-22,SKU-043,WH-WI1,Baseline Legacy Rule,0,0,0,0,0,96,0,0,0.0,0.0,0.0,0.0,0,2.62
2016-04-23,SKU-043,WH-WI1,Baseline Legacy Rule,0,1,0,1,0,96,0,0,0.0,0.0,4.06,4.06,1,2.62
2016-04-24,SKU-043,WH-WI1,Baseline Legacy Rule,0,0,0,0,0,96,0,0,0.0,0.0,0.0,0.0,0,2.62
2016-03-28,SKU-044,WH-CA1,Baseline Legacy Rule,5,1,1,0,4,48,48,0,0.012,110.0,0.0,110.01,0,4.41
2016-03-29,SKU-044,WH-CA1,Baseline Legacy Rule,4,2,2,0,2,48,0,0,0.006,0.0,0.0,0.01,0,4.41
2016-03-30,SKU-044,WH-CA1,Baseline Legacy Rule,2,0,0,0,2,48,0,0,0.006,0.0,0.0,0.01,0,4.41
2016-03-31,SKU-044,WH-CA1,Baseline Legacy Rule,2,0,0,0,2,48,0,0,0.006,0.0,0.0,0.01,0,4.41
2016-04-01,SKU-044,WH-CA1,Baseline Legacy Rule,2,1,1,0,1,48,0,0,0.003,0.0,0.0,0.0,0,4.41
2016-04-02,SKU-044,WH-CA1,Baseline Legacy Rule,1,0,0,0,1,48,0,0,0.003,0.0,0.0,0.0,0,4.41
2016-04-03,SKU-044,WH-CA1,Baseline Legacy Rule,1,0,0,0,1,48,0,0,0.003,0.0,0.0,0.0,0,4.41
2016-04-04,SKU-044,WH-CA1,Baseline Legacy Rule,1,0,0,0,1,48,0,0,0.003,0.0,0.0,0.0,0,4.41
2016-04-05,SKU-044,WH-CA1,Baseline Legacy Rule,1,0,0,0,1,48,0,0,0.003,0.0,0.0,0.0,0,4.41
2016-04-06,SKU-044,WH-CA1,Baseline Legacy Rule,1,0,0,0,1,48,0,0,0.003,0.0,0.0,0.0,0,4.41
2016-04-07,SKU-044,WH-CA1,Baseline Legacy Rule,1,0,0,0,1,48,0,0,0.003,0.0,0.0,0.0,0,4.41
2016-04-08,SKU-044,WH-CA1,Baseline Legacy Rule,1,0,0,0,1,48,0,0,0.003,0.0,0.0,0.0,0,4.41
2016-04-09,SKU-044,WH-CA1,Baseline Legacy Rule,1,1,1,0,0,48,0,0,0.0,0.0,0.0,0.0,0,4.41
2016-04-10,SKU-044,WH-CA1,Baseline Legacy Rule,0,1,0,1,0,48,0,0,0.0,0.0,5.47,5.47,1,4.41
2016-04-11,SKU-044,WH-CA1,Baseline Legacy Rule,0,0,0,0,0,48,0,0,0.0,0.0,0.0,0.0,0,4.41
2016-04-12,SKU-044,WH-CA1,Baseline Legacy Rule,48,1,1,0,47,0,0,48,0.142,0.0,0.0,0.14,0,4.41
2016-04-13,SKU-044,WH-CA1,Baseline Legacy Rule,47,0,0,0,47,0,0,0,0.142,0.0,0.0,0.14,0,4.41
2016-04-14,SKU-044,WH-CA1,Baseline Legacy Rule,47,0,0,0,47,0,0,0,0.142,0.0,0.0,0.14,0,4.41
2016-04-15,SKU-044,WH-CA1,Baseline Legacy Rule,47,0,0,0,47,0,0,0,0.142,0.0,0.0,0.14,0,4.41
2016-04-16,SKU-044,WH-CA1,Baseline Legacy Rule,47,0,0,0,47,0,0,0,0.142,0.0,0.0,0.14,0,4.41
2016-04-17,SKU-044,WH-CA1,Baseline Legacy Rule,47,0,0,0,47,0,0,0,0.142,0.0,0.0,0.14,0,4.41
2016-04-18,SKU-044,WH-CA1,Baseline Legacy Rule,47,1,1,0,46,0,0,0,0.139,0.0,0.0,0.14,0,4.41
2016-04-19,SKU-044,WH-CA1,Baseline Legacy Rule,46,0,0,0,46,0,0,0,0.139,0.0,0.0,0.14,0,4.41
2016-04-20,SKU-044,WH-CA1,Baseline Legacy Rule,46,1,1,0,45,0,0,0,0.136,0.0,0.0,0.14,0,4.41
2016-04-21,SKU-044,WH-CA1,Baseline Legacy Rule,45,0,0,0,45,0,0,0,0.136,0.0,0.0,0.14,0,4.41
2016-04-22,SKU-044,WH-CA1,Baseline Legacy Rule,45,0,0,0,45,0,0,0,0.136,0.0,0.0,0.14,0,4.41
2016-04-23,SKU-044,WH-CA1,Baseline Legacy Rule,45,1,1,0,44,0,0,0,0.133,0.0,0.0,0.13,0,4.41
2016-04-24,SKU-044,WH-CA1,Baseline Legacy Rule,44,1,1,0,43,0,0,0,0.13,0.0,0.0,0.13,0,4.41
2016-03-28,SKU-044,WH-TX1,Baseline Legacy Rule,5,0,0,0,5,0,0,0,0.012,0.0,0.0,0.01,0,4.41
2016-03-29,SKU-044,WH-TX1,Baseline Legacy Rule,5,0,0,0,5,0,0,0,0.012,0.0,0.0,0.01,0,4.41
2016-03-30,SKU-044,WH-TX1,Baseline Legacy Rule,5,0,0,0,5,0,0,0,0.012,0.0,0.0,0.01,0,4.41
2016-03-31,SKU-044,WH-TX1,Baseline Legacy Rule,5,0,0,0,5,0,0,0,0.012,0.0,0.0,0.01,0,4.41
2016-04-01,SKU-044,WH-TX1,Baseline Legacy Rule,5,1,1,0,4,0,0,0,0.01,0.0,0.0,0.01,0,4.41
2016-04-02,SKU-044,WH-TX1,Baseline Legacy Rule,4,0,0,0,4,0,0,0,0.01,0.0,0.0,0.01,0,4.41
2016-04-03,SKU-044,WH-TX1,Baseline Legacy Rule,4,0,0,0,4,0,0,0,0.01,0.0,0.0,0.01,0,4.41
2016-04-04,SKU-044,WH-TX1,Baseline Legacy Rule,4,0,0,0,4,0,0,0,0.01,0.0,0.0,0.01,0,4.41
2016-04-05,SKU-044,WH-TX1,Baseline Legacy Rule,4,1,1,0,3,48,48,0,0.007,110.0,0.0,110.01,0,4.41
2016-04-06,SKU-044,WH-TX1,Baseline Legacy Rule,3,1,1,0,2,48,0,0,0.005,0.0,0.0,0.01,0,4.41
2016-04-07,SKU-044,WH-TX1,Baseline Legacy Rule,2,0,0,0,2,48,0,0,0.005,0.0,0.0,0.01,0,4.41
2016-04-08,SKU-044,WH-TX1,Baseline Legacy Rule,2,0,0,0,2,48,0,0,0.005,0.0,0.0,0.01,0,4.41
2016-04-09,SKU-044,WH-TX1,Baseline Legacy Rule,2,1,1,0,1,48,0,0,0.002,0.0,0.0,0.0,0,4.41
2016-04-10,SKU-044,WH-TX1,Baseline Legacy Rule,1,0,0,0,1,48,0,0,0.002,0.0,0.0,0.0,0,4.41
2016-04-11,SKU-044,WH-TX1,Baseline Legacy Rule,1,0,0,0,1,48,0,0,0.002,0.0,0.0,0.0,0,4.41
2016-04-12,SKU-044,WH-TX1,Baseline Legacy Rule,1,0,0,0,1,48,0,0,0.002,0.0,0.0,0.0,0,4.41
2016-04-13,SKU-044,WH-TX1,Baseline Legacy Rule,1,0,0,0,1,48,0,0,0.002,0.0,0.0,0.0,0,4.41
2016-04-14,SKU-044,WH-TX1,Baseline Legacy Rule,1,0,0,0,1,48,0,0,0.002,0.0,0.0,0.0,0,4.41
2016-04-15,SKU-044,WH-TX1,Baseline Legacy Rule,1,0,0,0,1,48,0,0,0.002,0.0,0.0,0.0,0,4.41
2016-04-16,SKU-044,WH-TX1,Baseline Legacy Rule,1,1,1,0,0,48,0,0,0.0,0.0,0.0,0.0,0,4.41
2016-04-17,SKU-044,WH-TX1,Baseline Legacy Rule,0,0,0,0,0,48,0,0,0.0,0.0,0.0,0.0,0,4.41
2016-04-18,SKU-044,WH-TX1,Baseline Legacy Rule,0,1,0,1,0,48,0,0,0.0,0.0,5.47,5.47,1,4.41
2016-04-19,SKU-044,WH-TX1,Baseline Legacy Rule,0,0,0,0,0,48,0,0,0.0,0.0,0.0,0.0,0,4.41
2016-04-20,SKU-044,WH-TX1,Baseline Legacy Rule,0,0,0,0,0,48,0,0,0.0,0.0,0.0,0.0,0,4.41
2016-04-21,SKU-044,WH-TX1,Baseline Legacy Rule,0,1,0,1,0,48,0,0,0.0,0.0,5.47,5.47,1,4.41
2016-04-22,SKU-044,WH-TX1,Baseline Legacy Rule,0,0,0,0,0,48,0,0,0.0,0.0,0.0,0.0,0,4.41
2016-04-23,SKU-044,WH-TX1,Baseline Legacy Rule,0,0,0,0,0,48,0,0,0.0,0.0,0.0,0.0,0,4.41
2016-04-24,SKU-044,WH-TX1,Baseline Legacy Rule,0,0,0,0,0,48,0,0,0.0,0.0,0.0,0.0,0,4.41
2016-03-28,SKU-044,WH-WI1,Baseline Legacy Rule,6,1,1,0,5,48,48,0,0.013,110.0,0.0,110.01,0,4.41
2016-03-29,SKU-044,WH-WI1,Baseline Legacy Rule,5,0,0,0,5,48,0,0,0.013,0.0,0.0,0.01,0,4.41
2016-03-30,SKU-044,WH-WI1,Baseline Legacy Rule,5,0,0,0,5,48,0,0,0.013,0.0,0.0,0.01,0,4.41
2016-03-31,SKU-044,WH-WI1,Baseline Legacy Rule,5,0,0,0,5,48,0,0,0.013,0.0,0.0,0.01,0,4.41
2016-04-01,SKU-044,WH-WI1,Baseline Legacy Rule,5,0,0,0,5,48,0,0,0.013,0.0,0.0,0.01,0,4.41
2016-04-02,SKU-044,WH-WI1,Baseline Legacy Rule,5,0,0,0,5,48,0,0,0.013,0.0,0.0,0.01,0,4.41
2016-04-03,SKU-044,WH-WI1,Baseline Legacy Rule,5,1,1,0,4,48,0,0,0.011,0.0,0.0,0.01,0,4.41
2016-04-04,SKU-044,WH-WI1,Baseline Legacy Rule,4,0,0,0,4,48,0,0,0.011,0.0,0.0,0.01,0,4.41
2016-04-05,SKU-044,WH-WI1,Baseline Legacy Rule,4,2,2,0,2,48,0,0,0.005,0.0,0.0,0.01,0,4.41
2016-04-06,SKU-044,WH-WI1,Baseline Legacy Rule,2,0,0,0,2,48,0,0,0.005,0.0,0.0,0.01,0,4.41
2016-04-07,SKU-044,WH-WI1,Baseline Legacy Rule,2,0,0,0,2,48,0,0,0.005,0.0,0.0,0.01,0,4.41
2016-04-08,SKU-044,WH-WI1,Baseline Legacy Rule,2,0,0,0,2,48,0,0,0.005,0.0,0.0,0.01,0,4.41
2016-04-09,SKU-044,WH-WI1,Baseline Legacy Rule,2,1,1,0,1,48,0,0,0.003,0.0,0.0,0.0,0,4.41
2016-04-10,SKU-044,WH-WI1,Baseline Legacy Rule,1,1,1,0,0,48,0,0,0.0,0.0,0.0,0.0,0,4.41
2016-04-11,SKU-044,WH-WI1,Baseline Legacy Rule,0,0,0,0,0,48,0,0,0.0,0.0,0.0,0.0,0,4.41
2016-04-12,SKU-044,WH-WI1,Baseline Legacy Rule,0,0,0,0,0,48,0,0,0.0,0.0,0.0,0.0,0,4.41
2016-04-13,SKU-044,WH-WI1,Baseline Legacy Rule,0,1,0,1,0,48,0,0,0.0,0.0,5.47,5.47,1,4.41
2016-04-14,SKU-044,WH-WI1,Baseline Legacy Rule,0,0,0,0,0,48,0,0,0.0,0.0,0.0,0.0,0,4.41
2016-04-15,SKU-044,WH-WI1,Baseline Legacy Rule,0,2,0,2,0,48,0,0,0.0,0.0,10.94,10.94,1,4.41
2016-04-16,SKU-044,WH-WI1,Baseline Legacy Rule,0,0,0,0,0,48,0,0,0.0,0.0,0.0,0.0,0,4.41
2016-04-17,SKU-044,WH-WI1,Baseline Legacy Rule,0,1,0,1,0,48,0,0,0.0,0.0,5.47,5.47,1,4.41
2016-04-18,SKU-044,WH-WI1,Baseline Legacy Rule,0,0,0,0,0,48,0,0,0.0,0.0,0.0,0.0,0,4.41
2016-04-19,SKU-044,WH-WI1,Baseline Legacy Rule,48,0,0,0,48,0,0,48,0.128,0.0,0.0,0.13,0,4.41
2016-04-20,SKU-044,WH-WI1,Baseline Legacy Rule,48,1,1,0,47,0,0,0,0.125,0.0,0.0,0.12,0,4.41
2016-04-21,SKU-044,WH-WI1,Baseline Legacy Rule,47,1,1,0,46,0,0,0,0.122,0.0,0.0,0.12,0,4.41
2016-04-22,SKU-044,WH-WI1,Baseline Legacy Rule,46,0,0,0,46,0,0,0,0.122,0.0,0.0,0.12,0,4.41
2016-04-23,SKU-044,WH-WI1,Baseline Legacy Rule,46,2,2,0,44,0,0,0,0.117,0.0,0.0,0.12,0,4.41
2016-04-24,SKU-044,WH-WI1,Baseline Legacy Rule,44,0,0,0,44,0,0,0,0.117,0.0,0.0,0.12,0,4.41
2016-03-28,SKU-045,WH-CA1,Baseline Legacy Rule,7,0,0,0,7,96,96,0,0.005,110.0,0.0,110.0,0,1.04
2016-03-29,SKU-045,WH-CA1,Baseline Legacy Rule,7,2,2,0,5,96,0,0,0.004,0.0,0.0,0.0,0,1.04
2016-03-30,SKU-045,WH-CA1,Baseline Legacy Rule,5,0,0,0,5,96,0,0,0.004,0.0,0.0,0.0,0,1.04
2016-03-31,SKU-045,WH-CA1,Baseline Legacy Rule,5,1,1,0,4,96,0,0,0.003,0.0,0.0,0.0,0,1.04
2016-04-01,SKU-045,WH-CA1,Baseline Legacy Rule,4,1,1,0,3,96,0,0,0.002,0.0,0.0,0.0,0,1.04
2016-04-02,SKU-045,WH-CA1,Baseline Legacy Rule,3,2,2,0,1,96,0,0,0.001,0.0,0.0,0.0,0,1.04
2016-04-03,SKU-045,WH-CA1,Baseline Legacy Rule,1,1,1,0,0,96,0,0,0.0,0.0,0.0,0.0,0,1.04
2016-04-04,SKU-045,WH-CA1,Baseline Legacy Rule,0,3,0,3,0,96,0,0,0.0,0.0,8.43,8.43,1,1.04
2016-04-05,SKU-045,WH-CA1,Baseline Legacy Rule,0,1,0,1,0,96,0,0,0.0,0.0,2.81,2.81,1,1.04
2016-04-06,SKU-045,WH-CA1,Baseline Legacy Rule,0,0,0,0,0,96,0,0,0.0,0.0,0.0,0.0,0,1.04
2016-04-07,SKU-045,WH-CA1,Baseline Legacy Rule,0,0,0,0,0,96,0,0,0.0,0.0,0.0,0.0,0,1.04
2016-04-08,SKU-045,WH-CA1,Baseline Legacy Rule,0,1,0,1,0,96,0,0,0.0,0.0,2.81,2.81,1,1.04
2016-04-09,SKU-045,WH-CA1,Baseline Legacy Rule,0,1,0,1,0,96,0,0,0.0,0.0,2.81,2.81,1,1.04
2016-04-10,SKU-045,WH-CA1,Baseline Legacy Rule,0,2,0,2,0,96,0,0,0.0,0.0,5.62,5.62,1,1.04
2016-04-11,SKU-045,WH-CA1,Baseline Legacy Rule,0,4,0,4,0,96,0,0,0.0,0.0,11.24,11.24,1,1.04
2016-04-12,SKU-045,WH-CA1,Baseline Legacy Rule,0,1,0,1,0,96,0,0,0.0,0.0,2.81,2.81,1,1.04
2016-04-13,SKU-045,WH-CA1,Baseline Legacy Rule,0,2,0,2,0,96,0,0,0.0,0.0,5.62,5.62,1,1.04
2016-04-14,SKU-045,WH-CA1,Baseline Legacy Rule,0,10,0,10,0,96,0,0,0.0,0.0,28.1,28.1,1,1.04
2016-04-15,SKU-045,WH-CA1,Baseline Legacy Rule,0,0,0,0,0,96,0,0,0.0,0.0,0.0,0.0,0,1.04
2016-04-16,SKU-045,WH-CA1,Baseline Legacy Rule,0,1,0,1,0,96,0,0,0.0,0.0,2.81,2.81,1,1.04
2016-04-17,SKU-045,WH-CA1,Baseline Legacy Rule,0,1,0,1,0,96,0,0,0.0,0.0,2.81,2.81,1,1.04
2016-04-18,SKU-045,WH-CA1,Baseline Legacy Rule,0,0,0,0,0,96,0,0,0.0,0.0,0.0,0.0,0,1.04
2016-04-19,SKU-045,WH-CA1,Baseline Legacy Rule,0,1,0,1,0,96,0,0,0.0,0.0,2.81,2.81,1,1.04
2016-04-20,SKU-045,WH-CA1,Baseline Legacy Rule,0,1,0,1,0,96,0,0,0.0,0.0,2.81,2.81,1,1.04
2016-04-21,SKU-045,WH-CA1,Baseline Legacy Rule,0,1,0,1,0,96,0,0,0.0,0.0,2.81,2.81,1,1.04
2016-04-22,SKU-045,WH-CA1,Baseline Legacy Rule,0,0,0,0,0,96,0,0,0.0,0.0,0.0,0.0,0,1.04
2016-04-23,SKU-045,WH-CA1,Baseline Legacy Rule,0,0,0,0,0,96,0,0,0.0,0.0,0.0,0.0,0,1.04
2016-04-24,SKU-045,WH-CA1,Baseline Legacy Rule,0,1,0,1,0,96,0,0,0.0,0.0,2.81,2.81,1,1.04
2016-03-28,SKU-045,WH-TX1,Baseline Legacy Rule,5,0,0,0,5,96,96,0,0.003,110.0,0.0,110.0,0,1.04
2016-03-29,SKU-045,WH-TX1,Baseline Legacy Rule,5,0,0,0,5,96,0,0,0.003,0.0,0.0,0.0,0,1.04
2016-03-30,SKU-045,WH-TX1,Baseline Legacy Rule,5,0,0,0,5,96,0,0,0.003,0.0,0.0,0.0,0,1.04
2016-03-31,SKU-045,WH-TX1,Baseline Legacy Rule,5,0,0,0,5,96,0,0,0.003,0.0,0.0,0.0,0,1.04
2016-04-01,SKU-045,WH-TX1,Baseline Legacy Rule,5,1,1,0,4,96,0,0,0.002,0.0,0.0,0.0,0,1.04
2016-04-02,SKU-045,WH-TX1,Baseline Legacy Rule,4,0,0,0,4,96,0,0,0.002,0.0,0.0,0.0,0,1.04
2016-04-03,SKU-045,WH-TX1,Baseline Legacy Rule,4,0,0,0,4,96,0,0,0.002,0.0,0.0,0.0,0,1.04
2016-04-04,SKU-045,WH-TX1,Baseline Legacy Rule,4,0,0,0,4,96,0,0,0.002,0.0,0.0,0.0,0,1.04
2016-04-05,SKU-045,WH-TX1,Baseline Legacy Rule,4,0,0,0,4,96,0,0,0.002,0.0,0.0,0.0,0,1.04
2016-04-06,SKU-045,WH-TX1,Baseline Legacy Rule,4,0,0,0,4,96,0,0,0.002,0.0,0.0,0.0,0,1.04
2016-04-07,SKU-045,WH-TX1,Baseline Legacy Rule,4,0,0,0,4,96,0,0,0.002,0.0,0.0,0.0,0,1.04
2016-04-08,SKU-045,WH-TX1,Baseline Legacy Rule,4,1,1,0,3,96,0,0,0.002,0.0,0.0,0.0,0,1.04
2016-04-09,SKU-045,WH-TX1,Baseline Legacy Rule,3,0,0,0,3,96,0,0,0.002,0.0,0.0,0.0,0,1.04
2016-04-10,SKU-045,WH-TX1,Baseline Legacy Rule,3,1,1,0,2,96,0,0,0.001,0.0,0.0,0.0,0,1.04
2016-04-11,SKU-045,WH-TX1,Baseline Legacy Rule,2,0,0,0,2,96,0,0,0.001,0.0,0.0,0.0,0,1.04
2016-04-12,SKU-045,WH-TX1,Baseline Legacy Rule,2,0,0,0,2,96,0,0,0.001,0.0,0.0,0.0,0,1.04
2016-04-13,SKU-045,WH-TX1,Baseline Legacy Rule,2,2,2,0,0,96,0,0,0.0,0.0,0.0,0.0,0,1.04
2016-04-14,SKU-045,WH-TX1,Baseline Legacy Rule,0,0,0,0,0,96,0,0,0.0,0.0,0.0,0.0,0,1.04
2016-04-15,SKU-045,WH-TX1,Baseline Legacy Rule,0,0,0,0,0,96,0,0,0.0,0.0,0.0,0.0,0,1.04
2016-04-16,SKU-045,WH-TX1,Baseline Legacy Rule,0,0,0,0,0,96,0,0,0.0,0.0,0.0,0.0,0,1.04
2016-04-17,SKU-045,WH-TX1,Baseline Legacy Rule,0,3,0,3,0,96,0,0,0.0,0.0,8.43,8.43,1,1.04
2016-04-18,SKU-045,WH-TX1,Baseline Legacy Rule,0,0,0,0,0,96,0,0,0.0,0.0,0.0,0.0,0,1.04
2016-04-19,SKU-045,WH-TX1,Baseline Legacy Rule,96,0,0,0,96,0,0,96,0.055,0.0,0.0,0.06,0,1.04
2016-04-20,SKU-045,WH-TX1,Baseline Legacy Rule,96,0,0,0,96,0,0,0,0.055,0.0,0.0,0.06,0,1.04
2016-04-21,SKU-045,WH-TX1,Baseline Legacy Rule,96,0,0,0,96,0,0,0,0.055,0.0,0.0,0.06,0,1.04
2016-04-22,SKU-045,WH-TX1,Baseline Legacy Rule,96,0,0,0,96,0,0,0,0.055,0.0,0.0,0.06,0,1.04
2016-04-23,SKU-045,WH-TX1,Baseline Legacy Rule,96,1,1,0,95,0,0,0,0.054,0.0,0.0,0.05,0,1.04
2016-04-24,SKU-045,WH-TX1,Baseline Legacy Rule,95,0,0,0,95,0,0,0,0.054,0.0,0.0,0.05,0,1.04
2016-03-28,SKU-045,WH-WI1,Baseline Legacy Rule,6,3,3,0,3,96,96,0,0.002,110.0,0.0,110.0,0,1.04
2016-03-29,SKU-045,WH-WI1,Baseline Legacy Rule,3,0,0,0,3,96,0,0,0.002,0.0,0.0,0.0,0,1.04
2016-03-30,SKU-045,WH-WI1,Baseline Legacy Rule,3,0,0,0,3,96,0,0,0.002,0.0,0.0,0.0,0,1.04
2016-03-31,SKU-045,WH-WI1,Baseline Legacy Rule,3,0,0,0,3,96,0,0,0.002,0.0,0.0,0.0,0,1.04
2016-04-01,SKU-045,WH-WI1,Baseline Legacy Rule,3,0,0,0,3,96,0,0,0.002,0.0,0.0,0.0,0,1.04
2016-04-02,SKU-045,WH-WI1,Baseline Legacy Rule,3,0,0,0,3,96,0,0,0.002,0.0,0.0,0.0,0,1.04
2016-04-03,SKU-045,WH-WI1,Baseline Legacy Rule,3,0,0,0,3,96,0,0,0.002,0.0,0.0,0.0,0,1.04
2016-04-04,SKU-045,WH-WI1,Baseline Legacy Rule,3,0,0,0,3,96,0,0,0.002,0.0,0.0,0.0,0,1.04
2016-04-05,SKU-045,WH-WI1,Baseline Legacy Rule,3,0,0,0,3,96,0,0,0.002,0.0,0.0,0.0,0,1.04
2016-04-06,SKU-045,WH-WI1,Baseline Legacy Rule,3,0,0,0,3,96,0,0,0.002,0.0,0.0,0.0,0,1.04
2016-04-07,SKU-045,WH-WI1,Baseline Legacy Rule,3,0,0,0,3,96,0,0,0.002,0.0,0.0,0.0,0,1.04
2016-04-08,SKU-045,WH-WI1,Baseline Legacy Rule,3,0,0,0,3,96,0,0,0.002,0.0,0.0,0.0,0,1.04
2016-04-09,SKU-045,WH-WI1,Baseline Legacy Rule,3,0,0,0,3,96,0,0,0.002,0.0,0.0,0.0,0,1.04
2016-04-10,SKU-045,WH-WI1,Baseline Legacy Rule,3,0,0,0,3,96,0,0,0.002,0.0,0.0,0.0,0,1.04
2016-04-11,SKU-045,WH-WI1,Baseline Legacy Rule,3,0,0,0,3,96,0,0,0.002,0.0,0.0,0.0,0,1.04
2016-04-12,SKU-045,WH-WI1,Baseline Legacy Rule,3,0,0,0,3,96,0,0,0.002,0.0,0.0,0.0,0,1.04
2016-04-13,SKU-045,WH-WI1,Baseline Legacy Rule,3,0,0,0,3,96,0,0,0.002,0.0,0.0,0.0,0,1.04
2016-04-14,SKU-045,WH-WI1,Baseline Legacy Rule,3,8,3,5,0,96,0,0,0.0,0.0,14.05,14.05,1,1.04
2016-04-15,SKU-045,WH-WI1,Baseline Legacy Rule,0,0,0,0,0,96,0,0,0.0,0.0,0.0,0.0,0,1.04
2016-04-16,SKU-045,WH-WI1,Baseline Legacy Rule,0,0,0,0,0,96,0,0,0.0,0.0,0.0,0.0,0,1.04
2016-04-17,SKU-045,WH-WI1,Baseline Legacy Rule,0,0,0,0,0,96,0,0,0.0,0.0,0.0,0.0,0,1.04
2016-04-18,SKU-045,WH-WI1,Baseline Legacy Rule,96,0,0,0,96,0,0,96,0.06,0.0,0.0,0.06,0,1.04
2016-04-19,SKU-045,WH-WI1,Baseline Legacy Rule,96,0,0,0,96,0,0,0,0.06,0.0,0.0,0.06,0,1.04
2016-04-20,SKU-045,WH-WI1,Baseline Legacy Rule,96,0,0,0,96,0,0,0,0.06,0.0,0.0,0.06,0,1.04
2016-04-21,SKU-045,WH-WI1,Baseline Legacy Rule,96,8,8,0,88,0,0,0,0.055,0.0,0.0,0.06,0,1.04
2016-04-22,SKU-045,WH-WI1,Baseline Legacy Rule,88,0,0,0,88,0,0,0,0.055,0.0,0.0,0.06,0,1.04
2016-04-23,SKU-045,WH-WI1,Baseline Legacy Rule,88,3,3,0,85,0,0,0,0.053,0.0,0.0,0.05,0,1.04
2016-04-24,SKU-045,WH-WI1,Baseline Legacy Rule,85,2,2,0,83,0,0,0,0.052,0.0,0.0,0.05,0,1.04
2016-03-28,SKU-046,WH-CA1,Baseline Legacy Rule,5,0,0,0,5,0,0,0,0.003,0.0,0.0,0.0,0,0.82
2016-03-29,SKU-046,WH-CA1,Baseline Legacy Rule,5,0,0,0,5,0,0,0,0.003,0.0,0.0,0.0,0,0.82
2016-03-30,SKU-046,WH-CA1,Baseline Legacy Rule,5,0,0,0,5,0,0,0,0.003,0.0,0.0,0.0,0,0.82
2016-03-31,SKU-046,WH-CA1,Baseline Legacy Rule,5,1,1,0,4,96,96,0,0.002,110.0,0.0,110.0,0,0.82
2016-04-01,SKU-046,WH-CA1,Baseline Legacy Rule,4,0,0,0,4,96,0,0,0.002,0.0,0.0,0.0,0,0.82
2016-04-02,SKU-046,WH-CA1,Baseline Legacy Rule,4,0,0,0,4,96,0,0,0.002,0.0,0.0,0.0,0,0.82
2016-04-03,SKU-046,WH-CA1,Baseline Legacy Rule,4,0,0,0,4,96,0,0,0.002,0.0,0.0,0.0,0,0.82
2016-04-04,SKU-046,WH-CA1,Baseline Legacy Rule,4,0,0,0,4,96,0,0,0.002,0.0,0.0,0.0,0,0.82
2016-04-05,SKU-046,WH-CA1,Baseline Legacy Rule,4,0,0,0,4,96,0,0,0.002,0.0,0.0,0.0,0,0.82
2016-04-06,SKU-046,WH-CA1,Baseline Legacy Rule,4,1,1,0,3,96,0,0,0.002,0.0,0.0,0.0,0,0.82
2016-04-07,SKU-046,WH-CA1,Baseline Legacy Rule,3,0,0,0,3,96,0,0,0.002,0.0,0.0,0.0,0,0.82
2016-04-08,SKU-046,WH-CA1,Baseline Legacy Rule,3,0,0,0,3,96,0,0,0.002,0.0,0.0,0.0,0,0.82
2016-04-09,SKU-046,WH-CA1,Baseline Legacy Rule,3,0,0,0,3,96,0,0,0.002,0.0,0.0,0.0,0,0.82
2016-04-10,SKU-046,WH-CA1,Baseline Legacy Rule,3,0,0,0,3,96,0,0,0.002,0.0,0.0,0.0,0,0.82
2016-04-11,SKU-046,WH-CA1,Baseline Legacy Rule,3,0,0,0,3,96,0,0,0.002,0.0,0.0,0.0,0,0.82
2016-04-12,SKU-046,WH-CA1,Baseline Legacy Rule,3,0,0,0,3,96,0,0,0.002,0.0,0.0,0.0,0,0.82
2016-04-13,SKU-046,WH-CA1,Baseline Legacy Rule,3,2,2,0,1,96,0,0,0.001,0.0,0.0,0.0,0,0.82
2016-04-14,SKU-046,WH-CA1,Baseline Legacy Rule,1,0,0,0,1,96,0,0,0.001,0.0,0.0,0.0,0,0.82
2016-04-15,SKU-046,WH-CA1,Baseline Legacy Rule,1,0,0,0,1,96,0,0,0.001,0.0,0.0,0.0,0,0.82
2016-04-16,SKU-046,WH-CA1,Baseline Legacy Rule,1,0,0,0,1,96,0,0,0.001,0.0,0.0,0.0,0,0.82
2016-04-17,SKU-046,WH-CA1,Baseline Legacy Rule,1,0,0,0,1,96,0,0,0.001,0.0,0.0,0.0,0,0.82
2016-04-18,SKU-046,WH-CA1,Baseline Legacy Rule,1,0,0,0,1,96,0,0,0.001,0.0,0.0,0.0,0,0.82
2016-04-19,SKU-046,WH-CA1,Baseline Legacy Rule,1,0,0,0,1,96,0,0,0.001,0.0,0.0,0.0,0,0.82
2016-04-20,SKU-046,WH-CA1,Baseline Legacy Rule,1,1,1,0,0,96,0,0,0.0,0.0,0.0,0.0,0,0.82
2016-04-21,SKU-046,WH-CA1,Baseline Legacy Rule,0,0,0,0,0,96,0,0,0.0,0.0,0.0,0.0,0,0.82
2016-04-22,SKU-046,WH-CA1,Baseline Legacy Rule,0,0,0,0,0,96,0,0,0.0,0.0,0.0,0.0,0,0.82
2016-04-23,SKU-046,WH-CA1,Baseline Legacy Rule,96,0,0,0,96,0,0,96,0.054,0.0,0.0,0.05,0,0.82
2016-04-24,SKU-046,WH-CA1,Baseline Legacy Rule,96,0,0,0,96,0,0,0,0.054,0.0,0.0,0.05,0,0.82
2016-03-28,SKU-046,WH-TX1,Baseline Legacy Rule,5,0,0,0,5,0,0,0,0.002,0.0,0.0,0.0,0,0.82
2016-03-29,SKU-046,WH-TX1,Baseline Legacy Rule,5,0,0,0,5,0,0,0,0.002,0.0,0.0,0.0,0,0.82
2016-03-30,SKU-046,WH-TX1,Baseline Legacy Rule,5,0,0,0,5,0,0,0,0.002,0.0,0.0,0.0,0,0.82
2016-03-31,SKU-046,WH-TX1,Baseline Legacy Rule,5,0,0,0,5,0,0,0,0.002,0.0,0.0,0.0,0,0.82
2016-04-01,SKU-046,WH-TX1,Baseline Legacy Rule,5,0,0,0,5,0,0,0,0.002,0.0,0.0,0.0,0,0.82
2016-04-02,SKU-046,WH-TX1,Baseline Legacy Rule,5,0,0,0,5,0,0,0,0.002,0.0,0.0,0.0,0,0.82
2016-04-03,SKU-046,WH-TX1,Baseline Legacy Rule,5,0,0,0,5,0,0,0,0.002,0.0,0.0,0.0,0,0.82
2016-04-04,SKU-046,WH-TX1,Baseline Legacy Rule,5,0,0,0,5,0,0,0,0.002,0.0,0.0,0.0,0,0.82
2016-04-05,SKU-046,WH-TX1,Baseline Legacy Rule,5,0,0,0,5,0,0,0,0.002,0.0,0.0,0.0,0,0.82
2016-04-06,SKU-046,WH-TX1,Baseline Legacy Rule,5,0,0,0,5,0,0,0,0.002,0.0,0.0,0.0,0,0.82
2016-04-07,SKU-046,WH-TX1,Baseline Legacy Rule,5,0,0,0,5,0,0,0,0.002,0.0,0.0,0.0,0,0.82
2016-04-08,SKU-046,WH-TX1,Baseline Legacy Rule,5,0,0,0,5,0,0,0,0.002,0.0,0.0,0.0,0,0.82
2016-04-09,SKU-046,WH-TX1,Baseline Legacy Rule,5,0,0,0,5,0,0,0,0.002,0.0,0.0,0.0,0,0.82
2016-04-10,SKU-046,WH-TX1,Baseline Legacy Rule,5,1,1,0,4,0,0,0,0.002,0.0,0.0,0.0,0,0.82
2016-04-11,SKU-046,WH-TX1,Baseline Legacy Rule,4,0,0,0,4,0,0,0,0.002,0.0,0.0,0.0,0,0.82
2016-04-12,SKU-046,WH-TX1,Baseline Legacy Rule,4,0,0,0,4,0,0,0,0.002,0.0,0.0,0.0,0,0.82
2016-04-13,SKU-046,WH-TX1,Baseline Legacy Rule,4,1,1,0,3,96,96,0,0.001,110.0,0.0,110.0,0,0.82
2016-04-14,SKU-046,WH-TX1,Baseline Legacy Rule,3,0,0,0,3,96,0,0,0.001,0.0,0.0,0.0,0,0.82
2016-04-15,SKU-046,WH-TX1,Baseline Legacy Rule,3,1,1,0,2,96,0,0,0.001,0.0,0.0,0.0,0,0.82
2016-04-16,SKU-046,WH-TX1,Baseline Legacy Rule,2,0,0,0,2,96,0,0,0.001,0.0,0.0,0.0,0,0.82
2016-04-17,SKU-046,WH-TX1,Baseline Legacy Rule,2,2,2,0,0,96,0,0,0.0,0.0,0.0,0.0,0,0.82
2016-04-18,SKU-046,WH-TX1,Baseline Legacy Rule,0,0,0,0,0,96,0,0,0.0,0.0,0.0,0.0,0,0.82
2016-04-19,SKU-046,WH-TX1,Baseline Legacy Rule,0,1,0,1,0,96,0,0,0.0,0.0,2.65,2.65,1,0.82
2016-04-20,SKU-046,WH-TX1,Baseline Legacy Rule,0,0,0,0,0,96,0,0,0.0,0.0,0.0,0.0,0,0.82
2016-04-21,SKU-046,WH-TX1,Baseline Legacy Rule,0,0,0,0,0,96,0,0,0.0,0.0,0.0,0.0,0,0.82
2016-04-22,SKU-046,WH-TX1,Baseline Legacy Rule,0,2,0,2,0,96,0,0,0.0,0.0,5.3,5.3,1,0.82
2016-04-23,SKU-046,WH-TX1,Baseline Legacy Rule,0,0,0,0,0,96,0,0,0.0,0.0,0.0,0.0,0,0.82
2016-04-24,SKU-046,WH-TX1,Baseline Legacy Rule,0,0,0,0,0,96,0,0,0.0,0.0,0.0,0.0,0,0.82
2016-03-28,SKU-046,WH-WI1,Baseline Legacy Rule,5,0,0,0,5,0,0,0,0.002,0.0,0.0,0.0,0,0.82
2016-03-29,SKU-046,WH-WI1,Baseline Legacy Rule,5,0,0,0,5,0,0,0,0.002,0.0,0.0,0.0,0,0.82
2016-03-30,SKU-046,WH-WI1,Baseline Legacy Rule,5,0,0,0,5,0,0,0,0.002,0.0,0.0,0.0,0,0.82
2016-03-31,SKU-046,WH-WI1,Baseline Legacy Rule,5,0,0,0,5,0,0,0,0.002,0.0,0.0,0.0,0,0.82
2016-04-01,SKU-046,WH-WI1,Baseline Legacy Rule,5,0,0,0,5,0,0,0,0.002,0.0,0.0,0.0,0,0.82
2016-04-02,SKU-046,WH-WI1,Baseline Legacy Rule,5,0,0,0,5,0,0,0,0.002,0.0,0.0,0.0,0,0.82
2016-04-03,SKU-046,WH-WI1,Baseline Legacy Rule,5,0,0,0,5,0,0,0,0.002,0.0,0.0,0.0,0,0.82
2016-04-04,SKU-046,WH-WI1,Baseline Legacy Rule,5,0,0,0,5,0,0,0,0.002,0.0,0.0,0.0,0,0.82
2016-04-05,SKU-046,WH-WI1,Baseline Legacy Rule,5,0,0,0,5,0,0,0,0.002,0.0,0.0,0.0,0,0.82
2016-04-06,SKU-046,WH-WI1,Baseline Legacy Rule,5,0,0,0,5,0,0,0,0.002,0.0,0.0,0.0,0,0.82
2016-04-07,SKU-046,WH-WI1,Baseline Legacy Rule,5,0,0,0,5,0,0,0,0.002,0.0,0.0,0.0,0,0.82
2016-04-08,SKU-046,WH-WI1,Baseline Legacy Rule,5,0,0,0,5,0,0,0,0.002,0.0,0.0,0.0,0,0.82
2016-04-09,SKU-046,WH-WI1,Baseline Legacy Rule,5,0,0,0,5,0,0,0,0.002,0.0,0.0,0.0,0,0.82
2016-04-10,SKU-046,WH-WI1,Baseline Legacy Rule,5,0,0,0,5,0,0,0,0.002,0.0,0.0,0.0,0,0.82
2016-04-11,SKU-046,WH-WI1,Baseline Legacy Rule,5,0,0,0,5,0,0,0,0.002,0.0,0.0,0.0,0,0.82
2016-04-12,SKU-046,WH-WI1,Baseline Legacy Rule,5,0,0,0,5,0,0,0,0.002,0.0,0.0,0.0,0,0.82
2016-04-13,SKU-046,WH-WI1,Baseline Legacy Rule,5,0,0,0,5,0,0,0,0.002,0.0,0.0,0.0,0,0.82
2016-04-14,SKU-046,WH-WI1,Baseline Legacy Rule,5,0,0,0,5,0,0,0,0.002,0.0,0.0,0.0,0,0.82
2016-04-15,SKU-046,WH-WI1,Baseline Legacy Rule,5,0,0,0,5,0,0,0,0.002,0.0,0.0,0.0,0,0.82
2016-04-16,SKU-046,WH-WI1,Baseline Legacy Rule,5,0,0,0,5,0,0,0,0.002,0.0,0.0,0.0,0,0.82
2016-04-17,SKU-046,WH-WI1,Baseline Legacy Rule,5,0,0,0,5,0,0,0,0.002,0.0,0.0,0.0,0,0.82
2016-04-18,SKU-046,WH-WI1,Baseline Legacy Rule,5,0,0,0,5,0,0,0,0.002,0.0,0.0,0.0,0,0.82
2016-04-19,SKU-046,WH-WI1,Baseline Legacy Rule,5,0,0,0,5,0,0,0,0.002,0.0,0.0,0.0,0,0.82
2016-04-20,SKU-046,WH-WI1,Baseline Legacy Rule,5,0,0,0,5,0,0,0,0.002,0.0,0.0,0.0,0,0.82
2016-04-21,SKU-046,WH-WI1,Baseline Legacy Rule,5,1,1,0,4,0,0,0,0.002,0.0,0.0,0.0,0,0.82
2016-04-22,SKU-046,WH-WI1,Baseline Legacy Rule,4,0,0,0,4,0,0,0,0.002,0.0,0.0,0.0,0,0.82
2016-04-23,SKU-046,WH-WI1,Baseline Legacy Rule,4,1,1,0,3,0,0,0,0.001,0.0,0.0,0.0,0,0.82
2016-04-24,SKU-046,WH-WI1,Baseline Legacy Rule,3,0,0,0,3,0,0,0,0.001,0.0,0.0,0.0,0,0.82
2016-03-28,SKU-047,WH-CA1,Baseline Legacy Rule,5,0,0,0,5,0,0,0,0.007,0.0,0.0,0.01,0,2.12
2016-03-29,SKU-047,WH-CA1,Baseline Legacy Rule,5,0,0,0,5,0,0,0,0.007,0.0,0.0,0.01,0,2.12
2016-03-30,SKU-047,WH-CA1,Baseline Legacy Rule,5,0,0,0,5,0,0,0,0.007,0.0,0.0,0.01,0,2.12
2016-03-31,SKU-047,WH-CA1,Baseline Legacy Rule,5,0,0,0,5,0,0,0,0.007,0.0,0.0,0.01,0,2.12
2016-04-01,SKU-047,WH-CA1,Baseline Legacy Rule,5,0,0,0,5,0,0,0,0.007,0.0,0.0,0.01,0,2.12
2016-04-02,SKU-047,WH-CA1,Baseline Legacy Rule,5,0,0,0,5,0,0,0,0.007,0.0,0.0,0.01,0,2.12
2016-04-03,SKU-047,WH-CA1,Baseline Legacy Rule,5,0,0,0,5,0,0,0,0.007,0.0,0.0,0.01,0,2.12
2016-04-04,SKU-047,WH-CA1,Baseline Legacy Rule,5,2,2,0,3,0,0,0,0.004,0.0,0.0,0.0,0,2.12
2016-04-05,SKU-047,WH-CA1,Baseline Legacy Rule,3,0,0,0,3,0,0,0,0.004,0.0,0.0,0.0,0,2.12
2016-04-06,SKU-047,WH-CA1,Baseline Legacy Rule,3,0,0,0,3,0,0,0,0.004,0.0,0.0,0.0,0,2.12
2016-04-07,SKU-047,WH-CA1,Baseline Legacy Rule,3,0,0,0,3,0,0,0,0.004,0.0,0.0,0.0,0,2.12
2016-04-08,SKU-047,WH-CA1,Baseline Legacy Rule,3,0,0,0,3,0,0,0,0.004,0.0,0.0,0.0,0,2.12
2016-04-09,SKU-047,WH-CA1,Baseline Legacy Rule,3,0,0,0,3,0,0,0,0.004,0.0,0.0,0.0,0,2.12
2016-04-10,SKU-047,WH-CA1,Baseline Legacy Rule,3,0,0,0,3,0,0,0,0.004,0.0,0.0,0.0,0,2.12
2016-04-11,SKU-047,WH-CA1,Baseline Legacy Rule,3,0,0,0,3,0,0,0,0.004,0.0,0.0,0.0,0,2.12
2016-04-12,SKU-047,WH-CA1,Baseline Legacy Rule,3,0,0,0,3,0,0,0,0.004,0.0,0.0,0.0,0,2.12
2016-04-13,SKU-047,WH-CA1,Baseline Legacy Rule,3,0,0,0,3,0,0,0,0.004,0.0,0.0,0.0,0,2.12
2016-04-14,SKU-047,WH-CA1,Baseline Legacy Rule,3,0,0,0,3,0,0,0,0.004,0.0,0.0,0.0,0,2.12
2016-04-15,SKU-047,WH-CA1,Baseline Legacy Rule,3,0,0,0,3,0,0,0,0.004,0.0,0.0,0.0,0,2.12
2016-04-16,SKU-047,WH-CA1,Baseline Legacy Rule,3,0,0,0,3,0,0,0,0.004,0.0,0.0,0.0,0,2.12
2016-04-17,SKU-047,WH-CA1,Baseline Legacy Rule,3,0,0,0,3,0,0,0,0.004,0.0,0.0,0.0,0,2.12
2016-04-18,SKU-047,WH-CA1,Baseline Legacy Rule,3,0,0,0,3,0,0,0,0.004,0.0,0.0,0.0,0,2.12
2016-04-19,SKU-047,WH-CA1,Baseline Legacy Rule,3,0,0,0,3,0,0,0,0.004,0.0,0.0,0.0,0,2.12
2016-04-20,SKU-047,WH-CA1,Baseline Legacy Rule,3,0,0,0,3,0,0,0,0.004,0.0,0.0,0.0,0,2.12
2016-04-21,SKU-047,WH-CA1,Baseline Legacy Rule,3,0,0,0,3,0,0,0,0.004,0.0,0.0,0.0,0,2.12
2016-04-22,SKU-047,WH-CA1,Baseline Legacy Rule,3,0,0,0,3,0,0,0,0.004,0.0,0.0,0.0,0,2.12
2016-04-23,SKU-047,WH-CA1,Baseline Legacy Rule,3,0,0,0,3,0,0,0,0.004,0.0,0.0,0.0,0,2.12
2016-04-24,SKU-047,WH-CA1,Baseline Legacy Rule,3,0,0,0,3,0,0,0,0.004,0.0,0.0,0.0,0,2.12
2016-03-28,SKU-047,WH-TX1,Baseline Legacy Rule,5,0,0,0,5,0,0,0,0.006,0.0,0.0,0.01,0,2.12
2016-03-29,SKU-047,WH-TX1,Baseline Legacy Rule,5,0,0,0,5,0,0,0,0.006,0.0,0.0,0.01,0,2.12
2016-03-30,SKU-047,WH-TX1,Baseline Legacy Rule,5,0,0,0,5,0,0,0,0.006,0.0,0.0,0.01,0,2.12
2016-03-31,SKU-047,WH-TX1,Baseline Legacy Rule,5,0,0,0,5,0,0,0,0.006,0.0,0.0,0.01,0,2.12
2016-04-01,SKU-047,WH-TX1,Baseline Legacy Rule,5,0,0,0,5,0,0,0,0.006,0.0,0.0,0.01,0,2.12
2016-04-02,SKU-047,WH-TX1,Baseline Legacy Rule,5,0,0,0,5,0,0,0,0.006,0.0,0.0,0.01,0,2.12
2016-04-03,SKU-047,WH-TX1,Baseline Legacy Rule,5,0,0,0,5,0,0,0,0.006,0.0,0.0,0.01,0,2.12
2016-04-04,SKU-047,WH-TX1,Baseline Legacy Rule,5,0,0,0,5,0,0,0,0.006,0.0,0.0,0.01,0,2.12
2016-04-05,SKU-047,WH-TX1,Baseline Legacy Rule,5,0,0,0,5,0,0,0,0.006,0.0,0.0,0.01,0,2.12
2016-04-06,SKU-047,WH-TX1,Baseline Legacy Rule,5,1,1,0,4,0,0,0,0.005,0.0,0.0,0.01,0,2.12
2016-04-07,SKU-047,WH-TX1,Baseline Legacy Rule,4,0,0,0,4,0,0,0,0.005,0.0,0.0,0.01,0,2.12
2016-04-08,SKU-047,WH-TX1,Baseline Legacy Rule,4,0,0,0,4,0,0,0,0.005,0.0,0.0,0.01,0,2.12
2016-04-09,SKU-047,WH-TX1,Baseline Legacy Rule,4,1,1,0,3,96,96,0,0.003,110.0,0.0,110.0,0,2.12
2016-04-10,SKU-047,WH-TX1,Baseline Legacy Rule,3,0,0,0,3,96,0,0,0.003,0.0,0.0,0.0,0,2.12
2016-04-11,SKU-047,WH-TX1,Baseline Legacy Rule,3,0,0,0,3,96,0,0,0.003,0.0,0.0,0.0,0,2.12
2016-04-12,SKU-047,WH-TX1,Baseline Legacy Rule,3,0,0,0,3,96,0,0,0.003,0.0,0.0,0.0,0,2.12
2016-04-13,SKU-047,WH-TX1,Baseline Legacy Rule,3,0,0,0,3,96,0,0,0.003,0.0,0.0,0.0,0,2.12
2016-04-14,SKU-047,WH-TX1,Baseline Legacy Rule,3,0,0,0,3,96,0,0,0.003,0.0,0.0,0.0,0,2.12
2016-04-15,SKU-047,WH-TX1,Baseline Legacy Rule,3,0,0,0,3,96,0,0,0.003,0.0,0.0,0.0,0,2.12
2016-04-16,SKU-047,WH-TX1,Baseline Legacy Rule,3,0,0,0,3,96,0,0,0.003,0.0,0.0,0.0,0,2.12
2016-04-17,SKU-047,WH-TX1,Baseline Legacy Rule,3,0,0,0,3,96,0,0,0.003,0.0,0.0,0.0,0,2.12
2016-04-18,SKU-047,WH-TX1,Baseline Legacy Rule,3,0,0,0,3,96,0,0,0.003,0.0,0.0,0.0,0,2.12
2016-04-19,SKU-047,WH-TX1,Baseline Legacy Rule,3,0,0,0,3,96,0,0,0.003,0.0,0.0,0.0,0,2.12
2016-04-20,SKU-047,WH-TX1,Baseline Legacy Rule,3,0,0,0,3,96,0,0,0.003,0.0,0.0,0.0,0,2.12
2016-04-21,SKU-047,WH-TX1,Baseline Legacy Rule,3,0,0,0,3,96,0,0,0.003,0.0,0.0,0.0,0,2.12
2016-04-22,SKU-047,WH-TX1,Baseline Legacy Rule,3,0,0,0,3,96,0,0,0.003,0.0,0.0,0.0,0,2.12
2016-04-23,SKU-047,WH-TX1,Baseline Legacy Rule,3,0,0,0,3,96,0,0,0.003,0.0,0.0,0.0,0,2.12
2016-04-24,SKU-047,WH-TX1,Baseline Legacy Rule,3,0,0,0,3,96,0,0,0.003,0.0,0.0,0.0,0,2.12
2016-03-28,SKU-047,WH-WI1,Baseline Legacy Rule,5,0,0,0,5,0,0,0,0.006,0.0,0.0,0.01,0,2.12
2016-03-29,SKU-047,WH-WI1,Baseline Legacy Rule,5,0,0,0,5,0,0,0,0.006,0.0,0.0,0.01,0,2.12
2016-03-30,SKU-047,WH-WI1,Baseline Legacy Rule,5,1,1,0,4,0,0,0,0.005,0.0,0.0,0.01,0,2.12
2016-03-31,SKU-047,WH-WI1,Baseline Legacy Rule,4,0,0,0,4,0,0,0,0.005,0.0,0.0,0.01,0,2.12
2016-04-01,SKU-047,WH-WI1,Baseline Legacy Rule,4,0,0,0,4,0,0,0,0.005,0.0,0.0,0.01,0,2.12
2016-04-02,SKU-047,WH-WI1,Baseline Legacy Rule,4,0,0,0,4,0,0,0,0.005,0.0,0.0,0.01,0,2.12
2016-04-03,SKU-047,WH-WI1,Baseline Legacy Rule,4,0,0,0,4,0,0,0,0.005,0.0,0.0,0.01,0,2.12
2016-04-04,SKU-047,WH-WI1,Baseline Legacy Rule,4,0,0,0,4,0,0,0,0.005,0.0,0.0,0.01,0,2.12
2016-04-05,SKU-047,WH-WI1,Baseline Legacy Rule,4,0,0,0,4,0,0,0,0.005,0.0,0.0,0.01,0,2.12
2016-04-06,SKU-047,WH-WI1,Baseline Legacy Rule,4,0,0,0,4,0,0,0,0.005,0.0,0.0,0.01,0,2.12
2016-04-07,SKU-047,WH-WI1,Baseline Legacy Rule,4,0,0,0,4,0,0,0,0.005,0.0,0.0,0.01,0,2.12
2016-04-08,SKU-047,WH-WI1,Baseline Legacy Rule,4,0,0,0,4,0,0,0,0.005,0.0,0.0,0.01,0,2.12
2016-04-09,SKU-047,WH-WI1,Baseline Legacy Rule,4,0,0,0,4,0,0,0,0.005,0.0,0.0,0.01,0,2.12
2016-04-10,SKU-047,WH-WI1,Baseline Legacy Rule,4,0,0,0,4,0,0,0,0.005,0.0,0.0,0.01,0,2.12
2016-04-11,SKU-047,WH-WI1,Baseline Legacy Rule,4,0,0,0,4,0,0,0,0.005,0.0,0.0,0.01,0,2.12
2016-04-12,SKU-047,WH-WI1,Baseline Legacy Rule,4,0,0,0,4,0,0,0,0.005,0.0,0.0,0.01,0,2.12
2016-04-13,SKU-047,WH-WI1,Baseline Legacy Rule,4,1,1,0,3,0,0,0,0.004,0.0,0.0,0.0,0,2.12
2016-04-14,SKU-047,WH-WI1,Baseline Legacy Rule,3,0,0,0,3,0,0,0,0.004,0.0,0.0,0.0,0,2.12
2016-04-15,SKU-047,WH-WI1,Baseline Legacy Rule,3,0,0,0,3,0,0,0,0.004,0.0,0.0,0.0,0,2.12
2016-04-16,SKU-047,WH-WI1,Baseline Legacy Rule,3,1,1,0,2,96,96,0,0.003,110.0,0.0,110.0,0,2.12
2016-04-17,SKU-047,WH-WI1,Baseline Legacy Rule,2,0,0,0,2,96,0,0,0.003,0.0,0.0,0.0,0,2.12
2016-04-18,SKU-047,WH-WI1,Baseline Legacy Rule,2,0,0,0,2,96,0,0,0.003,0.0,0.0,0.0,0,2.12
2016-04-19,SKU-047,WH-WI1,Baseline Legacy Rule,2,0,0,0,2,96,0,0,0.003,0.0,0.0,0.0,0,2.12
2016-04-20,SKU-047,WH-WI1,Baseline Legacy Rule,2,0,0,0,2,96,0,0,0.003,0.0,0.0,0.0,0,2.12
2016-04-21,SKU-047,WH-WI1,Baseline Legacy Rule,2,1,1,0,1,96,0,0,0.001,0.0,0.0,0.0,0,2.12
2016-04-22,SKU-047,WH-WI1,Baseline Legacy Rule,1,0,0,0,1,96,0,0,0.001,0.0,0.0,0.0,0,2.12
2016-04-23,SKU-047,WH-WI1,Baseline Legacy Rule,1,0,0,0,1,96,0,0,0.001,0.0,0.0,0.0,0,2.12
2016-04-24,SKU-047,WH-WI1,Baseline Legacy Rule,1,0,0,0,1,96,0,0,0.001,0.0,0.0,0.0,0,2.12
2016-03-28,SKU-048,WH-CA1,Baseline Legacy Rule,5,0,0,0,5,96,96,0,0.002,110.0,0.0,110.0,0,0.54
2016-03-29,SKU-048,WH-CA1,Baseline Legacy Rule,5,0,0,0,5,96,0,0,0.002,0.0,0.0,0.0,0,0.54
2016-03-30,SKU-048,WH-CA1,Baseline Legacy Rule,5,0,0,0,5,96,0,0,0.002,0.0,0.0,0.0,0,0.54
2016-03-31,SKU-048,WH-CA1,Baseline Legacy Rule,5,0,0,0,5,96,0,0,0.002,0.0,0.0,0.0,0,0.54
2016-04-01,SKU-048,WH-CA1,Baseline Legacy Rule,5,0,0,0,5,96,0,0,0.002,0.0,0.0,0.0,0,0.54
2016-04-02,SKU-048,WH-CA1,Baseline Legacy Rule,5,0,0,0,5,96,0,0,0.002,0.0,0.0,0.0,0,0.54
2016-04-03,SKU-048,WH-CA1,Baseline Legacy Rule,5,0,0,0,5,96,0,0,0.002,0.0,0.0,0.0,0,0.54
2016-04-04,SKU-048,WH-CA1,Baseline Legacy Rule,5,0,0,0,5,96,0,0,0.002,0.0,0.0,0.0,0,0.54
2016-04-05,SKU-048,WH-CA1,Baseline Legacy Rule,5,0,0,0,5,96,0,0,0.002,0.0,0.0,0.0,0,0.54
2016-04-06,SKU-048,WH-CA1,Baseline Legacy Rule,5,0,0,0,5,96,0,0,0.002,0.0,0.0,0.0,0,0.54
2016-04-07,SKU-048,WH-CA1,Baseline Legacy Rule,5,0,0,0,5,96,0,0,0.002,0.0,0.0,0.0,0,0.54
2016-04-08,SKU-048,WH-CA1,Baseline Legacy Rule,5,0,0,0,5,96,0,0,0.002,0.0,0.0,0.0,0,0.54
2016-04-09,SKU-048,WH-CA1,Baseline Legacy Rule,5,0,0,0,5,96,0,0,0.002,0.0,0.0,0.0,0,0.54
2016-04-10,SKU-048,WH-CA1,Baseline Legacy Rule,5,3,3,0,2,96,0,0,0.001,0.0,0.0,0.0,0,0.54
2016-04-11,SKU-048,WH-CA1,Baseline Legacy Rule,2,0,0,0,2,96,0,0,0.001,0.0,0.0,0.0,0,0.54
2016-04-12,SKU-048,WH-CA1,Baseline Legacy Rule,2,0,0,0,2,96,0,0,0.001,0.0,0.0,0.0,0,0.54
2016-04-13,SKU-048,WH-CA1,Baseline Legacy Rule,2,0,0,0,2,96,0,0,0.001,0.0,0.0,0.0,0,0.54
2016-04-14,SKU-048,WH-CA1,Baseline Legacy Rule,2,0,0,0,2,96,0,0,0.001,0.0,0.0,0.0,0,0.54
2016-04-15,SKU-048,WH-CA1,Baseline Legacy Rule,98,0,0,0,98,0,0,96,0.036,0.0,0.0,0.04,0,0.54
2016-04-16,SKU-048,WH-CA1,Baseline Legacy Rule,98,0,0,0,98,0,0,0,0.036,0.0,0.0,0.04,0,0.54
2016-04-17,SKU-048,WH-CA1,Baseline Legacy Rule,98,0,0,0,98,0,0,0,0.036,0.0,0.0,0.04,0,0.54
2016-04-18,SKU-048,WH-CA1,Baseline Legacy Rule,98,0,0,0,98,0,0,0,0.036,0.0,0.0,0.04,0,0.54
2016-04-19,SKU-048,WH-CA1,Baseline Legacy Rule,98,0,0,0,98,0,0,0,0.036,0.0,0.0,0.04,0,0.54
2016-04-20,SKU-048,WH-CA1,Baseline Legacy Rule,98,0,0,0,98,0,0,0,0.036,0.0,0.0,0.04,0,0.54
2016-04-21,SKU-048,WH-CA1,Baseline Legacy Rule,98,0,0,0,98,0,0,0,0.036,0.0,0.0,0.04,0,0.54
2016-04-22,SKU-048,WH-CA1,Baseline Legacy Rule,98,0,0,0,98,0,0,0,0.036,0.0,0.0,0.04,0,0.54
2016-04-23,SKU-048,WH-CA1,Baseline Legacy Rule,98,0,0,0,98,0,0,0,0.036,0.0,0.0,0.04,0,0.54
2016-04-24,SKU-048,WH-CA1,Baseline Legacy Rule,98,1,1,0,97,0,0,0,0.036,0.0,0.0,0.04,0,0.54
2016-03-28,SKU-048,WH-TX1,Baseline Legacy Rule,5,0,0,0,5,0,0,0,0.001,0.0,0.0,0.0,0,0.54
2016-03-29,SKU-048,WH-TX1,Baseline Legacy Rule,5,0,0,0,5,0,0,0,0.001,0.0,0.0,0.0,0,0.54
2016-03-30,SKU-048,WH-TX1,Baseline Legacy Rule,5,0,0,0,5,0,0,0,0.001,0.0,0.0,0.0,0,0.54
2016-03-31,SKU-048,WH-TX1,Baseline Legacy Rule,5,0,0,0,5,0,0,0,0.001,0.0,0.0,0.0,0,0.54
2016-04-01,SKU-048,WH-TX1,Baseline Legacy Rule,5,0,0,0,5,0,0,0,0.001,0.0,0.0,0.0,0,0.54
2016-04-02,SKU-048,WH-TX1,Baseline Legacy Rule,5,0,0,0,5,0,0,0,0.001,0.0,0.0,0.0,0,0.54
2016-04-03,SKU-048,WH-TX1,Baseline Legacy Rule,5,0,0,0,5,0,0,0,0.001,0.0,0.0,0.0,0,0.54
2016-04-04,SKU-048,WH-TX1,Baseline Legacy Rule,5,1,1,0,4,0,0,0,0.001,0.0,0.0,0.0,0,0.54
2016-04-05,SKU-048,WH-TX1,Baseline Legacy Rule,4,0,0,0,4,0,0,0,0.001,0.0,0.0,0.0,0,0.54
2016-04-06,SKU-048,WH-TX1,Baseline Legacy Rule,4,0,0,0,4,0,0,0,0.001,0.0,0.0,0.0,0,0.54
2016-04-07,SKU-048,WH-TX1,Baseline Legacy Rule,4,0,0,0,4,0,0,0,0.001,0.0,0.0,0.0,0,0.54
2016-04-08,SKU-048,WH-TX1,Baseline Legacy Rule,4,0,0,0,4,0,0,0,0.001,0.0,0.0,0.0,0,0.54
2016-04-09,SKU-048,WH-TX1,Baseline Legacy Rule,4,0,0,0,4,0,0,0,0.001,0.0,0.0,0.0,0,0.54
2016-04-10,SKU-048,WH-TX1,Baseline Legacy Rule,4,0,0,0,4,0,0,0,0.001,0.0,0.0,0.0,0,0.54
2016-04-11,SKU-048,WH-TX1,Baseline Legacy Rule,4,0,0,0,4,0,0,0,0.001,0.0,0.0,0.0,0,0.54
2016-04-12,SKU-048,WH-TX1,Baseline Legacy Rule,4,0,0,0,4,0,0,0,0.001,0.0,0.0,0.0,0,0.54
2016-04-13,SKU-048,WH-TX1,Baseline Legacy Rule,4,0,0,0,4,0,0,0,0.001,0.0,0.0,0.0,0,0.54
2016-04-14,SKU-048,WH-TX1,Baseline Legacy Rule,4,0,0,0,4,0,0,0,0.001,0.0,0.0,0.0,0,0.54
2016-04-15,SKU-048,WH-TX1,Baseline Legacy Rule,4,0,0,0,4,0,0,0,0.001,0.0,0.0,0.0,0,0.54
2016-04-16,SKU-048,WH-TX1,Baseline Legacy Rule,4,0,0,0,4,0,0,0,0.001,0.0,0.0,0.0,0,0.54
2016-04-17,SKU-048,WH-TX1,Baseline Legacy Rule,4,0,0,0,4,0,0,0,0.001,0.0,0.0,0.0,0,0.54
2016-04-18,SKU-048,WH-TX1,Baseline Legacy Rule,4,0,0,0,4,0,0,0,0.001,0.0,0.0,0.0,0,0.54
2016-04-19,SKU-048,WH-TX1,Baseline Legacy Rule,4,1,1,0,3,0,0,0,0.001,0.0,0.0,0.0,0,0.54
2016-04-20,SKU-048,WH-TX1,Baseline Legacy Rule,3,0,0,0,3,0,0,0,0.001,0.0,0.0,0.0,0,0.54
2016-04-21,SKU-048,WH-TX1,Baseline Legacy Rule,3,1,1,0,2,0,0,0,0.001,0.0,0.0,0.0,0,0.54
2016-04-22,SKU-048,WH-TX1,Baseline Legacy Rule,2,0,0,0,2,0,0,0,0.001,0.0,0.0,0.0,0,0.54
2016-04-23,SKU-048,WH-TX1,Baseline Legacy Rule,2,0,0,0,2,0,0,0,0.001,0.0,0.0,0.0,0,0.54
2016-04-24,SKU-048,WH-TX1,Baseline Legacy Rule,2,0,0,0,2,0,0,0,0.001,0.0,0.0,0.0,0,0.54
2016-03-28,SKU-048,WH-WI1,Baseline Legacy Rule,5,0,0,0,5,96,96,0,0.002,110.0,0.0,110.0,0,0.54
2016-03-29,SKU-048,WH-WI1,Baseline Legacy Rule,5,0,0,0,5,96,0,0,0.002,0.0,0.0,0.0,0,0.54
2016-03-30,SKU-048,WH-WI1,Baseline Legacy Rule,5,0,0,0,5,96,0,0,0.002,0.0,0.0,0.0,0,0.54
2016-03-31,SKU-048,WH-WI1,Baseline Legacy Rule,5,0,0,0,5,96,0,0,0.002,0.0,0.0,0.0,0,0.54
2016-04-01,SKU-048,WH-WI1,Baseline Legacy Rule,5,0,0,0,5,96,0,0,0.002,0.0,0.0,0.0,0,0.54
2016-04-02,SKU-048,WH-WI1,Baseline Legacy Rule,5,0,0,0,5,96,0,0,0.002,0.0,0.0,0.0,0,0.54
2016-04-03,SKU-048,WH-WI1,Baseline Legacy Rule,5,0,0,0,5,96,0,0,0.002,0.0,0.0,0.0,0,0.54
2016-04-04,SKU-048,WH-WI1,Baseline Legacy Rule,5,0,0,0,5,96,0,0,0.002,0.0,0.0,0.0,0,0.54
2016-04-05,SKU-048,WH-WI1,Baseline Legacy Rule,5,0,0,0,5,96,0,0,0.002,0.0,0.0,0.0,0,0.54
2016-04-06,SKU-048,WH-WI1,Baseline Legacy Rule,5,0,0,0,5,96,0,0,0.002,0.0,0.0,0.0,0,0.54
2016-04-07,SKU-048,WH-WI1,Baseline Legacy Rule,5,0,0,0,5,96,0,0,0.002,0.0,0.0,0.0,0,0.54
2016-04-08,SKU-048,WH-WI1,Baseline Legacy Rule,5,0,0,0,5,96,0,0,0.002,0.0,0.0,0.0,0,0.54
2016-04-09,SKU-048,WH-WI1,Baseline Legacy Rule,5,0,0,0,5,96,0,0,0.002,0.0,0.0,0.0,0,0.54
2016-04-10,SKU-048,WH-WI1,Baseline Legacy Rule,5,0,0,0,5,96,0,0,0.002,0.0,0.0,0.0,0,0.54
2016-04-11,SKU-048,WH-WI1,Baseline Legacy Rule,5,0,0,0,5,96,0,0,0.002,0.0,0.0,0.0,0,0.54
2016-04-12,SKU-048,WH-WI1,Baseline Legacy Rule,5,1,1,0,4,96,0,0,0.001,0.0,0.0,0.0,0,0.54
2016-04-13,SKU-048,WH-WI1,Baseline Legacy Rule,4,1,1,0,3,96,0,0,0.001,0.0,0.0,0.0,0,0.54
2016-04-14,SKU-048,WH-WI1,Baseline Legacy Rule,3,1,1,0,2,96,0,0,0.001,0.0,0.0,0.0,0,0.54
2016-04-15,SKU-048,WH-WI1,Baseline Legacy Rule,2,1,1,0,1,96,0,0,0.0,0.0,0.0,0.0,0,0.54
2016-04-16,SKU-048,WH-WI1,Baseline Legacy Rule,1,3,1,2,0,96,0,0,0.0,0.0,4.86,4.86,1,0.54
2016-04-17,SKU-048,WH-WI1,Baseline Legacy Rule,0,0,0,0,0,96,0,0,0.0,0.0,0.0,0.0,0,0.54
2016-04-18,SKU-048,WH-WI1,Baseline Legacy Rule,0,0,0,0,0,96,0,0,0.0,0.0,0.0,0.0,0,0.54
2016-04-19,SKU-048,WH-WI1,Baseline Legacy Rule,96,0,0,0,96,0,0,96,0.031,0.0,0.0,0.03,0,0.54
2016-04-20,SKU-048,WH-WI1,Baseline Legacy Rule,96,0,0,0,96,0,0,0,0.031,0.0,0.0,0.03,0,0.54
2016-04-21,SKU-048,WH-WI1,Baseline Legacy Rule,96,0,0,0,96,0,0,0,0.031,0.0,0.0,0.03,0,0.54
2016-04-22,SKU-048,WH-WI1,Baseline Legacy Rule,96,1,1,0,95,0,0,0,0.031,0.0,0.0,0.03,0,0.54
2016-04-23,SKU-048,WH-WI1,Baseline Legacy Rule,95,0,0,0,95,0,0,0,0.031,0.0,0.0,0.03,0,0.54
2016-04-24,SKU-048,WH-WI1,Baseline Legacy Rule,95,0,0,0,95,0,0,0,0.031,0.0,0.0,0.03,0,0.54
2016-03-28,SKU-049,WH-CA1,Baseline Legacy Rule,5,0,0,0,5,0,0,0,0.009,0.0,0.0,0.01,0,2.51
2016-03-29,SKU-049,WH-CA1,Baseline Legacy Rule,5,0,0,0,5,0,0,0,0.009,0.0,0.0,0.01,0,2.51
2016-03-30,SKU-049,WH-CA1,Baseline Legacy Rule,5,0,0,0,5,0,0,0,0.009,0.0,0.0,0.01,0,2.51
2016-03-31,SKU-049,WH-CA1,Baseline Legacy Rule,5,0,0,0,5,0,0,0,0.009,0.0,0.0,0.01,0,2.51
2016-04-01,SKU-049,WH-CA1,Baseline Legacy Rule,5,0,0,0,5,0,0,0,0.009,0.0,0.0,0.01,0,2.51
2016-04-02,SKU-049,WH-CA1,Baseline Legacy Rule,5,0,0,0,5,0,0,0,0.009,0.0,0.0,0.01,0,2.51
2016-04-03,SKU-049,WH-CA1,Baseline Legacy Rule,5,0,0,0,5,0,0,0,0.009,0.0,0.0,0.01,0,2.51
2016-04-04,SKU-049,WH-CA1,Baseline Legacy Rule,5,0,0,0,5,0,0,0,0.009,0.0,0.0,0.01,0,2.51
2016-04-05,SKU-049,WH-CA1,Baseline Legacy Rule,5,0,0,0,5,0,0,0,0.009,0.0,0.0,0.01,0,2.51
2016-04-06,SKU-049,WH-CA1,Baseline Legacy Rule,5,0,0,0,5,0,0,0,0.009,0.0,0.0,0.01,0,2.51
2016-04-07,SKU-049,WH-CA1,Baseline Legacy Rule,5,0,0,0,5,0,0,0,0.009,0.0,0.0,0.01,0,2.51
2016-04-08,SKU-049,WH-CA1,Baseline Legacy Rule,5,0,0,0,5,0,0,0,0.009,0.0,0.0,0.01,0,2.51
2016-04-09,SKU-049,WH-CA1,Baseline Legacy Rule,5,0,0,0,5,0,0,0,0.009,0.0,0.0,0.01,0,2.51
2016-04-10,SKU-049,WH-CA1,Baseline Legacy Rule,5,0,0,0,5,0,0,0,0.009,0.0,0.0,0.01,0,2.51
2016-04-11,SKU-049,WH-CA1,Baseline Legacy Rule,5,0,0,0,5,0,0,0,0.009,0.0,0.0,0.01,0,2.51
2016-04-12,SKU-049,WH-CA1,Baseline Legacy Rule,5,0,0,0,5,0,0,0,0.009,0.0,0.0,0.01,0,2.51
2016-04-13,SKU-049,WH-CA1,Baseline Legacy Rule,5,0,0,0,5,0,0,0,0.009,0.0,0.0,0.01,0,2.51
2016-04-14,SKU-049,WH-CA1,Baseline Legacy Rule,5,1,1,0,4,0,0,0,0.007,0.0,0.0,0.01,0,2.51
2016-04-15,SKU-049,WH-CA1,Baseline Legacy Rule,4,0,0,0,4,0,0,0,0.007,0.0,0.0,0.01,0,2.51
2016-04-16,SKU-049,WH-CA1,Baseline Legacy Rule,4,0,0,0,4,0,0,0,0.007,0.0,0.0,0.01,0,2.51
2016-04-17,SKU-049,WH-CA1,Baseline Legacy Rule,4,0,0,0,4,0,0,0,0.007,0.0,0.0,0.01,0,2.51
2016-04-18,SKU-049,WH-CA1,Baseline Legacy Rule,4,0,0,0,4,0,0,0,0.007,0.0,0.0,0.01,0,2.51
2016-04-19,SKU-049,WH-CA1,Baseline Legacy Rule,4,0,0,0,4,0,0,0,0.007,0.0,0.0,0.01,0,2.51
2016-04-20,SKU-049,WH-CA1,Baseline Legacy Rule,4,0,0,0,4,0,0,0,0.007,0.0,0.0,0.01,0,2.51
2016-04-21,SKU-049,WH-CA1,Baseline Legacy Rule,4,0,0,0,4,0,0,0,0.007,0.0,0.0,0.01,0,2.51
2016-04-22,SKU-049,WH-CA1,Baseline Legacy Rule,4,0,0,0,4,0,0,0,0.007,0.0,0.0,0.01,0,2.51
2016-04-23,SKU-049,WH-CA1,Baseline Legacy Rule,4,0,0,0,4,0,0,0,0.007,0.0,0.0,0.01,0,2.51
2016-04-24,SKU-049,WH-CA1,Baseline Legacy Rule,4,0,0,0,4,0,0,0,0.007,0.0,0.0,0.01,0,2.51
2016-03-28,SKU-049,WH-TX1,Baseline Legacy Rule,5,0,0,0,5,0,0,0,0.007,0.0,0.0,0.01,0,2.51
2016-03-29,SKU-049,WH-TX1,Baseline Legacy Rule,5,0,0,0,5,0,0,0,0.007,0.0,0.0,0.01,0,2.51
2016-03-30,SKU-049,WH-TX1,Baseline Legacy Rule,5,0,0,0,5,0,0,0,0.007,0.0,0.0,0.01,0,2.51
2016-03-31,SKU-049,WH-TX1,Baseline Legacy Rule,5,1,1,0,4,0,0,0,0.006,0.0,0.0,0.01,0,2.51
2016-04-01,SKU-049,WH-TX1,Baseline Legacy Rule,4,0,0,0,4,0,0,0,0.006,0.0,0.0,0.01,0,2.51
2016-04-02,SKU-049,WH-TX1,Baseline Legacy Rule,4,0,0,0,4,0,0,0,0.006,0.0,0.0,0.01,0,2.51
2016-04-03,SKU-049,WH-TX1,Baseline Legacy Rule,4,1,1,0,3,0,0,0,0.004,0.0,0.0,0.0,0,2.51
2016-04-04,SKU-049,WH-TX1,Baseline Legacy Rule,3,0,0,0,3,0,0,0,0.004,0.0,0.0,0.0,0,2.51
2016-04-05,SKU-049,WH-TX1,Baseline Legacy Rule,3,0,0,0,3,0,0,0,0.004,0.0,0.0,0.0,0,2.51
2016-04-06,SKU-049,WH-TX1,Baseline Legacy Rule,3,0,0,0,3,0,0,0,0.004,0.0,0.0,0.0,0,2.51
2016-04-07,SKU-049,WH-TX1,Baseline Legacy Rule,3,0,0,0,3,0,0,0,0.004,0.0,0.0,0.0,0,2.51
2016-04-08,SKU-049,WH-TX1,Baseline Legacy Rule,3,0,0,0,3,0,0,0,0.004,0.0,0.0,0.0,0,2.51
2016-04-09,SKU-049,WH-TX1,Baseline Legacy Rule,3,0,0,0,3,0,0,0,0.004,0.0,0.0,0.0,0,2.51
2016-04-10,SKU-049,WH-TX1,Baseline Legacy Rule,3,0,0,0,3,0,0,0,0.004,0.0,0.0,0.0,0,2.51
2016-04-11,SKU-049,WH-TX1,Baseline Legacy Rule,3,0,0,0,3,0,0,0,0.004,0.0,0.0,0.0,0,2.51
2016-04-12,SKU-049,WH-TX1,Baseline Legacy Rule,3,0,0,0,3,0,0,0,0.004,0.0,0.0,0.0,0,2.51
2016-04-13,SKU-049,WH-TX1,Baseline Legacy Rule,3,0,0,0,3,0,0,0,0.004,0.0,0.0,0.0,0,2.51
2016-04-14,SKU-049,WH-TX1,Baseline Legacy Rule,3,0,0,0,3,0,0,0,0.004,0.0,0.0,0.0,0,2.51
2016-04-15,SKU-049,WH-TX1,Baseline Legacy Rule,3,0,0,0,3,0,0,0,0.004,0.0,0.0,0.0,0,2.51
2016-04-16,SKU-049,WH-TX1,Baseline Legacy Rule,3,0,0,0,3,0,0,0,0.004,0.0,0.0,0.0,0,2.51
2016-04-17,SKU-049,WH-TX1,Baseline Legacy Rule,3,0,0,0,3,0,0,0,0.004,0.0,0.0,0.0,0,2.51
2016-04-18,SKU-049,WH-TX1,Baseline Legacy Rule,3,0,0,0,3,0,0,0,0.004,0.0,0.0,0.0,0,2.51
2016-04-19,SKU-049,WH-TX1,Baseline Legacy Rule,3,0,0,0,3,0,0,0,0.004,0.0,0.0,0.0,0,2.51
2016-04-20,SKU-049,WH-TX1,Baseline Legacy Rule,3,0,0,0,3,0,0,0,0.004,0.0,0.0,0.0,0,2.51
2016-04-21,SKU-049,WH-TX1,Baseline Legacy Rule,3,0,0,0,3,0,0,0,0.004,0.0,0.0,0.0,0,2.51
2016-04-22,SKU-049,WH-TX1,Baseline Legacy Rule,3,0,0,0,3,0,0,0,0.004,0.0,0.0,0.0,0,2.51
2016-04-23,SKU-049,WH-TX1,Baseline Legacy Rule,3,0,0,0,3,0,0,0,0.004,0.0,0.0,0.0,0,2.51
2016-04-24,SKU-049,WH-TX1,Baseline Legacy Rule,3,2,2,0,1,96,96,0,0.001,110.0,0.0,110.0,0,2.51
2016-03-28,SKU-049,WH-WI1,Baseline Legacy Rule,5,0,0,0,5,0,0,0,0.008,0.0,0.0,0.01,0,2.51
2016-03-29,SKU-049,WH-WI1,Baseline Legacy Rule,5,0,0,0,5,0,0,0,0.008,0.0,0.0,0.01,0,2.51
2016-03-30,SKU-049,WH-WI1,Baseline Legacy Rule,5,0,0,0,5,0,0,0,0.008,0.0,0.0,0.01,0,2.51
2016-03-31,SKU-049,WH-WI1,Baseline Legacy Rule,5,0,0,0,5,0,0,0,0.008,0.0,0.0,0.01,0,2.51
2016-04-01,SKU-049,WH-WI1,Baseline Legacy Rule,5,0,0,0,5,0,0,0,0.008,0.0,0.0,0.01,0,2.51
2016-04-02,SKU-049,WH-WI1,Baseline Legacy Rule,5,0,0,0,5,0,0,0,0.008,0.0,0.0,0.01,0,2.51
2016-04-03,SKU-049,WH-WI1,Baseline Legacy Rule,5,0,0,0,5,0,0,0,0.008,0.0,0.0,0.01,0,2.51
2016-04-04,SKU-049,WH-WI1,Baseline Legacy Rule,5,0,0,0,5,0,0,0,0.008,0.0,0.0,0.01,0,2.51
2016-04-05,SKU-049,WH-WI1,Baseline Legacy Rule,5,0,0,0,5,0,0,0,0.008,0.0,0.0,0.01,0,2.51
2016-04-06,SKU-049,WH-WI1,Baseline Legacy Rule,5,0,0,0,5,0,0,0,0.008,0.0,0.0,0.01,0,2.51
2016-04-07,SKU-049,WH-WI1,Baseline Legacy Rule,5,0,0,0,5,0,0,0,0.008,0.0,0.0,0.01,0,2.51
2016-04-08,SKU-049,WH-WI1,Baseline Legacy Rule,5,1,1,0,4,0,0,0,0.006,0.0,0.0,0.01,0,2.51
2016-04-09,SKU-049,WH-WI1,Baseline Legacy Rule,4,0,0,0,4,0,0,0,0.006,0.0,0.0,0.01,0,2.51
2016-04-10,SKU-049,WH-WI1,Baseline Legacy Rule,4,0,0,0,4,0,0,0,0.006,0.0,0.0,0.01,0,2.51
2016-04-11,SKU-049,WH-WI1,Baseline Legacy Rule,4,0,0,0,4,0,0,0,0.006,0.0,0.0,0.01,0,2.51
2016-04-12,SKU-049,WH-WI1,Baseline Legacy Rule,4,0,0,0,4,0,0,0,0.006,0.0,0.0,0.01,0,2.51
2016-04-13,SKU-049,WH-WI1,Baseline Legacy Rule,4,0,0,0,4,0,0,0,0.006,0.0,0.0,0.01,0,2.51
2016-04-14,SKU-049,WH-WI1,Baseline Legacy Rule,4,0,0,0,4,0,0,0,0.006,0.0,0.0,0.01,0,2.51
2016-04-15,SKU-049,WH-WI1,Baseline Legacy Rule,4,0,0,0,4,0,0,0,0.006,0.0,0.0,0.01,0,2.51
2016-04-16,SKU-049,WH-WI1,Baseline Legacy Rule,4,0,0,0,4,0,0,0,0.006,0.0,0.0,0.01,0,2.51
2016-04-17,SKU-049,WH-WI1,Baseline Legacy Rule,4,0,0,0,4,0,0,0,0.006,0.0,0.0,0.01,0,2.51
2016-04-18,SKU-049,WH-WI1,Baseline Legacy Rule,4,0,0,0,4,0,0,0,0.006,0.0,0.0,0.01,0,2.51
2016-04-19,SKU-049,WH-WI1,Baseline Legacy Rule,4,0,0,0,4,0,0,0,0.006,0.0,0.0,0.01,0,2.51
2016-04-20,SKU-049,WH-WI1,Baseline Legacy Rule,4,0,0,0,4,0,0,0,0.006,0.0,0.0,0.01,0,2.51
2016-04-21,SKU-049,WH-WI1,Baseline Legacy Rule,4,0,0,0,4,0,0,0,0.006,0.0,0.0,0.01,0,2.51
2016-04-22,SKU-049,WH-WI1,Baseline Legacy Rule,4,0,0,0,4,0,0,0,0.006,0.0,0.0,0.01,0,2.51
2016-04-23,SKU-049,WH-WI1,Baseline Legacy Rule,4,0,0,0,4,0,0,0,0.006,0.0,0.0,0.01,0,2.51
2016-04-24,SKU-049,WH-WI1,Baseline Legacy Rule,4,0,0,0,4,0,0,0,0.006,0.0,0.0,0.01,0,2.51
2016-03-28,SKU-050,WH-CA1,Baseline Legacy Rule,5,0,0,0,5,0,0,0,0.012,0.0,0.0,0.01,0,3.53
2016-03-29,SKU-050,WH-CA1,Baseline Legacy Rule,5,0,0,0,5,0,0,0,0.012,0.0,0.0,0.01,0,3.53
2016-03-30,SKU-050,WH-CA1,Baseline Legacy Rule,5,0,0,0,5,0,0,0,0.012,0.0,0.0,0.01,0,3.53
2016-03-31,SKU-050,WH-CA1,Baseline Legacy Rule,5,0,0,0,5,0,0,0,0.012,0.0,0.0,0.01,0,3.53
2016-04-01,SKU-050,WH-CA1,Baseline Legacy Rule,5,0,0,0,5,0,0,0,0.012,0.0,0.0,0.01,0,3.53
2016-04-02,SKU-050,WH-CA1,Baseline Legacy Rule,5,0,0,0,5,0,0,0,0.012,0.0,0.0,0.01,0,3.53
2016-04-03,SKU-050,WH-CA1,Baseline Legacy Rule,5,0,0,0,5,0,0,0,0.012,0.0,0.0,0.01,0,3.53
2016-04-04,SKU-050,WH-CA1,Baseline Legacy Rule,5,0,0,0,5,0,0,0,0.012,0.0,0.0,0.01,0,3.53
2016-04-05,SKU-050,WH-CA1,Baseline Legacy Rule,5,0,0,0,5,0,0,0,0.012,0.0,0.0,0.01,0,3.53
2016-04-06,SKU-050,WH-CA1,Baseline Legacy Rule,5,0,0,0,5,0,0,0,0.012,0.0,0.0,0.01,0,3.53
2016-04-07,SKU-050,WH-CA1,Baseline Legacy Rule,5,0,0,0,5,0,0,0,0.012,0.0,0.0,0.01,0,3.53
2016-04-08,SKU-050,WH-CA1,Baseline Legacy Rule,5,0,0,0,5,0,0,0,0.012,0.0,0.0,0.01,0,3.53
2016-04-09,SKU-050,WH-CA1,Baseline Legacy Rule,5,0,0,0,5,0,0,0,0.012,0.0,0.0,0.01,0,3.53
2016-04-10,SKU-050,WH-CA1,Baseline Legacy Rule,5,0,0,0,5,0,0,0,0.012,0.0,0.0,0.01,0,3.53
2016-04-11,SKU-050,WH-CA1,Baseline Legacy Rule,5,0,0,0,5,0,0,0,0.012,0.0,0.0,0.01,0,3.53
2016-04-12,SKU-050,WH-CA1,Baseline Legacy Rule,5,0,0,0,5,0,0,0,0.012,0.0,0.0,0.01,0,3.53
2016-04-13,SKU-050,WH-CA1,Baseline Legacy Rule,5,1,1,0,4,0,0,0,0.01,0.0,0.0,0.01,0,3.53
2016-04-14,SKU-050,WH-CA1,Baseline Legacy Rule,4,0,0,0,4,0,0,0,0.01,0.0,0.0,0.01,0,3.53
2016-04-15,SKU-050,WH-CA1,Baseline Legacy Rule,4,0,0,0,4,0,0,0,0.01,0.0,0.0,0.01,0,3.53
2016-04-16,SKU-050,WH-CA1,Baseline Legacy Rule,4,0,0,0,4,0,0,0,0.01,0.0,0.0,0.01,0,3.53
2016-04-17,SKU-050,WH-CA1,Baseline Legacy Rule,4,1,1,0,3,0,0,0,0.007,0.0,0.0,0.01,0,3.53
2016-04-18,SKU-050,WH-CA1,Baseline Legacy Rule,3,0,0,0,3,0,0,0,0.007,0.0,0.0,0.01,0,3.53
2016-04-19,SKU-050,WH-CA1,Baseline Legacy Rule,3,0,0,0,3,0,0,0,0.007,0.0,0.0,0.01,0,3.53
2016-04-20,SKU-050,WH-CA1,Baseline Legacy Rule,3,0,0,0,3,0,0,0,0.007,0.0,0.0,0.01,0,3.53
2016-04-21,SKU-050,WH-CA1,Baseline Legacy Rule,3,0,0,0,3,0,0,0,0.007,0.0,0.0,0.01,0,3.53
2016-04-22,SKU-050,WH-CA1,Baseline Legacy Rule,3,1,1,0,2,48,48,0,0.005,110.0,0.0,110.0,0,3.53
2016-04-23,SKU-050,WH-CA1,Baseline Legacy Rule,2,0,0,0,2,48,0,0,0.005,0.0,0.0,0.01,0,3.53
2016-04-24,SKU-050,WH-CA1,Baseline Legacy Rule,2,0,0,0,2,48,0,0,0.005,0.0,0.0,0.01,0,3.53
2016-03-28,SKU-050,WH-TX1,Baseline Legacy Rule,5,0,0,0,5,0,0,0,0.01,0.0,0.0,0.01,0,3.53
2016-03-29,SKU-050,WH-TX1,Baseline Legacy Rule,5,0,0,0,5,0,0,0,0.01,0.0,0.0,0.01,0,3.53
2016-03-30,SKU-050,WH-TX1,Baseline Legacy Rule,5,0,0,0,5,0,0,0,0.01,0.0,0.0,0.01,0,3.53
2016-03-31,SKU-050,WH-TX1,Baseline Legacy Rule,5,0,0,0,5,0,0,0,0.01,0.0,0.0,0.01,0,3.53
2016-04-01,SKU-050,WH-TX1,Baseline Legacy Rule,5,0,0,0,5,0,0,0,0.01,0.0,0.0,0.01,0,3.53
2016-04-02,SKU-050,WH-TX1,Baseline Legacy Rule,5,0,0,0,5,0,0,0,0.01,0.0,0.0,0.01,0,3.53
2016-04-03,SKU-050,WH-TX1,Baseline Legacy Rule,5,0,0,0,5,0,0,0,0.01,0.0,0.0,0.01,0,3.53
2016-04-04,SKU-050,WH-TX1,Baseline Legacy Rule,5,0,0,0,5,0,0,0,0.01,0.0,0.0,0.01,0,3.53
2016-04-05,SKU-050,WH-TX1,Baseline Legacy Rule,5,0,0,0,5,0,0,0,0.01,0.0,0.0,0.01,0,3.53
2016-04-06,SKU-050,WH-TX1,Baseline Legacy Rule,5,0,0,0,5,0,0,0,0.01,0.0,0.0,0.01,0,3.53
2016-04-07,SKU-050,WH-TX1,Baseline Legacy Rule,5,0,0,0,5,0,0,0,0.01,0.0,0.0,0.01,0,3.53
2016-04-08,SKU-050,WH-TX1,Baseline Legacy Rule,5,0,0,0,5,0,0,0,0.01,0.0,0.0,0.01,0,3.53
2016-04-09,SKU-050,WH-TX1,Baseline Legacy Rule,5,0,0,0,5,0,0,0,0.01,0.0,0.0,0.01,0,3.53
2016-04-10,SKU-050,WH-TX1,Baseline Legacy Rule,5,1,1,0,4,0,0,0,0.008,0.0,0.0,0.01,0,3.53
2016-04-11,SKU-050,WH-TX1,Baseline Legacy Rule,4,0,0,0,4,0,0,0,0.008,0.0,0.0,0.01,0,3.53
2016-04-12,SKU-050,WH-TX1,Baseline Legacy Rule,4,0,0,0,4,0,0,0,0.008,0.0,0.0,0.01,0,3.53
2016-04-13,SKU-050,WH-TX1,Baseline Legacy Rule,4,0,0,0,4,0,0,0,0.008,0.0,0.0,0.01,0,3.53
2016-04-14,SKU-050,WH-TX1,Baseline Legacy Rule,4,0,0,0,4,0,0,0,0.008,0.0,0.0,0.01,0,3.53
2016-04-15,SKU-050,WH-TX1,Baseline Legacy Rule,4,0,0,0,4,0,0,0,0.008,0.0,0.0,0.01,0,3.53
2016-04-16,SKU-050,WH-TX1,Baseline Legacy Rule,4,0,0,0,4,0,0,0,0.008,0.0,0.0,0.01,0,3.53
2016-04-17,SKU-050,WH-TX1,Baseline Legacy Rule,4,0,0,0,4,0,0,0,0.008,0.0,0.0,0.01,0,3.53
2016-04-18,SKU-050,WH-TX1,Baseline Legacy Rule,4,0,0,0,4,0,0,0,0.008,0.0,0.0,0.01,0,3.53
2016-04-19,SKU-050,WH-TX1,Baseline Legacy Rule,4,0,0,0,4,0,0,0,0.008,0.0,0.0,0.01,0,3.53
2016-04-20,SKU-050,WH-TX1,Baseline Legacy Rule,4,0,0,0,4,0,0,0,0.008,0.0,0.0,0.01,0,3.53
2016-04-21,SKU-050,WH-TX1,Baseline Legacy Rule,4,0,0,0,4,0,0,0,0.008,0.0,0.0,0.01,0,3.53
2016-04-22,SKU-050,WH-TX1,Baseline Legacy Rule,4,0,0,0,4,0,0,0,0.008,0.0,0.0,0.01,0,3.53
2016-04-23,SKU-050,WH-TX1,Baseline Legacy Rule,4,0,0,0,4,0,0,0,0.008,0.0,0.0,0.01,0,3.53
2016-04-24,SKU-050,WH-TX1,Baseline Legacy Rule,4,0,0,0,4,0,0,0,0.008,0.0,0.0,0.01,0,3.53
2016-03-28,SKU-050,WH-WI1,Baseline Legacy Rule,5,0,0,0,5,0,0,0,0.011,0.0,0.0,0.01,0,3.53
2016-03-29,SKU-050,WH-WI1,Baseline Legacy Rule,5,0,0,0,5,0,0,0,0.011,0.0,0.0,0.01,0,3.53
2016-03-30,SKU-050,WH-WI1,Baseline Legacy Rule,5,0,0,0,5,0,0,0,0.011,0.0,0.0,0.01,0,3.53
2016-03-31,SKU-050,WH-WI1,Baseline Legacy Rule,5,0,0,0,5,0,0,0,0.011,0.0,0.0,0.01,0,3.53
2016-04-01,SKU-050,WH-WI1,Baseline Legacy Rule,5,0,0,0,5,0,0,0,0.011,0.0,0.0,0.01,0,3.53
2016-04-02,SKU-050,WH-WI1,Baseline Legacy Rule,5,0,0,0,5,0,0,0,0.011,0.0,0.0,0.01,0,3.53
2016-04-03,SKU-050,WH-WI1,Baseline Legacy Rule,5,0,0,0,5,0,0,0,0.011,0.0,0.0,0.01,0,3.53
2016-04-04,SKU-050,WH-WI1,Baseline Legacy Rule,5,0,0,0,5,0,0,0,0.011,0.0,0.0,0.01,0,3.53
2016-04-05,SKU-050,WH-WI1,Baseline Legacy Rule,5,1,1,0,4,0,0,0,0.009,0.0,0.0,0.01,0,3.53
2016-04-06,SKU-050,WH-WI1,Baseline Legacy Rule,4,0,0,0,4,0,0,0,0.009,0.0,0.0,0.01,0,3.53
2016-04-07,SKU-050,WH-WI1,Baseline Legacy Rule,4,0,0,0,4,0,0,0,0.009,0.0,0.0,0.01,0,3.53
2016-04-08,SKU-050,WH-WI1,Baseline Legacy Rule,4,0,0,0,4,0,0,0,0.009,0.0,0.0,0.01,0,3.53
2016-04-09,SKU-050,WH-WI1,Baseline Legacy Rule,4,2,2,0,2,48,48,0,0.004,110.0,0.0,110.0,0,3.53
2016-04-10,SKU-050,WH-WI1,Baseline Legacy Rule,2,1,1,0,1,48,0,0,0.002,0.0,0.0,0.0,0,3.53
2016-04-11,SKU-050,WH-WI1,Baseline Legacy Rule,1,0,0,0,1,48,0,0,0.002,0.0,0.0,0.0,0,3.53
2016-04-12,SKU-050,WH-WI1,Baseline Legacy Rule,1,0,0,0,1,48,0,0,0.002,0.0,0.0,0.0,0,3.53
2016-04-13,SKU-050,WH-WI1,Baseline Legacy Rule,1,0,0,0,1,48,0,0,0.002,0.0,0.0,0.0,0,3.53
2016-04-14,SKU-050,WH-WI1,Baseline Legacy Rule,1,0,0,0,1,48,0,0,0.002,0.0,0.0,0.0,0,3.53
2016-04-15,SKU-050,WH-WI1,Baseline Legacy Rule,1,0,0,0,1,48,0,0,0.002,0.0,0.0,0.0,0,3.53
2016-04-16,SKU-050,WH-WI1,Baseline Legacy Rule,1,0,0,0,1,48,0,0,0.002,0.0,0.0,0.0,0,3.53
2016-04-17,SKU-050,WH-WI1,Baseline Legacy Rule,1,0,0,0,1,48,0,0,0.002,0.0,0.0,0.0,0,3.53
2016-04-18,SKU-050,WH-WI1,Baseline Legacy Rule,1,0,0,0,1,48,0,0,0.002,0.0,0.0,0.0,0,3.53
2016-04-19,SKU-050,WH-WI1,Baseline Legacy Rule,1,0,0,0,1,48,0,0,0.002,0.0,0.0,0.0,0,3.53
2016-04-20,SKU-050,WH-WI1,Baseline Legacy Rule,1,0,0,0,1,48,0,0,0.002,0.0,0.0,0.0,0,3.53
2016-04-21,SKU-050,WH-WI1,Baseline Legacy Rule,1,0,0,0,1,48,0,0,0.002,0.0,0.0,0.0,0,3.53
2016-04-22,SKU-050,WH-WI1,Baseline Legacy Rule,1,0,0,0,1,48,0,0,0.002,0.0,0.0,0.0,0,3.53
2016-04-23,SKU-050,WH-WI1,Baseline Legacy Rule,1,0,0,0,1,48,0,0,0.002,0.0,0.0,0.0,0,3.53
2016-04-24,SKU-050,WH-WI1,Baseline Legacy Rule,1,1,1,0,0,48,0,0,0.0,0.0,0.0,0.0,0,3.53
2016-03-28,SKU-001,WH-CA1,SmartStock Optimized,52,2,2,0,50,0,0,0,0.041,0.0,0.0,0.04,0,1.21
2016-03-29,SKU-001,WH-CA1,SmartStock Optimized,50,0,0,0,50,0,0,0,0.041,0.0,0.0,0.04,0,1.21
2016-03-30,SKU-001,WH-CA1,SmartStock Optimized,50,0,0,0,50,0,0,0,0.041,0.0,0.0,0.04,0,1.21
2016-03-31,SKU-001,WH-CA1,SmartStock Optimized,50,0,0,0,50,0,0,0,0.041,0.0,0.0,0.04,0,1.21
2016-04-01,SKU-001,WH-CA1,SmartStock Optimized,50,0,0,0,50,0,0,0,0.041,0.0,0.0,0.04,0,1.21
2016-04-02,SKU-001,WH-CA1,SmartStock Optimized,50,8,8,0,42,0,0,0,0.035,0.0,0.0,0.04,0,1.21
2016-04-03,SKU-001,WH-CA1,SmartStock Optimized,42,4,4,0,38,0,0,0,0.031,0.0,0.0,0.03,0,1.21
2016-04-04,SKU-001,WH-CA1,SmartStock Optimized,38,14,14,0,24,984,984,0,0.02,75.0,0.0,75.02,0,1.21
2016-04-05,SKU-001,WH-CA1,SmartStock Optimized,24,4,4,0,20,984,0,0,0.017,0.0,0.0,0.02,0,1.21
2016-04-06,SKU-001,WH-CA1,SmartStock Optimized,20,3,3,0,17,984,0,0,0.014,0.0,0.0,0.01,0,1.21
2016-04-07,SKU-001,WH-CA1,SmartStock Optimized,17,12,12,0,5,984,0,0,0.004,0.0,0.0,0.0,0,1.21
2016-04-08,SKU-001,WH-CA1,SmartStock Optimized,989,9,9,0,980,0,0,984,0.812,0.0,0.0,0.81,0,1.21
2016-04-09,SKU-001,WH-CA1,SmartStock Optimized,980,6,6,0,974,0,0,0,0.807,0.0,0.0,0.81,0,1.21
2016-04-10,SKU-001,WH-CA1,SmartStock Optimized,974,0,0,0,974,0,0,0,0.807,0.0,0.0,0.81,0,1.21
2016-04-11,SKU-001,WH-CA1,SmartStock Optimized,974,0,0,0,974,0,0,0,0.807,0.0,0.0,0.81,0,1.21
2016-04-12,SKU-001,WH-CA1,SmartStock Optimized,974,0,0,0,974,0,0,0,0.807,0.0,0.0,0.81,0,1.21
2016-04-13,SKU-001,WH-CA1,SmartStock Optimized,974,0,0,0,974,0,0,0,0.807,0.0,0.0,0.81,0,1.21
2016-04-14,SKU-001,WH-CA1,SmartStock Optimized,974,0,0,0,974,0,0,0,0.807,0.0,0.0,0.81,0,1.21
2016-04-15,SKU-001,WH-CA1,SmartStock Optimized,974,11,11,0,963,0,0,0,0.798,0.0,0.0,0.8,0,1.21
2016-04-16,SKU-001,WH-CA1,SmartStock Optimized,963,0,0,0,963,0,0,0,0.798,0.0,0.0,0.8,0,1.21
2016-04-17,SKU-001,WH-CA1,SmartStock Optimized,963,0,0,0,963,0,0,0,0.798,0.0,0.0,0.8,0,1.21
2016-04-18,SKU-001,WH-CA1,SmartStock Optimized,963,12,12,0,951,0,0,0,0.788,0.0,0.0,0.79,0,1.21
2016-04-19,SKU-001,WH-CA1,SmartStock Optimized,951,7,7,0,944,0,0,0,0.782,0.0,0.0,0.78,0,1.21
2016-04-20,SKU-001,WH-CA1,SmartStock Optimized,944,9,9,0,935,0,0,0,0.775,0.0,0.0,0.78,0,1.21
2016-04-21,SKU-001,WH-CA1,SmartStock Optimized,935,10,10,0,925,0,0,0,0.767,0.0,0.0,0.77,0,1.21
2016-04-22,SKU-001,WH-CA1,SmartStock Optimized,925,7,7,0,918,0,0,0,0.761,0.0,0.0,0.76,0,1.21
2016-04-23,SKU-001,WH-CA1,SmartStock Optimized,918,3,3,0,915,0,0,0,0.758,0.0,0.0,0.76,0,1.21
2016-04-24,SKU-001,WH-CA1,SmartStock Optimized,915,10,10,0,905,0,0,0,0.75,0.0,0.0,0.75,0,1.21
2016-03-28,SKU-001,WH-TX1,SmartStock Optimized,5,0,0,0,5,0,0,0,0.003,0.0,0.0,0.0,0,1.21
2016-03-29,SKU-001,WH-TX1,SmartStock Optimized,5,0,0,0,5,0,0,0,0.003,0.0,0.0,0.0,0,1.21
2016-03-30,SKU-001,WH-TX1,SmartStock Optimized,5,0,0,0,5,0,0,0,0.003,0.0,0.0,0.0,0,1.21
2016-03-31,SKU-001,WH-TX1,SmartStock Optimized,5,0,0,0,5,0,0,0,0.003,0.0,0.0,0.0,0,1.21
2016-04-01,SKU-001,WH-TX1,SmartStock Optimized,5,1,1,0,4,0,0,0,0.003,0.0,0.0,0.0,0,1.21
2016-04-02,SKU-001,WH-TX1,SmartStock Optimized,4,0,0,0,4,0,0,0,0.003,0.0,0.0,0.0,0,1.21
2016-04-03,SKU-001,WH-TX1,SmartStock Optimized,4,0,0,0,4,0,0,0,0.003,0.0,0.0,0.0,0,1.21
2016-04-04,SKU-001,WH-TX1,SmartStock Optimized,4,0,0,0,4,0,0,0,0.003,0.0,0.0,0.0,0,1.21
2016-04-05,SKU-001,WH-TX1,SmartStock Optimized,4,0,0,0,4,0,0,0,0.003,0.0,0.0,0.0,0,1.21
2016-04-06,SKU-001,WH-TX1,SmartStock Optimized,4,0,0,0,4,0,0,0,0.003,0.0,0.0,0.0,0,1.21
2016-04-07,SKU-001,WH-TX1,SmartStock Optimized,4,0,0,0,4,0,0,0,0.003,0.0,0.0,0.0,0,1.21
2016-04-08,SKU-001,WH-TX1,SmartStock Optimized,4,1,1,0,3,168,168,0,0.002,75.0,0.0,75.0,0,1.21
2016-04-09,SKU-001,WH-TX1,SmartStock Optimized,3,0,0,0,3,168,0,0,0.002,0.0,0.0,0.0,0,1.21
2016-04-10,SKU-001,WH-TX1,SmartStock Optimized,3,0,0,0,3,168,0,0,0.002,0.0,0.0,0.0,0,1.21
2016-04-11,SKU-001,WH-TX1,SmartStock Optimized,171,0,0,0,171,0,0,168,0.113,0.0,0.0,0.11,0,1.21
2016-04-12,SKU-001,WH-TX1,SmartStock Optimized,171,0,0,0,171,0,0,0,0.113,0.0,0.0,0.11,0,1.21
2016-04-13,SKU-001,WH-TX1,SmartStock Optimized,171,0,0,0,171,0,0,0,0.113,0.0,0.0,0.11,0,1.21
2016-04-14,SKU-001,WH-TX1,SmartStock Optimized,171,0,0,0,171,0,0,0,0.113,0.0,0.0,0.11,0,1.21
2016-04-15,SKU-001,WH-TX1,SmartStock Optimized,171,0,0,0,171,0,0,0,0.113,0.0,0.0,0.11,0,1.21
2016-04-16,SKU-001,WH-TX1,SmartStock Optimized,171,0,0,0,171,0,0,0,0.113,0.0,0.0,0.11,0,1.21
2016-04-17,SKU-001,WH-TX1,SmartStock Optimized,171,0,0,0,171,0,0,0,0.113,0.0,0.0,0.11,0,1.21
2016-04-18,SKU-001,WH-TX1,SmartStock Optimized,171,0,0,0,171,0,0,0,0.113,0.0,0.0,0.11,0,1.21
2016-04-19,SKU-001,WH-TX1,SmartStock Optimized,171,2,2,0,169,0,0,0,0.112,0.0,0.0,0.11,0,1.21
2016-04-20,SKU-001,WH-TX1,SmartStock Optimized,169,0,0,0,169,0,0,0,0.112,0.0,0.0,0.11,0,1.21
2016-04-21,SKU-001,WH-TX1,SmartStock Optimized,169,0,0,0,169,0,0,0,0.112,0.0,0.0,0.11,0,1.21
2016-04-22,SKU-001,WH-TX1,SmartStock Optimized,169,0,0,0,169,0,0,0,0.112,0.0,0.0,0.11,0,1.21
2016-04-23,SKU-001,WH-TX1,SmartStock Optimized,169,0,0,0,169,0,0,0,0.112,0.0,0.0,0.11,0,1.21
2016-04-24,SKU-001,WH-TX1,SmartStock Optimized,169,1,1,0,168,0,0,0,0.111,0.0,0.0,0.11,0,1.21
2016-03-28,SKU-001,WH-WI1,SmartStock Optimized,33,2,2,0,31,0,0,0,0.023,0.0,0.0,0.02,0,1.21
2016-03-29,SKU-001,WH-WI1,SmartStock Optimized,31,0,0,0,31,0,0,0,0.023,0.0,0.0,0.02,0,1.21
2016-03-30,SKU-001,WH-WI1,SmartStock Optimized,31,0,0,0,31,0,0,0,0.023,0.0,0.0,0.02,0,1.21
2016-03-31,SKU-001,WH-WI1,SmartStock Optimized,31,0,0,0,31,0,0,0,0.023,0.0,0.0,0.02,0,1.21
2016-04-01,SKU-001,WH-WI1,SmartStock Optimized,31,8,8,0,23,816,816,0,0.017,75.0,0.0,75.02,0,1.21
2016-04-02,SKU-001,WH-WI1,SmartStock Optimized,23,3,3,0,20,816,0,0,0.015,0.0,0.0,0.01,0,1.21
2016-04-03,SKU-001,WH-WI1,SmartStock Optimized,20,1,1,0,19,816,0,0,0.014,0.0,0.0,0.01,0,1.21
2016-04-04,SKU-001,WH-WI1,SmartStock Optimized,19,9,9,0,10,816,0,0,0.007,0.0,0.0,0.01,0,1.21
2016-04-05,SKU-001,WH-WI1,SmartStock Optimized,10,3,3,0,7,816,0,0,0.005,0.0,0.0,0.01,0,1.21
2016-04-06,SKU-001,WH-WI1,SmartStock Optimized,823,0,0,0,823,0,0,816,0.6,0.0,0.0,0.6,0,1.21
2016-04-07,SKU-001,WH-WI1,SmartStock Optimized,823,4,4,0,819,0,0,0,0.597,0.0,0.0,0.6,0,1.21
2016-04-08,SKU-001,WH-WI1,SmartStock Optimized,819,4,4,0,815,0,0,0,0.594,0.0,0.0,0.59,0,1.21
2016-04-09,SKU-001,WH-WI1,SmartStock Optimized,815,8,8,0,807,0,0,0,0.589,0.0,0.0,0.59,0,1.21
2016-04-10,SKU-001,WH-WI1,SmartStock Optimized,807,4,4,0,803,0,0,0,0.586,0.0,0.0,0.59,0,1.21
2016-04-11,SKU-001,WH-WI1,SmartStock Optimized,803,1,1,0,802,0,0,0,0.585,0.0,0.0,0.58,0,1.21
2016-04-12,SKU-001,WH-WI1,SmartStock Optimized,802,3,3,0,799,0,0,0,0.583,0.0,0.0,0.58,0,1.21
2016-04-13,SKU-001,WH-WI1,SmartStock Optimized,799,0,0,0,799,0,0,0,0.583,0.0,0.0,0.58,0,1.21
2016-04-14,SKU-001,WH-WI1,SmartStock Optimized,799,0,0,0,799,0,0,0,0.583,0.0,0.0,0.58,0,1.21
2016-04-15,SKU-001,WH-WI1,SmartStock Optimized,799,0,0,0,799,0,0,0,0.583,0.0,0.0,0.58,0,1.21
2016-04-16,SKU-001,WH-WI1,SmartStock Optimized,799,5,5,0,794,0,0,0,0.579,0.0,0.0,0.58,0,1.21
2016-04-17,SKU-001,WH-WI1,SmartStock Optimized,794,6,6,0,788,0,0,0,0.575,0.0,0.0,0.57,0,1.21
2016-04-18,SKU-001,WH-WI1,SmartStock Optimized,788,4,4,0,784,0,0,0,0.572,0.0,0.0,0.57,0,1.21
2016-04-19,SKU-001,WH-WI1,SmartStock Optimized,784,4,4,0,780,0,0,0,0.569,0.0,0.0,0.57,0,1.21
2016-04-20,SKU-001,WH-WI1,SmartStock Optimized,780,5,5,0,775,0,0,0,0.565,0.0,0.0,0.56,0,1.21
2016-04-21,SKU-001,WH-WI1,SmartStock Optimized,775,0,0,0,775,0,0,0,0.565,0.0,0.0,0.56,0,1.21
2016-04-22,SKU-001,WH-WI1,SmartStock Optimized,775,5,5,0,770,0,0,0,0.562,0.0,0.0,0.56,0,1.21
2016-04-23,SKU-001,WH-WI1,SmartStock Optimized,770,7,7,0,763,0,0,0,0.556,0.0,0.0,0.56,0,1.21
2016-04-24,SKU-001,WH-WI1,SmartStock Optimized,763,0,0,0,763,0,0,0,0.556,0.0,0.0,0.56,0,1.21
2016-03-28,SKU-002,WH-CA1,SmartStock Optimized,21,2,2,0,19,720,720,0,0.009,75.0,0.0,75.01,0,0.68
2016-03-29,SKU-002,WH-CA1,SmartStock Optimized,19,1,1,0,18,720,0,0,0.008,0.0,0.0,0.01,0,0.68
2016-03-30,SKU-002,WH-CA1,SmartStock Optimized,18,0,0,0,18,720,0,0,0.008,0.0,0.0,0.01,0,0.68
2016-03-31,SKU-002,WH-CA1,SmartStock Optimized,18,1,1,0,17,720,0,0,0.008,0.0,0.0,0.01,0,0.68
2016-04-01,SKU-002,WH-CA1,SmartStock Optimized,17,0,0,0,17,720,0,0,0.008,0.0,0.0,0.01,0,0.68
2016-04-02,SKU-002,WH-CA1,SmartStock Optimized,17,0,0,0,17,720,0,0,0.008,0.0,0.0,0.01,0,0.68
2016-04-03,SKU-002,WH-CA1,SmartStock Optimized,737,2,2,0,735,0,0,720,0.342,0.0,0.0,0.34,0,0.68
2016-04-04,SKU-002,WH-CA1,SmartStock Optimized,735,2,2,0,733,0,0,0,0.341,0.0,0.0,0.34,0,0.68
2016-04-05,SKU-002,WH-CA1,SmartStock Optimized,733,1,1,0,732,0,0,0,0.341,0.0,0.0,0.34,0,0.68
2016-04-06,SKU-002,WH-CA1,SmartStock Optimized,732,2,2,0,730,0,0,0,0.34,0.0,0.0,0.34,0,0.68
2016-04-07,SKU-002,WH-CA1,SmartStock Optimized,730,0,0,0,730,0,0,0,0.34,0.0,0.0,0.34,0,0.68
2016-04-08,SKU-002,WH-CA1,SmartStock Optimized,730,3,3,0,727,0,0,0,0.339,0.0,0.0,0.34,0,0.68
2016-04-09,SKU-002,WH-CA1,SmartStock Optimized,727,0,0,0,727,0,0,0,0.339,0.0,0.0,0.34,0,0.68
2016-04-10,SKU-002,WH-CA1,SmartStock Optimized,727,1,1,0,726,0,0,0,0.338,0.0,0.0,0.34,0,0.68
2016-04-11,SKU-002,WH-CA1,SmartStock Optimized,726,1,1,0,725,0,0,0,0.338,0.0,0.0,0.34,0,0.68
2016-04-12,SKU-002,WH-CA1,SmartStock Optimized,725,0,0,0,725,0,0,0,0.338,0.0,0.0,0.34,0,0.68
2016-04-13,SKU-002,WH-CA1,SmartStock Optimized,725,0,0,0,725,0,0,0,0.338,0.0,0.0,0.34,0,0.68
2016-04-14,SKU-002,WH-CA1,SmartStock Optimized,725,0,0,0,725,0,0,0,0.338,0.0,0.0,0.34,0,0.68
2016-04-15,SKU-002,WH-CA1,SmartStock Optimized,725,3,3,0,722,0,0,0,0.336,0.0,0.0,0.34,0,0.68
2016-04-16,SKU-002,WH-CA1,SmartStock Optimized,722,1,1,0,721,0,0,0,0.336,0.0,0.0,0.34,0,0.68
2016-04-17,SKU-002,WH-CA1,SmartStock Optimized,721,4,4,0,717,0,0,0,0.334,0.0,0.0,0.33,0,0.68
2016-04-18,SKU-002,WH-CA1,SmartStock Optimized,717,1,1,0,716,0,0,0,0.333,0.0,0.0,0.33,0,0.68
2016-04-19,SKU-002,WH-CA1,SmartStock Optimized,716,2,2,0,714,0,0,0,0.333,0.0,0.0,0.33,0,0.68
2016-04-20,SKU-002,WH-CA1,SmartStock Optimized,714,1,1,0,713,0,0,0,0.332,0.0,0.0,0.33,0,0.68
2016-04-21,SKU-002,WH-CA1,SmartStock Optimized,713,2,2,0,711,0,0,0,0.331,0.0,0.0,0.33,0,0.68
2016-04-22,SKU-002,WH-CA1,SmartStock Optimized,711,0,0,0,711,0,0,0,0.331,0.0,0.0,0.33,0,0.68
2016-04-23,SKU-002,WH-CA1,SmartStock Optimized,711,1,1,0,710,0,0,0,0.331,0.0,0.0,0.33,0,0.68
2016-04-24,SKU-002,WH-CA1,SmartStock Optimized,710,3,3,0,707,0,0,0,0.329,0.0,0.0,0.33,0,0.68
2016-03-28,SKU-002,WH-TX1,SmartStock Optimized,24,1,1,0,23,864,864,0,0.009,75.0,0.0,75.01,0,0.68
2016-03-29,SKU-002,WH-TX1,SmartStock Optimized,23,0,0,0,23,864,0,0,0.009,0.0,0.0,0.01,0,0.68
2016-03-30,SKU-002,WH-TX1,SmartStock Optimized,23,1,1,0,22,864,0,0,0.008,0.0,0.0,0.01,0,0.68
2016-03-31,SKU-002,WH-TX1,SmartStock Optimized,22,2,2,0,20,864,0,0,0.007,0.0,0.0,0.01,0,0.68
2016-04-01,SKU-002,WH-TX1,SmartStock Optimized,20,1,1,0,19,864,0,0,0.007,0.0,0.0,0.01,0,0.68
2016-04-02,SKU-002,WH-TX1,SmartStock Optimized,19,2,2,0,17,864,0,0,0.006,0.0,0.0,0.01,0,0.68
2016-04-03,SKU-002,WH-TX1,SmartStock Optimized,17,2,2,0,15,864,0,0,0.006,0.0,0.0,0.01,0,0.68
2016-04-04,SKU-002,WH-TX1,SmartStock Optimized,15,1,1,0,14,864,0,0,0.005,0.0,0.0,0.01,0,0.68
2016-04-05,SKU-002,WH-TX1,SmartStock Optimized,878,4,4,0,874,0,0,864,0.326,0.0,0.0,0.33,0,0.68
2016-04-06,SKU-002,WH-TX1,SmartStock Optimized,874,0,0,0,874,0,0,0,0.326,0.0,0.0,0.33,0,0.68
2016-04-07,SKU-002,WH-TX1,SmartStock Optimized,874,0,0,0,874,0,0,0,0.326,0.0,0.0,0.33,0,0.68
2016-04-08,SKU-002,WH-TX1,SmartStock Optimized,874,2,2,0,872,0,0,0,0.325,0.0,0.0,0.33,0,0.68
2016-04-09,SKU-002,WH-TX1,SmartStock Optimized,872,1,1,0,871,0,0,0,0.325,0.0,0.0,0.33,0,0.68
2016-04-10,SKU-002,WH-TX1,SmartStock Optimized,871,2,2,0,869,0,0,0,0.324,0.0,0.0,0.32,0,0.68
2016-04-11,SKU-002,WH-TX1,SmartStock Optimized,869,0,0,0,869,0,0,0,0.324,0.0,0.0,0.32,0,0.68
2016-04-12,SKU-002,WH-TX1,SmartStock Optimized,869,0,0,0,869,0,0,0,0.324,0.0,0.0,0.32,0,0.68
2016-04-13,SKU-002,WH-TX1,SmartStock Optimized,869,1,1,0,868,0,0,0,0.323,0.0,0.0,0.32,0,0.68
2016-04-14,SKU-002,WH-TX1,SmartStock Optimized,868,1,1,0,867,0,0,0,0.323,0.0,0.0,0.32,0,0.68
2016-04-15,SKU-002,WH-TX1,SmartStock Optimized,867,0,0,0,867,0,0,0,0.323,0.0,0.0,0.32,0,0.68
2016-04-16,SKU-002,WH-TX1,SmartStock Optimized,867,0,0,0,867,0,0,0,0.323,0.0,0.0,0.32,0,0.68
2016-04-17,SKU-002,WH-TX1,SmartStock Optimized,867,5,5,0,862,0,0,0,0.321,0.0,0.0,0.32,0,0.68
2016-04-18,SKU-002,WH-TX1,SmartStock Optimized,862,4,4,0,858,0,0,0,0.32,0.0,0.0,0.32,0,0.68
2016-04-19,SKU-002,WH-TX1,SmartStock Optimized,858,0,0,0,858,0,0,0,0.32,0.0,0.0,0.32,0,0.68
2016-04-20,SKU-002,WH-TX1,SmartStock Optimized,858,1,1,0,857,0,0,0,0.319,0.0,0.0,0.32,0,0.68
2016-04-21,SKU-002,WH-TX1,SmartStock Optimized,857,1,1,0,856,0,0,0,0.319,0.0,0.0,0.32,0,0.68
2016-04-22,SKU-002,WH-TX1,SmartStock Optimized,856,2,2,0,854,0,0,0,0.318,0.0,0.0,0.32,0,0.68
2016-04-23,SKU-002,WH-TX1,SmartStock Optimized,854,7,7,0,847,0,0,0,0.316,0.0,0.0,0.32,0,0.68
2016-04-24,SKU-002,WH-TX1,SmartStock Optimized,847,0,0,0,847,0,0,0,0.316,0.0,0.0,0.32,0,0.68
2016-03-28,SKU-002,WH-WI1,SmartStock Optimized,49,3,3,0,46,1296,1296,0,0.019,75.0,0.0,75.02,0,0.68
2016-03-29,SKU-002,WH-WI1,SmartStock Optimized,46,2,2,0,44,1296,0,0,0.018,0.0,0.0,0.02,0,0.68
2016-03-30,SKU-002,WH-WI1,SmartStock Optimized,44,2,2,0,42,1296,0,0,0.017,0.0,0.0,0.02,0,0.68
2016-03-31,SKU-002,WH-WI1,SmartStock Optimized,42,5,5,0,37,1296,0,0,0.015,0.0,0.0,0.01,0,0.68
2016-04-01,SKU-002,WH-WI1,SmartStock Optimized,37,8,8,0,29,1296,0,0,0.012,0.0,0.0,0.01,0,0.68
2016-04-02,SKU-002,WH-WI1,SmartStock Optimized,29,0,0,0,29,1296,0,0,0.012,0.0,0.0,0.01,0,0.68
2016-04-03,SKU-002,WH-WI1,SmartStock Optimized,29,9,9,0,20,1296,0,0,0.008,0.0,0.0,0.01,0,0.68
2016-04-04,SKU-002,WH-WI1,SmartStock Optimized,20,11,11,0,9,1296,0,0,0.004,0.0,0.0,0.0,0,0.68
2016-04-05,SKU-002,WH-WI1,SmartStock Optimized,9,5,5,0,4,1296,0,0,0.002,0.0,0.0,0.0,0,0.68
2016-04-06,SKU-002,WH-WI1,SmartStock Optimized,1300,6,6,0,1294,0,0,1296,0.53,0.0,0.0,0.53,0,0.68
2016-04-07,SKU-002,WH-WI1,SmartStock Optimized,1294,10,10,0,1284,0,0,0,0.526,0.0,0.0,0.53,0,0.68
2016-04-08,SKU-002,WH-WI1,SmartStock Optimized,1284,5,5,0,1279,0,0,0,0.524,0.0,0.0,0.52,0,0.68
2016-04-09,SKU-002,WH-WI1,SmartStock Optimized,1279,5,5,0,1274,0,0,0,0.522,0.0,0.0,0.52,0,0.68
2016-04-10,SKU-002,WH-WI1,SmartStock Optimized,1274,0,0,0,1274,0,0,0,0.522,0.0,0.0,0.52,0,0.68
2016-04-11,SKU-002,WH-WI1,SmartStock Optimized,1274,3,3,0,1271,0,0,0,0.521,0.0,0.0,0.52,0,0.68
2016-04-12,SKU-002,WH-WI1,SmartStock Optimized,1271,4,4,0,1267,0,0,0,0.519,0.0,0.0,0.52,0,0.68
2016-04-13,SKU-002,WH-WI1,SmartStock Optimized,1267,8,8,0,1259,0,0,0,0.516,0.0,0.0,0.52,0,0.68
2016-04-14,SKU-002,WH-WI1,SmartStock Optimized,1259,5,5,0,1254,0,0,0,0.514,0.0,0.0,0.51,0,0.68
2016-04-15,SKU-002,WH-WI1,SmartStock Optimized,1254,1,1,0,1253,0,0,0,0.514,0.0,0.0,0.51,0,0.68
2016-04-16,SKU-002,WH-WI1,SmartStock Optimized,1253,7,7,0,1246,0,0,0,0.511,0.0,0.0,0.51,0,0.68
2016-04-17,SKU-002,WH-WI1,SmartStock Optimized,1246,4,4,0,1242,0,0,0,0.509,0.0,0.0,0.51,0,0.68
2016-04-18,SKU-002,WH-WI1,SmartStock Optimized,1242,6,6,0,1236,0,0,0,0.507,0.0,0.0,0.51,0,0.68
2016-04-19,SKU-002,WH-WI1,SmartStock Optimized,1236,1,1,0,1235,0,0,0,0.506,0.0,0.0,0.51,0,0.68
2016-04-20,SKU-002,WH-WI1,SmartStock Optimized,1235,1,1,0,1234,0,0,0,0.506,0.0,0.0,0.51,0,0.68
2016-04-21,SKU-002,WH-WI1,SmartStock Optimized,1234,1,1,0,1233,0,0,0,0.505,0.0,0.0,0.51,0,0.68
2016-04-22,SKU-002,WH-WI1,SmartStock Optimized,1233,15,15,0,1218,0,0,0,0.499,0.0,0.0,0.5,0,0.68
2016-04-23,SKU-002,WH-WI1,SmartStock Optimized,1218,3,3,0,1215,0,0,0,0.498,0.0,0.0,0.5,0,0.68
2016-04-24,SKU-002,WH-WI1,SmartStock Optimized,1215,6,6,0,1209,0,0,0,0.496,0.0,0.0,0.5,0,0.68
2016-03-28,SKU-003,WH-CA1,SmartStock Optimized,38,8,8,0,30,1128,1128,0,0.01,75.0,0.0,75.01,0,0.5
2016-03-29,SKU-003,WH-CA1,SmartStock Optimized,30,0,0,0,30,1128,0,0,0.01,0.0,0.0,0.01,0,0.5
2016-03-30,SKU-003,WH-CA1,SmartStock Optimized,30,0,0,0,30,1128,0,0,0.01,0.0,0.0,0.01,0,0.5
2016-03-31,SKU-003,WH-CA1,SmartStock Optimized,30,2,2,0,28,1128,0,0,0.01,0.0,0.0,0.01,0,0.5
2016-04-01,SKU-003,WH-CA1,SmartStock Optimized,1156,2,2,0,1154,0,0,1128,0.395,0.0,0.0,0.4,0,0.5
2016-04-02,SKU-003,WH-CA1,SmartStock Optimized,1154,6,6,0,1148,0,0,0,0.393,0.0,0.0,0.39,0,0.5
2016-04-03,SKU-003,WH-CA1,SmartStock Optimized,1148,0,0,0,1148,0,0,0,0.393,0.0,0.0,0.39,0,0.5
2016-04-04,SKU-003,WH-CA1,SmartStock Optimized,1148,0,0,0,1148,0,0,0,0.393,0.0,0.0,0.39,0,0.5
2016-04-05,SKU-003,WH-CA1,SmartStock Optimized,1148,0,0,0,1148,0,0,0,0.393,0.0,0.0,0.39,0,0.5
2016-04-06,SKU-003,WH-CA1,SmartStock Optimized,1148,0,0,0,1148,0,0,0,0.393,0.0,0.0,0.39,0,0.5
2016-04-07,SKU-003,WH-CA1,SmartStock Optimized,1148,4,4,0,1144,0,0,0,0.392,0.0,0.0,0.39,0,0.5
2016-04-08,SKU-003,WH-CA1,SmartStock Optimized,1144,5,5,0,1139,0,0,0,0.39,0.0,0.0,0.39,0,0.5
2016-04-09,SKU-003,WH-CA1,SmartStock Optimized,1139,11,11,0,1128,0,0,0,0.386,0.0,0.0,0.39,0,0.5
2016-04-10,SKU-003,WH-CA1,SmartStock Optimized,1128,8,8,0,1120,0,0,0,0.384,0.0,0.0,0.38,0,0.5
2016-04-11,SKU-003,WH-CA1,SmartStock Optimized,1120,0,0,0,1120,0,0,0,0.384,0.0,0.0,0.38,0,0.5
2016-04-12,SKU-003,WH-CA1,SmartStock Optimized,1120,0,0,0,1120,0,0,0,0.384,0.0,0.0,0.38,0,0.5
2016-04-13,SKU-003,WH-CA1,SmartStock Optimized,1120,0,0,0,1120,0,0,0,0.384,0.0,0.0,0.38,0,0.5
2016-04-14,SKU-003,WH-CA1,SmartStock Optimized,1120,0,0,0,1120,0,0,0,0.384,0.0,0.0,0.38,0,0.5
2016-04-15,SKU-003,WH-CA1,SmartStock Optimized,1120,0,0,0,1120,0,0,0,0.384,0.0,0.0,0.38,0,0.5
2016-04-16,SKU-003,WH-CA1,SmartStock Optimized,1120,1,1,0,1119,0,0,0,0.383,0.0,0.0,0.38,0,0.5
2016-04-17,SKU-003,WH-CA1,SmartStock Optimized,1119,0,0,0,1119,0,0,0,0.383,0.0,0.0,0.38,0,0.5
2016-04-18,SKU-003,WH-CA1,SmartStock Optimized,1119,3,3,0,1116,0,0,0,0.382,0.0,0.0,0.38,0,0.5
2016-04-19,SKU-003,WH-CA1,SmartStock Optimized,1116,0,0,0,1116,0,0,0,0.382,0.0,0.0,0.38,0,0.5
2016-04-20,SKU-003,WH-CA1,SmartStock Optimized,1116,3,3,0,1113,0,0,0,0.381,0.0,0.0,0.38,0,0.5
2016-04-21,SKU-003,WH-CA1,SmartStock Optimized,1113,0,0,0,1113,0,0,0,0.381,0.0,0.0,0.38,0,0.5
2016-04-22,SKU-003,WH-CA1,SmartStock Optimized,1113,5,5,0,1108,0,0,0,0.379,0.0,0.0,0.38,0,0.5
2016-04-23,SKU-003,WH-CA1,SmartStock Optimized,1108,0,0,0,1108,0,0,0,0.379,0.0,0.0,0.38,0,0.5
2016-04-24,SKU-003,WH-CA1,SmartStock Optimized,1108,0,0,0,1108,0,0,0,0.379,0.0,0.0,0.38,0,0.5
2016-03-28,SKU-003,WH-TX1,SmartStock Optimized,62,0,0,0,62,0,0,0,0.017,0.0,0.0,0.02,0,0.5
2016-03-29,SKU-003,WH-TX1,SmartStock Optimized,62,0,0,0,62,0,0,0,0.017,0.0,0.0,0.02,0,0.5
2016-03-30,SKU-003,WH-TX1,SmartStock Optimized,62,0,0,0,62,0,0,0,0.017,0.0,0.0,0.02,0,0.5
2016-03-31,SKU-003,WH-TX1,SmartStock Optimized,62,0,0,0,62,0,0,0,0.017,0.0,0.0,0.02,0,0.5
2016-04-01,SKU-003,WH-TX1,SmartStock Optimized,62,0,0,0,62,0,0,0,0.017,0.0,0.0,0.02,0,0.5
2016-04-02,SKU-003,WH-TX1,SmartStock Optimized,62,0,0,0,62,0,0,0,0.017,0.0,0.0,0.02,0,0.5
2016-04-03,SKU-003,WH-TX1,SmartStock Optimized,62,0,0,0,62,0,0,0,0.017,0.0,0.0,0.02,0,0.5
2016-04-04,SKU-003,WH-TX1,SmartStock Optimized,62,0,0,0,62,0,0,0,0.017,0.0,0.0,0.02,0,0.5
2016-04-05,SKU-003,WH-TX1,SmartStock Optimized,62,0,0,0,62,0,0,0,0.017,0.0,0.0,0.02,0,0.5
2016-04-06,SKU-003,WH-TX1,SmartStock Optimized,62,0,0,0,62,0,0,0,0.017,0.0,0.0,0.02,0,0.5
2016-04-07,SKU-003,WH-TX1,SmartStock Optimized,62,0,0,0,62,0,0,0,0.017,0.0,0.0,0.02,0,0.5
2016-04-08,SKU-003,WH-TX1,SmartStock Optimized,62,0,0,0,62,0,0,0,0.017,0.0,0.0,0.02,0,0.5
2016-04-09,SKU-003,WH-TX1,SmartStock Optimized,62,0,0,0,62,0,0,0,0.017,0.0,0.0,0.02,0,0.5
2016-04-10,SKU-003,WH-TX1,SmartStock Optimized,62,0,0,0,62,0,0,0,0.017,0.0,0.0,0.02,0,0.5
2016-04-11,SKU-003,WH-TX1,SmartStock Optimized,62,0,0,0,62,0,0,0,0.017,0.0,0.0,0.02,0,0.5
2016-04-12,SKU-003,WH-TX1,SmartStock Optimized,62,0,0,0,62,0,0,0,0.017,0.0,0.0,0.02,0,0.5
2016-04-13,SKU-003,WH-TX1,SmartStock Optimized,62,0,0,0,62,0,0,0,0.017,0.0,0.0,0.02,0,0.5
2016-04-14,SKU-003,WH-TX1,SmartStock Optimized,62,0,0,0,62,0,0,0,0.017,0.0,0.0,0.02,0,0.5
2016-04-15,SKU-003,WH-TX1,SmartStock Optimized,62,0,0,0,62,0,0,0,0.017,0.0,0.0,0.02,0,0.5
2016-04-16,SKU-003,WH-TX1,SmartStock Optimized,62,0,0,0,62,0,0,0,0.017,0.0,0.0,0.02,0,0.5
2016-04-17,SKU-003,WH-TX1,SmartStock Optimized,62,0,0,0,62,0,0,0,0.017,0.0,0.0,0.02,0,0.5
2016-04-18,SKU-003,WH-TX1,SmartStock Optimized,62,0,0,0,62,0,0,0,0.017,0.0,0.0,0.02,0,0.5
2016-04-19,SKU-003,WH-TX1,SmartStock Optimized,62,0,0,0,62,0,0,0,0.017,0.0,0.0,0.02,0,0.5
2016-04-20,SKU-003,WH-TX1,SmartStock Optimized,62,0,0,0,62,0,0,0,0.017,0.0,0.0,0.02,0,0.5
2016-04-21,SKU-003,WH-TX1,SmartStock Optimized,62,0,0,0,62,0,0,0,0.017,0.0,0.0,0.02,0,0.5
2016-04-22,SKU-003,WH-TX1,SmartStock Optimized,62,0,0,0,62,0,0,0,0.017,0.0,0.0,0.02,0,0.5
2016-04-23,SKU-003,WH-TX1,SmartStock Optimized,62,0,0,0,62,0,0,0,0.017,0.0,0.0,0.02,0,0.5
2016-04-24,SKU-003,WH-TX1,SmartStock Optimized,62,0,0,0,62,0,0,0,0.017,0.0,0.0,0.02,0,0.5
2016-03-28,SKU-003,WH-WI1,SmartStock Optimized,41,0,0,0,41,0,0,0,0.012,0.0,0.0,0.01,0,0.5
2016-03-29,SKU-003,WH-WI1,SmartStock Optimized,41,4,4,0,37,0,0,0,0.011,0.0,0.0,0.01,0,0.5
2016-03-30,SKU-003,WH-WI1,SmartStock Optimized,37,0,0,0,37,0,0,0,0.011,0.0,0.0,0.01,0,0.5
2016-03-31,SKU-003,WH-WI1,SmartStock Optimized,37,0,0,0,37,0,0,0,0.011,0.0,0.0,0.01,0,0.5
2016-04-01,SKU-003,WH-WI1,SmartStock Optimized,37,0,0,0,37,0,0,0,0.011,0.0,0.0,0.01,0,0.5
2016-04-02,SKU-003,WH-WI1,SmartStock Optimized,37,6,6,0,31,1296,1296,0,0.009,75.0,0.0,75.01,0,0.5
2016-04-03,SKU-003,WH-WI1,SmartStock Optimized,31,2,2,0,29,1296,0,0,0.009,0.0,0.0,0.01,0,0.5
2016-04-04,SKU-003,WH-WI1,SmartStock Optimized,29,3,3,0,26,1296,0,0,0.008,0.0,0.0,0.01,0,0.5
2016-04-05,SKU-003,WH-WI1,SmartStock Optimized,26,2,2,0,24,1296,0,0,0.007,0.0,0.0,0.01,0,0.5
2016-04-06,SKU-003,WH-WI1,SmartStock Optimized,24,2,2,0,22,1296,0,0,0.007,0.0,0.0,0.01,0,0.5
2016-04-07,SKU-003,WH-WI1,SmartStock Optimized,22,6,6,0,16,1296,0,0,0.005,0.0,0.0,0.01,0,0.5
2016-04-08,SKU-003,WH-WI1,SmartStock Optimized,1312,3,3,0,1309,0,0,1296,0.394,0.0,0.0,0.39,0,0.5
2016-04-09,SKU-003,WH-WI1,SmartStock Optimized,1309,2,2,0,1307,0,0,0,0.394,0.0,0.0,0.39,0,0.5
2016-04-10,SKU-003,WH-WI1,SmartStock Optimized,1307,4,4,0,1303,0,0,0,0.393,0.0,0.0,0.39,0,0.5
2016-04-11,SKU-003,WH-WI1,SmartStock Optimized,1303,12,12,0,1291,0,0,0,0.389,0.0,0.0,0.39,0,0.5
2016-04-12,SKU-003,WH-WI1,SmartStock Optimized,1291,6,6,0,1285,0,0,0,0.387,0.0,0.0,0.39,0,0.5
2016-04-13,SKU-003,WH-WI1,SmartStock Optimized,1285,0,0,0,1285,0,0,0,0.387,0.0,0.0,0.39,0,0.5
2016-04-14,SKU-003,WH-WI1,SmartStock Optimized,1285,11,11,0,1274,0,0,0,0.384,0.0,0.0,0.38,0,0.5
2016-04-15,SKU-003,WH-WI1,SmartStock Optimized,1274,7,7,0,1267,0,0,0,0.382,0.0,0.0,0.38,0,0.5
2016-04-16,SKU-003,WH-WI1,SmartStock Optimized,1267,0,0,0,1267,0,0,0,0.382,0.0,0.0,0.38,0,0.5
2016-04-17,SKU-003,WH-WI1,SmartStock Optimized,1267,5,5,0,1262,0,0,0,0.38,0.0,0.0,0.38,0,0.5
2016-04-18,SKU-003,WH-WI1,SmartStock Optimized,1262,0,0,0,1262,0,0,0,0.38,0.0,0.0,0.38,0,0.5
2016-04-19,SKU-003,WH-WI1,SmartStock Optimized,1262,3,3,0,1259,0,0,0,0.379,0.0,0.0,0.38,0,0.5
2016-04-20,SKU-003,WH-WI1,SmartStock Optimized,1259,4,4,0,1255,0,0,0,0.378,0.0,0.0,0.38,0,0.5
2016-04-21,SKU-003,WH-WI1,SmartStock Optimized,1255,0,0,0,1255,0,0,0,0.378,0.0,0.0,0.38,0,0.5
2016-04-22,SKU-003,WH-WI1,SmartStock Optimized,1255,6,6,0,1249,0,0,0,0.376,0.0,0.0,0.38,0,0.5
2016-04-23,SKU-003,WH-WI1,SmartStock Optimized,1249,6,6,0,1243,0,0,0,0.375,0.0,0.0,0.38,0,0.5
2016-04-24,SKU-003,WH-WI1,SmartStock Optimized,1243,0,0,0,1243,0,0,0,0.375,0.0,0.0,0.38,0,0.5
2016-03-28,SKU-004,WH-CA1,SmartStock Optimized,60,0,0,0,60,0,0,0,0.196,0.0,0.0,0.2,0,4.76
2016-03-29,SKU-004,WH-CA1,SmartStock Optimized,60,0,0,0,60,0,0,0,0.196,0.0,0.0,0.2,0,4.76
2016-03-30,SKU-004,WH-CA1,SmartStock Optimized,60,0,0,0,60,0,0,0,0.196,0.0,0.0,0.2,0,4.76
2016-03-31,SKU-004,WH-CA1,SmartStock Optimized,60,0,0,0,60,0,0,0,0.196,0.0,0.0,0.2,0,4.76
2016-04-01,SKU-004,WH-CA1,SmartStock Optimized,60,0,0,0,60,0,0,0,0.196,0.0,0.0,0.2,0,4.76
2016-04-02,SKU-004,WH-CA1,SmartStock Optimized,60,0,0,0,60,0,0,0,0.196,0.0,0.0,0.2,0,4.76
2016-04-03,SKU-004,WH-CA1,SmartStock Optimized,60,0,0,0,60,0,0,0,0.196,0.0,0.0,0.2,0,4.76
2016-04-04,SKU-004,WH-CA1,SmartStock Optimized,60,0,0,0,60,0,0,0,0.196,0.0,0.0,0.2,0,4.76
2016-04-05,SKU-004,WH-CA1,SmartStock Optimized,60,0,0,0,60,0,0,0,0.196,0.0,0.0,0.2,0,4.76
2016-04-06,SKU-004,WH-CA1,SmartStock Optimized,60,0,0,0,60,0,0,0,0.196,0.0,0.0,0.2,0,4.76
2016-04-07,SKU-004,WH-CA1,SmartStock Optimized,60,0,0,0,60,0,0,0,0.196,0.0,0.0,0.2,0,4.76
2016-04-08,SKU-004,WH-CA1,SmartStock Optimized,60,0,0,0,60,0,0,0,0.196,0.0,0.0,0.2,0,4.76
2016-04-09,SKU-004,WH-CA1,SmartStock Optimized,60,0,0,0,60,0,0,0,0.196,0.0,0.0,0.2,0,4.76
2016-04-10,SKU-004,WH-CA1,SmartStock Optimized,60,0,0,0,60,0,0,0,0.196,0.0,0.0,0.2,0,4.76
2016-04-11,SKU-004,WH-CA1,SmartStock Optimized,60,0,0,0,60,0,0,0,0.196,0.0,0.0,0.2,0,4.76
2016-04-12,SKU-004,WH-CA1,SmartStock Optimized,60,0,0,0,60,0,0,0,0.196,0.0,0.0,0.2,0,4.76
2016-04-13,SKU-004,WH-CA1,SmartStock Optimized,60,0,0,0,60,0,0,0,0.196,0.0,0.0,0.2,0,4.76
2016-04-14,SKU-004,WH-CA1,SmartStock Optimized,60,0,0,0,60,0,0,0,0.196,0.0,0.0,0.2,0,4.76
2016-04-15,SKU-004,WH-CA1,SmartStock Optimized,60,0,0,0,60,0,0,0,0.196,0.0,0.0,0.2,0,4.76
2016-04-16,SKU-004,WH-CA1,SmartStock Optimized,60,0,0,0,60,0,0,0,0.196,0.0,0.0,0.2,0,4.76
2016-04-17,SKU-004,WH-CA1,SmartStock Optimized,60,0,0,0,60,0,0,0,0.196,0.0,0.0,0.2,0,4.76
2016-04-18,SKU-004,WH-CA1,SmartStock Optimized,60,0,0,0,60,0,0,0,0.196,0.0,0.0,0.2,0,4.76
2016-04-19,SKU-004,WH-CA1,SmartStock Optimized,60,0,0,0,60,0,0,0,0.196,0.0,0.0,0.2,0,4.76
2016-04-20,SKU-004,WH-CA1,SmartStock Optimized,60,0,0,0,60,0,0,0,0.196,0.0,0.0,0.2,0,4.76
2016-04-21,SKU-004,WH-CA1,SmartStock Optimized,60,0,0,0,60,0,0,0,0.196,0.0,0.0,0.2,0,4.76
2016-04-22,SKU-004,WH-CA1,SmartStock Optimized,60,0,0,0,60,0,0,0,0.196,0.0,0.0,0.2,0,4.76
2016-04-23,SKU-004,WH-CA1,SmartStock Optimized,60,0,0,0,60,0,0,0,0.196,0.0,0.0,0.2,0,4.76
2016-04-24,SKU-004,WH-CA1,SmartStock Optimized,60,0,0,0,60,0,0,0,0.196,0.0,0.0,0.2,0,4.76
2016-03-28,SKU-004,WH-TX1,SmartStock Optimized,34,0,0,0,34,0,0,0,0.089,0.0,0.0,0.09,0,4.76
2016-03-29,SKU-004,WH-TX1,SmartStock Optimized,34,0,0,0,34,0,0,0,0.089,0.0,0.0,0.09,0,4.76
2016-03-30,SKU-004,WH-TX1,SmartStock Optimized,34,0,0,0,34,0,0,0,0.089,0.0,0.0,0.09,0,4.76
2016-03-31,SKU-004,WH-TX1,SmartStock Optimized,34,0,0,0,34,0,0,0,0.089,0.0,0.0,0.09,0,4.76
2016-04-01,SKU-004,WH-TX1,SmartStock Optimized,34,0,0,0,34,0,0,0,0.089,0.0,0.0,0.09,0,4.76
2016-04-02,SKU-004,WH-TX1,SmartStock Optimized,34,0,0,0,34,0,0,0,0.089,0.0,0.0,0.09,0,4.76
2016-04-03,SKU-004,WH-TX1,SmartStock Optimized,34,0,0,0,34,0,0,0,0.089,0.0,0.0,0.09,0,4.76
2016-04-04,SKU-004,WH-TX1,SmartStock Optimized,34,0,0,0,34,0,0,0,0.089,0.0,0.0,0.09,0,4.76
2016-04-05,SKU-004,WH-TX1,SmartStock Optimized,34,0,0,0,34,0,0,0,0.089,0.0,0.0,0.09,0,4.76
2016-04-06,SKU-004,WH-TX1,SmartStock Optimized,34,0,0,0,34,0,0,0,0.089,0.0,0.0,0.09,0,4.76
2016-04-07,SKU-004,WH-TX1,SmartStock Optimized,34,0,0,0,34,0,0,0,0.089,0.0,0.0,0.09,0,4.76
2016-04-08,SKU-004,WH-TX1,SmartStock Optimized,34,0,0,0,34,0,0,0,0.089,0.0,0.0,0.09,0,4.76
2016-04-09,SKU-004,WH-TX1,SmartStock Optimized,34,0,0,0,34,0,0,0,0.089,0.0,0.0,0.09,0,4.76
2016-04-10,SKU-004,WH-TX1,SmartStock Optimized,34,0,0,0,34,0,0,0,0.089,0.0,0.0,0.09,0,4.76
2016-04-11,SKU-004,WH-TX1,SmartStock Optimized,34,0,0,0,34,0,0,0,0.089,0.0,0.0,0.09,0,4.76
2016-04-12,SKU-004,WH-TX1,SmartStock Optimized,34,0,0,0,34,0,0,0,0.089,0.0,0.0,0.09,0,4.76
2016-04-13,SKU-004,WH-TX1,SmartStock Optimized,34,0,0,0,34,0,0,0,0.089,0.0,0.0,0.09,0,4.76
2016-04-14,SKU-004,WH-TX1,SmartStock Optimized,34,0,0,0,34,0,0,0,0.089,0.0,0.0,0.09,0,4.76
2016-04-15,SKU-004,WH-TX1,SmartStock Optimized,34,0,0,0,34,0,0,0,0.089,0.0,0.0,0.09,0,4.76
2016-04-16,SKU-004,WH-TX1,SmartStock Optimized,34,0,0,0,34,0,0,0,0.089,0.0,0.0,0.09,0,4.76
2016-04-17,SKU-004,WH-TX1,SmartStock Optimized,34,0,0,0,34,0,0,0,0.089,0.0,0.0,0.09,0,4.76
2016-04-18,SKU-004,WH-TX1,SmartStock Optimized,34,0,0,0,34,0,0,0,0.089,0.0,0.0,0.09,0,4.76
2016-04-19,SKU-004,WH-TX1,SmartStock Optimized,34,0,0,0,34,0,0,0,0.089,0.0,0.0,0.09,0,4.76
2016-04-20,SKU-004,WH-TX1,SmartStock Optimized,34,0,0,0,34,0,0,0,0.089,0.0,0.0,0.09,0,4.76
2016-04-21,SKU-004,WH-TX1,SmartStock Optimized,34,0,0,0,34,0,0,0,0.089,0.0,0.0,0.09,0,4.76
2016-04-22,SKU-004,WH-TX1,SmartStock Optimized,34,0,0,0,34,0,0,0,0.089,0.0,0.0,0.09,0,4.76
2016-04-23,SKU-004,WH-TX1,SmartStock Optimized,34,0,0,0,34,0,0,0,0.089,0.0,0.0,0.09,0,4.76
2016-04-24,SKU-004,WH-TX1,SmartStock Optimized,34,0,0,0,34,0,0,0,0.089,0.0,0.0,0.09,0,4.76
2016-03-28,SKU-004,WH-WI1,SmartStock Optimized,30,0,0,0,30,0,0,0,0.086,0.0,0.0,0.09,0,4.76
2016-03-29,SKU-004,WH-WI1,SmartStock Optimized,30,0,0,0,30,0,0,0,0.086,0.0,0.0,0.09,0,4.76
2016-03-30,SKU-004,WH-WI1,SmartStock Optimized,30,0,0,0,30,0,0,0,0.086,0.0,0.0,0.09,0,4.76
2016-03-31,SKU-004,WH-WI1,SmartStock Optimized,30,0,0,0,30,0,0,0,0.086,0.0,0.0,0.09,0,4.76
2016-04-01,SKU-004,WH-WI1,SmartStock Optimized,30,0,0,0,30,0,0,0,0.086,0.0,0.0,0.09,0,4.76
2016-04-02,SKU-004,WH-WI1,SmartStock Optimized,30,0,0,0,30,0,0,0,0.086,0.0,0.0,0.09,0,4.76
2016-04-03,SKU-004,WH-WI1,SmartStock Optimized,30,0,0,0,30,0,0,0,0.086,0.0,0.0,0.09,0,4.76
2016-04-04,SKU-004,WH-WI1,SmartStock Optimized,30,0,0,0,30,0,0,0,0.086,0.0,0.0,0.09,0,4.76
2016-04-05,SKU-004,WH-WI1,SmartStock Optimized,30,0,0,0,30,0,0,0,0.086,0.0,0.0,0.09,0,4.76
2016-04-06,SKU-004,WH-WI1,SmartStock Optimized,30,0,0,0,30,0,0,0,0.086,0.0,0.0,0.09,0,4.76
2016-04-07,SKU-004,WH-WI1,SmartStock Optimized,30,0,0,0,30,0,0,0,0.086,0.0,0.0,0.09,0,4.76
2016-04-08,SKU-004,WH-WI1,SmartStock Optimized,30,0,0,0,30,0,0,0,0.086,0.0,0.0,0.09,0,4.76
2016-04-09,SKU-004,WH-WI1,SmartStock Optimized,30,0,0,0,30,0,0,0,0.086,0.0,0.0,0.09,0,4.76
2016-04-10,SKU-004,WH-WI1,SmartStock Optimized,30,0,0,0,30,0,0,0,0.086,0.0,0.0,0.09,0,4.76
2016-04-11,SKU-004,WH-WI1,SmartStock Optimized,30,0,0,0,30,0,0,0,0.086,0.0,0.0,0.09,0,4.76
2016-04-12,SKU-004,WH-WI1,SmartStock Optimized,30,0,0,0,30,0,0,0,0.086,0.0,0.0,0.09,0,4.76
2016-04-13,SKU-004,WH-WI1,SmartStock Optimized,30,0,0,0,30,0,0,0,0.086,0.0,0.0,0.09,0,4.76
2016-04-14,SKU-004,WH-WI1,SmartStock Optimized,30,0,0,0,30,0,0,0,0.086,0.0,0.0,0.09,0,4.76
2016-04-15,SKU-004,WH-WI1,SmartStock Optimized,30,0,0,0,30,0,0,0,0.086,0.0,0.0,0.09,0,4.76
2016-04-16,SKU-004,WH-WI1,SmartStock Optimized,30,0,0,0,30,0,0,0,0.086,0.0,0.0,0.09,0,4.76
2016-04-17,SKU-004,WH-WI1,SmartStock Optimized,30,0,0,0,30,0,0,0,0.086,0.0,0.0,0.09,0,4.76
2016-04-18,SKU-004,WH-WI1,SmartStock Optimized,30,0,0,0,30,0,0,0,0.086,0.0,0.0,0.09,0,4.76
2016-04-19,SKU-004,WH-WI1,SmartStock Optimized,30,0,0,0,30,0,0,0,0.086,0.0,0.0,0.09,0,4.76
2016-04-20,SKU-004,WH-WI1,SmartStock Optimized,30,0,0,0,30,0,0,0,0.086,0.0,0.0,0.09,0,4.76
2016-04-21,SKU-004,WH-WI1,SmartStock Optimized,30,0,0,0,30,0,0,0,0.086,0.0,0.0,0.09,0,4.76
2016-04-22,SKU-004,WH-WI1,SmartStock Optimized,30,0,0,0,30,0,0,0,0.086,0.0,0.0,0.09,0,4.76
2016-04-23,SKU-004,WH-WI1,SmartStock Optimized,30,0,0,0,30,0,0,0,0.086,0.0,0.0,0.09,0,4.76
2016-04-24,SKU-004,WH-WI1,SmartStock Optimized,30,0,0,0,30,0,0,0,0.086,0.0,0.0,0.09,0,4.76
2016-03-28,SKU-005,WH-CA1,SmartStock Optimized,180,18,18,0,162,1488,1488,0,0.2,75.0,0.0,75.2,0,1.8
2016-03-29,SKU-005,WH-CA1,SmartStock Optimized,162,19,19,0,143,1488,0,0,0.176,0.0,0.0,0.18,0,1.8
2016-03-30,SKU-005,WH-CA1,SmartStock Optimized,143,12,12,0,131,1488,0,0,0.162,0.0,0.0,0.16,0,1.8
2016-03-31,SKU-005,WH-CA1,SmartStock Optimized,131,13,13,0,118,1488,0,0,0.145,0.0,0.0,0.14,0,1.8
2016-04-01,SKU-005,WH-CA1,SmartStock Optimized,118,12,12,0,106,1488,0,0,0.131,0.0,0.0,0.13,0,1.8
2016-04-02,SKU-005,WH-CA1,SmartStock Optimized,106,24,24,0,82,1488,0,0,0.101,0.0,0.0,0.1,0,1.8
2016-04-03,SKU-005,WH-CA1,SmartStock Optimized,82,8,8,0,74,1488,0,0,0.091,0.0,0.0,0.09,0,1.8
2016-04-04,SKU-005,WH-CA1,SmartStock Optimized,74,15,15,0,59,1488,0,0,0.073,0.0,0.0,0.07,0,1.8
2016-04-05,SKU-005,WH-CA1,SmartStock Optimized,1547,23,23,0,1524,0,0,1488,1.879,0.0,0.0,1.88,0,1.8
2016-04-06,SKU-005,WH-CA1,SmartStock Optimized,1524,16,16,0,1508,0,0,0,1.859,0.0,0.0,1.86,0,1.8
2016-04-07,SKU-005,WH-CA1,SmartStock Optimized,1508,6,6,0,1502,0,0,0,1.852,0.0,0.0,1.85,0,1.8
2016-04-08,SKU-005,WH-CA1,SmartStock Optimized,1502,19,19,0,1483,0,0,0,1.828,0.0,0.0,1.83,0,1.8
2016-04-09,SKU-005,WH-CA1,SmartStock Optimized,1483,16,16,0,1467,0,0,0,1.809,0.0,0.0,1.81,0,1.8
2016-04-10,SKU-005,WH-CA1,SmartStock Optimized,1467,1,1,0,1466,0,0,0,1.807,0.0,0.0,1.81,0,1.8
2016-04-11,SKU-005,WH-CA1,SmartStock Optimized,1466,0,0,0,1466,0,0,0,1.807,0.0,0.0,1.81,0,1.8
2016-04-12,SKU-005,WH-CA1,SmartStock Optimized,1466,16,16,0,1450,0,0,0,1.788,0.0,0.0,1.79,0,1.8
2016-04-13,SKU-005,WH-CA1,SmartStock Optimized,1450,9,9,0,1441,0,0,0,1.777,0.0,0.0,1.78,0,1.8
2016-04-14,SKU-005,WH-CA1,SmartStock Optimized,1441,20,20,0,1421,0,0,0,1.752,0.0,0.0,1.75,0,1.8
2016-04-15,SKU-005,WH-CA1,SmartStock Optimized,1421,13,13,0,1408,0,0,0,1.736,0.0,0.0,1.74,0,1.8
2016-04-16,SKU-005,WH-CA1,SmartStock Optimized,1408,20,20,0,1388,0,0,0,1.711,0.0,0.0,1.71,0,1.8
2016-04-17,SKU-005,WH-CA1,SmartStock Optimized,1388,26,26,0,1362,0,0,0,1.679,0.0,0.0,1.68,0,1.8
2016-04-18,SKU-005,WH-CA1,SmartStock Optimized,1362,17,17,0,1345,0,0,0,1.658,0.0,0.0,1.66,0,1.8
2016-04-19,SKU-005,WH-CA1,SmartStock Optimized,1345,11,11,0,1334,0,0,0,1.645,0.0,0.0,1.65,0,1.8
2016-04-20,SKU-005,WH-CA1,SmartStock Optimized,1334,16,16,0,1318,0,0,0,1.625,0.0,0.0,1.62,0,1.8
2016-04-21,SKU-005,WH-CA1,SmartStock Optimized,1318,5,5,0,1313,0,0,0,1.619,0.0,0.0,1.62,0,1.8
2016-04-22,SKU-005,WH-CA1,SmartStock Optimized,1313,15,15,0,1298,0,0,0,1.6,0.0,0.0,1.6,0,1.8
2016-04-23,SKU-005,WH-CA1,SmartStock Optimized,1298,14,14,0,1284,0,0,0,1.583,0.0,0.0,1.58,0,1.8
2016-04-24,SKU-005,WH-CA1,SmartStock Optimized,1284,20,20,0,1264,0,0,0,1.558,0.0,0.0,1.56,0,1.8
2016-03-28,SKU-005,WH-TX1,SmartStock Optimized,90,9,9,0,81,1176,1176,0,0.08,75.0,0.0,75.08,0,1.8
2016-03-29,SKU-005,WH-TX1,SmartStock Optimized,81,3,3,0,78,1176,0,0,0.077,0.0,0.0,0.08,0,1.8
2016-03-30,SKU-005,WH-TX1,SmartStock Optimized,78,5,5,0,73,1176,0,0,0.072,0.0,0.0,0.07,0,1.8
2016-03-31,SKU-005,WH-TX1,SmartStock Optimized,73,6,6,0,67,1176,0,0,0.066,0.0,0.0,0.07,0,1.8
2016-04-01,SKU-005,WH-TX1,SmartStock Optimized,67,7,7,0,60,1176,0,0,0.059,0.0,0.0,0.06,0,1.8
2016-04-02,SKU-005,WH-TX1,SmartStock Optimized,60,8,8,0,52,1176,0,0,0.051,0.0,0.0,0.05,0,1.8
2016-04-03,SKU-005,WH-TX1,SmartStock Optimized,52,12,12,0,40,1176,0,0,0.039,0.0,0.0,0.04,0,1.8
2016-04-04,SKU-005,WH-TX1,SmartStock Optimized,40,6,6,0,34,1176,0,0,0.034,0.0,0.0,0.03,0,1.8
2016-04-05,SKU-005,WH-TX1,SmartStock Optimized,1210,10,10,0,1200,0,0,1176,1.184,0.0,0.0,1.18,0,1.8
2016-04-06,SKU-005,WH-TX1,SmartStock Optimized,1200,13,13,0,1187,0,0,0,1.171,0.0,0.0,1.17,0,1.8
2016-04-07,SKU-005,WH-TX1,SmartStock Optimized,1187,14,14,0,1173,0,0,0,1.157,0.0,0.0,1.16,0,1.8
2016-04-08,SKU-005,WH-TX1,SmartStock Optimized,1173,14,14,0,1159,0,0,0,1.143,0.0,0.0,1.14,0,1.8
2016-04-09,SKU-005,WH-TX1,SmartStock Optimized,1159,8,8,0,1151,0,0,0,1.135,0.0,0.0,1.14,0,1.8
2016-04-10,SKU-005,WH-TX1,SmartStock Optimized,1151,14,14,0,1137,0,0,0,1.121,0.0,0.0,1.12,0,1.8
2016-04-11,SKU-005,WH-TX1,SmartStock Optimized,1137,15,15,0,1122,0,0,0,1.107,0.0,0.0,1.11,0,1.8
2016-04-12,SKU-005,WH-TX1,SmartStock Optimized,1122,10,10,0,1112,0,0,0,1.097,0.0,0.0,1.1,0,1.8
2016-04-13,SKU-005,WH-TX1,SmartStock Optimized,1112,11,11,0,1101,0,0,0,1.086,0.0,0.0,1.09,0,1.8
2016-04-14,SKU-005,WH-TX1,SmartStock Optimized,1101,10,10,0,1091,0,0,0,1.076,0.0,0.0,1.08,0,1.8
2016-04-15,SKU-005,WH-TX1,SmartStock Optimized,1091,10,10,0,1081,0,0,0,1.066,0.0,0.0,1.07,0,1.8
2016-04-16,SKU-005,WH-TX1,SmartStock Optimized,1081,7,7,0,1074,0,0,0,1.059,0.0,0.0,1.06,0,1.8
2016-04-17,SKU-005,WH-TX1,SmartStock Optimized,1074,13,13,0,1061,0,0,0,1.046,0.0,0.0,1.05,0,1.8
2016-04-18,SKU-005,WH-TX1,SmartStock Optimized,1061,12,12,0,1049,0,0,0,1.035,0.0,0.0,1.03,0,1.8
2016-04-19,SKU-005,WH-TX1,SmartStock Optimized,1049,8,8,0,1041,0,0,0,1.027,0.0,0.0,1.03,0,1.8
2016-04-20,SKU-005,WH-TX1,SmartStock Optimized,1041,12,12,0,1029,0,0,0,1.015,0.0,0.0,1.01,0,1.8
2016-04-21,SKU-005,WH-TX1,SmartStock Optimized,1029,6,6,0,1023,0,0,0,1.009,0.0,0.0,1.01,0,1.8
2016-04-22,SKU-005,WH-TX1,SmartStock Optimized,1023,6,6,0,1017,0,0,0,1.003,0.0,0.0,1.0,0,1.8
2016-04-23,SKU-005,WH-TX1,SmartStock Optimized,1017,11,11,0,1006,0,0,0,0.992,0.0,0.0,0.99,0,1.8
2016-04-24,SKU-005,WH-TX1,SmartStock Optimized,1006,16,16,0,990,0,0,0,0.976,0.0,0.0,0.98,0,1.8
2016-03-28,SKU-005,WH-WI1,SmartStock Optimized,106,6,6,0,100,1200,1200,0,0.108,75.0,0.0,75.11,0,1.8
2016-03-29,SKU-005,WH-WI1,SmartStock Optimized,100,3,3,0,97,1200,0,0,0.105,0.0,0.0,0.1,0,1.8
2016-03-30,SKU-005,WH-WI1,SmartStock Optimized,97,8,8,0,89,1200,0,0,0.097,0.0,0.0,0.1,0,1.8
2016-03-31,SKU-005,WH-WI1,SmartStock Optimized,89,9,9,0,80,1200,0,0,0.087,0.0,0.0,0.09,0,1.8
2016-04-01,SKU-005,WH-WI1,SmartStock Optimized,80,7,7,0,73,1200,0,0,0.079,0.0,0.0,0.08,0,1.8
2016-04-02,SKU-005,WH-WI1,SmartStock Optimized,73,12,12,0,61,1200,0,0,0.066,0.0,0.0,0.07,0,1.8
2016-04-03,SKU-005,WH-WI1,SmartStock Optimized,61,14,14,0,47,1200,0,0,0.051,0.0,0.0,0.05,0,1.8
2016-04-04,SKU-005,WH-WI1,SmartStock Optimized,47,5,5,0,42,1200,0,0,0.046,0.0,0.0,0.05,0,1.8
2016-04-05,SKU-005,WH-WI1,SmartStock Optimized,42,7,7,0,35,1200,0,0,0.038,0.0,0.0,0.04,0,1.8
2016-04-06,SKU-005,WH-WI1,SmartStock Optimized,35,9,9,0,26,1200,0,0,0.028,0.0,0.0,0.03,0,1.8
2016-04-07,SKU-005,WH-WI1,SmartStock Optimized,1226,12,12,0,1214,0,0,1200,1.317,0.0,0.0,1.32,0,1.8
2016-04-08,SKU-005,WH-WI1,SmartStock Optimized,1214,10,10,0,1204,0,0,0,1.306,0.0,0.0,1.31,0,1.8
2016-04-09,SKU-005,WH-WI1,SmartStock Optimized,1204,13,13,0,1191,0,0,0,1.292,0.0,0.0,1.29,0,1.8
2016-04-10,SKU-005,WH-WI1,SmartStock Optimized,1191,12,12,0,1179,0,0,0,1.279,0.0,0.0,1.28,0,1.8
2016-04-11,SKU-005,WH-WI1,SmartStock Optimized,1179,9,9,0,1170,0,0,0,1.269,0.0,0.0,1.27,0,1.8
2016-04-12,SKU-005,WH-WI1,SmartStock Optimized,1170,11,11,0,1159,0,0,0,1.257,0.0,0.0,1.26,0,1.8
2016-04-13,SKU-005,WH-WI1,SmartStock Optimized,1159,11,11,0,1148,0,0,0,1.246,0.0,0.0,1.25,0,1.8
2016-04-14,SKU-005,WH-WI1,SmartStock Optimized,1148,6,6,0,1142,0,0,0,1.239,0.0,0.0,1.24,0,1.8
2016-04-15,SKU-005,WH-WI1,SmartStock Optimized,1142,6,6,0,1136,0,0,0,1.232,0.0,0.0,1.23,0,1.8
2016-04-16,SKU-005,WH-WI1,SmartStock Optimized,1136,13,13,0,1123,0,0,0,1.218,0.0,0.0,1.22,0,1.8
2016-04-17,SKU-005,WH-WI1,SmartStock Optimized,1123,4,4,0,1119,0,0,0,1.214,0.0,0.0,1.21,0,1.8
2016-04-18,SKU-005,WH-WI1,SmartStock Optimized,1119,7,7,0,1112,0,0,0,1.206,0.0,0.0,1.21,0,1.8
2016-04-19,SKU-005,WH-WI1,SmartStock Optimized,1112,5,5,0,1107,0,0,0,1.201,0.0,0.0,1.2,0,1.8
2016-04-20,SKU-005,WH-WI1,SmartStock Optimized,1107,10,10,0,1097,0,0,0,1.19,0.0,0.0,1.19,0,1.8
2016-04-21,SKU-005,WH-WI1,SmartStock Optimized,1097,6,6,0,1091,0,0,0,1.184,0.0,0.0,1.18,0,1.8
2016-04-22,SKU-005,WH-WI1,SmartStock Optimized,1091,13,13,0,1078,0,0,0,1.17,0.0,0.0,1.17,0,1.8
2016-04-23,SKU-005,WH-WI1,SmartStock Optimized,1078,5,5,0,1073,0,0,0,1.164,0.0,0.0,1.16,0,1.8
2016-04-24,SKU-005,WH-WI1,SmartStock Optimized,1073,11,11,0,1062,0,0,0,1.152,0.0,0.0,1.15,0,1.8
2016-03-28,SKU-006,WH-CA1,SmartStock Optimized,79,13,13,0,66,0,0,0,0.034,0.0,0.0,0.03,0,0.76
2016-03-29,SKU-006,WH-CA1,SmartStock Optimized,66,9,9,0,57,1440,1440,0,0.03,75.0,0.0,75.03,0,0.76
2016-03-30,SKU-006,WH-CA1,SmartStock Optimized,57,9,9,0,48,1440,0,0,0.025,0.0,0.0,0.03,0,0.76
2016-03-31,SKU-006,WH-CA1,SmartStock Optimized,48,11,11,0,37,1440,0,0,0.019,0.0,0.0,0.02,0,0.76
2016-04-01,SKU-006,WH-CA1,SmartStock Optimized,37,13,13,0,24,1440,0,0,0.012,0.0,0.0,0.01,0,0.76
2016-04-02,SKU-006,WH-CA1,SmartStock Optimized,24,14,14,0,10,1440,0,0,0.005,0.0,0.0,0.01,0,0.76
2016-04-03,SKU-006,WH-CA1,SmartStock Optimized,1450,12,12,0,1438,0,0,1440,0.749,0.0,0.0,0.75,0,0.76
2016-04-04,SKU-006,WH-CA1,SmartStock Optimized,1438,13,13,0,1425,0,0,0,0.742,0.0,0.0,0.74,0,0.76
2016-04-05,SKU-006,WH-CA1,SmartStock Optimized,1425,6,6,0,1419,0,0,0,0.739,0.0,0.0,0.74,0,0.76
2016-04-06,SKU-006,WH-CA1,SmartStock Optimized,1419,5,5,0,1414,0,0,0,0.736,0.0,0.0,0.74,0,0.76
2016-04-07,SKU-006,WH-CA1,SmartStock Optimized,1414,3,3,0,1411,0,0,0,0.734,0.0,0.0,0.73,0,0.76
2016-04-08,SKU-006,WH-CA1,SmartStock Optimized,1411,9,9,0,1402,0,0,0,0.73,0.0,0.0,0.73,0,0.76
2016-04-09,SKU-006,WH-CA1,SmartStock Optimized,1402,15,15,0,1387,0,0,0,0.722,0.0,0.0,0.72,0,0.76
2016-04-10,SKU-006,WH-CA1,SmartStock Optimized,1387,13,13,0,1374,0,0,0,0.715,0.0,0.0,0.71,0,0.76
2016-04-11,SKU-006,WH-CA1,SmartStock Optimized,1374,8,8,0,1366,0,0,0,0.711,0.0,0.0,0.71,0,0.76
2016-04-12,SKU-006,WH-CA1,SmartStock Optimized,1366,5,5,0,1361,0,0,0,0.708,0.0,0.0,0.71,0,0.76
2016-04-13,SKU-006,WH-CA1,SmartStock Optimized,1361,10,10,0,1351,0,0,0,0.703,0.0,0.0,0.7,0,0.76
2016-04-14,SKU-006,WH-CA1,SmartStock Optimized,1351,7,7,0,1344,0,0,0,0.7,0.0,0.0,0.7,0,0.76
2016-04-15,SKU-006,WH-CA1,SmartStock Optimized,1344,3,3,0,1341,0,0,0,0.698,0.0,0.0,0.7,0,0.76
2016-04-16,SKU-006,WH-CA1,SmartStock Optimized,1341,11,11,0,1330,0,0,0,0.692,0.0,0.0,0.69,0,0.76
2016-04-17,SKU-006,WH-CA1,SmartStock Optimized,1330,17,17,0,1313,0,0,0,0.683,0.0,0.0,0.68,0,0.76
2016-04-18,SKU-006,WH-CA1,SmartStock Optimized,1313,18,18,0,1295,0,0,0,0.674,0.0,0.0,0.67,0,0.76
2016-04-19,SKU-006,WH-CA1,SmartStock Optimized,1295,8,8,0,1287,0,0,0,0.67,0.0,0.0,0.67,0,0.76
2016-04-20,SKU-006,WH-CA1,SmartStock Optimized,1287,20,20,0,1267,0,0,0,0.66,0.0,0.0,0.66,0,0.76
2016-04-21,SKU-006,WH-CA1,SmartStock Optimized,1267,8,8,0,1259,0,0,0,0.655,0.0,0.0,0.66,0,0.76
2016-04-22,SKU-006,WH-CA1,SmartStock Optimized,1259,6,6,0,1253,0,0,0,0.652,0.0,0.0,0.65,0,0.76
2016-04-23,SKU-006,WH-CA1,SmartStock Optimized,1253,18,18,0,1235,0,0,0,0.643,0.0,0.0,0.64,0,0.76
2016-04-24,SKU-006,WH-CA1,SmartStock Optimized,1235,31,31,0,1204,0,0,0,0.627,0.0,0.0,0.63,0,0.76
2016-03-28,SKU-006,WH-TX1,SmartStock Optimized,28,2,2,0,26,0,0,0,0.011,0.0,0.0,0.01,0,0.76
2016-03-29,SKU-006,WH-TX1,SmartStock Optimized,26,1,1,0,25,0,0,0,0.01,0.0,0.0,0.01,0,0.76
2016-03-30,SKU-006,WH-TX1,SmartStock Optimized,25,2,2,0,23,840,840,0,0.01,75.0,0.0,75.01,0,0.76
2016-03-31,SKU-006,WH-TX1,SmartStock Optimized,23,0,0,0,23,840,0,0,0.01,0.0,0.0,0.01,0,0.76
2016-04-01,SKU-006,WH-TX1,SmartStock Optimized,23,1,1,0,22,840,0,0,0.009,0.0,0.0,0.01,0,0.76
2016-04-02,SKU-006,WH-TX1,SmartStock Optimized,22,0,0,0,22,840,0,0,0.009,0.0,0.0,0.01,0,0.76
2016-04-03,SKU-006,WH-TX1,SmartStock Optimized,862,5,5,0,857,0,0,840,0.357,0.0,0.0,0.36,0,0.76
2016-04-04,SKU-006,WH-TX1,SmartStock Optimized,857,2,2,0,855,0,0,0,0.356,0.0,0.0,0.36,0,0.76
2016-04-05,SKU-006,WH-TX1,SmartStock Optimized,855,2,2,0,853,0,0,0,0.355,0.0,0.0,0.35,0,0.76
2016-04-06,SKU-006,WH-TX1,SmartStock Optimized,853,5,5,0,848,0,0,0,0.353,0.0,0.0,0.35,0,0.76
2016-04-07,SKU-006,WH-TX1,SmartStock Optimized,848,1,1,0,847,0,0,0,0.353,0.0,0.0,0.35,0,0.76
2016-04-08,SKU-006,WH-TX1,SmartStock Optimized,847,1,1,0,846,0,0,0,0.352,0.0,0.0,0.35,0,0.76
2016-04-09,SKU-006,WH-TX1,SmartStock Optimized,846,4,4,0,842,0,0,0,0.351,0.0,0.0,0.35,0,0.76
2016-04-10,SKU-006,WH-TX1,SmartStock Optimized,842,8,8,0,834,0,0,0,0.347,0.0,0.0,0.35,0,0.76
2016-04-11,SKU-006,WH-TX1,SmartStock Optimized,834,1,1,0,833,0,0,0,0.347,0.0,0.0,0.35,0,0.76
2016-04-12,SKU-006,WH-TX1,SmartStock Optimized,833,2,2,0,831,0,0,0,0.346,0.0,0.0,0.35,0,0.76
2016-04-13,SKU-006,WH-TX1,SmartStock Optimized,831,1,1,0,830,0,0,0,0.346,0.0,0.0,0.35,0,0.76
2016-04-14,SKU-006,WH-TX1,SmartStock Optimized,830,12,12,0,818,0,0,0,0.341,0.0,0.0,0.34,0,0.76
2016-04-15,SKU-006,WH-TX1,SmartStock Optimized,818,0,0,0,818,0,0,0,0.341,0.0,0.0,0.34,0,0.76
2016-04-16,SKU-006,WH-TX1,SmartStock Optimized,818,4,4,0,814,0,0,0,0.339,0.0,0.0,0.34,0,0.76
2016-04-17,SKU-006,WH-TX1,SmartStock Optimized,814,3,3,0,811,0,0,0,0.338,0.0,0.0,0.34,0,0.76
2016-04-18,SKU-006,WH-TX1,SmartStock Optimized,811,1,1,0,810,0,0,0,0.337,0.0,0.0,0.34,0,0.76
2016-04-19,SKU-006,WH-TX1,SmartStock Optimized,810,1,1,0,809,0,0,0,0.337,0.0,0.0,0.34,0,0.76
2016-04-20,SKU-006,WH-TX1,SmartStock Optimized,809,0,0,0,809,0,0,0,0.337,0.0,0.0,0.34,0,0.76
2016-04-21,SKU-006,WH-TX1,SmartStock Optimized,809,0,0,0,809,0,0,0,0.337,0.0,0.0,0.34,0,0.76
2016-04-22,SKU-006,WH-TX1,SmartStock Optimized,809,0,0,0,809,0,0,0,0.337,0.0,0.0,0.34,0,0.76
2016-04-23,SKU-006,WH-TX1,SmartStock Optimized,809,5,5,0,804,0,0,0,0.335,0.0,0.0,0.34,0,0.76
2016-04-24,SKU-006,WH-TX1,SmartStock Optimized,804,0,0,0,804,0,0,0,0.335,0.0,0.0,0.34,0,0.76
2016-03-28,SKU-006,WH-WI1,SmartStock Optimized,39,2,2,0,37,0,0,0,0.017,0.0,0.0,0.02,0,0.76
2016-03-29,SKU-006,WH-WI1,SmartStock Optimized,37,3,3,0,34,0,0,0,0.016,0.0,0.0,0.02,0,0.76
2016-03-30,SKU-006,WH-WI1,SmartStock Optimized,34,4,4,0,30,1056,1056,0,0.014,75.0,0.0,75.01,0,0.76
2016-03-31,SKU-006,WH-WI1,SmartStock Optimized,30,1,1,0,29,1056,0,0,0.013,0.0,0.0,0.01,0,0.76
2016-04-01,SKU-006,WH-WI1,SmartStock Optimized,29,1,1,0,28,1056,0,0,0.013,0.0,0.0,0.01,0,0.76
2016-04-02,SKU-006,WH-WI1,SmartStock Optimized,28,3,3,0,25,1056,0,0,0.011,0.0,0.0,0.01,0,0.76
2016-04-03,SKU-006,WH-WI1,SmartStock Optimized,1081,0,0,0,1081,0,0,1056,0.495,0.0,0.0,0.49,0,0.76
2016-04-04,SKU-006,WH-WI1,SmartStock Optimized,1081,0,0,0,1081,0,0,0,0.495,0.0,0.0,0.49,0,0.76
2016-04-05,SKU-006,WH-WI1,SmartStock Optimized,1081,0,0,0,1081,0,0,0,0.495,0.0,0.0,0.49,0,0.76
2016-04-06,SKU-006,WH-WI1,SmartStock Optimized,1081,5,5,0,1076,0,0,0,0.493,0.0,0.0,0.49,0,0.76
2016-04-07,SKU-006,WH-WI1,SmartStock Optimized,1076,0,0,0,1076,0,0,0,0.493,0.0,0.0,0.49,0,0.76
2016-04-08,SKU-006,WH-WI1,SmartStock Optimized,1076,4,4,0,1072,0,0,0,0.491,0.0,0.0,0.49,0,0.76
2016-04-09,SKU-006,WH-WI1,SmartStock Optimized,1072,7,7,0,1065,0,0,0,0.488,0.0,0.0,0.49,0,0.76
2016-04-10,SKU-006,WH-WI1,SmartStock Optimized,1065,8,8,0,1057,0,0,0,0.484,0.0,0.0,0.48,0,0.76
2016-04-11,SKU-006,WH-WI1,SmartStock Optimized,1057,11,11,0,1046,0,0,0,0.479,0.0,0.0,0.48,0,0.76
2016-04-12,SKU-006,WH-WI1,SmartStock Optimized,1046,0,0,0,1046,0,0,0,0.479,0.0,0.0,0.48,0,0.76
2016-04-13,SKU-006,WH-WI1,SmartStock Optimized,1046,5,5,0,1041,0,0,0,0.477,0.0,0.0,0.48,0,0.76
2016-04-14,SKU-006,WH-WI1,SmartStock Optimized,1041,2,2,0,1039,0,0,0,0.476,0.0,0.0,0.48,0,0.76
2016-04-15,SKU-006,WH-WI1,SmartStock Optimized,1039,0,0,0,1039,0,0,0,0.476,0.0,0.0,0.48,0,0.76
2016-04-16,SKU-006,WH-WI1,SmartStock Optimized,1039,5,5,0,1034,0,0,0,0.474,0.0,0.0,0.47,0,0.76
2016-04-17,SKU-006,WH-WI1,SmartStock Optimized,1034,11,11,0,1023,0,0,0,0.469,0.0,0.0,0.47,0,0.76
2016-04-18,SKU-006,WH-WI1,SmartStock Optimized,1023,2,2,0,1021,0,0,0,0.468,0.0,0.0,0.47,0,0.76
2016-04-19,SKU-006,WH-WI1,SmartStock Optimized,1021,1,1,0,1020,0,0,0,0.467,0.0,0.0,0.47,0,0.76
2016-04-20,SKU-006,WH-WI1,SmartStock Optimized,1020,3,3,0,1017,0,0,0,0.466,0.0,0.0,0.47,0,0.76
2016-04-21,SKU-006,WH-WI1,SmartStock Optimized,1017,1,1,0,1016,0,0,0,0.465,0.0,0.0,0.47,0,0.76
2016-04-22,SKU-006,WH-WI1,SmartStock Optimized,1016,3,3,0,1013,0,0,0,0.464,0.0,0.0,0.46,0,0.76
2016-04-23,SKU-006,WH-WI1,SmartStock Optimized,1013,8,8,0,1005,0,0,0,0.46,0.0,0.0,0.46,0,0.76
2016-04-24,SKU-006,WH-WI1,SmartStock Optimized,1005,8,8,0,997,0,0,0,0.457,0.0,0.0,0.46,0,0.76
2016-03-28,SKU-007,WH-CA1,SmartStock Optimized,36,3,3,0,33,0,0,0,0.053,0.0,0.0,0.05,0,2.36
2016-03-29,SKU-007,WH-CA1,SmartStock Optimized,33,5,5,0,28,0,0,0,0.045,0.0,0.0,0.04,0,2.36
2016-03-30,SKU-007,WH-CA1,SmartStock Optimized,28,1,1,0,27,0,0,0,0.044,0.0,0.0,0.04,0,2.36
2016-03-31,SKU-007,WH-CA1,SmartStock Optimized,27,2,2,0,25,600,600,0,0.04,75.0,0.0,75.04,0,2.36
2016-04-01,SKU-007,WH-CA1,SmartStock Optimized,25,5,5,0,20,600,0,0,0.032,0.0,0.0,0.03,0,2.36
2016-04-02,SKU-007,WH-CA1,SmartStock Optimized,20,7,7,0,13,600,0,0,0.021,0.0,0.0,0.02,0,2.36
2016-04-03,SKU-007,WH-CA1,SmartStock Optimized,613,2,2,0,611,0,0,600,0.988,0.0,0.0,0.99,0,2.36
2016-04-04,SKU-007,WH-CA1,SmartStock Optimized,611,7,7,0,604,0,0,0,0.976,0.0,0.0,0.98,0,2.36
2016-04-05,SKU-007,WH-CA1,SmartStock Optimized,604,3,3,0,601,0,0,0,0.971,0.0,0.0,0.97,0,2.36
2016-04-06,SKU-007,WH-CA1,SmartStock Optimized,601,2,2,0,599,0,0,0,0.968,0.0,0.0,0.97,0,2.36
2016-04-07,SKU-007,WH-CA1,SmartStock Optimized,599,5,5,0,594,0,0,0,0.96,0.0,0.0,0.96,0,2.36
2016-04-08,SKU-007,WH-CA1,SmartStock Optimized,594,5,5,0,589,0,0,0,0.952,0.0,0.0,0.95,0,2.36
2016-04-09,SKU-007,WH-CA1,SmartStock Optimized,589,2,2,0,587,0,0,0,0.949,0.0,0.0,0.95,0,2.36
2016-04-10,SKU-007,WH-CA1,SmartStock Optimized,587,7,7,0,580,0,0,0,0.938,0.0,0.0,0.94,0,2.36
2016-04-11,SKU-007,WH-CA1,SmartStock Optimized,580,11,11,0,569,0,0,0,0.92,0.0,0.0,0.92,0,2.36
2016-04-12,SKU-007,WH-CA1,SmartStock Optimized,569,5,5,0,564,0,0,0,0.912,0.0,0.0,0.91,0,2.36
2016-04-13,SKU-007,WH-CA1,SmartStock Optimized,564,0,0,0,564,0,0,0,0.912,0.0,0.0,0.91,0,2.36
2016-04-14,SKU-007,WH-CA1,SmartStock Optimized,564,0,0,0,564,0,0,0,0.912,0.0,0.0,0.91,0,2.36
2016-04-15,SKU-007,WH-CA1,SmartStock Optimized,564,3,3,0,561,0,0,0,0.907,0.0,0.0,0.91,0,2.36
2016-04-16,SKU-007,WH-CA1,SmartStock Optimized,561,3,3,0,558,0,0,0,0.902,0.0,0.0,0.9,0,2.36
2016-04-17,SKU-007,WH-CA1,SmartStock Optimized,558,11,11,0,547,0,0,0,0.884,0.0,0.0,0.88,0,2.36
2016-04-18,SKU-007,WH-CA1,SmartStock Optimized,547,5,5,0,542,0,0,0,0.876,0.0,0.0,0.88,0,2.36
2016-04-19,SKU-007,WH-CA1,SmartStock Optimized,542,0,0,0,542,0,0,0,0.876,0.0,0.0,0.88,0,2.36
2016-04-20,SKU-007,WH-CA1,SmartStock Optimized,542,4,4,0,538,0,0,0,0.87,0.0,0.0,0.87,0,2.36
2016-04-21,SKU-007,WH-CA1,SmartStock Optimized,538,5,5,0,533,0,0,0,0.862,0.0,0.0,0.86,0,2.36
2016-04-22,SKU-007,WH-CA1,SmartStock Optimized,533,4,4,0,529,0,0,0,0.855,0.0,0.0,0.85,0,2.36
2016-04-23,SKU-007,WH-CA1,SmartStock Optimized,529,1,1,0,528,0,0,0,0.853,0.0,0.0,0.85,0,2.36
2016-04-24,SKU-007,WH-CA1,SmartStock Optimized,528,9,9,0,519,0,0,0,0.839,0.0,0.0,0.84,0,2.36
2016-03-28,SKU-007,WH-TX1,SmartStock Optimized,36,8,8,0,28,0,0,0,0.036,0.0,0.0,0.04,0,2.36
2016-03-29,SKU-007,WH-TX1,SmartStock Optimized,28,1,1,0,27,0,0,0,0.035,0.0,0.0,0.04,0,2.36
2016-03-30,SKU-007,WH-TX1,SmartStock Optimized,27,2,2,0,25,648,648,0,0.032,75.0,0.0,75.03,0,2.36
2016-03-31,SKU-007,WH-TX1,SmartStock Optimized,25,0,0,0,25,648,0,0,0.032,0.0,0.0,0.03,0,2.36
2016-04-01,SKU-007,WH-TX1,SmartStock Optimized,25,6,6,0,19,648,0,0,0.025,0.0,0.0,0.03,0,2.36
2016-04-02,SKU-007,WH-TX1,SmartStock Optimized,19,6,6,0,13,648,0,0,0.017,0.0,0.0,0.02,0,2.36
2016-04-03,SKU-007,WH-TX1,SmartStock Optimized,661,0,0,0,661,0,0,648,0.855,0.0,0.0,0.85,0,2.36
2016-04-04,SKU-007,WH-TX1,SmartStock Optimized,661,7,7,0,654,0,0,0,0.846,0.0,0.0,0.85,0,2.36
2016-04-05,SKU-007,WH-TX1,SmartStock Optimized,654,4,4,0,650,0,0,0,0.841,0.0,0.0,0.84,0,2.36
2016-04-06,SKU-007,WH-TX1,SmartStock Optimized,650,1,1,0,649,0,0,0,0.839,0.0,0.0,0.84,0,2.36
2016-04-07,SKU-007,WH-TX1,SmartStock Optimized,649,8,8,0,641,0,0,0,0.829,0.0,0.0,0.83,0,2.36
2016-04-08,SKU-007,WH-TX1,SmartStock Optimized,641,4,4,0,637,0,0,0,0.824,0.0,0.0,0.82,0,2.36
2016-04-09,SKU-007,WH-TX1,SmartStock Optimized,637,5,5,0,632,0,0,0,0.817,0.0,0.0,0.82,0,2.36
2016-04-10,SKU-007,WH-TX1,SmartStock Optimized,632,6,6,0,626,0,0,0,0.81,0.0,0.0,0.81,0,2.36
2016-04-11,SKU-007,WH-TX1,SmartStock Optimized,626,1,1,0,625,0,0,0,0.808,0.0,0.0,0.81,0,2.36
2016-04-12,SKU-007,WH-TX1,SmartStock Optimized,625,0,0,0,625,0,0,0,0.808,0.0,0.0,0.81,0,2.36
2016-04-13,SKU-007,WH-TX1,SmartStock Optimized,625,8,8,0,617,0,0,0,0.798,0.0,0.0,0.8,0,2.36
2016-04-14,SKU-007,WH-TX1,SmartStock Optimized,617,2,2,0,615,0,0,0,0.795,0.0,0.0,0.8,0,2.36
2016-04-15,SKU-007,WH-TX1,SmartStock Optimized,615,2,2,0,613,0,0,0,0.793,0.0,0.0,0.79,0,2.36
2016-04-16,SKU-007,WH-TX1,SmartStock Optimized,613,5,5,0,608,0,0,0,0.786,0.0,0.0,0.79,0,2.36
2016-04-17,SKU-007,WH-TX1,SmartStock Optimized,608,4,4,0,604,0,0,0,0.781,0.0,0.0,0.78,0,2.36
2016-04-18,SKU-007,WH-TX1,SmartStock Optimized,604,2,2,0,602,0,0,0,0.778,0.0,0.0,0.78,0,2.36
2016-04-19,SKU-007,WH-TX1,SmartStock Optimized,602,0,0,0,602,0,0,0,0.778,0.0,0.0,0.78,0,2.36
2016-04-20,SKU-007,WH-TX1,SmartStock Optimized,602,0,0,0,602,0,0,0,0.778,0.0,0.0,0.78,0,2.36
2016-04-21,SKU-007,WH-TX1,SmartStock Optimized,602,2,2,0,600,0,0,0,0.776,0.0,0.0,0.78,0,2.36
2016-04-22,SKU-007,WH-TX1,SmartStock Optimized,600,10,10,0,590,0,0,0,0.763,0.0,0.0,0.76,0,2.36
2016-04-23,SKU-007,WH-TX1,SmartStock Optimized,590,0,0,0,590,0,0,0,0.763,0.0,0.0,0.76,0,2.36
2016-04-24,SKU-007,WH-TX1,SmartStock Optimized,590,0,0,0,590,0,0,0,0.763,0.0,0.0,0.76,0,2.36
2016-03-28,SKU-007,WH-WI1,SmartStock Optimized,21,0,0,0,21,0,0,0,0.03,0.0,0.0,0.03,0,2.36
2016-03-29,SKU-007,WH-WI1,SmartStock Optimized,21,0,0,0,21,0,0,0,0.03,0.0,0.0,0.03,0,2.36
2016-03-30,SKU-007,WH-WI1,SmartStock Optimized,21,4,4,0,17,0,0,0,0.024,0.0,0.0,0.02,0,2.36
2016-03-31,SKU-007,WH-WI1,SmartStock Optimized,17,2,2,0,15,480,480,0,0.021,75.0,0.0,75.02,0,2.36
2016-04-01,SKU-007,WH-WI1,SmartStock Optimized,15,1,1,0,14,480,0,0,0.02,0.0,0.0,0.02,0,2.36
2016-04-02,SKU-007,WH-WI1,SmartStock Optimized,14,3,3,0,11,480,0,0,0.016,0.0,0.0,0.02,0,2.36
2016-04-03,SKU-007,WH-WI1,SmartStock Optimized,11,4,4,0,7,480,0,0,0.01,0.0,0.0,0.01,0,2.36
2016-04-04,SKU-007,WH-WI1,SmartStock Optimized,487,2,2,0,485,0,0,480,0.69,0.0,0.0,0.69,0,2.36
2016-04-05,SKU-007,WH-WI1,SmartStock Optimized,485,2,2,0,483,0,0,0,0.687,0.0,0.0,0.69,0,2.36
2016-04-06,SKU-007,WH-WI1,SmartStock Optimized,483,2,2,0,481,0,0,0,0.684,0.0,0.0,0.68,0,2.36
2016-04-07,SKU-007,WH-WI1,SmartStock Optimized,481,1,1,0,480,0,0,0,0.683,0.0,0.0,0.68,0,2.36
2016-04-08,SKU-007,WH-WI1,SmartStock Optimized,480,5,5,0,475,0,0,0,0.676,0.0,0.0,0.68,0,2.36
2016-04-09,SKU-007,WH-WI1,SmartStock Optimized,475,2,2,0,473,0,0,0,0.673,0.0,0.0,0.67,0,2.36
2016-04-10,SKU-007,WH-WI1,SmartStock Optimized,473,6,6,0,467,0,0,0,0.664,0.0,0.0,0.66,0,2.36
2016-04-11,SKU-007,WH-WI1,SmartStock Optimized,467,2,2,0,465,0,0,0,0.661,0.0,0.0,0.66,0,2.36
2016-04-12,SKU-007,WH-WI1,SmartStock Optimized,465,1,1,0,464,0,0,0,0.66,0.0,0.0,0.66,0,2.36
2016-04-13,SKU-007,WH-WI1,SmartStock Optimized,464,3,3,0,461,0,0,0,0.656,0.0,0.0,0.66,0,2.36
2016-04-14,SKU-007,WH-WI1,SmartStock Optimized,461,3,3,0,458,0,0,0,0.651,0.0,0.0,0.65,0,2.36
2016-04-15,SKU-007,WH-WI1,SmartStock Optimized,458,3,3,0,455,0,0,0,0.647,0.0,0.0,0.65,0,2.36
2016-04-16,SKU-007,WH-WI1,SmartStock Optimized,455,7,7,0,448,0,0,0,0.637,0.0,0.0,0.64,0,2.36
2016-04-17,SKU-007,WH-WI1,SmartStock Optimized,448,4,4,0,444,0,0,0,0.632,0.0,0.0,0.63,0,2.36
2016-04-18,SKU-007,WH-WI1,SmartStock Optimized,444,3,3,0,441,0,0,0,0.627,0.0,0.0,0.63,0,2.36
2016-04-19,SKU-007,WH-WI1,SmartStock Optimized,441,1,1,0,440,0,0,0,0.626,0.0,0.0,0.63,0,2.36
2016-04-20,SKU-007,WH-WI1,SmartStock Optimized,440,0,0,0,440,0,0,0,0.626,0.0,0.0,0.63,0,2.36
2016-04-21,SKU-007,WH-WI1,SmartStock Optimized,440,4,4,0,436,0,0,0,0.62,0.0,0.0,0.62,0,2.36
2016-04-22,SKU-007,WH-WI1,SmartStock Optimized,436,5,5,0,431,0,0,0,0.613,0.0,0.0,0.61,0,2.36
2016-04-23,SKU-007,WH-WI1,SmartStock Optimized,431,3,3,0,428,0,0,0,0.609,0.0,0.0,0.61,0,2.36
2016-04-24,SKU-007,WH-WI1,SmartStock Optimized,428,3,3,0,425,0,0,0,0.605,0.0,0.0,0.6,0,2.36
2016-03-28,SKU-008,WH-CA1,SmartStock Optimized,49,0,0,0,49,840,840,0,0.047,75.0,0.0,75.05,0,1.41
2016-03-29,SKU-008,WH-CA1,SmartStock Optimized,49,0,0,0,49,840,0,0,0.047,0.0,0.0,0.05,0,1.41
2016-03-30,SKU-008,WH-CA1,SmartStock Optimized,49,4,4,0,45,840,0,0,0.043,0.0,0.0,0.04,0,1.41
2016-03-31,SKU-008,WH-CA1,SmartStock Optimized,45,4,4,0,41,840,0,0,0.04,0.0,0.0,0.04,0,1.41
2016-04-01,SKU-008,WH-CA1,SmartStock Optimized,41,4,4,0,37,840,0,0,0.036,0.0,0.0,0.04,0,1.41
2016-04-02,SKU-008,WH-CA1,SmartStock Optimized,37,4,4,0,33,840,0,0,0.032,0.0,0.0,0.03,0,1.41
2016-04-03,SKU-008,WH-CA1,SmartStock Optimized,33,2,2,0,31,840,0,0,0.03,0.0,0.0,0.03,0,1.41
2016-04-04,SKU-008,WH-CA1,SmartStock Optimized,871,4,4,0,867,0,0,840,0.837,0.0,0.0,0.84,0,1.41
2016-04-05,SKU-008,WH-CA1,SmartStock Optimized,867,1,1,0,866,0,0,0,0.836,0.0,0.0,0.84,0,1.41
2016-04-06,SKU-008,WH-CA1,SmartStock Optimized,866,7,7,0,859,0,0,0,0.83,0.0,0.0,0.83,0,1.41
2016-04-07,SKU-008,WH-CA1,SmartStock Optimized,859,0,0,0,859,0,0,0,0.83,0.0,0.0,0.83,0,1.41
2016-04-08,SKU-008,WH-CA1,SmartStock Optimized,859,3,3,0,856,0,0,0,0.827,0.0,0.0,0.83,0,1.41
2016-04-09,SKU-008,WH-CA1,SmartStock Optimized,856,4,4,0,852,0,0,0,0.823,0.0,0.0,0.82,0,1.41
2016-04-10,SKU-008,WH-CA1,SmartStock Optimized,852,2,2,0,850,0,0,0,0.821,0.0,0.0,0.82,0,1.41
2016-04-11,SKU-008,WH-CA1,SmartStock Optimized,850,2,2,0,848,0,0,0,0.819,0.0,0.0,0.82,0,1.41
2016-04-12,SKU-008,WH-CA1,SmartStock Optimized,848,5,5,0,843,0,0,0,0.814,0.0,0.0,0.81,0,1.41
2016-04-13,SKU-008,WH-CA1,SmartStock Optimized,843,3,3,0,840,0,0,0,0.811,0.0,0.0,0.81,0,1.41
2016-04-14,SKU-008,WH-CA1,SmartStock Optimized,840,4,4,0,836,0,0,0,0.807,0.0,0.0,0.81,0,1.41
2016-04-15,SKU-008,WH-CA1,SmartStock Optimized,836,7,7,0,829,0,0,0,0.801,0.0,0.0,0.8,0,1.41
2016-04-16,SKU-008,WH-CA1,SmartStock Optimized,829,9,9,0,820,0,0,0,0.792,0.0,0.0,0.79,0,1.41
2016-04-17,SKU-008,WH-CA1,SmartStock Optimized,820,3,3,0,817,0,0,0,0.789,0.0,0.0,0.79,0,1.41
2016-04-18,SKU-008,WH-CA1,SmartStock Optimized,817,2,2,0,815,0,0,0,0.787,0.0,0.0,0.79,0,1.41
2016-04-19,SKU-008,WH-CA1,SmartStock Optimized,815,4,4,0,811,0,0,0,0.783,0.0,0.0,0.78,0,1.41
2016-04-20,SKU-008,WH-CA1,SmartStock Optimized,811,1,1,0,810,0,0,0,0.782,0.0,0.0,0.78,0,1.41
2016-04-21,SKU-008,WH-CA1,SmartStock Optimized,810,4,4,0,806,0,0,0,0.778,0.0,0.0,0.78,0,1.41
2016-04-22,SKU-008,WH-CA1,SmartStock Optimized,806,4,4,0,802,0,0,0,0.775,0.0,0.0,0.78,0,1.41
2016-04-23,SKU-008,WH-CA1,SmartStock Optimized,802,4,4,0,798,0,0,0,0.771,0.0,0.0,0.77,0,1.41
2016-04-24,SKU-008,WH-CA1,SmartStock Optimized,798,3,3,0,795,0,0,0,0.768,0.0,0.0,0.77,0,1.41
2016-03-28,SKU-008,WH-TX1,SmartStock Optimized,9,0,0,0,9,336,336,0,0.007,75.0,0.0,75.01,0,1.41
2016-03-29,SKU-008,WH-TX1,SmartStock Optimized,9,0,0,0,9,336,0,0,0.007,0.0,0.0,0.01,0,1.41
2016-03-30,SKU-008,WH-TX1,SmartStock Optimized,9,1,1,0,8,336,0,0,0.006,0.0,0.0,0.01,0,1.41
2016-03-31,SKU-008,WH-TX1,SmartStock Optimized,8,2,2,0,6,336,0,0,0.005,0.0,0.0,0.01,0,1.41
2016-04-01,SKU-008,WH-TX1,SmartStock Optimized,6,1,1,0,5,336,0,0,0.004,0.0,0.0,0.0,0,1.41
2016-04-02,SKU-008,WH-TX1,SmartStock Optimized,5,1,1,0,4,336,0,0,0.003,0.0,0.0,0.0,0,1.41
2016-04-03,SKU-008,WH-TX1,SmartStock Optimized,4,0,0,0,4,336,0,0,0.003,0.0,0.0,0.0,0,1.41
2016-04-04,SKU-008,WH-TX1,SmartStock Optimized,4,0,0,0,4,336,0,0,0.003,0.0,0.0,0.0,0,1.41
2016-04-05,SKU-008,WH-TX1,SmartStock Optimized,340,0,0,0,340,0,0,336,0.263,0.0,0.0,0.26,0,1.41
2016-04-06,SKU-008,WH-TX1,SmartStock Optimized,340,0,0,0,340,0,0,0,0.263,0.0,0.0,0.26,0,1.41
2016-04-07,SKU-008,WH-TX1,SmartStock Optimized,340,0,0,0,340,0,0,0,0.263,0.0,0.0,0.26,0,1.41
2016-04-08,SKU-008,WH-TX1,SmartStock Optimized,340,1,1,0,339,0,0,0,0.262,0.0,0.0,0.26,0,1.41
2016-04-09,SKU-008,WH-TX1,SmartStock Optimized,339,0,0,0,339,0,0,0,0.262,0.0,0.0,0.26,0,1.41
2016-04-10,SKU-008,WH-TX1,SmartStock Optimized,339,0,0,0,339,0,0,0,0.262,0.0,0.0,0.26,0,1.41
2016-04-11,SKU-008,WH-TX1,SmartStock Optimized,339,0,0,0,339,0,0,0,0.262,0.0,0.0,0.26,0,1.41
2016-04-12,SKU-008,WH-TX1,SmartStock Optimized,339,0,0,0,339,0,0,0,0.262,0.0,0.0,0.26,0,1.41
2016-04-13,SKU-008,WH-TX1,SmartStock Optimized,339,0,0,0,339,0,0,0,0.262,0.0,0.0,0.26,0,1.41
2016-04-14,SKU-008,WH-TX1,SmartStock Optimized,339,0,0,0,339,0,0,0,0.262,0.0,0.0,0.26,0,1.41
2016-04-15,SKU-008,WH-TX1,SmartStock Optimized,339,1,1,0,338,0,0,0,0.261,0.0,0.0,0.26,0,1.41
2016-04-16,SKU-008,WH-TX1,SmartStock Optimized,338,0,0,0,338,0,0,0,0.261,0.0,0.0,0.26,0,1.41
2016-04-17,SKU-008,WH-TX1,SmartStock Optimized,338,2,2,0,336,0,0,0,0.26,0.0,0.0,0.26,0,1.41
2016-04-18,SKU-008,WH-TX1,SmartStock Optimized,336,0,0,0,336,0,0,0,0.26,0.0,0.0,0.26,0,1.41
2016-04-19,SKU-008,WH-TX1,SmartStock Optimized,336,1,1,0,335,0,0,0,0.259,0.0,0.0,0.26,0,1.41
2016-04-20,SKU-008,WH-TX1,SmartStock Optimized,335,1,1,0,334,0,0,0,0.258,0.0,0.0,0.26,0,1.41
2016-04-21,SKU-008,WH-TX1,SmartStock Optimized,334,1,1,0,333,0,0,0,0.257,0.0,0.0,0.26,0,1.41
2016-04-22,SKU-008,WH-TX1,SmartStock Optimized,333,1,1,0,332,0,0,0,0.257,0.0,0.0,0.26,0,1.41
2016-04-23,SKU-008,WH-TX1,SmartStock Optimized,332,0,0,0,332,0,0,0,0.257,0.0,0.0,0.26,0,1.41
2016-04-24,SKU-008,WH-TX1,SmartStock Optimized,332,0,0,0,332,0,0,0,0.257,0.0,0.0,0.26,0,1.41
2016-03-28,SKU-008,WH-WI1,SmartStock Optimized,16,0,0,0,16,384,384,0,0.014,75.0,0.0,75.01,0,1.41
2016-03-29,SKU-008,WH-WI1,SmartStock Optimized,16,1,1,0,15,384,0,0,0.013,0.0,0.0,0.01,0,1.41
2016-03-30,SKU-008,WH-WI1,SmartStock Optimized,15,1,1,0,14,384,0,0,0.012,0.0,0.0,0.01,0,1.41
2016-03-31,SKU-008,WH-WI1,SmartStock Optimized,14,0,0,0,14,384,0,0,0.012,0.0,0.0,0.01,0,1.41
2016-04-01,SKU-008,WH-WI1,SmartStock Optimized,14,2,2,0,12,384,0,0,0.01,0.0,0.0,0.01,0,1.41
2016-04-02,SKU-008,WH-WI1,SmartStock Optimized,12,0,0,0,12,384,0,0,0.01,0.0,0.0,0.01,0,1.41
2016-04-03,SKU-008,WH-WI1,SmartStock Optimized,12,1,1,0,11,384,0,0,0.009,0.0,0.0,0.01,0,1.41
2016-04-04,SKU-008,WH-WI1,SmartStock Optimized,395,1,1,0,394,0,0,384,0.335,0.0,0.0,0.34,0,1.41
2016-04-05,SKU-008,WH-WI1,SmartStock Optimized,394,2,2,0,392,0,0,0,0.333,0.0,0.0,0.33,0,1.41
2016-04-06,SKU-008,WH-WI1,SmartStock Optimized,392,0,0,0,392,0,0,0,0.333,0.0,0.0,0.33,0,1.41
2016-04-07,SKU-008,WH-WI1,SmartStock Optimized,392,1,1,0,391,0,0,0,0.332,0.0,0.0,0.33,0,1.41
2016-04-08,SKU-008,WH-WI1,SmartStock Optimized,391,3,3,0,388,0,0,0,0.33,0.0,0.0,0.33,0,1.41
2016-04-09,SKU-008,WH-WI1,SmartStock Optimized,388,1,1,0,387,0,0,0,0.329,0.0,0.0,0.33,0,1.41
2016-04-10,SKU-008,WH-WI1,SmartStock Optimized,387,0,0,0,387,0,0,0,0.329,0.0,0.0,0.33,0,1.41
2016-04-11,SKU-008,WH-WI1,SmartStock Optimized,387,3,3,0,384,0,0,0,0.326,0.0,0.0,0.33,0,1.41
2016-04-12,SKU-008,WH-WI1,SmartStock Optimized,384,1,1,0,383,0,0,0,0.325,0.0,0.0,0.33,0,1.41
2016-04-13,SKU-008,WH-WI1,SmartStock Optimized,383,0,0,0,383,0,0,0,0.325,0.0,0.0,0.33,0,1.41
2016-04-14,SKU-008,WH-WI1,SmartStock Optimized,383,0,0,0,383,0,0,0,0.325,0.0,0.0,0.33,0,1.41
2016-04-15,SKU-008,WH-WI1,SmartStock Optimized,383,4,4,0,379,0,0,0,0.322,0.0,0.0,0.32,0,1.41
2016-04-16,SKU-008,WH-WI1,SmartStock Optimized,379,0,0,0,379,0,0,0,0.322,0.0,0.0,0.32,0,1.41
2016-04-17,SKU-008,WH-WI1,SmartStock Optimized,379,3,3,0,376,0,0,0,0.32,0.0,0.0,0.32,0,1.41
2016-04-18,SKU-008,WH-WI1,SmartStock Optimized,376,2,2,0,374,0,0,0,0.318,0.0,0.0,0.32,0,1.41
2016-04-19,SKU-008,WH-WI1,SmartStock Optimized,374,0,0,0,374,0,0,0,0.318,0.0,0.0,0.32,0,1.41
2016-04-20,SKU-008,WH-WI1,SmartStock Optimized,374,0,0,0,374,0,0,0,0.318,0.0,0.0,0.32,0,1.41
2016-04-21,SKU-008,WH-WI1,SmartStock Optimized,374,0,0,0,374,0,0,0,0.318,0.0,0.0,0.32,0,1.41
2016-04-22,SKU-008,WH-WI1,SmartStock Optimized,374,7,7,0,367,0,0,0,0.312,0.0,0.0,0.31,0,1.41
2016-04-23,SKU-008,WH-WI1,SmartStock Optimized,367,2,2,0,365,0,0,0,0.31,0.0,0.0,0.31,0,1.41
2016-04-24,SKU-008,WH-WI1,SmartStock Optimized,365,4,4,0,361,0,0,0,0.307,0.0,0.0,0.31,0,1.41
2016-03-28,SKU-009,WH-CA1,SmartStock Optimized,27,0,0,0,27,0,0,0,0.08,0.0,0.0,0.08,0,4.31
2016-03-29,SKU-009,WH-CA1,SmartStock Optimized,27,0,0,0,27,0,0,0,0.08,0.0,0.0,0.08,0,4.31
2016-03-30,SKU-009,WH-CA1,SmartStock Optimized,27,0,0,0,27,0,0,0,0.08,0.0,0.0,0.08,0,4.31
2016-03-31,SKU-009,WH-CA1,SmartStock Optimized,27,0,0,0,27,0,0,0,0.08,0.0,0.0,0.08,0,4.31
2016-04-01,SKU-009,WH-CA1,SmartStock Optimized,27,0,0,0,27,0,0,0,0.08,0.0,0.0,0.08,0,4.31
2016-04-02,SKU-009,WH-CA1,SmartStock Optimized,27,2,2,0,25,0,0,0,0.074,0.0,0.0,0.07,0,4.31
2016-04-03,SKU-009,WH-CA1,SmartStock Optimized,25,4,4,0,21,336,336,0,0.062,75.0,0.0,75.06,0,4.31
2016-04-04,SKU-009,WH-CA1,SmartStock Optimized,21,0,0,0,21,336,0,0,0.062,0.0,0.0,0.06,0,4.31
2016-04-05,SKU-009,WH-CA1,SmartStock Optimized,21,0,0,0,21,336,0,0,0.062,0.0,0.0,0.06,0,4.31
2016-04-06,SKU-009,WH-CA1,SmartStock Optimized,21,1,1,0,20,336,0,0,0.059,0.0,0.0,0.06,0,4.31
2016-04-07,SKU-009,WH-CA1,SmartStock Optimized,20,1,1,0,19,336,0,0,0.056,0.0,0.0,0.06,0,4.31
2016-04-08,SKU-009,WH-CA1,SmartStock Optimized,19,0,0,0,19,336,0,0,0.056,0.0,0.0,0.06,0,4.31
2016-04-09,SKU-009,WH-CA1,SmartStock Optimized,355,0,0,0,355,0,0,336,1.048,0.0,0.0,1.05,0,4.31
2016-04-10,SKU-009,WH-CA1,SmartStock Optimized,355,1,1,0,354,0,0,0,1.045,0.0,0.0,1.04,0,4.31
2016-04-11,SKU-009,WH-CA1,SmartStock Optimized,354,1,1,0,353,0,0,0,1.042,0.0,0.0,1.04,0,4.31
2016-04-12,SKU-009,WH-CA1,SmartStock Optimized,353,0,0,0,353,0,0,0,1.042,0.0,0.0,1.04,0,4.31
2016-04-13,SKU-009,WH-CA1,SmartStock Optimized,353,2,2,0,351,0,0,0,1.036,0.0,0.0,1.04,0,4.31
2016-04-14,SKU-009,WH-CA1,SmartStock Optimized,351,0,0,0,351,0,0,0,1.036,0.0,0.0,1.04,0,4.31
2016-04-15,SKU-009,WH-CA1,SmartStock Optimized,351,1,1,0,350,0,0,0,1.033,0.0,0.0,1.03,0,4.31
2016-04-16,SKU-009,WH-CA1,SmartStock Optimized,350,0,0,0,350,0,0,0,1.033,0.0,0.0,1.03,0,4.31
2016-04-17,SKU-009,WH-CA1,SmartStock Optimized,350,2,2,0,348,0,0,0,1.027,0.0,0.0,1.03,0,4.31
2016-04-18,SKU-009,WH-CA1,SmartStock Optimized,348,1,1,0,347,0,0,0,1.024,0.0,0.0,1.02,0,4.31
2016-04-19,SKU-009,WH-CA1,SmartStock Optimized,347,3,3,0,344,0,0,0,1.016,0.0,0.0,1.02,0,4.31
2016-04-20,SKU-009,WH-CA1,SmartStock Optimized,344,0,0,0,344,0,0,0,1.016,0.0,0.0,1.02,0,4.31
2016-04-21,SKU-009,WH-CA1,SmartStock Optimized,344,1,1,0,343,0,0,0,1.013,0.0,0.0,1.01,0,4.31
2016-04-22,SKU-009,WH-CA1,SmartStock Optimized,343,1,1,0,342,0,0,0,1.01,0.0,0.0,1.01,0,4.31
2016-04-23,SKU-009,WH-CA1,SmartStock Optimized,342,4,4,0,338,0,0,0,0.998,0.0,0.0,1.0,0,4.31
2016-04-24,SKU-009,WH-CA1,SmartStock Optimized,338,0,0,0,338,0,0,0,0.998,0.0,0.0,1.0,0,4.31
2016-03-28,SKU-009,WH-TX1,SmartStock Optimized,18,2,2,0,16,300,300,0,0.038,75.0,0.0,75.04,0,4.31
2016-03-29,SKU-009,WH-TX1,SmartStock Optimized,16,0,0,0,16,300,0,0,0.038,0.0,0.0,0.04,0,4.31
2016-03-30,SKU-009,WH-TX1,SmartStock Optimized,16,0,0,0,16,300,0,0,0.038,0.0,0.0,0.04,0,4.31
2016-03-31,SKU-009,WH-TX1,SmartStock Optimized,16,2,2,0,14,300,0,0,0.033,0.0,0.0,0.03,0,4.31
2016-04-01,SKU-009,WH-TX1,SmartStock Optimized,14,2,2,0,12,300,0,0,0.028,0.0,0.0,0.03,0,4.31
2016-04-02,SKU-009,WH-TX1,SmartStock Optimized,312,2,2,0,310,0,0,300,0.732,0.0,0.0,0.73,0,4.31
2016-04-03,SKU-009,WH-TX1,SmartStock Optimized,310,4,4,0,306,0,0,0,0.723,0.0,0.0,0.72,0,4.31
2016-04-04,SKU-009,WH-TX1,SmartStock Optimized,306,3,3,0,303,0,0,0,0.716,0.0,0.0,0.72,0,4.31
2016-04-05,SKU-009,WH-TX1,SmartStock Optimized,303,0,0,0,303,0,0,0,0.716,0.0,0.0,0.72,0,4.31
2016-04-06,SKU-009,WH-TX1,SmartStock Optimized,303,4,4,0,299,0,0,0,0.706,0.0,0.0,0.71,0,4.31
2016-04-07,SKU-009,WH-TX1,SmartStock Optimized,299,3,3,0,296,0,0,0,0.699,0.0,0.0,0.7,0,4.31
2016-04-08,SKU-009,WH-TX1,SmartStock Optimized,296,1,1,0,295,0,0,0,0.697,0.0,0.0,0.7,0,4.31
2016-04-09,SKU-009,WH-TX1,SmartStock Optimized,295,1,1,0,294,0,0,0,0.694,0.0,0.0,0.69,0,4.31
2016-04-10,SKU-009,WH-TX1,SmartStock Optimized,294,4,4,0,290,0,0,0,0.685,0.0,0.0,0.69,0,4.31
2016-04-11,SKU-009,WH-TX1,SmartStock Optimized,290,0,0,0,290,0,0,0,0.685,0.0,0.0,0.69,0,4.31
2016-04-12,SKU-009,WH-TX1,SmartStock Optimized,290,1,1,0,289,0,0,0,0.683,0.0,0.0,0.68,0,4.31
2016-04-13,SKU-009,WH-TX1,SmartStock Optimized,289,0,0,0,289,0,0,0,0.683,0.0,0.0,0.68,0,4.31
2016-04-14,SKU-009,WH-TX1,SmartStock Optimized,289,1,1,0,288,0,0,0,0.68,0.0,0.0,0.68,0,4.31
2016-04-15,SKU-009,WH-TX1,SmartStock Optimized,288,3,3,0,285,0,0,0,0.673,0.0,0.0,0.67,0,4.31
2016-04-16,SKU-009,WH-TX1,SmartStock Optimized,285,2,2,0,283,0,0,0,0.668,0.0,0.0,0.67,0,4.31
2016-04-17,SKU-009,WH-TX1,SmartStock Optimized,283,2,2,0,281,0,0,0,0.664,0.0,0.0,0.66,0,4.31
2016-04-18,SKU-009,WH-TX1,SmartStock Optimized,281,4,4,0,277,0,0,0,0.654,0.0,0.0,0.65,0,4.31
2016-04-19,SKU-009,WH-TX1,SmartStock Optimized,277,2,2,0,275,0,0,0,0.649,0.0,0.0,0.65,0,4.31
2016-04-20,SKU-009,WH-TX1,SmartStock Optimized,275,2,2,0,273,0,0,0,0.645,0.0,0.0,0.65,0,4.31
2016-04-21,SKU-009,WH-TX1,SmartStock Optimized,273,3,3,0,270,0,0,0,0.638,0.0,0.0,0.64,0,4.31
2016-04-22,SKU-009,WH-TX1,SmartStock Optimized,270,2,2,0,268,0,0,0,0.633,0.0,0.0,0.63,0,4.31
2016-04-23,SKU-009,WH-TX1,SmartStock Optimized,268,3,3,0,265,0,0,0,0.626,0.0,0.0,0.63,0,4.31
2016-04-24,SKU-009,WH-TX1,SmartStock Optimized,265,1,1,0,264,0,0,0,0.623,0.0,0.0,0.62,0,4.31
2016-03-28,SKU-009,WH-WI1,SmartStock Optimized,20,0,0,0,20,0,0,0,0.052,0.0,0.0,0.05,0,4.31
2016-03-29,SKU-009,WH-WI1,SmartStock Optimized,20,0,0,0,20,0,0,0,0.052,0.0,0.0,0.05,0,4.31
2016-03-30,SKU-009,WH-WI1,SmartStock Optimized,20,2,2,0,18,312,312,0,0.047,75.0,0.0,75.05,0,4.31
2016-03-31,SKU-009,WH-WI1,SmartStock Optimized,18,0,0,0,18,312,0,0,0.047,0.0,0.0,0.05,0,4.31
2016-04-01,SKU-009,WH-WI1,SmartStock Optimized,18,5,5,0,13,312,0,0,0.034,0.0,0.0,0.03,0,4.31
2016-04-02,SKU-009,WH-WI1,SmartStock Optimized,13,3,3,0,10,312,0,0,0.026,0.0,0.0,0.03,0,4.31
2016-04-03,SKU-009,WH-WI1,SmartStock Optimized,10,3,3,0,7,312,0,0,0.018,0.0,0.0,0.02,0,4.31
2016-04-04,SKU-009,WH-WI1,SmartStock Optimized,7,2,2,0,5,312,0,0,0.013,0.0,0.0,0.01,0,4.31
2016-04-05,SKU-009,WH-WI1,SmartStock Optimized,5,0,0,0,5,312,0,0,0.013,0.0,0.0,0.01,0,4.31
2016-04-06,SKU-009,WH-WI1,SmartStock Optimized,5,1,1,0,4,312,0,0,0.01,0.0,0.0,0.01,0,4.31
2016-04-07,SKU-009,WH-WI1,SmartStock Optimized,316,2,2,0,314,0,0,312,0.816,0.0,0.0,0.82,0,4.31
2016-04-08,SKU-009,WH-WI1,SmartStock Optimized,314,1,1,0,313,0,0,0,0.813,0.0,0.0,0.81,0,4.31
2016-04-09,SKU-009,WH-WI1,SmartStock Optimized,313,2,2,0,311,0,0,0,0.808,0.0,0.0,0.81,0,4.31
2016-04-10,SKU-009,WH-WI1,SmartStock Optimized,311,1,1,0,310,0,0,0,0.805,0.0,0.0,0.81,0,4.31
2016-04-11,SKU-009,WH-WI1,SmartStock Optimized,310,1,1,0,309,0,0,0,0.803,0.0,0.0,0.8,0,4.31
2016-04-12,SKU-009,WH-WI1,SmartStock Optimized,309,3,3,0,306,0,0,0,0.795,0.0,0.0,0.8,0,4.31
2016-04-13,SKU-009,WH-WI1,SmartStock Optimized,306,0,0,0,306,0,0,0,0.795,0.0,0.0,0.8,0,4.31
2016-04-14,SKU-009,WH-WI1,SmartStock Optimized,306,3,3,0,303,0,0,0,0.787,0.0,0.0,0.79,0,4.31
2016-04-15,SKU-009,WH-WI1,SmartStock Optimized,303,0,0,0,303,0,0,0,0.787,0.0,0.0,0.79,0,4.31
2016-04-16,SKU-009,WH-WI1,SmartStock Optimized,303,1,1,0,302,0,0,0,0.785,0.0,0.0,0.79,0,4.31
2016-04-17,SKU-009,WH-WI1,SmartStock Optimized,302,4,4,0,298,0,0,0,0.774,0.0,0.0,0.77,0,4.31
2016-04-18,SKU-009,WH-WI1,SmartStock Optimized,298,1,1,0,297,0,0,0,0.772,0.0,0.0,0.77,0,4.31
2016-04-19,SKU-009,WH-WI1,SmartStock Optimized,297,2,2,0,295,0,0,0,0.766,0.0,0.0,0.77,0,4.31
2016-04-20,SKU-009,WH-WI1,SmartStock Optimized,295,3,3,0,292,0,0,0,0.759,0.0,0.0,0.76,0,4.31
2016-04-21,SKU-009,WH-WI1,SmartStock Optimized,292,0,0,0,292,0,0,0,0.759,0.0,0.0,0.76,0,4.31
2016-04-22,SKU-009,WH-WI1,SmartStock Optimized,292,2,2,0,290,0,0,0,0.753,0.0,0.0,0.75,0,4.31
2016-04-23,SKU-009,WH-WI1,SmartStock Optimized,290,3,3,0,287,0,0,0,0.746,0.0,0.0,0.75,0,4.31
2016-04-24,SKU-009,WH-WI1,SmartStock Optimized,287,1,1,0,286,0,0,0,0.743,0.0,0.0,0.74,0,4.31
2016-03-28,SKU-010,WH-CA1,SmartStock Optimized,33,2,2,0,31,0,0,0,0.053,0.0,0.0,0.05,0,2.51
2016-03-29,SKU-010,WH-CA1,SmartStock Optimized,31,6,6,0,25,0,0,0,0.043,0.0,0.0,0.04,0,2.51
2016-03-30,SKU-010,WH-CA1,SmartStock Optimized,25,1,1,0,24,528,528,0,0.041,75.0,0.0,75.04,0,2.51
2016-03-31,SKU-010,WH-CA1,SmartStock Optimized,24,3,3,0,21,528,0,0,0.036,0.0,0.0,0.04,0,2.51
2016-04-01,SKU-010,WH-CA1,SmartStock Optimized,21,1,1,0,20,528,0,0,0.034,0.0,0.0,0.03,0,2.51
2016-04-02,SKU-010,WH-CA1,SmartStock Optimized,20,4,4,0,16,528,0,0,0.028,0.0,0.0,0.03,0,2.51
2016-04-03,SKU-010,WH-CA1,SmartStock Optimized,16,4,4,0,12,528,0,0,0.021,0.0,0.0,0.02,0,2.51
2016-04-04,SKU-010,WH-CA1,SmartStock Optimized,540,4,4,0,536,0,0,528,0.921,0.0,0.0,0.92,0,2.51
2016-04-05,SKU-010,WH-CA1,SmartStock Optimized,536,0,0,0,536,0,0,0,0.921,0.0,0.0,0.92,0,2.51
2016-04-06,SKU-010,WH-CA1,SmartStock Optimized,536,0,0,0,536,0,0,0,0.921,0.0,0.0,0.92,0,2.51
2016-04-07,SKU-010,WH-CA1,SmartStock Optimized,536,5,5,0,531,0,0,0,0.913,0.0,0.0,0.91,0,2.51
2016-04-08,SKU-010,WH-CA1,SmartStock Optimized,531,2,2,0,529,0,0,0,0.909,0.0,0.0,0.91,0,2.51
2016-04-09,SKU-010,WH-CA1,SmartStock Optimized,529,4,4,0,525,0,0,0,0.903,0.0,0.0,0.9,0,2.51
2016-04-10,SKU-010,WH-CA1,SmartStock Optimized,525,3,3,0,522,0,0,0,0.897,0.0,0.0,0.9,0,2.51
2016-04-11,SKU-010,WH-CA1,SmartStock Optimized,522,7,7,0,515,0,0,0,0.885,0.0,0.0,0.89,0,2.51
2016-04-12,SKU-010,WH-CA1,SmartStock Optimized,515,6,6,0,509,0,0,0,0.875,0.0,0.0,0.88,0,2.51
2016-04-13,SKU-010,WH-CA1,SmartStock Optimized,509,3,3,0,506,0,0,0,0.87,0.0,0.0,0.87,0,2.51
2016-04-14,SKU-010,WH-CA1,SmartStock Optimized,506,2,2,0,504,0,0,0,0.866,0.0,0.0,0.87,0,2.51
2016-04-15,SKU-010,WH-CA1,SmartStock Optimized,504,0,0,0,504,0,0,0,0.866,0.0,0.0,0.87,0,2.51
2016-04-16,SKU-010,WH-CA1,SmartStock Optimized,504,0,0,0,504,0,0,0,0.866,0.0,0.0,0.87,0,2.51
2016-04-17,SKU-010,WH-CA1,SmartStock Optimized,504,6,6,0,498,0,0,0,0.856,0.0,0.0,0.86,0,2.51
2016-04-18,SKU-010,WH-CA1,SmartStock Optimized,498,3,3,0,495,0,0,0,0.851,0.0,0.0,0.85,0,2.51
2016-04-19,SKU-010,WH-CA1,SmartStock Optimized,495,0,0,0,495,0,0,0,0.851,0.0,0.0,0.85,0,2.51
2016-04-20,SKU-010,WH-CA1,SmartStock Optimized,495,2,2,0,493,0,0,0,0.848,0.0,0.0,0.85,0,2.51
2016-04-21,SKU-010,WH-CA1,SmartStock Optimized,493,1,1,0,492,0,0,0,0.846,0.0,0.0,0.85,0,2.51
2016-04-22,SKU-010,WH-CA1,SmartStock Optimized,492,1,1,0,491,0,0,0,0.844,0.0,0.0,0.84,0,2.51
2016-04-23,SKU-010,WH-CA1,SmartStock Optimized,491,1,1,0,490,0,0,0,0.842,0.0,0.0,0.84,0,2.51
2016-04-24,SKU-010,WH-CA1,SmartStock Optimized,490,2,2,0,488,0,0,0,0.839,0.0,0.0,0.84,0,2.51
2016-03-28,SKU-010,WH-TX1,SmartStock Optimized,17,2,2,0,15,0,0,0,0.021,0.0,0.0,0.02,0,2.51
2016-03-29,SKU-010,WH-TX1,SmartStock Optimized,15,1,1,0,14,0,0,0,0.019,0.0,0.0,0.02,0,2.51
2016-03-30,SKU-010,WH-TX1,SmartStock Optimized,14,3,3,0,11,432,432,0,0.015,75.0,0.0,75.02,0,2.51
2016-03-31,SKU-010,WH-TX1,SmartStock Optimized,11,1,1,0,10,432,0,0,0.014,0.0,0.0,0.01,0,2.51
2016-04-01,SKU-010,WH-TX1,SmartStock Optimized,10,3,3,0,7,432,0,0,0.01,0.0,0.0,0.01,0,2.51
2016-04-02,SKU-010,WH-TX1,SmartStock Optimized,439,0,0,0,439,0,0,432,0.604,0.0,0.0,0.6,0,2.51
2016-04-03,SKU-010,WH-TX1,SmartStock Optimized,439,3,3,0,436,0,0,0,0.6,0.0,0.0,0.6,0,2.51
2016-04-04,SKU-010,WH-TX1,SmartStock Optimized,436,0,0,0,436,0,0,0,0.6,0.0,0.0,0.6,0,2.51
2016-04-05,SKU-010,WH-TX1,SmartStock Optimized,436,2,2,0,434,0,0,0,0.597,0.0,0.0,0.6,0,2.51
2016-04-06,SKU-010,WH-TX1,SmartStock Optimized,434,2,2,0,432,0,0,0,0.594,0.0,0.0,0.59,0,2.51
2016-04-07,SKU-010,WH-TX1,SmartStock Optimized,432,3,3,0,429,0,0,0,0.59,0.0,0.0,0.59,0,2.51
2016-04-08,SKU-010,WH-TX1,SmartStock Optimized,429,2,2,0,427,0,0,0,0.587,0.0,0.0,0.59,0,2.51
2016-04-09,SKU-010,WH-TX1,SmartStock Optimized,427,3,3,0,424,0,0,0,0.583,0.0,0.0,0.58,0,2.51
2016-04-10,SKU-010,WH-TX1,SmartStock Optimized,424,2,2,0,422,0,0,0,0.58,0.0,0.0,0.58,0,2.51
2016-04-11,SKU-010,WH-TX1,SmartStock Optimized,422,1,1,0,421,0,0,0,0.579,0.0,0.0,0.58,0,2.51
2016-04-12,SKU-010,WH-TX1,SmartStock Optimized,421,5,5,0,416,0,0,0,0.572,0.0,0.0,0.57,0,2.51
2016-04-13,SKU-010,WH-TX1,SmartStock Optimized,416,2,2,0,414,0,0,0,0.569,0.0,0.0,0.57,0,2.51
2016-04-14,SKU-010,WH-TX1,SmartStock Optimized,414,4,4,0,410,0,0,0,0.564,0.0,0.0,0.56,0,2.51
2016-04-15,SKU-010,WH-TX1,SmartStock Optimized,410,3,3,0,407,0,0,0,0.56,0.0,0.0,0.56,0,2.51
2016-04-16,SKU-010,WH-TX1,SmartStock Optimized,407,3,3,0,404,0,0,0,0.556,0.0,0.0,0.56,0,2.51
2016-04-17,SKU-010,WH-TX1,SmartStock Optimized,404,2,2,0,402,0,0,0,0.553,0.0,0.0,0.55,0,2.51
2016-04-18,SKU-010,WH-TX1,SmartStock Optimized,402,0,0,0,402,0,0,0,0.553,0.0,0.0,0.55,0,2.51
2016-04-19,SKU-010,WH-TX1,SmartStock Optimized,402,2,2,0,400,0,0,0,0.55,0.0,0.0,0.55,0,2.51
2016-04-20,SKU-010,WH-TX1,SmartStock Optimized,400,0,0,0,400,0,0,0,0.55,0.0,0.0,0.55,0,2.51
2016-04-21,SKU-010,WH-TX1,SmartStock Optimized,400,1,1,0,399,0,0,0,0.549,0.0,0.0,0.55,0,2.51
2016-04-22,SKU-010,WH-TX1,SmartStock Optimized,399,2,2,0,397,0,0,0,0.546,0.0,0.0,0.55,0,2.51
2016-04-23,SKU-010,WH-TX1,SmartStock Optimized,397,2,2,0,395,0,0,0,0.543,0.0,0.0,0.54,0,2.51
2016-04-24,SKU-010,WH-TX1,SmartStock Optimized,395,2,2,0,393,0,0,0,0.541,0.0,0.0,0.54,0,2.51
2016-03-28,SKU-010,WH-WI1,SmartStock Optimized,24,1,1,0,23,0,0,0,0.035,0.0,0.0,0.04,0,2.51
2016-03-29,SKU-010,WH-WI1,SmartStock Optimized,23,2,2,0,21,0,0,0,0.032,0.0,0.0,0.03,0,2.51
2016-03-30,SKU-010,WH-WI1,SmartStock Optimized,21,2,2,0,19,0,0,0,0.029,0.0,0.0,0.03,0,2.51
2016-03-31,SKU-010,WH-WI1,SmartStock Optimized,19,3,3,0,16,504,504,0,0.024,75.0,0.0,75.02,0,2.51
2016-04-01,SKU-010,WH-WI1,SmartStock Optimized,16,5,5,0,11,504,0,0,0.017,0.0,0.0,0.02,0,2.51
2016-04-02,SKU-010,WH-WI1,SmartStock Optimized,11,4,4,0,7,504,0,0,0.011,0.0,0.0,0.01,0,2.51
2016-04-03,SKU-010,WH-WI1,SmartStock Optimized,511,2,2,0,509,0,0,504,0.77,0.0,0.0,0.77,0,2.51
2016-04-04,SKU-010,WH-WI1,SmartStock Optimized,509,2,2,0,507,0,0,0,0.767,0.0,0.0,0.77,0,2.51
2016-04-05,SKU-010,WH-WI1,SmartStock Optimized,507,3,3,0,504,0,0,0,0.762,0.0,0.0,0.76,0,2.51
2016-04-06,SKU-010,WH-WI1,SmartStock Optimized,504,2,2,0,502,0,0,0,0.759,0.0,0.0,0.76,0,2.51
2016-04-07,SKU-010,WH-WI1,SmartStock Optimized,502,5,5,0,497,0,0,0,0.752,0.0,0.0,0.75,0,2.51
2016-04-08,SKU-010,WH-WI1,SmartStock Optimized,497,3,3,0,494,0,0,0,0.747,0.0,0.0,0.75,0,2.51
2016-04-09,SKU-010,WH-WI1,SmartStock Optimized,494,3,3,0,491,0,0,0,0.743,0.0,0.0,0.74,0,2.51
2016-04-10,SKU-010,WH-WI1,SmartStock Optimized,491,4,4,0,487,0,0,0,0.737,0.0,0.0,0.74,0,2.51
2016-04-11,SKU-010,WH-WI1,SmartStock Optimized,487,3,3,0,484,0,0,0,0.732,0.0,0.0,0.73,0,2.51
2016-04-12,SKU-010,WH-WI1,SmartStock Optimized,484,3,3,0,481,0,0,0,0.728,0.0,0.0,0.73,0,2.51
2016-04-13,SKU-010,WH-WI1,SmartStock Optimized,481,3,3,0,478,0,0,0,0.723,0.0,0.0,0.72,0,2.51
2016-04-14,SKU-010,WH-WI1,SmartStock Optimized,478,2,2,0,476,0,0,0,0.72,0.0,0.0,0.72,0,2.51
2016-04-15,SKU-010,WH-WI1,SmartStock Optimized,476,0,0,0,476,0,0,0,0.72,0.0,0.0,0.72,0,2.51
2016-04-16,SKU-010,WH-WI1,SmartStock Optimized,476,1,1,0,475,0,0,0,0.719,0.0,0.0,0.72,0,2.51
2016-04-17,SKU-010,WH-WI1,SmartStock Optimized,475,3,3,0,472,0,0,0,0.714,0.0,0.0,0.71,0,2.51
2016-04-18,SKU-010,WH-WI1,SmartStock Optimized,472,2,2,0,470,0,0,0,0.711,0.0,0.0,0.71,0,2.51
2016-04-19,SKU-010,WH-WI1,SmartStock Optimized,470,1,1,0,469,0,0,0,0.71,0.0,0.0,0.71,0,2.51
2016-04-20,SKU-010,WH-WI1,SmartStock Optimized,469,1,1,0,468,0,0,0,0.708,0.0,0.0,0.71,0,2.51
2016-04-21,SKU-010,WH-WI1,SmartStock Optimized,468,5,5,0,463,0,0,0,0.7,0.0,0.0,0.7,0,2.51
2016-04-22,SKU-010,WH-WI1,SmartStock Optimized,463,2,2,0,461,0,0,0,0.697,0.0,0.0,0.7,0,2.51
2016-04-23,SKU-010,WH-WI1,SmartStock Optimized,461,0,0,0,461,0,0,0,0.697,0.0,0.0,0.7,0,2.51
2016-04-24,SKU-010,WH-WI1,SmartStock Optimized,461,4,4,0,457,0,0,0,0.691,0.0,0.0,0.69,0,2.51
2016-03-28,SKU-011,WH-CA1,SmartStock Optimized,15,0,0,0,15,552,552,0,0.007,75.0,0.0,75.01,0,0.71
2016-03-29,SKU-011,WH-CA1,SmartStock Optimized,15,0,0,0,15,552,0,0,0.007,0.0,0.0,0.01,0,0.71
2016-03-30,SKU-011,WH-CA1,SmartStock Optimized,15,0,0,0,15,552,0,0,0.007,0.0,0.0,0.01,0,0.71
2016-03-31,SKU-011,WH-CA1,SmartStock Optimized,15,3,3,0,12,552,0,0,0.006,0.0,0.0,0.01,0,0.71
2016-04-01,SKU-011,WH-CA1,SmartStock Optimized,12,0,0,0,12,552,0,0,0.006,0.0,0.0,0.01,0,0.71
2016-04-02,SKU-011,WH-CA1,SmartStock Optimized,12,1,1,0,11,552,0,0,0.005,0.0,0.0,0.01,0,0.71
2016-04-03,SKU-011,WH-CA1,SmartStock Optimized,11,1,1,0,10,552,0,0,0.005,0.0,0.0,0.01,0,0.71
2016-04-04,SKU-011,WH-CA1,SmartStock Optimized,10,2,2,0,8,552,0,0,0.004,0.0,0.0,0.0,0,0.71
2016-04-05,SKU-011,WH-CA1,SmartStock Optimized,560,0,0,0,560,0,0,552,0.272,0.0,0.0,0.27,0,0.71
2016-04-06,SKU-011,WH-CA1,SmartStock Optimized,560,0,0,0,560,0,0,0,0.272,0.0,0.0,0.27,0,0.71
2016-04-07,SKU-011,WH-CA1,SmartStock Optimized,560,0,0,0,560,0,0,0,0.272,0.0,0.0,0.27,0,0.71
2016-04-08,SKU-011,WH-CA1,SmartStock Optimized,560,3,3,0,557,0,0,0,0.271,0.0,0.0,0.27,0,0.71
2016-04-09,SKU-011,WH-CA1,SmartStock Optimized,557,1,1,0,556,0,0,0,0.27,0.0,0.0,0.27,0,0.71
2016-04-10,SKU-011,WH-CA1,SmartStock Optimized,556,4,4,0,552,0,0,0,0.268,0.0,0.0,0.27,0,0.71
2016-04-11,SKU-011,WH-CA1,SmartStock Optimized,552,2,2,0,550,0,0,0,0.267,0.0,0.0,0.27,0,0.71
2016-04-12,SKU-011,WH-CA1,SmartStock Optimized,550,0,0,0,550,0,0,0,0.267,0.0,0.0,0.27,0,0.71
2016-04-13,SKU-011,WH-CA1,SmartStock Optimized,550,0,0,0,550,0,0,0,0.267,0.0,0.0,0.27,0,0.71
2016-04-14,SKU-011,WH-CA1,SmartStock Optimized,550,0,0,0,550,0,0,0,0.267,0.0,0.0,0.27,0,0.71
2016-04-15,SKU-011,WH-CA1,SmartStock Optimized,550,0,0,0,550,0,0,0,0.267,0.0,0.0,0.27,0,0.71
2016-04-16,SKU-011,WH-CA1,SmartStock Optimized,550,1,1,0,549,0,0,0,0.267,0.0,0.0,0.27,0,0.71
2016-04-17,SKU-011,WH-CA1,SmartStock Optimized,549,1,1,0,548,0,0,0,0.266,0.0,0.0,0.27,0,0.71
2016-04-18,SKU-011,WH-CA1,SmartStock Optimized,548,2,2,0,546,0,0,0,0.266,0.0,0.0,0.27,0,0.71
2016-04-19,SKU-011,WH-CA1,SmartStock Optimized,546,1,1,0,545,0,0,0,0.265,0.0,0.0,0.27,0,0.71
2016-04-20,SKU-011,WH-CA1,SmartStock Optimized,545,0,0,0,545,0,0,0,0.265,0.0,0.0,0.27,0,0.71
2016-04-21,SKU-011,WH-CA1,SmartStock Optimized,545,6,6,0,539,0,0,0,0.262,0.0,0.0,0.26,0,0.71
2016-04-22,SKU-011,WH-CA1,SmartStock Optimized,539,3,3,0,536,0,0,0,0.261,0.0,0.0,0.26,0,0.71
2016-04-23,SKU-011,WH-CA1,SmartStock Optimized,536,3,3,0,533,0,0,0,0.259,0.0,0.0,0.26,0,0.71
2016-04-24,SKU-011,WH-CA1,SmartStock Optimized,533,2,2,0,531,0,0,0,0.258,0.0,0.0,0.26,0,0.71
2016-03-28,SKU-011,WH-TX1,SmartStock Optimized,7,0,0,0,7,408,408,0,0.003,75.0,0.0,75.0,0,0.71
2016-03-29,SKU-011,WH-TX1,SmartStock Optimized,7,2,2,0,5,408,0,0,0.002,0.0,0.0,0.0,0,0.71
2016-03-30,SKU-011,WH-TX1,SmartStock Optimized,5,0,0,0,5,408,0,0,0.002,0.0,0.0,0.0,0,0.71
2016-03-31,SKU-011,WH-TX1,SmartStock Optimized,5,1,1,0,4,408,0,0,0.002,0.0,0.0,0.0,0,0.71
2016-04-01,SKU-011,WH-TX1,SmartStock Optimized,4,1,1,0,3,408,0,0,0.001,0.0,0.0,0.0,0,0.71
2016-04-02,SKU-011,WH-TX1,SmartStock Optimized,3,0,0,0,3,408,0,0,0.001,0.0,0.0,0.0,0,0.71
2016-04-03,SKU-011,WH-TX1,SmartStock Optimized,3,0,0,0,3,408,0,0,0.001,0.0,0.0,0.0,0,0.71
2016-04-04,SKU-011,WH-TX1,SmartStock Optimized,411,0,0,0,411,0,0,408,0.16,0.0,0.0,0.16,0,0.71
2016-04-05,SKU-011,WH-TX1,SmartStock Optimized,411,1,1,0,410,0,0,0,0.16,0.0,0.0,0.16,0,0.71
2016-04-06,SKU-011,WH-TX1,SmartStock Optimized,410,0,0,0,410,0,0,0,0.16,0.0,0.0,0.16,0,0.71
2016-04-07,SKU-011,WH-TX1,SmartStock Optimized,410,0,0,0,410,0,0,0,0.16,0.0,0.0,0.16,0,0.71
2016-04-08,SKU-011,WH-TX1,SmartStock Optimized,410,3,3,0,407,0,0,0,0.158,0.0,0.0,0.16,0,0.71
2016-04-09,SKU-011,WH-TX1,SmartStock Optimized,407,1,1,0,406,0,0,0,0.158,0.0,0.0,0.16,0,0.71
2016-04-10,SKU-011,WH-TX1,SmartStock Optimized,406,0,0,0,406,0,0,0,0.158,0.0,0.0,0.16,0,0.71
2016-04-11,SKU-011,WH-TX1,SmartStock Optimized,406,1,1,0,405,0,0,0,0.158,0.0,0.0,0.16,0,0.71
2016-04-12,SKU-011,WH-TX1,SmartStock Optimized,405,2,2,0,403,0,0,0,0.157,0.0,0.0,0.16,0,0.71
2016-04-13,SKU-011,WH-TX1,SmartStock Optimized,403,0,0,0,403,0,0,0,0.157,0.0,0.0,0.16,0,0.71
2016-04-14,SKU-011,WH-TX1,SmartStock Optimized,403,0,0,0,403,0,0,0,0.157,0.0,0.0,0.16,0,0.71
2016-04-15,SKU-011,WH-TX1,SmartStock Optimized,403,3,3,0,400,0,0,0,0.156,0.0,0.0,0.16,0,0.71
2016-04-16,SKU-011,WH-TX1,SmartStock Optimized,400,2,2,0,398,0,0,0,0.155,0.0,0.0,0.15,0,0.71
2016-04-17,SKU-011,WH-TX1,SmartStock Optimized,398,1,1,0,397,0,0,0,0.154,0.0,0.0,0.15,0,0.71
2016-04-18,SKU-011,WH-TX1,SmartStock Optimized,397,2,2,0,395,0,0,0,0.154,0.0,0.0,0.15,0,0.71
2016-04-19,SKU-011,WH-TX1,SmartStock Optimized,395,0,0,0,395,0,0,0,0.154,0.0,0.0,0.15,0,0.71
2016-04-20,SKU-011,WH-TX1,SmartStock Optimized,395,0,0,0,395,0,0,0,0.154,0.0,0.0,0.15,0,0.71
2016-04-21,SKU-011,WH-TX1,SmartStock Optimized,395,0,0,0,395,0,0,0,0.154,0.0,0.0,0.15,0,0.71
2016-04-22,SKU-011,WH-TX1,SmartStock Optimized,395,2,2,0,393,0,0,0,0.153,0.0,0.0,0.15,0,0.71
2016-04-23,SKU-011,WH-TX1,SmartStock Optimized,393,0,0,0,393,0,0,0,0.153,0.0,0.0,0.15,0,0.71
2016-04-24,SKU-011,WH-TX1,SmartStock Optimized,393,1,1,0,392,0,0,0,0.153,0.0,0.0,0.15,0,0.71
2016-03-28,SKU-011,WH-WI1,SmartStock Optimized,17,1,1,0,16,672,672,0,0.007,75.0,0.0,75.01,0,0.71
2016-03-29,SKU-011,WH-WI1,SmartStock Optimized,16,1,1,0,15,672,0,0,0.006,0.0,0.0,0.01,0,0.71
2016-03-30,SKU-011,WH-WI1,SmartStock Optimized,15,2,2,0,13,672,0,0,0.006,0.0,0.0,0.01,0,0.71
2016-03-31,SKU-011,WH-WI1,SmartStock Optimized,13,0,0,0,13,672,0,0,0.006,0.0,0.0,0.01,0,0.71
2016-04-01,SKU-011,WH-WI1,SmartStock Optimized,13,3,3,0,10,672,0,0,0.004,0.0,0.0,0.0,0,0.71
2016-04-02,SKU-011,WH-WI1,SmartStock Optimized,10,2,2,0,8,672,0,0,0.003,0.0,0.0,0.0,0,0.71
2016-04-03,SKU-011,WH-WI1,SmartStock Optimized,8,0,0,0,8,672,0,0,0.003,0.0,0.0,0.0,0,0.71
2016-04-04,SKU-011,WH-WI1,SmartStock Optimized,8,0,0,0,8,672,0,0,0.003,0.0,0.0,0.0,0,0.71
2016-04-05,SKU-011,WH-WI1,SmartStock Optimized,680,0,0,0,680,0,0,672,0.291,0.0,0.0,0.29,0,0.71
2016-04-06,SKU-011,WH-WI1,SmartStock Optimized,680,3,3,0,677,0,0,0,0.29,0.0,0.0,0.29,0,0.71
2016-04-07,SKU-011,WH-WI1,SmartStock Optimized,677,1,1,0,676,0,0,0,0.289,0.0,0.0,0.29,0,0.71
2016-04-08,SKU-011,WH-WI1,SmartStock Optimized,676,0,0,0,676,0,0,0,0.289,0.0,0.0,0.29,0,0.71
2016-04-09,SKU-011,WH-WI1,SmartStock Optimized,676,3,3,0,673,0,0,0,0.288,0.0,0.0,0.29,0,0.71
2016-04-10,SKU-011,WH-WI1,SmartStock Optimized,673,1,1,0,672,0,0,0,0.288,0.0,0.0,0.29,0,0.71
2016-04-11,SKU-011,WH-WI1,SmartStock Optimized,672,1,1,0,671,0,0,0,0.287,0.0,0.0,0.29,0,0.71
2016-04-12,SKU-011,WH-WI1,SmartStock Optimized,671,0,0,0,671,0,0,0,0.287,0.0,0.0,0.29,0,0.71
2016-04-13,SKU-011,WH-WI1,SmartStock Optimized,671,1,1,0,670,0,0,0,0.287,0.0,0.0,0.29,0,0.71
2016-04-14,SKU-011,WH-WI1,SmartStock Optimized,670,0,0,0,670,0,0,0,0.287,0.0,0.0,0.29,0,0.71
2016-04-15,SKU-011,WH-WI1,SmartStock Optimized,670,0,0,0,670,0,0,0,0.287,0.0,0.0,0.29,0,0.71
2016-04-16,SKU-011,WH-WI1,SmartStock Optimized,670,1,1,0,669,0,0,0,0.286,0.0,0.0,0.29,0,0.71
2016-04-17,SKU-011,WH-WI1,SmartStock Optimized,669,0,0,0,669,0,0,0,0.286,0.0,0.0,0.29,0,0.71
2016-04-18,SKU-011,WH-WI1,SmartStock Optimized,669,2,2,0,667,0,0,0,0.285,0.0,0.0,0.28,0,0.71
2016-04-19,SKU-011,WH-WI1,SmartStock Optimized,667,8,8,0,659,0,0,0,0.282,0.0,0.0,0.28,0,0.71
2016-04-20,SKU-011,WH-WI1,SmartStock Optimized,659,0,0,0,659,0,0,0,0.282,0.0,0.0,0.28,0,0.71
2016-04-21,SKU-011,WH-WI1,SmartStock Optimized,659,2,2,0,657,0,0,0,0.281,0.0,0.0,0.28,0,0.71
2016-04-22,SKU-011,WH-WI1,SmartStock Optimized,657,0,0,0,657,0,0,0,0.281,0.0,0.0,0.28,0,0.71
2016-04-23,SKU-011,WH-WI1,SmartStock Optimized,657,1,1,0,656,0,0,0,0.281,0.0,0.0,0.28,0,0.71
2016-04-24,SKU-011,WH-WI1,SmartStock Optimized,656,1,1,0,655,0,0,0,0.28,0.0,0.0,0.28,0,0.71
2016-03-28,SKU-012,WH-CA1,SmartStock Optimized,22,1,1,0,21,0,0,0,0.022,0.0,0.0,0.02,0,1.56
2016-03-29,SKU-012,WH-CA1,SmartStock Optimized,21,0,0,0,21,0,0,0,0.022,0.0,0.0,0.02,0,1.56
2016-03-30,SKU-012,WH-CA1,SmartStock Optimized,21,1,1,0,20,0,0,0,0.021,0.0,0.0,0.02,0,1.56
2016-03-31,SKU-012,WH-CA1,SmartStock Optimized,20,3,3,0,17,528,528,0,0.018,75.0,0.0,75.02,0,1.56
2016-04-01,SKU-012,WH-CA1,SmartStock Optimized,17,0,0,0,17,528,0,0,0.018,0.0,0.0,0.02,0,1.56
2016-04-02,SKU-012,WH-CA1,SmartStock Optimized,17,3,3,0,14,528,0,0,0.015,0.0,0.0,0.01,0,1.56
2016-04-03,SKU-012,WH-CA1,SmartStock Optimized,14,3,3,0,11,528,0,0,0.012,0.0,0.0,0.01,0,1.56
2016-04-04,SKU-012,WH-CA1,SmartStock Optimized,11,3,3,0,8,528,0,0,0.009,0.0,0.0,0.01,0,1.56
2016-04-05,SKU-012,WH-CA1,SmartStock Optimized,536,5,5,0,531,0,0,528,0.567,0.0,0.0,0.57,0,1.56
2016-04-06,SKU-012,WH-CA1,SmartStock Optimized,531,3,3,0,528,0,0,0,0.564,0.0,0.0,0.56,0,1.56
2016-04-07,SKU-012,WH-CA1,SmartStock Optimized,528,4,4,0,524,0,0,0,0.56,0.0,0.0,0.56,0,1.56
2016-04-08,SKU-012,WH-CA1,SmartStock Optimized,524,1,1,0,523,0,0,0,0.559,0.0,0.0,0.56,0,1.56
2016-04-09,SKU-012,WH-CA1,SmartStock Optimized,523,2,2,0,521,0,0,0,0.557,0.0,0.0,0.56,0,1.56
2016-04-10,SKU-012,WH-CA1,SmartStock Optimized,521,3,3,0,518,0,0,0,0.553,0.0,0.0,0.55,0,1.56
2016-04-11,SKU-012,WH-CA1,SmartStock Optimized,518,4,4,0,514,0,0,0,0.549,0.0,0.0,0.55,0,1.56
2016-04-12,SKU-012,WH-CA1,SmartStock Optimized,514,4,4,0,510,0,0,0,0.545,0.0,0.0,0.55,0,1.56
2016-04-13,SKU-012,WH-CA1,SmartStock Optimized,510,3,3,0,507,0,0,0,0.542,0.0,0.0,0.54,0,1.56
2016-04-14,SKU-012,WH-CA1,SmartStock Optimized,507,3,3,0,504,0,0,0,0.539,0.0,0.0,0.54,0,1.56
2016-04-15,SKU-012,WH-CA1,SmartStock Optimized,504,3,3,0,501,0,0,0,0.535,0.0,0.0,0.54,0,1.56
2016-04-16,SKU-012,WH-CA1,SmartStock Optimized,501,2,2,0,499,0,0,0,0.533,0.0,0.0,0.53,0,1.56
2016-04-17,SKU-012,WH-CA1,SmartStock Optimized,499,2,2,0,497,0,0,0,0.531,0.0,0.0,0.53,0,1.56
2016-04-18,SKU-012,WH-CA1,SmartStock Optimized,497,3,3,0,494,0,0,0,0.528,0.0,0.0,0.53,0,1.56
2016-04-19,SKU-012,WH-CA1,SmartStock Optimized,494,2,2,0,492,0,0,0,0.526,0.0,0.0,0.53,0,1.56
2016-04-20,SKU-012,WH-CA1,SmartStock Optimized,492,3,3,0,489,0,0,0,0.522,0.0,0.0,0.52,0,1.56
2016-04-21,SKU-012,WH-CA1,SmartStock Optimized,489,2,2,0,487,0,0,0,0.52,0.0,0.0,0.52,0,1.56
2016-04-22,SKU-012,WH-CA1,SmartStock Optimized,487,0,0,0,487,0,0,0,0.52,0.0,0.0,0.52,0,1.56
2016-04-23,SKU-012,WH-CA1,SmartStock Optimized,487,4,4,0,483,0,0,0,0.516,0.0,0.0,0.52,0,1.56
2016-04-24,SKU-012,WH-CA1,SmartStock Optimized,483,2,2,0,481,0,0,0,0.514,0.0,0.0,0.51,0,1.56
2016-03-28,SKU-012,WH-TX1,SmartStock Optimized,12,0,0,0,12,0,0,0,0.01,0.0,0.0,0.01,0,1.56
2016-03-29,SKU-012,WH-TX1,SmartStock Optimized,12,1,1,0,11,408,408,0,0.009,75.0,0.0,75.01,0,1.56
2016-03-30,SKU-012,WH-TX1,SmartStock Optimized,11,0,0,0,11,408,0,0,0.009,0.0,0.0,0.01,0,1.56
2016-03-31,SKU-012,WH-TX1,SmartStock Optimized,11,0,0,0,11,408,0,0,0.009,0.0,0.0,0.01,0,1.56
2016-04-01,SKU-012,WH-TX1,SmartStock Optimized,11,0,0,0,11,408,0,0,0.009,0.0,0.0,0.01,0,1.56
2016-04-02,SKU-012,WH-TX1,SmartStock Optimized,11,3,3,0,8,408,0,0,0.007,0.0,0.0,0.01,0,1.56
2016-04-03,SKU-012,WH-TX1,SmartStock Optimized,416,1,1,0,415,0,0,408,0.355,0.0,0.0,0.35,0,1.56
2016-04-04,SKU-012,WH-TX1,SmartStock Optimized,415,3,3,0,412,0,0,0,0.352,0.0,0.0,0.35,0,1.56
2016-04-05,SKU-012,WH-TX1,SmartStock Optimized,412,6,6,0,406,0,0,0,0.347,0.0,0.0,0.35,0,1.56
2016-04-06,SKU-012,WH-TX1,SmartStock Optimized,406,1,1,0,405,0,0,0,0.346,0.0,0.0,0.35,0,1.56
2016-04-07,SKU-012,WH-TX1,SmartStock Optimized,405,1,1,0,404,0,0,0,0.345,0.0,0.0,0.34,0,1.56
2016-04-08,SKU-012,WH-TX1,SmartStock Optimized,404,0,0,0,404,0,0,0,0.345,0.0,0.0,0.34,0,1.56
2016-04-09,SKU-012,WH-TX1,SmartStock Optimized,404,1,1,0,403,0,0,0,0.344,0.0,0.0,0.34,0,1.56
2016-04-10,SKU-012,WH-TX1,SmartStock Optimized,403,1,1,0,402,0,0,0,0.344,0.0,0.0,0.34,0,1.56
2016-04-11,SKU-012,WH-TX1,SmartStock Optimized,402,0,0,0,402,0,0,0,0.344,0.0,0.0,0.34,0,1.56
2016-04-12,SKU-012,WH-TX1,SmartStock Optimized,402,1,1,0,401,0,0,0,0.343,0.0,0.0,0.34,0,1.56
2016-04-13,SKU-012,WH-TX1,SmartStock Optimized,401,0,0,0,401,0,0,0,0.343,0.0,0.0,0.34,0,1.56
2016-04-14,SKU-012,WH-TX1,SmartStock Optimized,401,0,0,0,401,0,0,0,0.343,0.0,0.0,0.34,0,1.56
2016-04-15,SKU-012,WH-TX1,SmartStock Optimized,401,1,1,0,400,0,0,0,0.342,0.0,0.0,0.34,0,1.56
2016-04-16,SKU-012,WH-TX1,SmartStock Optimized,400,4,4,0,396,0,0,0,0.338,0.0,0.0,0.34,0,1.56
2016-04-17,SKU-012,WH-TX1,SmartStock Optimized,396,1,1,0,395,0,0,0,0.338,0.0,0.0,0.34,0,1.56
2016-04-18,SKU-012,WH-TX1,SmartStock Optimized,395,2,2,0,393,0,0,0,0.336,0.0,0.0,0.34,0,1.56
2016-04-19,SKU-012,WH-TX1,SmartStock Optimized,393,0,0,0,393,0,0,0,0.336,0.0,0.0,0.34,0,1.56
2016-04-20,SKU-012,WH-TX1,SmartStock Optimized,393,1,1,0,392,0,0,0,0.335,0.0,0.0,0.34,0,1.56
2016-04-21,SKU-012,WH-TX1,SmartStock Optimized,392,1,1,0,391,0,0,0,0.334,0.0,0.0,0.33,0,1.56
2016-04-22,SKU-012,WH-TX1,SmartStock Optimized,391,2,2,0,389,0,0,0,0.333,0.0,0.0,0.33,0,1.56
2016-04-23,SKU-012,WH-TX1,SmartStock Optimized,389,1,1,0,388,0,0,0,0.332,0.0,0.0,0.33,0,1.56
2016-04-24,SKU-012,WH-TX1,SmartStock Optimized,388,2,2,0,386,0,0,0,0.33,0.0,0.0,0.33,0,1.56
2016-03-28,SKU-012,WH-WI1,SmartStock Optimized,25,4,4,0,21,576,576,0,0.02,75.0,0.0,75.02,0,1.56
2016-03-29,SKU-012,WH-WI1,SmartStock Optimized,21,0,0,0,21,576,0,0,0.02,0.0,0.0,0.02,0,1.56
2016-03-30,SKU-012,WH-WI1,SmartStock Optimized,21,1,1,0,20,576,0,0,0.019,0.0,0.0,0.02,0,1.56
2016-03-31,SKU-012,WH-WI1,SmartStock Optimized,20,0,0,0,20,576,0,0,0.019,0.0,0.0,0.02,0,1.56
2016-04-01,SKU-012,WH-WI1,SmartStock Optimized,596,2,2,0,594,0,0,576,0.559,0.0,0.0,0.56,0,1.56
2016-04-02,SKU-012,WH-WI1,SmartStock Optimized,594,9,9,0,585,0,0,0,0.55,0.0,0.0,0.55,0,1.56
2016-04-03,SKU-012,WH-WI1,SmartStock Optimized,585,4,4,0,581,0,0,0,0.546,0.0,0.0,0.55,0,1.56
2016-04-04,SKU-012,WH-WI1,SmartStock Optimized,581,2,2,0,579,0,0,0,0.544,0.0,0.0,0.54,0,1.56
2016-04-05,SKU-012,WH-WI1,SmartStock Optimized,579,0,0,0,579,0,0,0,0.544,0.0,0.0,0.54,0,1.56
2016-04-06,SKU-012,WH-WI1,SmartStock Optimized,579,2,2,0,577,0,0,0,0.543,0.0,0.0,0.54,0,1.56
2016-04-07,SKU-012,WH-WI1,SmartStock Optimized,577,0,0,0,577,0,0,0,0.543,0.0,0.0,0.54,0,1.56
2016-04-08,SKU-012,WH-WI1,SmartStock Optimized,577,3,3,0,574,0,0,0,0.54,0.0,0.0,0.54,0,1.56
2016-04-09,SKU-012,WH-WI1,SmartStock Optimized,574,5,5,0,569,0,0,0,0.535,0.0,0.0,0.54,0,1.56
2016-04-10,SKU-012,WH-WI1,SmartStock Optimized,569,4,4,0,565,0,0,0,0.531,0.0,0.0,0.53,0,1.56
2016-04-11,SKU-012,WH-WI1,SmartStock Optimized,565,2,2,0,563,0,0,0,0.529,0.0,0.0,0.53,0,1.56
2016-04-12,SKU-012,WH-WI1,SmartStock Optimized,563,2,2,0,561,0,0,0,0.527,0.0,0.0,0.53,0,1.56
2016-04-13,SKU-012,WH-WI1,SmartStock Optimized,561,2,2,0,559,0,0,0,0.526,0.0,0.0,0.53,0,1.56
2016-04-14,SKU-012,WH-WI1,SmartStock Optimized,559,2,2,0,557,0,0,0,0.524,0.0,0.0,0.52,0,1.56
2016-04-15,SKU-012,WH-WI1,SmartStock Optimized,557,1,1,0,556,0,0,0,0.523,0.0,0.0,0.52,0,1.56
2016-04-16,SKU-012,WH-WI1,SmartStock Optimized,556,5,5,0,551,0,0,0,0.518,0.0,0.0,0.52,0,1.56
2016-04-17,SKU-012,WH-WI1,SmartStock Optimized,551,2,2,0,549,0,0,0,0.516,0.0,0.0,0.52,0,1.56
2016-04-18,SKU-012,WH-WI1,SmartStock Optimized,549,5,5,0,544,0,0,0,0.512,0.0,0.0,0.51,0,1.56
2016-04-19,SKU-012,WH-WI1,SmartStock Optimized,544,3,3,0,541,0,0,0,0.509,0.0,0.0,0.51,0,1.56
2016-04-20,SKU-012,WH-WI1,SmartStock Optimized,541,3,3,0,538,0,0,0,0.506,0.0,0.0,0.51,0,1.56
2016-04-21,SKU-012,WH-WI1,SmartStock Optimized,538,2,2,0,536,0,0,0,0.504,0.0,0.0,0.5,0,1.56
2016-04-22,SKU-012,WH-WI1,SmartStock Optimized,536,3,3,0,533,0,0,0,0.501,0.0,0.0,0.5,0,1.56
2016-04-23,SKU-012,WH-WI1,SmartStock Optimized,533,1,1,0,532,0,0,0,0.5,0.0,0.0,0.5,0,1.56
2016-04-24,SKU-012,WH-WI1,SmartStock Optimized,532,3,3,0,529,0,0,0,0.497,0.0,0.0,0.5,0,1.56
2016-03-28,SKU-013,WH-CA1,SmartStock Optimized,15,5,5,0,10,192,192,0,0.047,75.0,0.0,75.05,0,6.91
2016-03-29,SKU-013,WH-CA1,SmartStock Optimized,10,0,0,0,10,192,0,0,0.047,0.0,0.0,0.05,0,6.91
2016-03-30,SKU-013,WH-CA1,SmartStock Optimized,10,1,1,0,9,192,0,0,0.043,0.0,0.0,0.04,0,6.91
2016-03-31,SKU-013,WH-CA1,SmartStock Optimized,201,0,0,0,201,0,0,192,0.951,0.0,0.0,0.95,0,6.91
2016-04-01,SKU-013,WH-CA1,SmartStock Optimized,201,0,0,0,201,0,0,0,0.951,0.0,0.0,0.95,0,6.91
2016-04-02,SKU-013,WH-CA1,SmartStock Optimized,201,0,0,0,201,0,0,0,0.951,0.0,0.0,0.95,0,6.91
2016-04-03,SKU-013,WH-CA1,SmartStock Optimized,201,0,0,0,201,0,0,0,0.951,0.0,0.0,0.95,0,6.91
2016-04-04,SKU-013,WH-CA1,SmartStock Optimized,201,0,0,0,201,0,0,0,0.951,0.0,0.0,0.95,0,6.91
2016-04-05,SKU-013,WH-CA1,SmartStock Optimized,201,2,2,0,199,0,0,0,0.942,0.0,0.0,0.94,0,6.91
2016-04-06,SKU-013,WH-CA1,SmartStock Optimized,199,0,0,0,199,0,0,0,0.942,0.0,0.0,0.94,0,6.91
2016-04-07,SKU-013,WH-CA1,SmartStock Optimized,199,0,0,0,199,0,0,0,0.942,0.0,0.0,0.94,0,6.91
2016-04-08,SKU-013,WH-CA1,SmartStock Optimized,199,0,0,0,199,0,0,0,0.942,0.0,0.0,0.94,0,6.91
2016-04-09,SKU-013,WH-CA1,SmartStock Optimized,199,1,1,0,198,0,0,0,0.937,0.0,0.0,0.94,0,6.91
2016-04-10,SKU-013,WH-CA1,SmartStock Optimized,198,1,1,0,197,0,0,0,0.932,0.0,0.0,0.93,0,6.91
2016-04-11,SKU-013,WH-CA1,SmartStock Optimized,197,0,0,0,197,0,0,0,0.932,0.0,0.0,0.93,0,6.91
2016-04-12,SKU-013,WH-CA1,SmartStock Optimized,197,1,1,0,196,0,0,0,0.928,0.0,0.0,0.93,0,6.91
2016-04-13,SKU-013,WH-CA1,SmartStock Optimized,196,1,1,0,195,0,0,0,0.923,0.0,0.0,0.92,0,6.91
2016-04-14,SKU-013,WH-CA1,SmartStock Optimized,195,2,2,0,193,0,0,0,0.913,0.0,0.0,0.91,0,6.91
2016-04-15,SKU-013,WH-CA1,SmartStock Optimized,193,0,0,0,193,0,0,0,0.913,0.0,0.0,0.91,0,6.91
2016-04-16,SKU-013,WH-CA1,SmartStock Optimized,193,0,0,0,193,0,0,0,0.913,0.0,0.0,0.91,0,6.91
2016-04-17,SKU-013,WH-CA1,SmartStock Optimized,193,1,1,0,192,0,0,0,0.909,0.0,0.0,0.91,0,6.91
2016-04-18,SKU-013,WH-CA1,SmartStock Optimized,192,0,0,0,192,0,0,0,0.909,0.0,0.0,0.91,0,6.91
2016-04-19,SKU-013,WH-CA1,SmartStock Optimized,192,1,1,0,191,0,0,0,0.904,0.0,0.0,0.9,0,6.91
2016-04-20,SKU-013,WH-CA1,SmartStock Optimized,191,0,0,0,191,0,0,0,0.904,0.0,0.0,0.9,0,6.91
2016-04-21,SKU-013,WH-CA1,SmartStock Optimized,191,0,0,0,191,0,0,0,0.904,0.0,0.0,0.9,0,6.91
2016-04-22,SKU-013,WH-CA1,SmartStock Optimized,191,0,0,0,191,0,0,0,0.904,0.0,0.0,0.9,0,6.91
2016-04-23,SKU-013,WH-CA1,SmartStock Optimized,191,1,1,0,190,0,0,0,0.899,0.0,0.0,0.9,0,6.91
2016-04-24,SKU-013,WH-CA1,SmartStock Optimized,190,0,0,0,190,0,0,0,0.899,0.0,0.0,0.9,0,6.91
2016-03-28,SKU-013,WH-TX1,SmartStock Optimized,16,0,0,0,16,0,0,0,0.061,0.0,0.0,0.06,0,6.91
2016-03-29,SKU-013,WH-TX1,SmartStock Optimized,16,0,0,0,16,0,0,0,0.061,0.0,0.0,0.06,0,6.91
2016-03-30,SKU-013,WH-TX1,SmartStock Optimized,16,0,0,0,16,0,0,0,0.061,0.0,0.0,0.06,0,6.91
2016-03-31,SKU-013,WH-TX1,SmartStock Optimized,16,0,0,0,16,0,0,0,0.061,0.0,0.0,0.06,0,6.91
2016-04-01,SKU-013,WH-TX1,SmartStock Optimized,16,0,0,0,16,0,0,0,0.061,0.0,0.0,0.06,0,6.91
2016-04-02,SKU-013,WH-TX1,SmartStock Optimized,16,3,3,0,13,228,228,0,0.049,75.0,0.0,75.05,0,6.91
2016-04-03,SKU-013,WH-TX1,SmartStock Optimized,13,2,2,0,11,228,0,0,0.042,0.0,0.0,0.04,0,6.91
2016-04-04,SKU-013,WH-TX1,SmartStock Optimized,11,0,0,0,11,228,0,0,0.042,0.0,0.0,0.04,0,6.91
2016-04-05,SKU-013,WH-TX1,SmartStock Optimized,11,1,1,0,10,228,0,0,0.038,0.0,0.0,0.04,0,6.91
2016-04-06,SKU-013,WH-TX1,SmartStock Optimized,238,0,0,0,238,0,0,228,0.901,0.0,0.0,0.9,0,6.91
2016-04-07,SKU-013,WH-TX1,SmartStock Optimized,238,0,0,0,238,0,0,0,0.901,0.0,0.0,0.9,0,6.91
2016-04-08,SKU-013,WH-TX1,SmartStock Optimized,238,0,0,0,238,0,0,0,0.901,0.0,0.0,0.9,0,6.91
2016-04-09,SKU-013,WH-TX1,SmartStock Optimized,238,0,0,0,238,0,0,0,0.901,0.0,0.0,0.9,0,6.91
2016-04-10,SKU-013,WH-TX1,SmartStock Optimized,238,0,0,0,238,0,0,0,0.901,0.0,0.0,0.9,0,6.91
2016-04-11,SKU-013,WH-TX1,SmartStock Optimized,238,0,0,0,238,0,0,0,0.901,0.0,0.0,0.9,0,6.91
2016-04-12,SKU-013,WH-TX1,SmartStock Optimized,238,0,0,0,238,0,0,0,0.901,0.0,0.0,0.9,0,6.91
2016-04-13,SKU-013,WH-TX1,SmartStock Optimized,238,0,0,0,238,0,0,0,0.901,0.0,0.0,0.9,0,6.91
2016-04-14,SKU-013,WH-TX1,SmartStock Optimized,238,0,0,0,238,0,0,0,0.901,0.0,0.0,0.9,0,6.91
2016-04-15,SKU-013,WH-TX1,SmartStock Optimized,238,0,0,0,238,0,0,0,0.901,0.0,0.0,0.9,0,6.91
2016-04-16,SKU-013,WH-TX1,SmartStock Optimized,238,0,0,0,238,0,0,0,0.901,0.0,0.0,0.9,0,6.91
2016-04-17,SKU-013,WH-TX1,SmartStock Optimized,238,0,0,0,238,0,0,0,0.901,0.0,0.0,0.9,0,6.91
2016-04-18,SKU-013,WH-TX1,SmartStock Optimized,238,0,0,0,238,0,0,0,0.901,0.0,0.0,0.9,0,6.91
2016-04-19,SKU-013,WH-TX1,SmartStock Optimized,238,0,0,0,238,0,0,0,0.901,0.0,0.0,0.9,0,6.91
2016-04-20,SKU-013,WH-TX1,SmartStock Optimized,238,0,0,0,238,0,0,0,0.901,0.0,0.0,0.9,0,6.91
2016-04-21,SKU-013,WH-TX1,SmartStock Optimized,238,0,0,0,238,0,0,0,0.901,0.0,0.0,0.9,0,6.91
2016-04-22,SKU-013,WH-TX1,SmartStock Optimized,238,0,0,0,238,0,0,0,0.901,0.0,0.0,0.9,0,6.91
2016-04-23,SKU-013,WH-TX1,SmartStock Optimized,238,0,0,0,238,0,0,0,0.901,0.0,0.0,0.9,0,6.91
2016-04-24,SKU-013,WH-TX1,SmartStock Optimized,238,0,0,0,238,0,0,0,0.901,0.0,0.0,0.9,0,6.91
2016-03-28,SKU-013,WH-WI1,SmartStock Optimized,5,1,1,0,4,108,108,0,0.017,75.0,0.0,75.02,0,6.91
2016-03-29,SKU-013,WH-WI1,SmartStock Optimized,4,0,0,0,4,108,0,0,0.017,0.0,0.0,0.02,0,6.91
2016-03-30,SKU-013,WH-WI1,SmartStock Optimized,4,0,0,0,4,108,0,0,0.017,0.0,0.0,0.02,0,6.91
2016-03-31,SKU-013,WH-WI1,SmartStock Optimized,4,0,0,0,4,108,0,0,0.017,0.0,0.0,0.02,0,6.91
2016-04-01,SKU-013,WH-WI1,SmartStock Optimized,4,0,0,0,4,108,0,0,0.017,0.0,0.0,0.02,0,6.91
2016-04-02,SKU-013,WH-WI1,SmartStock Optimized,112,1,1,0,111,0,0,108,0.462,0.0,0.0,0.46,0,6.91
2016-04-03,SKU-013,WH-WI1,SmartStock Optimized,111,0,0,0,111,0,0,0,0.462,0.0,0.0,0.46,0,6.91
2016-04-04,SKU-013,WH-WI1,SmartStock Optimized,111,0,0,0,111,0,0,0,0.462,0.0,0.0,0.46,0,6.91
2016-04-05,SKU-013,WH-WI1,SmartStock Optimized,111,0,0,0,111,0,0,0,0.462,0.0,0.0,0.46,0,6.91
2016-04-06,SKU-013,WH-WI1,SmartStock Optimized,111,0,0,0,111,0,0,0,0.462,0.0,0.0,0.46,0,6.91
2016-04-07,SKU-013,WH-WI1,SmartStock Optimized,111,1,1,0,110,0,0,0,0.458,0.0,0.0,0.46,0,6.91
2016-04-08,SKU-013,WH-WI1,SmartStock Optimized,110,0,0,0,110,0,0,0,0.458,0.0,0.0,0.46,0,6.91
2016-04-09,SKU-013,WH-WI1,SmartStock Optimized,110,1,1,0,109,0,0,0,0.454,0.0,0.0,0.45,0,6.91
2016-04-10,SKU-013,WH-WI1,SmartStock Optimized,109,0,0,0,109,0,0,0,0.454,0.0,0.0,0.45,0,6.91
2016-04-11,SKU-013,WH-WI1,SmartStock Optimized,109,0,0,0,109,0,0,0,0.454,0.0,0.0,0.45,0,6.91
2016-04-12,SKU-013,WH-WI1,SmartStock Optimized,109,2,2,0,107,0,0,0,0.446,0.0,0.0,0.45,0,6.91
2016-04-13,SKU-013,WH-WI1,SmartStock Optimized,107,1,1,0,106,0,0,0,0.441,0.0,0.0,0.44,0,6.91
2016-04-14,SKU-013,WH-WI1,SmartStock Optimized,106,0,0,0,106,0,0,0,0.441,0.0,0.0,0.44,0,6.91
2016-04-15,SKU-013,WH-WI1,SmartStock Optimized,106,0,0,0,106,0,0,0,0.441,0.0,0.0,0.44,0,6.91
2016-04-16,SKU-013,WH-WI1,SmartStock Optimized,106,0,0,0,106,0,0,0,0.441,0.0,0.0,0.44,0,6.91
2016-04-17,SKU-013,WH-WI1,SmartStock Optimized,106,0,0,0,106,0,0,0,0.441,0.0,0.0,0.44,0,6.91
2016-04-18,SKU-013,WH-WI1,SmartStock Optimized,106,1,1,0,105,0,0,0,0.437,0.0,0.0,0.44,0,6.91
2016-04-19,SKU-013,WH-WI1,SmartStock Optimized,105,0,0,0,105,0,0,0,0.437,0.0,0.0,0.44,0,6.91
2016-04-20,SKU-013,WH-WI1,SmartStock Optimized,105,0,0,0,105,0,0,0,0.437,0.0,0.0,0.44,0,6.91
2016-04-21,SKU-013,WH-WI1,SmartStock Optimized,105,0,0,0,105,0,0,0,0.437,0.0,0.0,0.44,0,6.91
2016-04-22,SKU-013,WH-WI1,SmartStock Optimized,105,0,0,0,105,0,0,0,0.437,0.0,0.0,0.44,0,6.91
2016-04-23,SKU-013,WH-WI1,SmartStock Optimized,105,0,0,0,105,0,0,0,0.437,0.0,0.0,0.44,0,6.91
2016-04-24,SKU-013,WH-WI1,SmartStock Optimized,105,0,0,0,105,0,0,0,0.437,0.0,0.0,0.44,0,6.91
2016-03-28,SKU-014,WH-CA1,SmartStock Optimized,26,0,0,0,26,384,384,0,0.063,75.0,0.0,75.06,0,3.51
2016-03-29,SKU-014,WH-CA1,SmartStock Optimized,26,0,0,0,26,384,0,0,0.063,0.0,0.0,0.06,0,3.51
2016-03-30,SKU-014,WH-CA1,SmartStock Optimized,26,1,1,0,25,384,0,0,0.06,0.0,0.0,0.06,0,3.51
2016-03-31,SKU-014,WH-CA1,SmartStock Optimized,25,2,2,0,23,384,0,0,0.055,0.0,0.0,0.06,0,3.51
2016-04-01,SKU-014,WH-CA1,SmartStock Optimized,23,1,1,0,22,384,0,0,0.053,0.0,0.0,0.05,0,3.51
2016-04-02,SKU-014,WH-CA1,SmartStock Optimized,22,1,1,0,21,384,0,0,0.05,0.0,0.0,0.05,0,3.51
2016-04-03,SKU-014,WH-CA1,SmartStock Optimized,21,1,1,0,20,384,0,0,0.048,0.0,0.0,0.05,0,3.51
2016-04-04,SKU-014,WH-CA1,SmartStock Optimized,404,1,1,0,403,0,0,384,0.969,0.0,0.0,0.97,0,3.51
2016-04-05,SKU-014,WH-CA1,SmartStock Optimized,403,4,4,0,399,0,0,0,0.959,0.0,0.0,0.96,0,3.51
2016-04-06,SKU-014,WH-CA1,SmartStock Optimized,399,3,3,0,396,0,0,0,0.952,0.0,0.0,0.95,0,3.51
2016-04-07,SKU-014,WH-CA1,SmartStock Optimized,396,1,1,0,395,0,0,0,0.95,0.0,0.0,0.95,0,3.51
2016-04-08,SKU-014,WH-CA1,SmartStock Optimized,395,1,1,0,394,0,0,0,0.947,0.0,0.0,0.95,0,3.51
2016-04-09,SKU-014,WH-CA1,SmartStock Optimized,394,1,1,0,393,0,0,0,0.945,0.0,0.0,0.94,0,3.51
2016-04-10,SKU-014,WH-CA1,SmartStock Optimized,393,1,1,0,392,0,0,0,0.942,0.0,0.0,0.94,0,3.51
2016-04-11,SKU-014,WH-CA1,SmartStock Optimized,392,0,0,0,392,0,0,0,0.942,0.0,0.0,0.94,0,3.51
2016-04-12,SKU-014,WH-CA1,SmartStock Optimized,392,1,1,0,391,0,0,0,0.94,0.0,0.0,0.94,0,3.51
2016-04-13,SKU-014,WH-CA1,SmartStock Optimized,391,1,1,0,390,0,0,0,0.938,0.0,0.0,0.94,0,3.51
2016-04-14,SKU-014,WH-CA1,SmartStock Optimized,390,2,2,0,388,0,0,0,0.933,0.0,0.0,0.93,0,3.51
2016-04-15,SKU-014,WH-CA1,SmartStock Optimized,388,0,0,0,388,0,0,0,0.933,0.0,0.0,0.93,0,3.51
2016-04-16,SKU-014,WH-CA1,SmartStock Optimized,388,0,0,0,388,0,0,0,0.933,0.0,0.0,0.93,0,3.51
2016-04-17,SKU-014,WH-CA1,SmartStock Optimized,388,1,1,0,387,0,0,0,0.93,0.0,0.0,0.93,0,3.51
2016-04-18,SKU-014,WH-CA1,SmartStock Optimized,387,0,0,0,387,0,0,0,0.93,0.0,0.0,0.93,0,3.51
2016-04-19,SKU-014,WH-CA1,SmartStock Optimized,387,0,0,0,387,0,0,0,0.93,0.0,0.0,0.93,0,3.51
2016-04-20,SKU-014,WH-CA1,SmartStock Optimized,387,0,0,0,387,0,0,0,0.93,0.0,0.0,0.93,0,3.51
2016-04-21,SKU-014,WH-CA1,SmartStock Optimized,387,1,1,0,386,0,0,0,0.928,0.0,0.0,0.93,0,3.51
2016-04-22,SKU-014,WH-CA1,SmartStock Optimized,386,2,2,0,384,0,0,0,0.923,0.0,0.0,0.92,0,3.51
2016-04-23,SKU-014,WH-CA1,SmartStock Optimized,384,0,0,0,384,0,0,0,0.923,0.0,0.0,0.92,0,3.51
2016-04-24,SKU-014,WH-CA1,SmartStock Optimized,384,1,1,0,383,0,0,0,0.921,0.0,0.0,0.92,0,3.51
2016-03-28,SKU-014,WH-TX1,SmartStock Optimized,37,1,1,0,36,528,528,0,0.069,75.0,0.0,75.07,0,3.51
2016-03-29,SKU-014,WH-TX1,SmartStock Optimized,36,0,0,0,36,528,0,0,0.069,0.0,0.0,0.07,0,3.51
2016-03-30,SKU-014,WH-TX1,SmartStock Optimized,36,4,4,0,32,528,0,0,0.062,0.0,0.0,0.06,0,3.51
2016-03-31,SKU-014,WH-TX1,SmartStock Optimized,32,2,2,0,30,528,0,0,0.058,0.0,0.0,0.06,0,3.51
2016-04-01,SKU-014,WH-TX1,SmartStock Optimized,30,2,2,0,28,528,0,0,0.054,0.0,0.0,0.05,0,3.51
2016-04-02,SKU-014,WH-TX1,SmartStock Optimized,556,2,2,0,554,0,0,528,1.066,0.0,0.0,1.07,0,3.51
2016-04-03,SKU-014,WH-TX1,SmartStock Optimized,554,4,4,0,550,0,0,0,1.058,0.0,0.0,1.06,0,3.51
2016-04-04,SKU-014,WH-TX1,SmartStock Optimized,550,1,1,0,549,0,0,0,1.056,0.0,0.0,1.06,0,3.51
2016-04-05,SKU-014,WH-TX1,SmartStock Optimized,549,1,1,0,548,0,0,0,1.054,0.0,0.0,1.05,0,3.51
2016-04-06,SKU-014,WH-TX1,SmartStock Optimized,548,6,6,0,542,0,0,0,1.042,0.0,0.0,1.04,0,3.51
2016-04-07,SKU-014,WH-TX1,SmartStock Optimized,542,0,0,0,542,0,0,0,1.042,0.0,0.0,1.04,0,3.51
2016-04-08,SKU-014,WH-TX1,SmartStock Optimized,542,1,1,0,541,0,0,0,1.04,0.0,0.0,1.04,0,3.51
2016-04-09,SKU-014,WH-TX1,SmartStock Optimized,541,1,1,0,540,0,0,0,1.039,0.0,0.0,1.04,0,3.51
2016-04-10,SKU-014,WH-TX1,SmartStock Optimized,540,6,6,0,534,0,0,0,1.027,0.0,0.0,1.03,0,3.51
2016-04-11,SKU-014,WH-TX1,SmartStock Optimized,534,2,2,0,532,0,0,0,1.023,0.0,0.0,1.02,0,3.51
2016-04-12,SKU-014,WH-TX1,SmartStock Optimized,532,2,2,0,530,0,0,0,1.019,0.0,0.0,1.02,0,3.51
2016-04-13,SKU-014,WH-TX1,SmartStock Optimized,530,1,1,0,529,0,0,0,1.017,0.0,0.0,1.02,0,3.51
2016-04-14,SKU-014,WH-TX1,SmartStock Optimized,529,1,1,0,528,0,0,0,1.015,0.0,0.0,1.01,0,3.51
2016-04-15,SKU-014,WH-TX1,SmartStock Optimized,528,2,2,0,526,0,0,0,1.012,0.0,0.0,1.01,0,3.51
2016-04-16,SKU-014,WH-TX1,SmartStock Optimized,526,3,3,0,523,0,0,0,1.006,0.0,0.0,1.01,0,3.51
2016-04-17,SKU-014,WH-TX1,SmartStock Optimized,523,3,3,0,520,0,0,0,1.0,0.0,0.0,1.0,0,3.51
2016-04-18,SKU-014,WH-TX1,SmartStock Optimized,520,3,3,0,517,0,0,0,0.994,0.0,0.0,0.99,0,3.51
2016-04-19,SKU-014,WH-TX1,SmartStock Optimized,517,3,3,0,514,0,0,0,0.989,0.0,0.0,0.99,0,3.51
2016-04-20,SKU-014,WH-TX1,SmartStock Optimized,514,4,4,0,510,0,0,0,0.981,0.0,0.0,0.98,0,3.51
2016-04-21,SKU-014,WH-TX1,SmartStock Optimized,510,4,4,0,506,0,0,0,0.973,0.0,0.0,0.97,0,3.51
2016-04-22,SKU-014,WH-TX1,SmartStock Optimized,506,1,1,0,505,0,0,0,0.971,0.0,0.0,0.97,0,3.51
2016-04-23,SKU-014,WH-TX1,SmartStock Optimized,505,1,1,0,504,0,0,0,0.969,0.0,0.0,0.97,0,3.51
2016-04-24,SKU-014,WH-TX1,SmartStock Optimized,504,0,0,0,504,0,0,0,0.969,0.0,0.0,0.97,0,3.51
2016-03-28,SKU-014,WH-WI1,SmartStock Optimized,11,0,0,0,11,252,252,0,0.023,75.0,0.0,75.02,0,3.51
2016-03-29,SKU-014,WH-WI1,SmartStock Optimized,11,1,1,0,10,252,0,0,0.021,0.0,0.0,0.02,0,3.51
2016-03-30,SKU-014,WH-WI1,SmartStock Optimized,10,0,0,0,10,252,0,0,0.021,0.0,0.0,0.02,0,3.51
2016-03-31,SKU-014,WH-WI1,SmartStock Optimized,10,1,1,0,9,252,0,0,0.019,0.0,0.0,0.02,0,3.51
2016-04-01,SKU-014,WH-WI1,SmartStock Optimized,9,0,0,0,9,252,0,0,0.019,0.0,0.0,0.02,0,3.51
2016-04-02,SKU-014,WH-WI1,SmartStock Optimized,9,0,0,0,9,252,0,0,0.019,0.0,0.0,0.02,0,3.51
2016-04-03,SKU-014,WH-WI1,SmartStock Optimized,9,0,0,0,9,252,0,0,0.019,0.0,0.0,0.02,0,3.51
2016-04-04,SKU-014,WH-WI1,SmartStock Optimized,261,3,3,0,258,0,0,252,0.546,0.0,0.0,0.55,0,3.51
2016-04-05,SKU-014,WH-WI1,SmartStock Optimized,258,0,0,0,258,0,0,0,0.546,0.0,0.0,0.55,0,3.51
2016-04-06,SKU-014,WH-WI1,SmartStock Optimized,258,0,0,0,258,0,0,0,0.546,0.0,0.0,0.55,0,3.51
2016-04-07,SKU-014,WH-WI1,SmartStock Optimized,258,1,1,0,257,0,0,0,0.544,0.0,0.0,0.54,0,3.51
2016-04-08,SKU-014,WH-WI1,SmartStock Optimized,257,0,0,0,257,0,0,0,0.544,0.0,0.0,0.54,0,3.51
2016-04-09,SKU-014,WH-WI1,SmartStock Optimized,257,1,1,0,256,0,0,0,0.542,0.0,0.0,0.54,0,3.51
2016-04-10,SKU-014,WH-WI1,SmartStock Optimized,256,2,2,0,254,0,0,0,0.537,0.0,0.0,0.54,0,3.51
2016-04-11,SKU-014,WH-WI1,SmartStock Optimized,254,0,0,0,254,0,0,0,0.537,0.0,0.0,0.54,0,3.51
2016-04-12,SKU-014,WH-WI1,SmartStock Optimized,254,0,0,0,254,0,0,0,0.537,0.0,0.0,0.54,0,3.51
2016-04-13,SKU-014,WH-WI1,SmartStock Optimized,254,1,1,0,253,0,0,0,0.535,0.0,0.0,0.54,0,3.51
2016-04-14,SKU-014,WH-WI1,SmartStock Optimized,253,0,0,0,253,0,0,0,0.535,0.0,0.0,0.54,0,3.51
2016-04-15,SKU-014,WH-WI1,SmartStock Optimized,253,0,0,0,253,0,0,0,0.535,0.0,0.0,0.54,0,3.51
2016-04-16,SKU-014,WH-WI1,SmartStock Optimized,253,0,0,0,253,0,0,0,0.535,0.0,0.0,0.54,0,3.51
2016-04-17,SKU-014,WH-WI1,SmartStock Optimized,253,1,1,0,252,0,0,0,0.533,0.0,0.0,0.53,0,3.51
2016-04-18,SKU-014,WH-WI1,SmartStock Optimized,252,1,1,0,251,0,0,0,0.531,0.0,0.0,0.53,0,3.51
2016-04-19,SKU-014,WH-WI1,SmartStock Optimized,251,1,1,0,250,0,0,0,0.529,0.0,0.0,0.53,0,3.51
2016-04-20,SKU-014,WH-WI1,SmartStock Optimized,250,0,0,0,250,0,0,0,0.529,0.0,0.0,0.53,0,3.51
2016-04-21,SKU-014,WH-WI1,SmartStock Optimized,250,1,1,0,249,0,0,0,0.527,0.0,0.0,0.53,0,3.51
2016-04-22,SKU-014,WH-WI1,SmartStock Optimized,249,0,0,0,249,0,0,0,0.527,0.0,0.0,0.53,0,3.51
2016-04-23,SKU-014,WH-WI1,SmartStock Optimized,249,0,0,0,249,0,0,0,0.527,0.0,0.0,0.53,0,3.51
2016-04-24,SKU-014,WH-WI1,SmartStock Optimized,249,1,1,0,248,0,0,0,0.525,0.0,0.0,0.53,0,3.51
2016-03-28,SKU-015,WH-CA1,SmartStock Optimized,5,1,1,0,4,144,144,0,0.01,75.0,0.0,75.01,0,3.59
2016-03-29,SKU-015,WH-CA1,SmartStock Optimized,4,0,0,0,4,144,0,0,0.01,0.0,0.0,0.01,0,3.59
2016-03-30,SKU-015,WH-CA1,SmartStock Optimized,4,0,0,0,4,144,0,0,0.01,0.0,0.0,0.01,0,3.59
2016-03-31,SKU-015,WH-CA1,SmartStock Optimized,4,0,0,0,4,144,0,0,0.01,0.0,0.0,0.01,0,3.59
2016-04-01,SKU-015,WH-CA1,SmartStock Optimized,4,3,3,0,1,144,0,0,0.002,0.0,0.0,0.0,0,3.59
2016-04-02,SKU-015,WH-CA1,SmartStock Optimized,145,1,1,0,144,0,0,144,0.354,0.0,0.0,0.35,0,3.59
2016-04-03,SKU-015,WH-CA1,SmartStock Optimized,144,0,0,0,144,0,0,0,0.354,0.0,0.0,0.35,0,3.59
2016-04-04,SKU-015,WH-CA1,SmartStock Optimized,144,0,0,0,144,0,0,0,0.354,0.0,0.0,0.35,0,3.59
2016-04-05,SKU-015,WH-CA1,SmartStock Optimized,144,0,0,0,144,0,0,0,0.354,0.0,0.0,0.35,0,3.59
2016-04-06,SKU-015,WH-CA1,SmartStock Optimized,144,0,0,0,144,0,0,0,0.354,0.0,0.0,0.35,0,3.59
2016-04-07,SKU-015,WH-CA1,SmartStock Optimized,144,0,0,0,144,0,0,0,0.354,0.0,0.0,0.35,0,3.59
2016-04-08,SKU-015,WH-CA1,SmartStock Optimized,144,1,1,0,143,0,0,0,0.352,0.0,0.0,0.35,0,3.59
2016-04-09,SKU-015,WH-CA1,SmartStock Optimized,143,0,0,0,143,0,0,0,0.352,0.0,0.0,0.35,0,3.59
2016-04-10,SKU-015,WH-CA1,SmartStock Optimized,143,0,0,0,143,0,0,0,0.352,0.0,0.0,0.35,0,3.59
2016-04-11,SKU-015,WH-CA1,SmartStock Optimized,143,0,0,0,143,0,0,0,0.352,0.0,0.0,0.35,0,3.59
2016-04-12,SKU-015,WH-CA1,SmartStock Optimized,143,0,0,0,143,0,0,0,0.352,0.0,0.0,0.35,0,3.59
2016-04-13,SKU-015,WH-CA1,SmartStock Optimized,143,0,0,0,143,0,0,0,0.352,0.0,0.0,0.35,0,3.59
2016-04-14,SKU-015,WH-CA1,SmartStock Optimized,143,0,0,0,143,0,0,0,0.352,0.0,0.0,0.35,0,3.59
2016-04-15,SKU-015,WH-CA1,SmartStock Optimized,143,0,0,0,143,0,0,0,0.352,0.0,0.0,0.35,0,3.59
2016-04-16,SKU-015,WH-CA1,SmartStock Optimized,143,1,1,0,142,0,0,0,0.349,0.0,0.0,0.35,0,3.59
2016-04-17,SKU-015,WH-CA1,SmartStock Optimized,142,1,1,0,141,0,0,0,0.347,0.0,0.0,0.35,0,3.59
2016-04-18,SKU-015,WH-CA1,SmartStock Optimized,141,0,0,0,141,0,0,0,0.347,0.0,0.0,0.35,0,3.59
2016-04-19,SKU-015,WH-CA1,SmartStock Optimized,141,0,0,0,141,0,0,0,0.347,0.0,0.0,0.35,0,3.59
2016-04-20,SKU-015,WH-CA1,SmartStock Optimized,141,0,0,0,141,0,0,0,0.347,0.0,0.0,0.35,0,3.59
2016-04-21,SKU-015,WH-CA1,SmartStock Optimized,141,0,0,0,141,0,0,0,0.347,0.0,0.0,0.35,0,3.59
2016-04-22,SKU-015,WH-CA1,SmartStock Optimized,141,0,0,0,141,0,0,0,0.347,0.0,0.0,0.35,0,3.59
2016-04-23,SKU-015,WH-CA1,SmartStock Optimized,141,0,0,0,141,0,0,0,0.347,0.0,0.0,0.35,0,3.59
2016-04-24,SKU-015,WH-CA1,SmartStock Optimized,141,1,1,0,140,0,0,0,0.344,0.0,0.0,0.34,0,3.59
2016-03-28,SKU-015,WH-TX1,SmartStock Optimized,6,0,0,0,6,192,192,0,0.012,75.0,0.0,75.01,0,3.59
2016-03-29,SKU-015,WH-TX1,SmartStock Optimized,6,0,0,0,6,192,0,0,0.012,0.0,0.0,0.01,0,3.59
2016-03-30,SKU-015,WH-TX1,SmartStock Optimized,6,1,1,0,5,192,0,0,0.01,0.0,0.0,0.01,0,3.59
2016-03-31,SKU-015,WH-TX1,SmartStock Optimized,5,0,0,0,5,192,0,0,0.01,0.0,0.0,0.01,0,3.59
2016-04-01,SKU-015,WH-TX1,SmartStock Optimized,197,0,0,0,197,0,0,192,0.388,0.0,0.0,0.39,0,3.59
2016-04-02,SKU-015,WH-TX1,SmartStock Optimized,197,0,0,0,197,0,0,0,0.388,0.0,0.0,0.39,0,3.59
2016-04-03,SKU-015,WH-TX1,SmartStock Optimized,197,0,0,0,197,0,0,0,0.388,0.0,0.0,0.39,0,3.59
2016-04-04,SKU-015,WH-TX1,SmartStock Optimized,197,0,0,0,197,0,0,0,0.388,0.0,0.0,0.39,0,3.59
2016-04-05,SKU-015,WH-TX1,SmartStock Optimized,197,0,0,0,197,0,0,0,0.388,0.0,0.0,0.39,0,3.59
2016-04-06,SKU-015,WH-TX1,SmartStock Optimized,197,1,1,0,196,0,0,0,0.386,0.0,0.0,0.39,0,3.59
2016-04-07,SKU-015,WH-TX1,SmartStock Optimized,196,0,0,0,196,0,0,0,0.386,0.0,0.0,0.39,0,3.59
2016-04-08,SKU-015,WH-TX1,SmartStock Optimized,196,0,0,0,196,0,0,0,0.386,0.0,0.0,0.39,0,3.59
2016-04-09,SKU-015,WH-TX1,SmartStock Optimized,196,1,1,0,195,0,0,0,0.384,0.0,0.0,0.38,0,3.59
2016-04-10,SKU-015,WH-TX1,SmartStock Optimized,195,0,0,0,195,0,0,0,0.384,0.0,0.0,0.38,0,3.59
2016-04-11,SKU-015,WH-TX1,SmartStock Optimized,195,0,0,0,195,0,0,0,0.384,0.0,0.0,0.38,0,3.59
2016-04-12,SKU-015,WH-TX1,SmartStock Optimized,195,0,0,0,195,0,0,0,0.384,0.0,0.0,0.38,0,3.59
2016-04-13,SKU-015,WH-TX1,SmartStock Optimized,195,1,1,0,194,0,0,0,0.382,0.0,0.0,0.38,0,3.59
2016-04-14,SKU-015,WH-TX1,SmartStock Optimized,194,0,0,0,194,0,0,0,0.382,0.0,0.0,0.38,0,3.59
2016-04-15,SKU-015,WH-TX1,SmartStock Optimized,194,1,1,0,193,0,0,0,0.38,0.0,0.0,0.38,0,3.59
2016-04-16,SKU-015,WH-TX1,SmartStock Optimized,193,0,0,0,193,0,0,0,0.38,0.0,0.0,0.38,0,3.59
2016-04-17,SKU-015,WH-TX1,SmartStock Optimized,193,0,0,0,193,0,0,0,0.38,0.0,0.0,0.38,0,3.59
2016-04-18,SKU-015,WH-TX1,SmartStock Optimized,193,1,1,0,192,0,0,0,0.378,0.0,0.0,0.38,0,3.59
2016-04-19,SKU-015,WH-TX1,SmartStock Optimized,192,0,0,0,192,0,0,0,0.378,0.0,0.0,0.38,0,3.59
2016-04-20,SKU-015,WH-TX1,SmartStock Optimized,192,0,0,0,192,0,0,0,0.378,0.0,0.0,0.38,0,3.59
2016-04-21,SKU-015,WH-TX1,SmartStock Optimized,192,1,1,0,191,0,0,0,0.376,0.0,0.0,0.38,0,3.59
2016-04-22,SKU-015,WH-TX1,SmartStock Optimized,191,0,0,0,191,0,0,0,0.376,0.0,0.0,0.38,0,3.59
2016-04-23,SKU-015,WH-TX1,SmartStock Optimized,191,0,0,0,191,0,0,0,0.376,0.0,0.0,0.38,0,3.59
2016-04-24,SKU-015,WH-TX1,SmartStock Optimized,191,0,0,0,191,0,0,0,0.376,0.0,0.0,0.38,0,3.59
2016-03-28,SKU-015,WH-WI1,SmartStock Optimized,7,0,0,0,7,192,192,0,0.015,75.0,0.0,75.02,0,3.59
2016-03-29,SKU-015,WH-WI1,SmartStock Optimized,7,0,0,0,7,192,0,0,0.015,0.0,0.0,0.01,0,3.59
2016-03-30,SKU-015,WH-WI1,SmartStock Optimized,7,0,0,0,7,192,0,0,0.015,0.0,0.0,0.01,0,3.59
2016-03-31,SKU-015,WH-WI1,SmartStock Optimized,7,0,0,0,7,192,0,0,0.015,0.0,0.0,0.01,0,3.59
2016-04-01,SKU-015,WH-WI1,SmartStock Optimized,7,0,0,0,7,192,0,0,0.015,0.0,0.0,0.01,0,3.59
2016-04-02,SKU-015,WH-WI1,SmartStock Optimized,199,3,3,0,196,0,0,192,0.424,0.0,0.0,0.42,0,3.59
2016-04-03,SKU-015,WH-WI1,SmartStock Optimized,196,0,0,0,196,0,0,0,0.424,0.0,0.0,0.42,0,3.59
2016-04-04,SKU-015,WH-WI1,SmartStock Optimized,196,3,3,0,193,0,0,0,0.418,0.0,0.0,0.42,0,3.59
2016-04-05,SKU-015,WH-WI1,SmartStock Optimized,193,0,0,0,193,0,0,0,0.418,0.0,0.0,0.42,0,3.59
2016-04-06,SKU-015,WH-WI1,SmartStock Optimized,193,1,1,0,192,0,0,0,0.415,0.0,0.0,0.41,0,3.59
2016-04-07,SKU-015,WH-WI1,SmartStock Optimized,192,0,0,0,192,0,0,0,0.415,0.0,0.0,0.41,0,3.59
2016-04-08,SKU-015,WH-WI1,SmartStock Optimized,192,0,0,0,192,0,0,0,0.415,0.0,0.0,0.41,0,3.59
2016-04-09,SKU-015,WH-WI1,SmartStock Optimized,192,1,1,0,191,0,0,0,0.413,0.0,0.0,0.41,0,3.59
2016-04-10,SKU-015,WH-WI1,SmartStock Optimized,191,1,1,0,190,0,0,0,0.411,0.0,0.0,0.41,0,3.59
2016-04-11,SKU-015,WH-WI1,SmartStock Optimized,190,1,1,0,189,0,0,0,0.409,0.0,0.0,0.41,0,3.59
2016-04-12,SKU-015,WH-WI1,SmartStock Optimized,189,2,2,0,187,0,0,0,0.405,0.0,0.0,0.41,0,3.59
2016-04-13,SKU-015,WH-WI1,SmartStock Optimized,187,0,0,0,187,0,0,0,0.405,0.0,0.0,0.41,0,3.59
2016-04-14,SKU-015,WH-WI1,SmartStock Optimized,187,0,0,0,187,0,0,0,0.405,0.0,0.0,0.41,0,3.59
2016-04-15,SKU-015,WH-WI1,SmartStock Optimized,187,0,0,0,187,0,0,0,0.405,0.0,0.0,0.41,0,3.59
2016-04-16,SKU-015,WH-WI1,SmartStock Optimized,187,0,0,0,187,0,0,0,0.405,0.0,0.0,0.41,0,3.59
2016-04-17,SKU-015,WH-WI1,SmartStock Optimized,187,0,0,0,187,0,0,0,0.405,0.0,0.0,0.41,0,3.59
2016-04-18,SKU-015,WH-WI1,SmartStock Optimized,187,0,0,0,187,0,0,0,0.405,0.0,0.0,0.41,0,3.59
2016-04-19,SKU-015,WH-WI1,SmartStock Optimized,187,0,0,0,187,0,0,0,0.405,0.0,0.0,0.41,0,3.59
2016-04-20,SKU-015,WH-WI1,SmartStock Optimized,187,0,0,0,187,0,0,0,0.405,0.0,0.0,0.41,0,3.59
2016-04-21,SKU-015,WH-WI1,SmartStock Optimized,187,0,0,0,187,0,0,0,0.405,0.0,0.0,0.41,0,3.59
2016-04-22,SKU-015,WH-WI1,SmartStock Optimized,187,4,4,0,183,0,0,0,0.396,0.0,0.0,0.4,0,3.59
2016-04-23,SKU-015,WH-WI1,SmartStock Optimized,183,0,0,0,183,0,0,0,0.396,0.0,0.0,0.4,0,3.59
2016-04-24,SKU-015,WH-WI1,SmartStock Optimized,183,0,0,0,183,0,0,0,0.396,0.0,0.0,0.4,0,3.59
2016-03-28,SKU-016,WH-CA1,SmartStock Optimized,13,2,2,0,11,360,360,0,0.012,75.0,0.0,75.01,0,1.61
2016-03-29,SKU-016,WH-CA1,SmartStock Optimized,11,0,0,0,11,360,0,0,0.012,0.0,0.0,0.01,0,1.61
2016-03-30,SKU-016,WH-CA1,SmartStock Optimized,11,0,0,0,11,360,0,0,0.012,0.0,0.0,0.01,0,1.61
2016-03-31,SKU-016,WH-CA1,SmartStock Optimized,11,0,0,0,11,360,0,0,0.012,0.0,0.0,0.01,0,1.61
2016-04-01,SKU-016,WH-CA1,SmartStock Optimized,371,1,1,0,370,0,0,360,0.408,0.0,0.0,0.41,0,1.61
2016-04-02,SKU-016,WH-CA1,SmartStock Optimized,370,1,1,0,369,0,0,0,0.407,0.0,0.0,0.41,0,1.61
2016-04-03,SKU-016,WH-CA1,SmartStock Optimized,369,3,3,0,366,0,0,0,0.404,0.0,0.0,0.4,0,1.61
2016-04-04,SKU-016,WH-CA1,SmartStock Optimized,366,1,1,0,365,0,0,0,0.403,0.0,0.0,0.4,0,1.61
2016-04-05,SKU-016,WH-CA1,SmartStock Optimized,365,0,0,0,365,0,0,0,0.403,0.0,0.0,0.4,0,1.61
2016-04-06,SKU-016,WH-CA1,SmartStock Optimized,365,0,0,0,365,0,0,0,0.403,0.0,0.0,0.4,0,1.61
2016-04-07,SKU-016,WH-CA1,SmartStock Optimized,365,0,0,0,365,0,0,0,0.403,0.0,0.0,0.4,0,1.61
2016-04-08,SKU-016,WH-CA1,SmartStock Optimized,365,3,3,0,362,0,0,0,0.399,0.0,0.0,0.4,0,1.61
2016-04-09,SKU-016,WH-CA1,SmartStock Optimized,362,3,3,0,359,0,0,0,0.396,0.0,0.0,0.4,0,1.61
2016-04-10,SKU-016,WH-CA1,SmartStock Optimized,359,0,0,0,359,0,0,0,0.396,0.0,0.0,0.4,0,1.61
2016-04-11,SKU-016,WH-CA1,SmartStock Optimized,359,0,0,0,359,0,0,0,0.396,0.0,0.0,0.4,0,1.61
2016-04-12,SKU-016,WH-CA1,SmartStock Optimized,359,0,0,0,359,0,0,0,0.396,0.0,0.0,0.4,0,1.61
2016-04-13,SKU-016,WH-CA1,SmartStock Optimized,359,0,0,0,359,0,0,0,0.396,0.0,0.0,0.4,0,1.61
2016-04-14,SKU-016,WH-CA1,SmartStock Optimized,359,1,1,0,358,0,0,0,0.395,0.0,0.0,0.4,0,1.61
2016-04-15,SKU-016,WH-CA1,SmartStock Optimized,358,0,0,0,358,0,0,0,0.395,0.0,0.0,0.4,0,1.61
2016-04-16,SKU-016,WH-CA1,SmartStock Optimized,358,3,3,0,355,0,0,0,0.391,0.0,0.0,0.39,0,1.61
2016-04-17,SKU-016,WH-CA1,SmartStock Optimized,355,1,1,0,354,0,0,0,0.39,0.0,0.0,0.39,0,1.61
2016-04-18,SKU-016,WH-CA1,SmartStock Optimized,354,0,0,0,354,0,0,0,0.39,0.0,0.0,0.39,0,1.61
2016-04-19,SKU-016,WH-CA1,SmartStock Optimized,354,1,1,0,353,0,0,0,0.389,0.0,0.0,0.39,0,1.61
2016-04-20,SKU-016,WH-CA1,SmartStock Optimized,353,0,0,0,353,0,0,0,0.389,0.0,0.0,0.39,0,1.61
2016-04-21,SKU-016,WH-CA1,SmartStock Optimized,353,0,0,0,353,0,0,0,0.389,0.0,0.0,0.39,0,1.61
2016-04-22,SKU-016,WH-CA1,SmartStock Optimized,353,0,0,0,353,0,0,0,0.389,0.0,0.0,0.39,0,1.61
2016-04-23,SKU-016,WH-CA1,SmartStock Optimized,353,2,2,0,351,0,0,0,0.387,0.0,0.0,0.39,0,1.61
2016-04-24,SKU-016,WH-CA1,SmartStock Optimized,351,0,0,0,351,0,0,0,0.387,0.0,0.0,0.39,0,1.61
2016-03-28,SKU-016,WH-TX1,SmartStock Optimized,6,0,0,0,6,0,0,0,0.005,0.0,0.0,0.01,0,1.61
2016-03-29,SKU-016,WH-TX1,SmartStock Optimized,6,0,0,0,6,0,0,0,0.005,0.0,0.0,0.01,0,1.61
2016-03-30,SKU-016,WH-TX1,SmartStock Optimized,6,0,0,0,6,0,0,0,0.005,0.0,0.0,0.01,0,1.61
2016-03-31,SKU-016,WH-TX1,SmartStock Optimized,6,0,0,0,6,0,0,0,0.005,0.0,0.0,0.01,0,1.61
2016-04-01,SKU-016,WH-TX1,SmartStock Optimized,6,0,0,0,6,0,0,0,0.005,0.0,0.0,0.01,0,1.61
2016-04-02,SKU-016,WH-TX1,SmartStock Optimized,6,0,0,0,6,0,0,0,0.005,0.0,0.0,0.01,0,1.61
2016-04-03,SKU-016,WH-TX1,SmartStock Optimized,6,0,0,0,6,0,0,0,0.005,0.0,0.0,0.01,0,1.61
2016-04-04,SKU-016,WH-TX1,SmartStock Optimized,6,0,0,0,6,0,0,0,0.005,0.0,0.0,0.01,0,1.61
2016-04-05,SKU-016,WH-TX1,SmartStock Optimized,6,1,1,0,5,264,264,0,0.004,75.0,0.0,75.0,0,1.61
2016-04-06,SKU-016,WH-TX1,SmartStock Optimized,5,0,0,0,5,264,0,0,0.004,0.0,0.0,0.0,0,1.61
2016-04-07,SKU-016,WH-TX1,SmartStock Optimized,5,0,0,0,5,264,0,0,0.004,0.0,0.0,0.0,0,1.61
2016-04-08,SKU-016,WH-TX1,SmartStock Optimized,269,0,0,0,269,0,0,264,0.237,0.0,0.0,0.24,0,1.61
2016-04-09,SKU-016,WH-TX1,SmartStock Optimized,269,1,1,0,268,0,0,0,0.236,0.0,0.0,0.24,0,1.61
2016-04-10,SKU-016,WH-TX1,SmartStock Optimized,268,0,0,0,268,0,0,0,0.236,0.0,0.0,0.24,0,1.61
2016-04-11,SKU-016,WH-TX1,SmartStock Optimized,268,0,0,0,268,0,0,0,0.236,0.0,0.0,0.24,0,1.61
2016-04-12,SKU-016,WH-TX1,SmartStock Optimized,268,0,0,0,268,0,0,0,0.236,0.0,0.0,0.24,0,1.61
2016-04-13,SKU-016,WH-TX1,SmartStock Optimized,268,0,0,0,268,0,0,0,0.236,0.0,0.0,0.24,0,1.61
2016-04-14,SKU-016,WH-TX1,SmartStock Optimized,268,3,3,0,265,0,0,0,0.234,0.0,0.0,0.23,0,1.61
2016-04-15,SKU-016,WH-TX1,SmartStock Optimized,265,0,0,0,265,0,0,0,0.234,0.0,0.0,0.23,0,1.61
2016-04-16,SKU-016,WH-TX1,SmartStock Optimized,265,0,0,0,265,0,0,0,0.234,0.0,0.0,0.23,0,1.61
2016-04-17,SKU-016,WH-TX1,SmartStock Optimized,265,0,0,0,265,0,0,0,0.234,0.0,0.0,0.23,0,1.61
2016-04-18,SKU-016,WH-TX1,SmartStock Optimized,265,0,0,0,265,0,0,0,0.234,0.0,0.0,0.23,0,1.61
2016-04-19,SKU-016,WH-TX1,SmartStock Optimized,265,1,1,0,264,0,0,0,0.233,0.0,0.0,0.23,0,1.61
2016-04-20,SKU-016,WH-TX1,SmartStock Optimized,264,0,0,0,264,0,0,0,0.233,0.0,0.0,0.23,0,1.61
2016-04-21,SKU-016,WH-TX1,SmartStock Optimized,264,0,0,0,264,0,0,0,0.233,0.0,0.0,0.23,0,1.61
2016-04-22,SKU-016,WH-TX1,SmartStock Optimized,264,0,0,0,264,0,0,0,0.233,0.0,0.0,0.23,0,1.61
2016-04-23,SKU-016,WH-TX1,SmartStock Optimized,264,1,1,0,263,0,0,0,0.232,0.0,0.0,0.23,0,1.61
2016-04-24,SKU-016,WH-TX1,SmartStock Optimized,263,0,0,0,263,0,0,0,0.232,0.0,0.0,0.23,0,1.61
2016-03-28,SKU-016,WH-WI1,SmartStock Optimized,7,0,0,0,7,0,0,0,0.007,0.0,0.0,0.01,0,1.61
2016-03-29,SKU-016,WH-WI1,SmartStock Optimized,7,0,0,0,7,0,0,0,0.007,0.0,0.0,0.01,0,1.61
2016-03-30,SKU-016,WH-WI1,SmartStock Optimized,7,0,0,0,7,0,0,0,0.007,0.0,0.0,0.01,0,1.61
2016-03-31,SKU-016,WH-WI1,SmartStock Optimized,7,0,0,0,7,0,0,0,0.007,0.0,0.0,0.01,0,1.61
2016-04-01,SKU-016,WH-WI1,SmartStock Optimized,7,2,2,0,5,288,288,0,0.005,75.0,0.0,75.0,0,1.61
2016-04-02,SKU-016,WH-WI1,SmartStock Optimized,5,0,0,0,5,288,0,0,0.005,0.0,0.0,0.01,0,1.61
2016-04-03,SKU-016,WH-WI1,SmartStock Optimized,5,1,1,0,4,288,0,0,0.004,0.0,0.0,0.0,0,1.61
2016-04-04,SKU-016,WH-WI1,SmartStock Optimized,4,5,4,1,0,288,0,0,0.0,0.0,2.62,2.62,1,1.61
2016-04-05,SKU-016,WH-WI1,SmartStock Optimized,288,0,0,0,288,0,0,288,0.279,0.0,0.0,0.28,0,1.61
2016-04-06,SKU-016,WH-WI1,SmartStock Optimized,288,0,0,0,288,0,0,0,0.279,0.0,0.0,0.28,0,1.61
2016-04-07,SKU-016,WH-WI1,SmartStock Optimized,288,0,0,0,288,0,0,0,0.279,0.0,0.0,0.28,0,1.61
2016-04-08,SKU-016,WH-WI1,SmartStock Optimized,288,1,1,0,287,0,0,0,0.279,0.0,0.0,0.28,0,1.61
2016-04-09,SKU-016,WH-WI1,SmartStock Optimized,287,0,0,0,287,0,0,0,0.279,0.0,0.0,0.28,0,1.61
2016-04-10,SKU-016,WH-WI1,SmartStock Optimized,287,0,0,0,287,0,0,0,0.279,0.0,0.0,0.28,0,1.61
2016-04-11,SKU-016,WH-WI1,SmartStock Optimized,287,1,1,0,286,0,0,0,0.278,0.0,0.0,0.28,0,1.61
2016-04-12,SKU-016,WH-WI1,SmartStock Optimized,286,0,0,0,286,0,0,0,0.278,0.0,0.0,0.28,0,1.61
2016-04-13,SKU-016,WH-WI1,SmartStock Optimized,286,0,0,0,286,0,0,0,0.278,0.0,0.0,0.28,0,1.61
2016-04-14,SKU-016,WH-WI1,SmartStock Optimized,286,1,1,0,285,0,0,0,0.277,0.0,0.0,0.28,0,1.61
2016-04-15,SKU-016,WH-WI1,SmartStock Optimized,285,0,0,0,285,0,0,0,0.277,0.0,0.0,0.28,0,1.61
2016-04-16,SKU-016,WH-WI1,SmartStock Optimized,285,0,0,0,285,0,0,0,0.277,0.0,0.0,0.28,0,1.61
2016-04-17,SKU-016,WH-WI1,SmartStock Optimized,285,4,4,0,281,0,0,0,0.273,0.0,0.0,0.27,0,1.61
2016-04-18,SKU-016,WH-WI1,SmartStock Optimized,281,1,1,0,280,0,0,0,0.272,0.0,0.0,0.27,0,1.61
2016-04-19,SKU-016,WH-WI1,SmartStock Optimized,280,0,0,0,280,0,0,0,0.272,0.0,0.0,0.27,0,1.61
2016-04-20,SKU-016,WH-WI1,SmartStock Optimized,280,0,0,0,280,0,0,0,0.272,0.0,0.0,0.27,0,1.61
2016-04-21,SKU-016,WH-WI1,SmartStock Optimized,280,0,0,0,280,0,0,0,0.272,0.0,0.0,0.27,0,1.61
2016-04-22,SKU-016,WH-WI1,SmartStock Optimized,280,1,1,0,279,0,0,0,0.271,0.0,0.0,0.27,0,1.61
2016-04-23,SKU-016,WH-WI1,SmartStock Optimized,279,2,2,0,277,0,0,0,0.269,0.0,0.0,0.27,0,1.61
2016-04-24,SKU-016,WH-WI1,SmartStock Optimized,277,1,1,0,276,0,0,0,0.268,0.0,0.0,0.27,0,1.61
2016-03-28,SKU-017,WH-CA1,SmartStock Optimized,9,2,2,0,7,132,132,0,0.031,75.0,0.0,75.03,0,6.44
2016-03-29,SKU-017,WH-CA1,SmartStock Optimized,7,0,0,0,7,132,0,0,0.031,0.0,0.0,0.03,0,6.44
2016-03-30,SKU-017,WH-CA1,SmartStock Optimized,7,0,0,0,7,132,0,0,0.031,0.0,0.0,0.03,0,6.44
2016-03-31,SKU-017,WH-CA1,SmartStock Optimized,7,3,3,0,4,132,0,0,0.018,0.0,0.0,0.02,0,6.44
2016-04-01,SKU-017,WH-CA1,SmartStock Optimized,4,0,0,0,4,132,0,0,0.018,0.0,0.0,0.02,0,6.44
2016-04-02,SKU-017,WH-CA1,SmartStock Optimized,4,1,1,0,3,132,0,0,0.013,0.0,0.0,0.01,0,6.44
2016-04-03,SKU-017,WH-CA1,SmartStock Optimized,3,1,1,0,2,132,0,0,0.009,0.0,0.0,0.01,0,6.44
2016-04-04,SKU-017,WH-CA1,SmartStock Optimized,2,0,0,0,2,132,0,0,0.009,0.0,0.0,0.01,0,6.44
2016-04-05,SKU-017,WH-CA1,SmartStock Optimized,134,0,0,0,134,0,0,132,0.591,0.0,0.0,0.59,0,6.44
2016-04-06,SKU-017,WH-CA1,SmartStock Optimized,134,0,0,0,134,0,0,0,0.591,0.0,0.0,0.59,0,6.44
2016-04-07,SKU-017,WH-CA1,SmartStock Optimized,134,0,0,0,134,0,0,0,0.591,0.0,0.0,0.59,0,6.44
2016-04-08,SKU-017,WH-CA1,SmartStock Optimized,134,1,1,0,133,0,0,0,0.587,0.0,0.0,0.59,0,6.44
2016-04-09,SKU-017,WH-CA1,SmartStock Optimized,133,1,1,0,132,0,0,0,0.582,0.0,0.0,0.58,0,6.44
2016-04-10,SKU-017,WH-CA1,SmartStock Optimized,132,2,2,0,130,0,0,0,0.573,0.0,0.0,0.57,0,6.44
2016-04-11,SKU-017,WH-CA1,SmartStock Optimized,130,1,1,0,129,0,0,0,0.569,0.0,0.0,0.57,0,6.44
2016-04-12,SKU-017,WH-CA1,SmartStock Optimized,129,0,0,0,129,0,0,0,0.569,0.0,0.0,0.57,0,6.44
2016-04-13,SKU-017,WH-CA1,SmartStock Optimized,129,0,0,0,129,0,0,0,0.569,0.0,0.0,0.57,0,6.44
2016-04-14,SKU-017,WH-CA1,SmartStock Optimized,129,1,1,0,128,0,0,0,0.565,0.0,0.0,0.56,0,6.44
2016-04-15,SKU-017,WH-CA1,SmartStock Optimized,128,0,0,0,128,0,0,0,0.565,0.0,0.0,0.56,0,6.44
2016-04-16,SKU-017,WH-CA1,SmartStock Optimized,128,0,0,0,128,0,0,0,0.565,0.0,0.0,0.56,0,6.44
2016-04-17,SKU-017,WH-CA1,SmartStock Optimized,128,0,0,0,128,0,0,0,0.565,0.0,0.0,0.56,0,6.44
2016-04-18,SKU-017,WH-CA1,SmartStock Optimized,128,1,1,0,127,0,0,0,0.56,0.0,0.0,0.56,0,6.44
2016-04-19,SKU-017,WH-CA1,SmartStock Optimized,127,0,0,0,127,0,0,0,0.56,0.0,0.0,0.56,0,6.44
2016-04-20,SKU-017,WH-CA1,SmartStock Optimized,127,0,0,0,127,0,0,0,0.56,0.0,0.0,0.56,0,6.44
2016-04-21,SKU-017,WH-CA1,SmartStock Optimized,127,0,0,0,127,0,0,0,0.56,0.0,0.0,0.56,0,6.44
2016-04-22,SKU-017,WH-CA1,SmartStock Optimized,127,0,0,0,127,0,0,0,0.56,0.0,0.0,0.56,0,6.44
2016-04-23,SKU-017,WH-CA1,SmartStock Optimized,127,1,1,0,126,0,0,0,0.556,0.0,0.0,0.56,0,6.44
2016-04-24,SKU-017,WH-CA1,SmartStock Optimized,126,0,0,0,126,0,0,0,0.556,0.0,0.0,0.56,0,6.44
2016-03-28,SKU-017,WH-TX1,SmartStock Optimized,7,0,0,0,7,120,120,0,0.025,75.0,0.0,75.03,0,6.44
2016-03-29,SKU-017,WH-TX1,SmartStock Optimized,7,0,0,0,7,120,0,0,0.025,0.0,0.0,0.03,0,6.44
2016-03-30,SKU-017,WH-TX1,SmartStock Optimized,7,0,0,0,7,120,0,0,0.025,0.0,0.0,0.03,0,6.44
2016-03-31,SKU-017,WH-TX1,SmartStock Optimized,7,0,0,0,7,120,0,0,0.025,0.0,0.0,0.03,0,6.44
2016-04-01,SKU-017,WH-TX1,SmartStock Optimized,7,0,0,0,7,120,0,0,0.025,0.0,0.0,0.03,0,6.44
2016-04-02,SKU-017,WH-TX1,SmartStock Optimized,7,0,0,0,7,120,0,0,0.025,0.0,0.0,0.03,0,6.44
2016-04-03,SKU-017,WH-TX1,SmartStock Optimized,7,0,0,0,7,120,0,0,0.025,0.0,0.0,0.03,0,6.44
2016-04-04,SKU-017,WH-TX1,SmartStock Optimized,7,0,0,0,7,120,0,0,0.025,0.0,0.0,0.03,0,6.44
2016-04-05,SKU-017,WH-TX1,SmartStock Optimized,7,0,0,0,7,120,0,0,0.025,0.0,0.0,0.03,0,6.44
2016-04-06,SKU-017,WH-TX1,SmartStock Optimized,127,0,0,0,127,0,0,120,0.448,0.0,0.0,0.45,0,6.44
2016-04-07,SKU-017,WH-TX1,SmartStock Optimized,127,0,0,0,127,0,0,0,0.448,0.0,0.0,0.45,0,6.44
2016-04-08,SKU-017,WH-TX1,SmartStock Optimized,127,0,0,0,127,0,0,0,0.448,0.0,0.0,0.45,0,6.44
2016-04-09,SKU-017,WH-TX1,SmartStock Optimized,127,1,1,0,126,0,0,0,0.445,0.0,0.0,0.45,0,6.44
2016-04-10,SKU-017,WH-TX1,SmartStock Optimized,126,0,0,0,126,0,0,0,0.445,0.0,0.0,0.45,0,6.44
2016-04-11,SKU-017,WH-TX1,SmartStock Optimized,126,0,0,0,126,0,0,0,0.445,0.0,0.0,0.45,0,6.44
2016-04-12,SKU-017,WH-TX1,SmartStock Optimized,126,0,0,0,126,0,0,0,0.445,0.0,0.0,0.45,0,6.44
2016-04-13,SKU-017,WH-TX1,SmartStock Optimized,126,2,2,0,124,0,0,0,0.438,0.0,0.0,0.44,0,6.44
2016-04-14,SKU-017,WH-TX1,SmartStock Optimized,124,0,0,0,124,0,0,0,0.438,0.0,0.0,0.44,0,6.44
2016-04-15,SKU-017,WH-TX1,SmartStock Optimized,124,2,2,0,122,0,0,0,0.431,0.0,0.0,0.43,0,6.44
2016-04-16,SKU-017,WH-TX1,SmartStock Optimized,122,0,0,0,122,0,0,0,0.431,0.0,0.0,0.43,0,6.44
2016-04-17,SKU-017,WH-TX1,SmartStock Optimized,122,0,0,0,122,0,0,0,0.431,0.0,0.0,0.43,0,6.44
2016-04-18,SKU-017,WH-TX1,SmartStock Optimized,122,0,0,0,122,0,0,0,0.431,0.0,0.0,0.43,0,6.44
2016-04-19,SKU-017,WH-TX1,SmartStock Optimized,122,0,0,0,122,0,0,0,0.431,0.0,0.0,0.43,0,6.44
2016-04-20,SKU-017,WH-TX1,SmartStock Optimized,122,0,0,0,122,0,0,0,0.431,0.0,0.0,0.43,0,6.44
2016-04-21,SKU-017,WH-TX1,SmartStock Optimized,122,0,0,0,122,0,0,0,0.431,0.0,0.0,0.43,0,6.44
2016-04-22,SKU-017,WH-TX1,SmartStock Optimized,122,0,0,0,122,0,0,0,0.431,0.0,0.0,0.43,0,6.44
2016-04-23,SKU-017,WH-TX1,SmartStock Optimized,122,0,0,0,122,0,0,0,0.431,0.0,0.0,0.43,0,6.44
2016-04-24,SKU-017,WH-TX1,SmartStock Optimized,122,0,0,0,122,0,0,0,0.431,0.0,0.0,0.43,0,6.44
2016-03-28,SKU-017,WH-WI1,SmartStock Optimized,8,1,1,0,7,132,132,0,0.027,75.0,0.0,75.03,0,6.44
2016-03-29,SKU-017,WH-WI1,SmartStock Optimized,7,0,0,0,7,132,0,0,0.027,0.0,0.0,0.03,0,6.44
2016-03-30,SKU-017,WH-WI1,SmartStock Optimized,7,0,0,0,7,132,0,0,0.027,0.0,0.0,0.03,0,6.44
2016-03-31,SKU-017,WH-WI1,SmartStock Optimized,7,1,1,0,6,132,0,0,0.023,0.0,0.0,0.02,0,6.44
2016-04-01,SKU-017,WH-WI1,SmartStock Optimized,6,0,0,0,6,132,0,0,0.023,0.0,0.0,0.02,0,6.44
2016-04-02,SKU-017,WH-WI1,SmartStock Optimized,6,1,1,0,5,132,0,0,0.019,0.0,0.0,0.02,0,6.44
2016-04-03,SKU-017,WH-WI1,SmartStock Optimized,5,0,0,0,5,132,0,0,0.019,0.0,0.0,0.02,0,6.44
2016-04-04,SKU-017,WH-WI1,SmartStock Optimized,5,0,0,0,5,132,0,0,0.019,0.0,0.0,0.02,0,6.44
2016-04-05,SKU-017,WH-WI1,SmartStock Optimized,137,0,0,0,137,0,0,132,0.532,0.0,0.0,0.53,0,6.44
2016-04-06,SKU-017,WH-WI1,SmartStock Optimized,137,0,0,0,137,0,0,0,0.532,0.0,0.0,0.53,0,6.44
2016-04-07,SKU-017,WH-WI1,SmartStock Optimized,137,0,0,0,137,0,0,0,0.532,0.0,0.0,0.53,0,6.44
2016-04-08,SKU-017,WH-WI1,SmartStock Optimized,137,0,0,0,137,0,0,0,0.532,0.0,0.0,0.53,0,6.44
2016-04-09,SKU-017,WH-WI1,SmartStock Optimized,137,0,0,0,137,0,0,0,0.532,0.0,0.0,0.53,0,6.44
2016-04-10,SKU-017,WH-WI1,SmartStock Optimized,137,2,2,0,135,0,0,0,0.524,0.0,0.0,0.52,0,6.44
2016-04-11,SKU-017,WH-WI1,SmartStock Optimized,135,0,0,0,135,0,0,0,0.524,0.0,0.0,0.52,0,6.44
2016-04-12,SKU-017,WH-WI1,SmartStock Optimized,135,0,0,0,135,0,0,0,0.524,0.0,0.0,0.52,0,6.44
2016-04-13,SKU-017,WH-WI1,SmartStock Optimized,135,0,0,0,135,0,0,0,0.524,0.0,0.0,0.52,0,6.44
2016-04-14,SKU-017,WH-WI1,SmartStock Optimized,135,1,1,0,134,0,0,0,0.52,0.0,0.0,0.52,0,6.44
2016-04-15,SKU-017,WH-WI1,SmartStock Optimized,134,0,0,0,134,0,0,0,0.52,0.0,0.0,0.52,0,6.44
2016-04-16,SKU-017,WH-WI1,SmartStock Optimized,134,0,0,0,134,0,0,0,0.52,0.0,0.0,0.52,0,6.44
2016-04-17,SKU-017,WH-WI1,SmartStock Optimized,134,1,1,0,133,0,0,0,0.516,0.0,0.0,0.52,0,6.44
2016-04-18,SKU-017,WH-WI1,SmartStock Optimized,133,2,2,0,131,0,0,0,0.508,0.0,0.0,0.51,0,6.44
2016-04-19,SKU-017,WH-WI1,SmartStock Optimized,131,0,0,0,131,0,0,0,0.508,0.0,0.0,0.51,0,6.44
2016-04-20,SKU-017,WH-WI1,SmartStock Optimized,131,0,0,0,131,0,0,0,0.508,0.0,0.0,0.51,0,6.44
2016-04-21,SKU-017,WH-WI1,SmartStock Optimized,131,0,0,0,131,0,0,0,0.508,0.0,0.0,0.51,0,6.44
2016-04-22,SKU-017,WH-WI1,SmartStock Optimized,131,0,0,0,131,0,0,0,0.508,0.0,0.0,0.51,0,6.44
2016-04-23,SKU-017,WH-WI1,SmartStock Optimized,131,1,1,0,130,0,0,0,0.505,0.0,0.0,0.51,0,6.44
2016-04-24,SKU-017,WH-WI1,SmartStock Optimized,130,0,0,0,130,0,0,0,0.505,0.0,0.0,0.51,0,6.44
2016-03-28,SKU-018,WH-CA1,SmartStock Optimized,9,0,0,0,9,0,0,0,0.012,0.0,0.0,0.01,0,1.98
2016-03-29,SKU-018,WH-CA1,SmartStock Optimized,9,4,4,0,5,264,264,0,0.007,75.0,0.0,75.01,0,1.98
2016-03-30,SKU-018,WH-CA1,SmartStock Optimized,5,4,4,0,1,264,0,0,0.001,0.0,0.0,0.0,0,1.98
2016-03-31,SKU-018,WH-CA1,SmartStock Optimized,1,0,0,0,1,264,0,0,0.001,0.0,0.0,0.0,0,1.98
2016-04-01,SKU-018,WH-CA1,SmartStock Optimized,1,3,1,2,0,264,0,0,0.0,0.0,5.54,5.54,1,1.98
2016-04-02,SKU-018,WH-CA1,SmartStock Optimized,264,2,2,0,262,0,0,264,0.355,0.0,0.0,0.35,0,1.98
2016-04-03,SKU-018,WH-CA1,SmartStock Optimized,262,0,0,0,262,0,0,0,0.355,0.0,0.0,0.35,0,1.98
2016-04-04,SKU-018,WH-CA1,SmartStock Optimized,262,2,2,0,260,0,0,0,0.353,0.0,0.0,0.35,0,1.98
2016-04-05,SKU-018,WH-CA1,SmartStock Optimized,260,2,2,0,258,0,0,0,0.35,0.0,0.0,0.35,0,1.98
2016-04-06,SKU-018,WH-CA1,SmartStock Optimized,258,1,1,0,257,0,0,0,0.349,0.0,0.0,0.35,0,1.98
2016-04-07,SKU-018,WH-CA1,SmartStock Optimized,257,0,0,0,257,0,0,0,0.349,0.0,0.0,0.35,0,1.98
2016-04-08,SKU-018,WH-CA1,SmartStock Optimized,257,0,0,0,257,0,0,0,0.349,0.0,0.0,0.35,0,1.98
2016-04-09,SKU-018,WH-CA1,SmartStock Optimized,257,0,0,0,257,0,0,0,0.349,0.0,0.0,0.35,0,1.98
2016-04-10,SKU-018,WH-CA1,SmartStock Optimized,257,0,0,0,257,0,0,0,0.349,0.0,0.0,0.35,0,1.98
2016-04-11,SKU-018,WH-CA1,SmartStock Optimized,257,0,0,0,257,0,0,0,0.349,0.0,0.0,0.35,0,1.98
2016-04-12,SKU-018,WH-CA1,SmartStock Optimized,257,0,0,0,257,0,0,0,0.349,0.0,0.0,0.35,0,1.98
2016-04-13,SKU-018,WH-CA1,SmartStock Optimized,257,1,1,0,256,0,0,0,0.347,0.0,0.0,0.35,0,1.98
2016-04-14,SKU-018,WH-CA1,SmartStock Optimized,256,0,0,0,256,0,0,0,0.347,0.0,0.0,0.35,0,1.98
2016-04-15,SKU-018,WH-CA1,SmartStock Optimized,256,1,1,0,255,0,0,0,0.346,0.0,0.0,0.35,0,1.98
2016-04-16,SKU-018,WH-CA1,SmartStock Optimized,255,1,1,0,254,0,0,0,0.344,0.0,0.0,0.34,0,1.98
2016-04-17,SKU-018,WH-CA1,SmartStock Optimized,254,0,0,0,254,0,0,0,0.344,0.0,0.0,0.34,0,1.98
2016-04-18,SKU-018,WH-CA1,SmartStock Optimized,254,5,5,0,249,0,0,0,0.338,0.0,0.0,0.34,0,1.98
2016-04-19,SKU-018,WH-CA1,SmartStock Optimized,249,0,0,0,249,0,0,0,0.338,0.0,0.0,0.34,0,1.98
2016-04-20,SKU-018,WH-CA1,SmartStock Optimized,249,1,1,0,248,0,0,0,0.336,0.0,0.0,0.34,0,1.98
2016-04-21,SKU-018,WH-CA1,SmartStock Optimized,248,0,0,0,248,0,0,0,0.336,0.0,0.0,0.34,0,1.98
2016-04-22,SKU-018,WH-CA1,SmartStock Optimized,248,0,0,0,248,0,0,0,0.336,0.0,0.0,0.34,0,1.98
2016-04-23,SKU-018,WH-CA1,SmartStock Optimized,248,1,1,0,247,0,0,0,0.335,0.0,0.0,0.34,0,1.98
2016-04-24,SKU-018,WH-CA1,SmartStock Optimized,247,0,0,0,247,0,0,0,0.335,0.0,0.0,0.34,0,1.98
2016-03-28,SKU-018,WH-TX1,SmartStock Optimized,5,1,1,0,4,192,192,0,0.004,75.0,0.0,75.0,0,1.98
2016-03-29,SKU-018,WH-TX1,SmartStock Optimized,4,0,0,0,4,192,0,0,0.004,0.0,0.0,0.0,0,1.98
2016-03-30,SKU-018,WH-TX1,SmartStock Optimized,4,0,0,0,4,192,0,0,0.004,0.0,0.0,0.0,0,1.98
2016-03-31,SKU-018,WH-TX1,SmartStock Optimized,4,0,0,0,4,192,0,0,0.004,0.0,0.0,0.0,0,1.98
2016-04-01,SKU-018,WH-TX1,SmartStock Optimized,196,0,0,0,196,0,0,192,0.213,0.0,0.0,0.21,0,1.98
2016-04-02,SKU-018,WH-TX1,SmartStock Optimized,196,3,3,0,193,0,0,0,0.209,0.0,0.0,0.21,0,1.98
2016-04-03,SKU-018,WH-TX1,SmartStock Optimized,193,0,0,0,193,0,0,0,0.209,0.0,0.0,0.21,0,1.98
2016-04-04,SKU-018,WH-TX1,SmartStock Optimized,193,0,0,0,193,0,0,0,0.209,0.0,0.0,0.21,0,1.98
2016-04-05,SKU-018,WH-TX1,SmartStock Optimized,193,0,0,0,193,0,0,0,0.209,0.0,0.0,0.21,0,1.98
2016-04-06,SKU-018,WH-TX1,SmartStock Optimized,193,0,0,0,193,0,0,0,0.209,0.0,0.0,0.21,0,1.98
2016-04-07,SKU-018,WH-TX1,SmartStock Optimized,193,1,1,0,192,0,0,0,0.208,0.0,0.0,0.21,0,1.98
2016-04-08,SKU-018,WH-TX1,SmartStock Optimized,192,0,0,0,192,0,0,0,0.208,0.0,0.0,0.21,0,1.98
2016-04-09,SKU-018,WH-TX1,SmartStock Optimized,192,1,1,0,191,0,0,0,0.207,0.0,0.0,0.21,0,1.98
2016-04-10,SKU-018,WH-TX1,SmartStock Optimized,191,0,0,0,191,0,0,0,0.207,0.0,0.0,0.21,0,1.98
2016-04-11,SKU-018,WH-TX1,SmartStock Optimized,191,1,1,0,190,0,0,0,0.206,0.0,0.0,0.21,0,1.98
2016-04-12,SKU-018,WH-TX1,SmartStock Optimized,190,0,0,0,190,0,0,0,0.206,0.0,0.0,0.21,0,1.98
2016-04-13,SKU-018,WH-TX1,SmartStock Optimized,190,0,0,0,190,0,0,0,0.206,0.0,0.0,0.21,0,1.98
2016-04-14,SKU-018,WH-TX1,SmartStock Optimized,190,0,0,0,190,0,0,0,0.206,0.0,0.0,0.21,0,1.98
2016-04-15,SKU-018,WH-TX1,SmartStock Optimized,190,0,0,0,190,0,0,0,0.206,0.0,0.0,0.21,0,1.98
2016-04-16,SKU-018,WH-TX1,SmartStock Optimized,190,0,0,0,190,0,0,0,0.206,0.0,0.0,0.21,0,1.98
2016-04-17,SKU-018,WH-TX1,SmartStock Optimized,190,2,2,0,188,0,0,0,0.204,0.0,0.0,0.2,0,1.98
2016-04-18,SKU-018,WH-TX1,SmartStock Optimized,188,1,1,0,187,0,0,0,0.203,0.0,0.0,0.2,0,1.98
2016-04-19,SKU-018,WH-TX1,SmartStock Optimized,187,0,0,0,187,0,0,0,0.203,0.0,0.0,0.2,0,1.98
2016-04-20,SKU-018,WH-TX1,SmartStock Optimized,187,0,0,0,187,0,0,0,0.203,0.0,0.0,0.2,0,1.98
2016-04-21,SKU-018,WH-TX1,SmartStock Optimized,187,1,1,0,186,0,0,0,0.202,0.0,0.0,0.2,0,1.98
2016-04-22,SKU-018,WH-TX1,SmartStock Optimized,186,1,1,0,185,0,0,0,0.201,0.0,0.0,0.2,0,1.98
2016-04-23,SKU-018,WH-TX1,SmartStock Optimized,185,0,0,0,185,0,0,0,0.201,0.0,0.0,0.2,0,1.98
2016-04-24,SKU-018,WH-TX1,SmartStock Optimized,185,1,1,0,184,0,0,0,0.2,0.0,0.0,0.2,0,1.98
2016-03-28,SKU-018,WH-WI1,SmartStock Optimized,10,3,3,0,7,312,312,0,0.008,75.0,0.0,75.01,0,1.98
2016-03-29,SKU-018,WH-WI1,SmartStock Optimized,7,1,1,0,6,312,0,0,0.007,0.0,0.0,0.01,0,1.98
2016-03-30,SKU-018,WH-WI1,SmartStock Optimized,6,0,0,0,6,312,0,0,0.007,0.0,0.0,0.01,0,1.98
2016-03-31,SKU-018,WH-WI1,SmartStock Optimized,6,2,2,0,4,312,0,0,0.005,0.0,0.0,0.01,0,1.98
2016-04-01,SKU-018,WH-WI1,SmartStock Optimized,4,0,0,0,4,312,0,0,0.005,0.0,0.0,0.01,0,1.98
2016-04-02,SKU-018,WH-WI1,SmartStock Optimized,4,2,2,0,2,312,0,0,0.002,0.0,0.0,0.0,0,1.98
2016-04-03,SKU-018,WH-WI1,SmartStock Optimized,314,2,2,0,312,0,0,312,0.372,0.0,0.0,0.37,0,1.98
2016-04-04,SKU-018,WH-WI1,SmartStock Optimized,312,0,0,0,312,0,0,0,0.372,0.0,0.0,0.37,0,1.98
2016-04-05,SKU-018,WH-WI1,SmartStock Optimized,312,2,2,0,310,0,0,0,0.37,0.0,0.0,0.37,0,1.98
2016-04-06,SKU-018,WH-WI1,SmartStock Optimized,310,0,0,0,310,0,0,0,0.37,0.0,0.0,0.37,0,1.98
2016-04-07,SKU-018,WH-WI1,SmartStock Optimized,310,0,0,0,310,0,0,0,0.37,0.0,0.0,0.37,0,1.98
2016-04-08,SKU-018,WH-WI1,SmartStock Optimized,310,1,1,0,309,0,0,0,0.369,0.0,0.0,0.37,0,1.98
2016-04-09,SKU-018,WH-WI1,SmartStock Optimized,309,2,2,0,307,0,0,0,0.366,0.0,0.0,0.37,0,1.98
2016-04-10,SKU-018,WH-WI1,SmartStock Optimized,307,0,0,0,307,0,0,0,0.366,0.0,0.0,0.37,0,1.98
2016-04-11,SKU-018,WH-WI1,SmartStock Optimized,307,0,0,0,307,0,0,0,0.366,0.0,0.0,0.37,0,1.98
2016-04-12,SKU-018,WH-WI1,SmartStock Optimized,307,1,1,0,306,0,0,0,0.365,0.0,0.0,0.36,0,1.98
2016-04-13,SKU-018,WH-WI1,SmartStock Optimized,306,0,0,0,306,0,0,0,0.365,0.0,0.0,0.36,0,1.98
2016-04-14,SKU-018,WH-WI1,SmartStock Optimized,306,2,2,0,304,0,0,0,0.363,0.0,0.0,0.36,0,1.98
2016-04-15,SKU-018,WH-WI1,SmartStock Optimized,304,0,0,0,304,0,0,0,0.363,0.0,0.0,0.36,0,1.98
2016-04-16,SKU-018,WH-WI1,SmartStock Optimized,304,0,0,0,304,0,0,0,0.363,0.0,0.0,0.36,0,1.98
2016-04-17,SKU-018,WH-WI1,SmartStock Optimized,304,0,0,0,304,0,0,0,0.363,0.0,0.0,0.36,0,1.98
2016-04-18,SKU-018,WH-WI1,SmartStock Optimized,304,3,3,0,301,0,0,0,0.359,0.0,0.0,0.36,0,1.98
2016-04-19,SKU-018,WH-WI1,SmartStock Optimized,301,1,1,0,300,0,0,0,0.358,0.0,0.0,0.36,0,1.98
2016-04-20,SKU-018,WH-WI1,SmartStock Optimized,300,0,0,0,300,0,0,0,0.358,0.0,0.0,0.36,0,1.98
2016-04-21,SKU-018,WH-WI1,SmartStock Optimized,300,2,2,0,298,0,0,0,0.356,0.0,0.0,0.36,0,1.98
2016-04-22,SKU-018,WH-WI1,SmartStock Optimized,298,3,3,0,295,0,0,0,0.352,0.0,0.0,0.35,0,1.98
2016-04-23,SKU-018,WH-WI1,SmartStock Optimized,295,1,1,0,294,0,0,0,0.351,0.0,0.0,0.35,0,1.98
2016-04-24,SKU-018,WH-WI1,SmartStock Optimized,294,1,1,0,293,0,0,0,0.35,0.0,0.0,0.35,0,1.98
2016-03-28,SKU-019,WH-CA1,SmartStock Optimized,8,0,0,0,8,0,0,0,0.011,0.0,0.0,0.01,0,1.98
2016-03-29,SKU-019,WH-CA1,SmartStock Optimized,8,0,0,0,8,0,0,0,0.011,0.0,0.0,0.01,0,1.98
2016-03-30,SKU-019,WH-CA1,SmartStock Optimized,8,0,0,0,8,0,0,0,0.011,0.0,0.0,0.01,0,1.98
2016-03-31,SKU-019,WH-CA1,SmartStock Optimized,8,0,0,0,8,0,0,0,0.011,0.0,0.0,0.01,0,1.98
2016-04-01,SKU-019,WH-CA1,SmartStock Optimized,8,4,4,0,4,264,264,0,0.005,75.0,0.0,75.0,0,1.98
2016-04-02,SKU-019,WH-CA1,SmartStock Optimized,4,0,0,0,4,264,0,0,0.005,0.0,0.0,0.01,0,1.98
2016-04-03,SKU-019,WH-CA1,SmartStock Optimized,4,0,0,0,4,264,0,0,0.005,0.0,0.0,0.01,0,1.98
2016-04-04,SKU-019,WH-CA1,SmartStock Optimized,4,0,0,0,4,264,0,0,0.005,0.0,0.0,0.01,0,1.98
2016-04-05,SKU-019,WH-CA1,SmartStock Optimized,268,0,0,0,268,0,0,264,0.363,0.0,0.0,0.36,0,1.98
2016-04-06,SKU-019,WH-CA1,SmartStock Optimized,268,1,1,0,267,0,0,0,0.362,0.0,0.0,0.36,0,1.98
2016-04-07,SKU-019,WH-CA1,SmartStock Optimized,267,2,2,0,265,0,0,0,0.359,0.0,0.0,0.36,0,1.98
2016-04-08,SKU-019,WH-CA1,SmartStock Optimized,265,0,0,0,265,0,0,0,0.359,0.0,0.0,0.36,0,1.98
2016-04-09,SKU-019,WH-CA1,SmartStock Optimized,265,2,2,0,263,0,0,0,0.357,0.0,0.0,0.36,0,1.98
2016-04-10,SKU-019,WH-CA1,SmartStock Optimized,263,3,3,0,260,0,0,0,0.353,0.0,0.0,0.35,0,1.98
2016-04-11,SKU-019,WH-CA1,SmartStock Optimized,260,0,0,0,260,0,0,0,0.353,0.0,0.0,0.35,0,1.98
2016-04-12,SKU-019,WH-CA1,SmartStock Optimized,260,0,0,0,260,0,0,0,0.353,0.0,0.0,0.35,0,1.98
2016-04-13,SKU-019,WH-CA1,SmartStock Optimized,260,0,0,0,260,0,0,0,0.353,0.0,0.0,0.35,0,1.98
2016-04-14,SKU-019,WH-CA1,SmartStock Optimized,260,0,0,0,260,0,0,0,0.353,0.0,0.0,0.35,0,1.98
2016-04-15,SKU-019,WH-CA1,SmartStock Optimized,260,1,1,0,259,0,0,0,0.351,0.0,0.0,0.35,0,1.98
2016-04-16,SKU-019,WH-CA1,SmartStock Optimized,259,1,1,0,258,0,0,0,0.35,0.0,0.0,0.35,0,1.98
2016-04-17,SKU-019,WH-CA1,SmartStock Optimized,258,2,2,0,256,0,0,0,0.347,0.0,0.0,0.35,0,1.98
2016-04-18,SKU-019,WH-CA1,SmartStock Optimized,256,0,0,0,256,0,0,0,0.347,0.0,0.0,0.35,0,1.98
2016-04-19,SKU-019,WH-CA1,SmartStock Optimized,256,0,0,0,256,0,0,0,0.347,0.0,0.0,0.35,0,1.98
2016-04-20,SKU-019,WH-CA1,SmartStock Optimized,256,0,0,0,256,0,0,0,0.347,0.0,0.0,0.35,0,1.98
2016-04-21,SKU-019,WH-CA1,SmartStock Optimized,256,0,0,0,256,0,0,0,0.347,0.0,0.0,0.35,0,1.98
2016-04-22,SKU-019,WH-CA1,SmartStock Optimized,256,0,0,0,256,0,0,0,0.347,0.0,0.0,0.35,0,1.98
2016-04-23,SKU-019,WH-CA1,SmartStock Optimized,256,2,2,0,254,0,0,0,0.344,0.0,0.0,0.34,0,1.98
2016-04-24,SKU-019,WH-CA1,SmartStock Optimized,254,0,0,0,254,0,0,0,0.344,0.0,0.0,0.34,0,1.98
2016-03-28,SKU-019,WH-TX1,SmartStock Optimized,5,0,0,0,5,216,216,0,0.005,75.0,0.0,75.0,0,1.98
2016-03-29,SKU-019,WH-TX1,SmartStock Optimized,5,1,1,0,4,216,0,0,0.004,0.0,0.0,0.0,0,1.98
2016-03-30,SKU-019,WH-TX1,SmartStock Optimized,4,0,0,0,4,216,0,0,0.004,0.0,0.0,0.0,0,1.98
2016-03-31,SKU-019,WH-TX1,SmartStock Optimized,4,0,0,0,4,216,0,0,0.004,0.0,0.0,0.0,0,1.98
2016-04-01,SKU-019,WH-TX1,SmartStock Optimized,220,0,0,0,220,0,0,216,0.239,0.0,0.0,0.24,0,1.98
2016-04-02,SKU-019,WH-TX1,SmartStock Optimized,220,2,2,0,218,0,0,0,0.237,0.0,0.0,0.24,0,1.98
2016-04-03,SKU-019,WH-TX1,SmartStock Optimized,218,0,0,0,218,0,0,0,0.237,0.0,0.0,0.24,0,1.98
2016-04-04,SKU-019,WH-TX1,SmartStock Optimized,218,0,0,0,218,0,0,0,0.237,0.0,0.0,0.24,0,1.98
2016-04-05,SKU-019,WH-TX1,SmartStock Optimized,218,0,0,0,218,0,0,0,0.237,0.0,0.0,0.24,0,1.98
2016-04-06,SKU-019,WH-TX1,SmartStock Optimized,218,0,0,0,218,0,0,0,0.237,0.0,0.0,0.24,0,1.98
2016-04-07,SKU-019,WH-TX1,SmartStock Optimized,218,0,0,0,218,0,0,0,0.237,0.0,0.0,0.24,0,1.98
2016-04-08,SKU-019,WH-TX1,SmartStock Optimized,218,0,0,0,218,0,0,0,0.237,0.0,0.0,0.24,0,1.98
2016-04-09,SKU-019,WH-TX1,SmartStock Optimized,218,4,4,0,214,0,0,0,0.232,0.0,0.0,0.23,0,1.98
2016-04-10,SKU-019,WH-TX1,SmartStock Optimized,214,3,3,0,211,0,0,0,0.229,0.0,0.0,0.23,0,1.98
2016-04-11,SKU-019,WH-TX1,SmartStock Optimized,211,0,0,0,211,0,0,0,0.229,0.0,0.0,0.23,0,1.98
2016-04-12,SKU-019,WH-TX1,SmartStock Optimized,211,2,2,0,209,0,0,0,0.227,0.0,0.0,0.23,0,1.98
2016-04-13,SKU-019,WH-TX1,SmartStock Optimized,209,0,0,0,209,0,0,0,0.227,0.0,0.0,0.23,0,1.98
2016-04-14,SKU-019,WH-TX1,SmartStock Optimized,209,0,0,0,209,0,0,0,0.227,0.0,0.0,0.23,0,1.98
2016-04-15,SKU-019,WH-TX1,SmartStock Optimized,209,0,0,0,209,0,0,0,0.227,0.0,0.0,0.23,0,1.98
2016-04-16,SKU-019,WH-TX1,SmartStock Optimized,209,1,1,0,208,0,0,0,0.226,0.0,0.0,0.23,0,1.98
2016-04-17,SKU-019,WH-TX1,SmartStock Optimized,208,0,0,0,208,0,0,0,0.226,0.0,0.0,0.23,0,1.98
2016-04-18,SKU-019,WH-TX1,SmartStock Optimized,208,0,0,0,208,0,0,0,0.226,0.0,0.0,0.23,0,1.98
2016-04-19,SKU-019,WH-TX1,SmartStock Optimized,208,0,0,0,208,0,0,0,0.226,0.0,0.0,0.23,0,1.98
2016-04-20,SKU-019,WH-TX1,SmartStock Optimized,208,1,1,0,207,0,0,0,0.225,0.0,0.0,0.23,0,1.98
2016-04-21,SKU-019,WH-TX1,SmartStock Optimized,207,1,1,0,206,0,0,0,0.223,0.0,0.0,0.22,0,1.98
2016-04-22,SKU-019,WH-TX1,SmartStock Optimized,206,1,1,0,205,0,0,0,0.222,0.0,0.0,0.22,0,1.98
2016-04-23,SKU-019,WH-TX1,SmartStock Optimized,205,1,1,0,204,0,0,0,0.221,0.0,0.0,0.22,0,1.98
2016-04-24,SKU-019,WH-TX1,SmartStock Optimized,204,1,1,0,203,0,0,0,0.22,0.0,0.0,0.22,0,1.98
2016-03-28,SKU-019,WH-WI1,SmartStock Optimized,9,1,1,0,8,312,312,0,0.01,75.0,0.0,75.01,0,1.98
2016-03-29,SKU-019,WH-WI1,SmartStock Optimized,8,0,0,0,8,312,0,0,0.01,0.0,0.0,0.01,0,1.98
2016-03-30,SKU-019,WH-WI1,SmartStock Optimized,8,0,0,0,8,312,0,0,0.01,0.0,0.0,0.01,0,1.98
2016-03-31,SKU-019,WH-WI1,SmartStock Optimized,8,3,3,0,5,312,0,0,0.006,0.0,0.0,0.01,0,1.98
2016-04-01,SKU-019,WH-WI1,SmartStock Optimized,5,0,0,0,5,312,0,0,0.006,0.0,0.0,0.01,0,1.98
2016-04-02,SKU-019,WH-WI1,SmartStock Optimized,5,1,1,0,4,312,0,0,0.005,0.0,0.0,0.01,0,1.98
2016-04-03,SKU-019,WH-WI1,SmartStock Optimized,4,3,3,0,1,312,0,0,0.001,0.0,0.0,0.0,0,1.98
2016-04-04,SKU-019,WH-WI1,SmartStock Optimized,313,0,0,0,313,0,0,312,0.374,0.0,0.0,0.37,0,1.98
2016-04-05,SKU-019,WH-WI1,SmartStock Optimized,313,1,1,0,312,0,0,0,0.372,0.0,0.0,0.37,0,1.98
2016-04-06,SKU-019,WH-WI1,SmartStock Optimized,312,0,0,0,312,0,0,0,0.372,0.0,0.0,0.37,0,1.98
2016-04-07,SKU-019,WH-WI1,SmartStock Optimized,312,1,1,0,311,0,0,0,0.371,0.0,0.0,0.37,0,1.98
2016-04-08,SKU-019,WH-WI1,SmartStock Optimized,311,0,0,0,311,0,0,0,0.371,0.0,0.0,0.37,0,1.98
2016-04-09,SKU-019,WH-WI1,SmartStock Optimized,311,2,2,0,309,0,0,0,0.369,0.0,0.0,0.37,0,1.98
2016-04-10,SKU-019,WH-WI1,SmartStock Optimized,309,0,0,0,309,0,0,0,0.369,0.0,0.0,0.37,0,1.98
2016-04-11,SKU-019,WH-WI1,SmartStock Optimized,309,1,1,0,308,0,0,0,0.368,0.0,0.0,0.37,0,1.98
2016-04-12,SKU-019,WH-WI1,SmartStock Optimized,308,1,1,0,307,0,0,0,0.366,0.0,0.0,0.37,0,1.98
2016-04-13,SKU-019,WH-WI1,SmartStock Optimized,307,0,0,0,307,0,0,0,0.366,0.0,0.0,0.37,0,1.98
2016-04-14,SKU-019,WH-WI1,SmartStock Optimized,307,1,1,0,306,0,0,0,0.365,0.0,0.0,0.36,0,1.98
2016-04-15,SKU-019,WH-WI1,SmartStock Optimized,306,1,1,0,305,0,0,0,0.364,0.0,0.0,0.36,0,1.98
2016-04-16,SKU-019,WH-WI1,SmartStock Optimized,305,4,4,0,301,0,0,0,0.359,0.0,0.0,0.36,0,1.98
2016-04-17,SKU-019,WH-WI1,SmartStock Optimized,301,3,3,0,298,0,0,0,0.356,0.0,0.0,0.36,0,1.98
2016-04-18,SKU-019,WH-WI1,SmartStock Optimized,298,1,1,0,297,0,0,0,0.354,0.0,0.0,0.35,0,1.98
2016-04-19,SKU-019,WH-WI1,SmartStock Optimized,297,1,1,0,296,0,0,0,0.353,0.0,0.0,0.35,0,1.98
2016-04-20,SKU-019,WH-WI1,SmartStock Optimized,296,1,1,0,295,0,0,0,0.352,0.0,0.0,0.35,0,1.98
2016-04-21,SKU-019,WH-WI1,SmartStock Optimized,295,0,0,0,295,0,0,0,0.352,0.0,0.0,0.35,0,1.98
2016-04-22,SKU-019,WH-WI1,SmartStock Optimized,295,0,0,0,295,0,0,0,0.352,0.0,0.0,0.35,0,1.98
2016-04-23,SKU-019,WH-WI1,SmartStock Optimized,295,2,2,0,293,0,0,0,0.35,0.0,0.0,0.35,0,1.98
2016-04-24,SKU-019,WH-WI1,SmartStock Optimized,293,3,3,0,290,0,0,0,0.346,0.0,0.0,0.35,0,1.98
2016-03-28,SKU-020,WH-CA1,SmartStock Optimized,7,0,0,0,7,240,240,0,0.009,75.0,0.0,75.01,0,1.79
2016-03-29,SKU-020,WH-CA1,SmartStock Optimized,7,0,0,0,7,240,0,0,0.009,0.0,0.0,0.01,0,1.79
2016-03-30,SKU-020,WH-CA1,SmartStock Optimized,7,1,1,0,6,240,0,0,0.007,0.0,0.0,0.01,0,1.79
2016-03-31,SKU-020,WH-CA1,SmartStock Optimized,6,0,0,0,6,240,0,0,0.007,0.0,0.0,0.01,0,1.79
2016-04-01,SKU-020,WH-CA1,SmartStock Optimized,6,0,0,0,6,240,0,0,0.007,0.0,0.0,0.01,0,1.79
2016-04-02,SKU-020,WH-CA1,SmartStock Optimized,6,0,0,0,6,240,0,0,0.007,0.0,0.0,0.01,0,1.79
2016-04-03,SKU-020,WH-CA1,SmartStock Optimized,6,0,0,0,6,240,0,0,0.007,0.0,0.0,0.01,0,1.79
2016-04-04,SKU-020,WH-CA1,SmartStock Optimized,6,0,0,0,6,240,0,0,0.007,0.0,0.0,0.01,0,1.79
2016-04-05,SKU-020,WH-CA1,SmartStock Optimized,246,0,0,0,246,0,0,240,0.302,0.0,0.0,0.3,0,1.79
2016-04-06,SKU-020,WH-CA1,SmartStock Optimized,246,0,0,0,246,0,0,0,0.302,0.0,0.0,0.3,0,1.79
2016-04-07,SKU-020,WH-CA1,SmartStock Optimized,246,1,1,0,245,0,0,0,0.3,0.0,0.0,0.3,0,1.79
2016-04-08,SKU-020,WH-CA1,SmartStock Optimized,245,0,0,0,245,0,0,0,0.3,0.0,0.0,0.3,0,1.79
2016-04-09,SKU-020,WH-CA1,SmartStock Optimized,245,0,0,0,245,0,0,0,0.3,0.0,0.0,0.3,0,1.79
2016-04-10,SKU-020,WH-CA1,SmartStock Optimized,245,0,0,0,245,0,0,0,0.3,0.0,0.0,0.3,0,1.79
2016-04-11,SKU-020,WH-CA1,SmartStock Optimized,245,0,0,0,245,0,0,0,0.3,0.0,0.0,0.3,0,1.79
2016-04-12,SKU-020,WH-CA1,SmartStock Optimized,245,1,1,0,244,0,0,0,0.299,0.0,0.0,0.3,0,1.79
2016-04-13,SKU-020,WH-CA1,SmartStock Optimized,244,0,0,0,244,0,0,0,0.299,0.0,0.0,0.3,0,1.79
2016-04-14,SKU-020,WH-CA1,SmartStock Optimized,244,0,0,0,244,0,0,0,0.299,0.0,0.0,0.3,0,1.79
2016-04-15,SKU-020,WH-CA1,SmartStock Optimized,244,0,0,0,244,0,0,0,0.299,0.0,0.0,0.3,0,1.79
2016-04-16,SKU-020,WH-CA1,SmartStock Optimized,244,0,0,0,244,0,0,0,0.299,0.0,0.0,0.3,0,1.79
2016-04-17,SKU-020,WH-CA1,SmartStock Optimized,244,0,0,0,244,0,0,0,0.299,0.0,0.0,0.3,0,1.79
2016-04-18,SKU-020,WH-CA1,SmartStock Optimized,244,0,0,0,244,0,0,0,0.299,0.0,0.0,0.3,0,1.79
2016-04-19,SKU-020,WH-CA1,SmartStock Optimized,244,0,0,0,244,0,0,0,0.299,0.0,0.0,0.3,0,1.79
2016-04-20,SKU-020,WH-CA1,SmartStock Optimized,244,0,0,0,244,0,0,0,0.299,0.0,0.0,0.3,0,1.79
2016-04-21,SKU-020,WH-CA1,SmartStock Optimized,244,1,1,0,243,0,0,0,0.298,0.0,0.0,0.3,0,1.79
2016-04-22,SKU-020,WH-CA1,SmartStock Optimized,243,1,1,0,242,0,0,0,0.297,0.0,0.0,0.3,0,1.79
2016-04-23,SKU-020,WH-CA1,SmartStock Optimized,242,1,1,0,241,0,0,0,0.295,0.0,0.0,0.29,0,1.79
2016-04-24,SKU-020,WH-CA1,SmartStock Optimized,241,1,1,0,240,0,0,0,0.294,0.0,0.0,0.29,0,1.79
2016-03-28,SKU-020,WH-TX1,SmartStock Optimized,5,0,0,0,5,0,0,0,0.005,0.0,0.0,0.01,0,1.79
2016-03-29,SKU-020,WH-TX1,SmartStock Optimized,5,0,0,0,5,0,0,0,0.005,0.0,0.0,0.01,0,1.79
2016-03-30,SKU-020,WH-TX1,SmartStock Optimized,5,0,0,0,5,0,0,0,0.005,0.0,0.0,0.01,0,1.79
2016-03-31,SKU-020,WH-TX1,SmartStock Optimized,5,0,0,0,5,0,0,0,0.005,0.0,0.0,0.01,0,1.79
2016-04-01,SKU-020,WH-TX1,SmartStock Optimized,5,0,0,0,5,0,0,0,0.005,0.0,0.0,0.01,0,1.79
2016-04-02,SKU-020,WH-TX1,SmartStock Optimized,5,0,0,0,5,0,0,0,0.005,0.0,0.0,0.01,0,1.79
2016-04-03,SKU-020,WH-TX1,SmartStock Optimized,5,0,0,0,5,0,0,0,0.005,0.0,0.0,0.01,0,1.79
2016-04-04,SKU-020,WH-TX1,SmartStock Optimized,5,0,0,0,5,0,0,0,0.005,0.0,0.0,0.01,0,1.79
2016-04-05,SKU-020,WH-TX1,SmartStock Optimized,5,1,1,0,4,144,144,0,0.004,75.0,0.0,75.0,0,1.79
2016-04-06,SKU-020,WH-TX1,SmartStock Optimized,4,0,0,0,4,144,0,0,0.004,0.0,0.0,0.0,0,1.79
2016-04-07,SKU-020,WH-TX1,SmartStock Optimized,4,0,0,0,4,144,0,0,0.004,0.0,0.0,0.0,0,1.79
2016-04-08,SKU-020,WH-TX1,SmartStock Optimized,4,0,0,0,4,144,0,0,0.004,0.0,0.0,0.0,0,1.79
2016-04-09,SKU-020,WH-TX1,SmartStock Optimized,4,0,0,0,4,144,0,0,0.004,0.0,0.0,0.0,0,1.79
2016-04-10,SKU-020,WH-TX1,SmartStock Optimized,4,0,0,0,4,144,0,0,0.004,0.0,0.0,0.0,0,1.79
2016-04-11,SKU-020,WH-TX1,SmartStock Optimized,4,0,0,0,4,144,0,0,0.004,0.0,0.0,0.0,0,1.79
2016-04-12,SKU-020,WH-TX1,SmartStock Optimized,4,1,1,0,3,144,0,0,0.003,0.0,0.0,0.0,0,1.79
2016-04-13,SKU-020,WH-TX1,SmartStock Optimized,3,0,0,0,3,144,0,0,0.003,0.0,0.0,0.0,0,1.79
2016-04-14,SKU-020,WH-TX1,SmartStock Optimized,147,0,0,0,147,0,0,144,0.144,0.0,0.0,0.14,0,1.79
2016-04-15,SKU-020,WH-TX1,SmartStock Optimized,147,0,0,0,147,0,0,0,0.144,0.0,0.0,0.14,0,1.79
2016-04-16,SKU-020,WH-TX1,SmartStock Optimized,147,0,0,0,147,0,0,0,0.144,0.0,0.0,0.14,0,1.79
2016-04-17,SKU-020,WH-TX1,SmartStock Optimized,147,1,1,0,146,0,0,0,0.143,0.0,0.0,0.14,0,1.79
2016-04-18,SKU-020,WH-TX1,SmartStock Optimized,146,0,0,0,146,0,0,0,0.143,0.0,0.0,0.14,0,1.79
2016-04-19,SKU-020,WH-TX1,SmartStock Optimized,146,0,0,0,146,0,0,0,0.143,0.0,0.0,0.14,0,1.79
2016-04-20,SKU-020,WH-TX1,SmartStock Optimized,146,0,0,0,146,0,0,0,0.143,0.0,0.0,0.14,0,1.79
2016-04-21,SKU-020,WH-TX1,SmartStock Optimized,146,0,0,0,146,0,0,0,0.143,0.0,0.0,0.14,0,1.79
2016-04-22,SKU-020,WH-TX1,SmartStock Optimized,146,0,0,0,146,0,0,0,0.143,0.0,0.0,0.14,0,1.79
2016-04-23,SKU-020,WH-TX1,SmartStock Optimized,146,0,0,0,146,0,0,0,0.143,0.0,0.0,0.14,0,1.79
2016-04-24,SKU-020,WH-TX1,SmartStock Optimized,146,0,0,0,146,0,0,0,0.143,0.0,0.0,0.14,0,1.79
2016-03-28,SKU-020,WH-WI1,SmartStock Optimized,12,1,1,0,11,336,336,0,0.012,75.0,0.0,75.01,0,1.79
2016-03-29,SKU-020,WH-WI1,SmartStock Optimized,11,0,0,0,11,336,0,0,0.012,0.0,0.0,0.01,0,1.79
2016-03-30,SKU-020,WH-WI1,SmartStock Optimized,11,0,0,0,11,336,0,0,0.012,0.0,0.0,0.01,0,1.79
2016-03-31,SKU-020,WH-WI1,SmartStock Optimized,11,0,0,0,11,336,0,0,0.012,0.0,0.0,0.01,0,1.79
2016-04-01,SKU-020,WH-WI1,SmartStock Optimized,11,0,0,0,11,336,0,0,0.012,0.0,0.0,0.01,0,1.79
2016-04-02,SKU-020,WH-WI1,SmartStock Optimized,11,3,3,0,8,336,0,0,0.009,0.0,0.0,0.01,0,1.79
2016-04-03,SKU-020,WH-WI1,SmartStock Optimized,8,8,8,0,0,336,0,0,0.0,0.0,0.0,0.0,0,1.79
2016-04-04,SKU-020,WH-WI1,SmartStock Optimized,0,0,0,0,0,336,0,0,0.0,0.0,0.0,0.0,0,1.79
2016-04-05,SKU-020,WH-WI1,SmartStock Optimized,336,2,2,0,334,0,0,336,0.36,0.0,0.0,0.36,0,1.79
2016-04-06,SKU-020,WH-WI1,SmartStock Optimized,334,0,0,0,334,0,0,0,0.36,0.0,0.0,0.36,0,1.79
2016-04-07,SKU-020,WH-WI1,SmartStock Optimized,334,0,0,0,334,0,0,0,0.36,0.0,0.0,0.36,0,1.79
2016-04-08,SKU-020,WH-WI1,SmartStock Optimized,334,0,0,0,334,0,0,0,0.36,0.0,0.0,0.36,0,1.79
2016-04-09,SKU-020,WH-WI1,SmartStock Optimized,334,0,0,0,334,0,0,0,0.36,0.0,0.0,0.36,0,1.79
2016-04-10,SKU-020,WH-WI1,SmartStock Optimized,334,0,0,0,334,0,0,0,0.36,0.0,0.0,0.36,0,1.79
2016-04-11,SKU-020,WH-WI1,SmartStock Optimized,334,0,0,0,334,0,0,0,0.36,0.0,0.0,0.36,0,1.79
2016-04-12,SKU-020,WH-WI1,SmartStock Optimized,334,1,1,0,333,0,0,0,0.359,0.0,0.0,0.36,0,1.79
2016-04-13,SKU-020,WH-WI1,SmartStock Optimized,333,0,0,0,333,0,0,0,0.359,0.0,0.0,0.36,0,1.79
2016-04-14,SKU-020,WH-WI1,SmartStock Optimized,333,0,0,0,333,0,0,0,0.359,0.0,0.0,0.36,0,1.79
2016-04-15,SKU-020,WH-WI1,SmartStock Optimized,333,1,1,0,332,0,0,0,0.358,0.0,0.0,0.36,0,1.79
2016-04-16,SKU-020,WH-WI1,SmartStock Optimized,332,2,2,0,330,0,0,0,0.356,0.0,0.0,0.36,0,1.79
2016-04-17,SKU-020,WH-WI1,SmartStock Optimized,330,9,9,0,321,0,0,0,0.346,0.0,0.0,0.35,0,1.79
2016-04-18,SKU-020,WH-WI1,SmartStock Optimized,321,0,0,0,321,0,0,0,0.346,0.0,0.0,0.35,0,1.79
2016-04-19,SKU-020,WH-WI1,SmartStock Optimized,321,0,0,0,321,0,0,0,0.346,0.0,0.0,0.35,0,1.79
2016-04-20,SKU-020,WH-WI1,SmartStock Optimized,321,2,2,0,319,0,0,0,0.344,0.0,0.0,0.34,0,1.79
2016-04-21,SKU-020,WH-WI1,SmartStock Optimized,319,1,1,0,318,0,0,0,0.343,0.0,0.0,0.34,0,1.79
2016-04-22,SKU-020,WH-WI1,SmartStock Optimized,318,0,0,0,318,0,0,0,0.343,0.0,0.0,0.34,0,1.79
2016-04-23,SKU-020,WH-WI1,SmartStock Optimized,318,0,0,0,318,0,0,0,0.343,0.0,0.0,0.34,0,1.79
2016-04-24,SKU-020,WH-WI1,SmartStock Optimized,318,0,0,0,318,0,0,0,0.343,0.0,0.0,0.34,0,1.79
2016-03-28,SKU-021,WH-CA1,SmartStock Optimized,17,1,1,0,16,252,252,0,0.056,90.0,0.0,90.06,0,5.09
2016-03-29,SKU-021,WH-CA1,SmartStock Optimized,16,0,0,0,16,252,0,0,0.056,0.0,0.0,0.06,0,5.09
2016-03-30,SKU-021,WH-CA1,SmartStock Optimized,16,0,0,0,16,252,0,0,0.056,0.0,0.0,0.06,0,5.09
2016-03-31,SKU-021,WH-CA1,SmartStock Optimized,16,0,0,0,16,252,0,0,0.056,0.0,0.0,0.06,0,5.09
2016-04-01,SKU-021,WH-CA1,SmartStock Optimized,16,1,1,0,15,252,0,0,0.052,0.0,0.0,0.05,0,5.09
2016-04-02,SKU-021,WH-CA1,SmartStock Optimized,15,0,0,0,15,252,0,0,0.052,0.0,0.0,0.05,0,5.09
2016-04-03,SKU-021,WH-CA1,SmartStock Optimized,15,0,0,0,15,252,0,0,0.052,0.0,0.0,0.05,0,5.09
2016-04-04,SKU-021,WH-CA1,SmartStock Optimized,15,0,0,0,15,252,0,0,0.052,0.0,0.0,0.05,0,5.09
2016-04-05,SKU-021,WH-CA1,SmartStock Optimized,15,0,0,0,15,252,0,0,0.052,0.0,0.0,0.05,0,5.09
2016-04-06,SKU-021,WH-CA1,SmartStock Optimized,15,0,0,0,15,252,0,0,0.052,0.0,0.0,0.05,0,5.09
2016-04-07,SKU-021,WH-CA1,SmartStock Optimized,15,2,2,0,13,252,0,0,0.045,0.0,0.0,0.04,0,5.09
2016-04-08,SKU-021,WH-CA1,SmartStock Optimized,265,0,0,0,265,0,0,252,0.924,0.0,0.0,0.92,0,5.09
2016-04-09,SKU-021,WH-CA1,SmartStock Optimized,265,1,1,0,264,0,0,0,0.92,0.0,0.0,0.92,0,5.09
2016-04-10,SKU-021,WH-CA1,SmartStock Optimized,264,0,0,0,264,0,0,0,0.92,0.0,0.0,0.92,0,5.09
2016-04-11,SKU-021,WH-CA1,SmartStock Optimized,264,0,0,0,264,0,0,0,0.92,0.0,0.0,0.92,0,5.09
2016-04-12,SKU-021,WH-CA1,SmartStock Optimized,264,1,1,0,263,0,0,0,0.917,0.0,0.0,0.92,0,5.09
2016-04-13,SKU-021,WH-CA1,SmartStock Optimized,263,0,0,0,263,0,0,0,0.917,0.0,0.0,0.92,0,5.09
2016-04-14,SKU-021,WH-CA1,SmartStock Optimized,263,2,2,0,261,0,0,0,0.91,0.0,0.0,0.91,0,5.09
2016-04-15,SKU-021,WH-CA1,SmartStock Optimized,261,0,0,0,261,0,0,0,0.91,0.0,0.0,0.91,0,5.09
2016-04-16,SKU-021,WH-CA1,SmartStock Optimized,261,0,0,0,261,0,0,0,0.91,0.0,0.0,0.91,0,5.09
2016-04-17,SKU-021,WH-CA1,SmartStock Optimized,261,0,0,0,261,0,0,0,0.91,0.0,0.0,0.91,0,5.09
2016-04-18,SKU-021,WH-CA1,SmartStock Optimized,261,0,0,0,261,0,0,0,0.91,0.0,0.0,0.91,0,5.09
2016-04-19,SKU-021,WH-CA1,SmartStock Optimized,261,4,4,0,257,0,0,0,0.896,0.0,0.0,0.9,0,5.09
2016-04-20,SKU-021,WH-CA1,SmartStock Optimized,257,1,1,0,256,0,0,0,0.892,0.0,0.0,0.89,0,5.09
2016-04-21,SKU-021,WH-CA1,SmartStock Optimized,256,1,1,0,255,0,0,0,0.889,0.0,0.0,0.89,0,5.09
2016-04-22,SKU-021,WH-CA1,SmartStock Optimized,255,0,0,0,255,0,0,0,0.889,0.0,0.0,0.89,0,5.09
2016-04-23,SKU-021,WH-CA1,SmartStock Optimized,255,1,1,0,254,0,0,0,0.886,0.0,0.0,0.89,0,5.09
2016-04-24,SKU-021,WH-CA1,SmartStock Optimized,254,1,1,0,253,0,0,0,0.882,0.0,0.0,0.88,0,5.09
2016-03-28,SKU-021,WH-TX1,SmartStock Optimized,41,1,1,0,40,468,468,0,0.112,90.0,0.0,90.11,0,5.09
2016-03-29,SKU-021,WH-TX1,SmartStock Optimized,40,2,2,0,38,468,0,0,0.106,0.0,0.0,0.11,0,5.09
2016-03-30,SKU-021,WH-TX1,SmartStock Optimized,38,3,3,0,35,468,0,0,0.098,0.0,0.0,0.1,0,5.09
2016-03-31,SKU-021,WH-TX1,SmartStock Optimized,35,4,4,0,31,468,0,0,0.086,0.0,0.0,0.09,0,5.09
2016-04-01,SKU-021,WH-TX1,SmartStock Optimized,31,2,2,0,29,468,0,0,0.081,0.0,0.0,0.08,0,5.09
2016-04-02,SKU-021,WH-TX1,SmartStock Optimized,29,5,5,0,24,468,0,0,0.067,0.0,0.0,0.07,0,5.09
2016-04-03,SKU-021,WH-TX1,SmartStock Optimized,24,6,6,0,18,468,0,0,0.05,0.0,0.0,0.05,0,5.09
2016-04-04,SKU-021,WH-TX1,SmartStock Optimized,18,6,6,0,12,468,0,0,0.033,0.0,0.0,0.03,0,5.09
2016-04-05,SKU-021,WH-TX1,SmartStock Optimized,12,3,3,0,9,468,0,0,0.025,0.0,0.0,0.03,0,5.09
2016-04-06,SKU-021,WH-TX1,SmartStock Optimized,477,4,4,0,473,0,0,468,1.319,0.0,0.0,1.32,0,5.09
2016-04-07,SKU-021,WH-TX1,SmartStock Optimized,473,4,4,0,469,0,0,0,1.308,0.0,0.0,1.31,0,5.09
2016-04-08,SKU-021,WH-TX1,SmartStock Optimized,469,2,2,0,467,0,0,0,1.302,0.0,0.0,1.3,0,5.09
2016-04-09,SKU-021,WH-TX1,SmartStock Optimized,467,2,2,0,465,0,0,0,1.297,0.0,0.0,1.3,0,5.09
2016-04-10,SKU-021,WH-TX1,SmartStock Optimized,465,6,6,0,459,0,0,0,1.28,0.0,0.0,1.28,0,5.09
2016-04-11,SKU-021,WH-TX1,SmartStock Optimized,459,5,5,0,454,0,0,0,1.266,0.0,0.0,1.27,0,5.09
2016-04-12,SKU-021,WH-TX1,SmartStock Optimized,454,0,0,0,454,0,0,0,1.266,0.0,0.0,1.27,0,5.09
2016-04-13,SKU-021,WH-TX1,SmartStock Optimized,454,4,4,0,450,0,0,0,1.255,0.0,0.0,1.25,0,5.09
2016-04-14,SKU-021,WH-TX1,SmartStock Optimized,450,2,2,0,448,0,0,0,1.249,0.0,0.0,1.25,0,5.09
2016-04-15,SKU-021,WH-TX1,SmartStock Optimized,448,1,1,0,447,0,0,0,1.247,0.0,0.0,1.25,0,5.09
2016-04-16,SKU-021,WH-TX1,SmartStock Optimized,447,4,4,0,443,0,0,0,1.236,0.0,0.0,1.24,0,5.09
2016-04-17,SKU-021,WH-TX1,SmartStock Optimized,443,0,0,0,443,0,0,0,1.236,0.0,0.0,1.24,0,5.09
2016-04-18,SKU-021,WH-TX1,SmartStock Optimized,443,8,8,0,435,0,0,0,1.213,0.0,0.0,1.21,0,5.09
2016-04-19,SKU-021,WH-TX1,SmartStock Optimized,435,3,3,0,432,0,0,0,1.205,0.0,0.0,1.21,0,5.09
2016-04-20,SKU-021,WH-TX1,SmartStock Optimized,432,3,3,0,429,0,0,0,1.196,0.0,0.0,1.2,0,5.09
2016-04-21,SKU-021,WH-TX1,SmartStock Optimized,429,0,0,0,429,0,0,0,1.196,0.0,0.0,1.2,0,5.09
2016-04-22,SKU-021,WH-TX1,SmartStock Optimized,429,3,3,0,426,0,0,0,1.188,0.0,0.0,1.19,0,5.09
2016-04-23,SKU-021,WH-TX1,SmartStock Optimized,426,1,1,0,425,0,0,0,1.185,0.0,0.0,1.19,0,5.09
2016-04-24,SKU-021,WH-TX1,SmartStock Optimized,425,1,1,0,424,0,0,0,1.183,0.0,0.0,1.18,0,5.09
2016-03-28,SKU-021,WH-WI1,SmartStock Optimized,5,0,0,0,5,96,96,0,0.015,90.0,0.0,90.02,0,5.09
2016-03-29,SKU-021,WH-WI1,SmartStock Optimized,5,0,0,0,5,96,0,0,0.015,0.0,0.0,0.01,0,5.09
2016-03-30,SKU-021,WH-WI1,SmartStock Optimized,5,0,0,0,5,96,0,0,0.015,0.0,0.0,0.01,0,5.09
2016-03-31,SKU-021,WH-WI1,SmartStock Optimized,5,0,0,0,5,96,0,0,0.015,0.0,0.0,0.01,0,5.09
2016-04-01,SKU-021,WH-WI1,SmartStock Optimized,5,0,0,0,5,96,0,0,0.015,0.0,0.0,0.01,0,5.09
2016-04-02,SKU-021,WH-WI1,SmartStock Optimized,5,0,0,0,5,96,0,0,0.015,0.0,0.0,0.01,0,5.09
2016-04-03,SKU-021,WH-WI1,SmartStock Optimized,5,0,0,0,5,96,0,0,0.015,0.0,0.0,0.01,0,5.09
2016-04-04,SKU-021,WH-WI1,SmartStock Optimized,5,0,0,0,5,96,0,0,0.015,0.0,0.0,0.01,0,5.09
2016-04-05,SKU-021,WH-WI1,SmartStock Optimized,5,0,0,0,5,96,0,0,0.015,0.0,0.0,0.01,0,5.09
2016-04-06,SKU-021,WH-WI1,SmartStock Optimized,5,0,0,0,5,96,0,0,0.015,0.0,0.0,0.01,0,5.09
2016-04-07,SKU-021,WH-WI1,SmartStock Optimized,5,1,1,0,4,96,0,0,0.012,0.0,0.0,0.01,0,5.09
2016-04-08,SKU-021,WH-WI1,SmartStock Optimized,100,0,0,0,100,0,0,96,0.307,0.0,0.0,0.31,0,5.09
2016-04-09,SKU-021,WH-WI1,SmartStock Optimized,100,0,0,0,100,0,0,0,0.307,0.0,0.0,0.31,0,5.09
2016-04-10,SKU-021,WH-WI1,SmartStock Optimized,100,0,0,0,100,0,0,0,0.307,0.0,0.0,0.31,0,5.09
2016-04-11,SKU-021,WH-WI1,SmartStock Optimized,100,0,0,0,100,0,0,0,0.307,0.0,0.0,0.31,0,5.09
2016-04-12,SKU-021,WH-WI1,SmartStock Optimized,100,0,0,0,100,0,0,0,0.307,0.0,0.0,0.31,0,5.09
2016-04-13,SKU-021,WH-WI1,SmartStock Optimized,100,0,0,0,100,0,0,0,0.307,0.0,0.0,0.31,0,5.09
2016-04-14,SKU-021,WH-WI1,SmartStock Optimized,100,0,0,0,100,0,0,0,0.307,0.0,0.0,0.31,0,5.09
2016-04-15,SKU-021,WH-WI1,SmartStock Optimized,100,0,0,0,100,0,0,0,0.307,0.0,0.0,0.31,0,5.09
2016-04-16,SKU-021,WH-WI1,SmartStock Optimized,100,0,0,0,100,0,0,0,0.307,0.0,0.0,0.31,0,5.09
2016-04-17,SKU-021,WH-WI1,SmartStock Optimized,100,0,0,0,100,0,0,0,0.307,0.0,0.0,0.31,0,5.09
2016-04-18,SKU-021,WH-WI1,SmartStock Optimized,100,0,0,0,100,0,0,0,0.307,0.0,0.0,0.31,0,5.09
2016-04-19,SKU-021,WH-WI1,SmartStock Optimized,100,0,0,0,100,0,0,0,0.307,0.0,0.0,0.31,0,5.09
2016-04-20,SKU-021,WH-WI1,SmartStock Optimized,100,0,0,0,100,0,0,0,0.307,0.0,0.0,0.31,0,5.09
2016-04-21,SKU-021,WH-WI1,SmartStock Optimized,100,0,0,0,100,0,0,0,0.307,0.0,0.0,0.31,0,5.09
2016-04-22,SKU-021,WH-WI1,SmartStock Optimized,100,0,0,0,100,0,0,0,0.307,0.0,0.0,0.31,0,5.09
2016-04-23,SKU-021,WH-WI1,SmartStock Optimized,100,0,0,0,100,0,0,0,0.307,0.0,0.0,0.31,0,5.09
2016-04-24,SKU-021,WH-WI1,SmartStock Optimized,100,0,0,0,100,0,0,0,0.307,0.0,0.0,0.31,0,5.09
2016-03-28,SKU-022,WH-CA1,SmartStock Optimized,42,3,3,0,39,816,816,0,0.036,90.0,0.0,90.04,0,1.34
2016-03-29,SKU-022,WH-CA1,SmartStock Optimized,39,4,4,0,35,816,0,0,0.032,0.0,0.0,0.03,0,1.34
2016-03-30,SKU-022,WH-CA1,SmartStock Optimized,35,2,2,0,33,816,0,0,0.03,0.0,0.0,0.03,0,1.34
2016-03-31,SKU-022,WH-CA1,SmartStock Optimized,33,5,5,0,28,816,0,0,0.026,0.0,0.0,0.03,0,1.34
2016-04-01,SKU-022,WH-CA1,SmartStock Optimized,28,7,7,0,21,816,0,0,0.019,0.0,0.0,0.02,0,1.34
2016-04-02,SKU-022,WH-CA1,SmartStock Optimized,21,12,12,0,9,816,0,0,0.008,0.0,0.0,0.01,0,1.34
2016-04-03,SKU-022,WH-CA1,SmartStock Optimized,9,8,8,0,1,816,0,0,0.001,0.0,0.0,0.0,0,1.34
2016-04-04,SKU-022,WH-CA1,SmartStock Optimized,1,7,1,6,0,816,0,0,0.0,0.0,16.56,16.56,1,1.34
2016-04-05,SKU-022,WH-CA1,SmartStock Optimized,0,5,0,5,0,816,0,0,0.0,0.0,13.8,13.8,1,1.34
2016-04-06,SKU-022,WH-CA1,SmartStock Optimized,0,5,0,5,0,816,0,0,0.0,0.0,13.8,13.8,1,1.34
2016-04-07,SKU-022,WH-CA1,SmartStock Optimized,0,2,0,2,0,816,0,0,0.0,0.0,5.52,5.52,1,1.34
2016-04-08,SKU-022,WH-CA1,SmartStock Optimized,0,3,0,3,0,816,0,0,0.0,0.0,8.28,8.28,1,1.34
2016-04-09,SKU-022,WH-CA1,SmartStock Optimized,816,6,6,0,810,0,0,816,0.743,0.0,0.0,0.74,0,1.34
2016-04-10,SKU-022,WH-CA1,SmartStock Optimized,810,5,5,0,805,0,0,0,0.739,0.0,0.0,0.74,0,1.34
2016-04-11,SKU-022,WH-CA1,SmartStock Optimized,805,7,7,0,798,0,0,0,0.732,0.0,0.0,0.73,0,1.34
2016-04-12,SKU-022,WH-CA1,SmartStock Optimized,798,4,4,0,794,0,0,0,0.729,0.0,0.0,0.73,0,1.34
2016-04-13,SKU-022,WH-CA1,SmartStock Optimized,794,4,4,0,790,0,0,0,0.725,0.0,0.0,0.72,0,1.34
2016-04-14,SKU-022,WH-CA1,SmartStock Optimized,790,4,4,0,786,0,0,0,0.721,0.0,0.0,0.72,0,1.34
2016-04-15,SKU-022,WH-CA1,SmartStock Optimized,786,3,3,0,783,0,0,0,0.719,0.0,0.0,0.72,0,1.34
2016-04-16,SKU-022,WH-CA1,SmartStock Optimized,783,5,5,0,778,0,0,0,0.714,0.0,0.0,0.71,0,1.34
2016-04-17,SKU-022,WH-CA1,SmartStock Optimized,778,5,5,0,773,0,0,0,0.709,0.0,0.0,0.71,0,1.34
2016-04-18,SKU-022,WH-CA1,SmartStock Optimized,773,4,4,0,769,0,0,0,0.706,0.0,0.0,0.71,0,1.34
2016-04-19,SKU-022,WH-CA1,SmartStock Optimized,769,0,0,0,769,0,0,0,0.706,0.0,0.0,0.71,0,1.34
2016-04-20,SKU-022,WH-CA1,SmartStock Optimized,769,0,0,0,769,0,0,0,0.706,0.0,0.0,0.71,0,1.34
2016-04-21,SKU-022,WH-CA1,SmartStock Optimized,769,3,3,0,766,0,0,0,0.703,0.0,0.0,0.7,0,1.34
2016-04-22,SKU-022,WH-CA1,SmartStock Optimized,766,1,1,0,765,0,0,0,0.702,0.0,0.0,0.7,0,1.34
2016-04-23,SKU-022,WH-CA1,SmartStock Optimized,765,3,3,0,762,0,0,0,0.699,0.0,0.0,0.7,0,1.34
2016-04-24,SKU-022,WH-CA1,SmartStock Optimized,762,5,5,0,757,0,0,0,0.695,0.0,0.0,0.69,0,1.34
2016-03-28,SKU-022,WH-TX1,SmartStock Optimized,41,4,4,0,37,888,888,0,0.027,90.0,0.0,90.03,0,1.34
2016-03-29,SKU-022,WH-TX1,SmartStock Optimized,37,0,0,0,37,888,0,0,0.027,0.0,0.0,0.03,0,1.34
2016-03-30,SKU-022,WH-TX1,SmartStock Optimized,37,2,2,0,35,888,0,0,0.026,0.0,0.0,0.03,0,1.34
2016-03-31,SKU-022,WH-TX1,SmartStock Optimized,35,3,3,0,32,888,0,0,0.023,0.0,0.0,0.02,0,1.34
2016-04-01,SKU-022,WH-TX1,SmartStock Optimized,32,2,2,0,30,888,0,0,0.022,0.0,0.0,0.02,0,1.34
2016-04-02,SKU-022,WH-TX1,SmartStock Optimized,30,3,3,0,27,888,0,0,0.02,0.0,0.0,0.02,0,1.34
2016-04-03,SKU-022,WH-TX1,SmartStock Optimized,27,7,7,0,20,888,0,0,0.015,0.0,0.0,0.01,0,1.34
2016-04-04,SKU-022,WH-TX1,SmartStock Optimized,20,2,2,0,18,888,0,0,0.013,0.0,0.0,0.01,0,1.34
2016-04-05,SKU-022,WH-TX1,SmartStock Optimized,18,0,0,0,18,888,0,0,0.013,0.0,0.0,0.01,0,1.34
2016-04-06,SKU-022,WH-TX1,SmartStock Optimized,18,3,3,0,15,888,0,0,0.011,0.0,0.0,0.01,0,1.34
2016-04-07,SKU-022,WH-TX1,SmartStock Optimized,15,3,3,0,12,888,0,0,0.009,0.0,0.0,0.01,0,1.34
2016-04-08,SKU-022,WH-TX1,SmartStock Optimized,12,2,2,0,10,888,0,0,0.007,0.0,0.0,0.01,0,1.34
2016-04-09,SKU-022,WH-TX1,SmartStock Optimized,10,7,7,0,3,888,0,0,0.002,0.0,0.0,0.0,0,1.34
2016-04-10,SKU-022,WH-TX1,SmartStock Optimized,891,1,1,0,890,0,0,888,0.653,0.0,0.0,0.65,0,1.34
2016-04-11,SKU-022,WH-TX1,SmartStock Optimized,890,0,0,0,890,0,0,0,0.653,0.0,0.0,0.65,0,1.34
2016-04-12,SKU-022,WH-TX1,SmartStock Optimized,890,2,2,0,888,0,0,0,0.652,0.0,0.0,0.65,0,1.34
2016-04-13,SKU-022,WH-TX1,SmartStock Optimized,888,0,0,0,888,0,0,0,0.652,0.0,0.0,0.65,0,1.34
2016-04-14,SKU-022,WH-TX1,SmartStock Optimized,888,0,0,0,888,0,0,0,0.652,0.0,0.0,0.65,0,1.34
2016-04-15,SKU-022,WH-TX1,SmartStock Optimized,888,2,2,0,886,0,0,0,0.651,0.0,0.0,0.65,0,1.34
2016-04-16,SKU-022,WH-TX1,SmartStock Optimized,886,3,3,0,883,0,0,0,0.648,0.0,0.0,0.65,0,1.34
2016-04-17,SKU-022,WH-TX1,SmartStock Optimized,883,3,3,0,880,0,0,0,0.646,0.0,0.0,0.65,0,1.34
2016-04-18,SKU-022,WH-TX1,SmartStock Optimized,880,5,5,0,875,0,0,0,0.642,0.0,0.0,0.64,0,1.34
2016-04-19,SKU-022,WH-TX1,SmartStock Optimized,875,1,1,0,874,0,0,0,0.642,0.0,0.0,0.64,0,1.34
2016-04-20,SKU-022,WH-TX1,SmartStock Optimized,874,0,0,0,874,0,0,0,0.642,0.0,0.0,0.64,0,1.34
2016-04-21,SKU-022,WH-TX1,SmartStock Optimized,874,2,2,0,872,0,0,0,0.64,0.0,0.0,0.64,0,1.34
2016-04-22,SKU-022,WH-TX1,SmartStock Optimized,872,1,1,0,871,0,0,0,0.64,0.0,0.0,0.64,0,1.34
2016-04-23,SKU-022,WH-TX1,SmartStock Optimized,871,3,3,0,868,0,0,0,0.637,0.0,0.0,0.64,0,1.34
2016-04-24,SKU-022,WH-TX1,SmartStock Optimized,868,1,1,0,867,0,0,0,0.637,0.0,0.0,0.64,0,1.34
2016-03-28,SKU-022,WH-WI1,SmartStock Optimized,22,2,2,0,20,600,600,0,0.016,90.0,0.0,90.02,0,1.34
2016-03-29,SKU-022,WH-WI1,SmartStock Optimized,20,1,1,0,19,600,0,0,0.015,0.0,0.0,0.01,0,1.34
2016-03-30,SKU-022,WH-WI1,SmartStock Optimized,19,1,1,0,18,600,0,0,0.015,0.0,0.0,0.01,0,1.34
2016-03-31,SKU-022,WH-WI1,SmartStock Optimized,18,0,0,0,18,600,0,0,0.015,0.0,0.0,0.01,0,1.34
2016-04-01,SKU-022,WH-WI1,SmartStock Optimized,18,2,2,0,16,600,0,0,0.013,0.0,0.0,0.01,0,1.34
2016-04-02,SKU-022,WH-WI1,SmartStock Optimized,16,2,2,0,14,600,0,0,0.011,0.0,0.0,0.01,0,1.34
2016-04-03,SKU-022,WH-WI1,SmartStock Optimized,14,2,2,0,12,600,0,0,0.01,0.0,0.0,0.01,0,1.34
2016-04-04,SKU-022,WH-WI1,SmartStock Optimized,12,0,0,0,12,600,0,0,0.01,0.0,0.0,0.01,0,1.34
2016-04-05,SKU-022,WH-WI1,SmartStock Optimized,12,4,4,0,8,600,0,0,0.006,0.0,0.0,0.01,0,1.34
2016-04-06,SKU-022,WH-WI1,SmartStock Optimized,8,2,2,0,6,600,0,0,0.005,0.0,0.0,0.01,0,1.34
2016-04-07,SKU-022,WH-WI1,SmartStock Optimized,6,1,1,0,5,600,0,0,0.004,0.0,0.0,0.0,0,1.34
2016-04-08,SKU-022,WH-WI1,SmartStock Optimized,5,1,1,0,4,600,0,0,0.003,0.0,0.0,0.0,0,1.34
2016-04-09,SKU-022,WH-WI1,SmartStock Optimized,4,3,3,0,1,600,0,0,0.001,0.0,0.0,0.0,0,1.34
2016-04-10,SKU-022,WH-WI1,SmartStock Optimized,601,1,1,0,600,0,0,600,0.485,0.0,0.0,0.48,0,1.34
2016-04-11,SKU-022,WH-WI1,SmartStock Optimized,600,1,1,0,599,0,0,0,0.484,0.0,0.0,0.48,0,1.34
2016-04-12,SKU-022,WH-WI1,SmartStock Optimized,599,1,1,0,598,0,0,0,0.483,0.0,0.0,0.48,0,1.34
2016-04-13,SKU-022,WH-WI1,SmartStock Optimized,598,0,0,0,598,0,0,0,0.483,0.0,0.0,0.48,0,1.34
2016-04-14,SKU-022,WH-WI1,SmartStock Optimized,598,1,1,0,597,0,0,0,0.482,0.0,0.0,0.48,0,1.34
2016-04-15,SKU-022,WH-WI1,SmartStock Optimized,597,1,1,0,596,0,0,0,0.481,0.0,0.0,0.48,0,1.34
2016-04-16,SKU-022,WH-WI1,SmartStock Optimized,596,1,1,0,595,0,0,0,0.481,0.0,0.0,0.48,0,1.34
2016-04-17,SKU-022,WH-WI1,SmartStock Optimized,595,0,0,0,595,0,0,0,0.481,0.0,0.0,0.48,0,1.34
2016-04-18,SKU-022,WH-WI1,SmartStock Optimized,595,1,1,0,594,0,0,0,0.48,0.0,0.0,0.48,0,1.34
2016-04-19,SKU-022,WH-WI1,SmartStock Optimized,594,1,1,0,593,0,0,0,0.479,0.0,0.0,0.48,0,1.34
2016-04-20,SKU-022,WH-WI1,SmartStock Optimized,593,1,1,0,592,0,0,0,0.478,0.0,0.0,0.48,0,1.34
2016-04-21,SKU-022,WH-WI1,SmartStock Optimized,592,1,1,0,591,0,0,0,0.477,0.0,0.0,0.48,0,1.34
2016-04-22,SKU-022,WH-WI1,SmartStock Optimized,591,1,1,0,590,0,0,0,0.477,0.0,0.0,0.48,0,1.34
2016-04-23,SKU-022,WH-WI1,SmartStock Optimized,590,1,1,0,589,0,0,0,0.476,0.0,0.0,0.48,0,1.34
2016-04-24,SKU-022,WH-WI1,SmartStock Optimized,589,4,4,0,585,0,0,0,0.472,0.0,0.0,0.47,0,1.34
2016-03-28,SKU-023,WH-CA1,SmartStock Optimized,14,0,0,0,14,432,432,0,0.012,90.0,0.0,90.01,0,1.27
2016-03-29,SKU-023,WH-CA1,SmartStock Optimized,14,1,1,0,13,432,0,0,0.011,0.0,0.0,0.01,0,1.27
2016-03-30,SKU-023,WH-CA1,SmartStock Optimized,13,5,5,0,8,432,0,0,0.007,0.0,0.0,0.01,0,1.27
2016-03-31,SKU-023,WH-CA1,SmartStock Optimized,8,0,0,0,8,432,0,0,0.007,0.0,0.0,0.01,0,1.27
2016-04-01,SKU-023,WH-CA1,SmartStock Optimized,8,0,0,0,8,432,0,0,0.007,0.0,0.0,0.01,0,1.27
2016-04-02,SKU-023,WH-CA1,SmartStock Optimized,8,2,2,0,6,432,0,0,0.005,0.0,0.0,0.01,0,1.27
2016-04-03,SKU-023,WH-CA1,SmartStock Optimized,6,0,0,0,6,432,0,0,0.005,0.0,0.0,0.01,0,1.27
2016-04-04,SKU-023,WH-CA1,SmartStock Optimized,6,0,0,0,6,432,0,0,0.005,0.0,0.0,0.01,0,1.27
2016-04-05,SKU-023,WH-CA1,SmartStock Optimized,6,0,0,0,6,432,0,0,0.005,0.0,0.0,0.01,0,1.27
2016-04-06,SKU-023,WH-CA1,SmartStock Optimized,6,0,0,0,6,432,0,0,0.005,0.0,0.0,0.01,0,1.27
2016-04-07,SKU-023,WH-CA1,SmartStock Optimized,6,0,0,0,6,432,0,0,0.005,0.0,0.0,0.01,0,1.27
2016-04-08,SKU-023,WH-CA1,SmartStock Optimized,6,1,1,0,5,432,0,0,0.004,0.0,0.0,0.0,0,1.27
2016-04-09,SKU-023,WH-CA1,SmartStock Optimized,437,0,0,0,437,0,0,432,0.38,0.0,0.0,0.38,0,1.27
2016-04-10,SKU-023,WH-CA1,SmartStock Optimized,437,1,1,0,436,0,0,0,0.379,0.0,0.0,0.38,0,1.27
2016-04-11,SKU-023,WH-CA1,SmartStock Optimized,436,0,0,0,436,0,0,0,0.379,0.0,0.0,0.38,0,1.27
2016-04-12,SKU-023,WH-CA1,SmartStock Optimized,436,0,0,0,436,0,0,0,0.379,0.0,0.0,0.38,0,1.27
2016-04-13,SKU-023,WH-CA1,SmartStock Optimized,436,0,0,0,436,0,0,0,0.379,0.0,0.0,0.38,0,1.27
2016-04-14,SKU-023,WH-CA1,SmartStock Optimized,436,2,2,0,434,0,0,0,0.378,0.0,0.0,0.38,0,1.27
2016-04-15,SKU-023,WH-CA1,SmartStock Optimized,434,0,0,0,434,0,0,0,0.378,0.0,0.0,0.38,0,1.27
2016-04-16,SKU-023,WH-CA1,SmartStock Optimized,434,0,0,0,434,0,0,0,0.378,0.0,0.0,0.38,0,1.27
2016-04-17,SKU-023,WH-CA1,SmartStock Optimized,434,0,0,0,434,0,0,0,0.378,0.0,0.0,0.38,0,1.27
2016-04-18,SKU-023,WH-CA1,SmartStock Optimized,434,1,1,0,433,0,0,0,0.377,0.0,0.0,0.38,0,1.27
2016-04-19,SKU-023,WH-CA1,SmartStock Optimized,433,0,0,0,433,0,0,0,0.377,0.0,0.0,0.38,0,1.27
2016-04-20,SKU-023,WH-CA1,SmartStock Optimized,433,3,3,0,430,0,0,0,0.374,0.0,0.0,0.37,0,1.27
2016-04-21,SKU-023,WH-CA1,SmartStock Optimized,430,0,0,0,430,0,0,0,0.374,0.0,0.0,0.37,0,1.27
2016-04-22,SKU-023,WH-CA1,SmartStock Optimized,430,0,0,0,430,0,0,0,0.374,0.0,0.0,0.37,0,1.27
2016-04-23,SKU-023,WH-CA1,SmartStock Optimized,430,2,2,0,428,0,0,0,0.372,0.0,0.0,0.37,0,1.27
2016-04-24,SKU-023,WH-CA1,SmartStock Optimized,428,1,1,0,427,0,0,0,0.371,0.0,0.0,0.37,0,1.27
2016-03-28,SKU-023,WH-TX1,SmartStock Optimized,22,1,1,0,21,648,648,0,0.015,90.0,0.0,90.02,0,1.27
2016-03-29,SKU-023,WH-TX1,SmartStock Optimized,21,3,3,0,18,648,0,0,0.013,0.0,0.0,0.01,0,1.27
2016-03-30,SKU-023,WH-TX1,SmartStock Optimized,18,6,6,0,12,648,0,0,0.008,0.0,0.0,0.01,0,1.27
2016-03-31,SKU-023,WH-TX1,SmartStock Optimized,12,3,3,0,9,648,0,0,0.006,0.0,0.0,0.01,0,1.27
2016-04-01,SKU-023,WH-TX1,SmartStock Optimized,9,6,6,0,3,648,0,0,0.002,0.0,0.0,0.0,0,1.27
2016-04-02,SKU-023,WH-TX1,SmartStock Optimized,3,2,2,0,1,648,0,0,0.001,0.0,0.0,0.0,0,1.27
2016-04-03,SKU-023,WH-TX1,SmartStock Optimized,1,0,0,0,1,648,0,0,0.001,0.0,0.0,0.0,0,1.27
2016-04-04,SKU-023,WH-TX1,SmartStock Optimized,1,2,1,1,0,648,0,0,0.0,0.0,2.71,2.71,1,1.27
2016-04-05,SKU-023,WH-TX1,SmartStock Optimized,0,5,0,5,0,648,0,0,0.0,0.0,13.55,13.55,1,1.27
2016-04-06,SKU-023,WH-TX1,SmartStock Optimized,0,1,0,1,0,648,0,0,0.0,0.0,2.71,2.71,1,1.27
2016-04-07,SKU-023,WH-TX1,SmartStock Optimized,0,0,0,0,0,648,0,0,0.0,0.0,0.0,0.0,0,1.27
2016-04-08,SKU-023,WH-TX1,SmartStock Optimized,0,3,0,3,0,648,0,0,0.0,0.0,8.13,8.13,1,1.27
2016-04-09,SKU-023,WH-TX1,SmartStock Optimized,0,3,0,3,0,648,0,0,0.0,0.0,8.13,8.13,1,1.27
2016-04-10,SKU-023,WH-TX1,SmartStock Optimized,0,2,0,2,0,648,0,0,0.0,0.0,5.42,5.42,1,1.27
2016-04-11,SKU-023,WH-TX1,SmartStock Optimized,0,0,0,0,0,648,0,0,0.0,0.0,0.0,0.0,0,1.27
2016-04-12,SKU-023,WH-TX1,SmartStock Optimized,0,1,0,1,0,648,0,0,0.0,0.0,2.71,2.71,1,1.27
2016-04-13,SKU-023,WH-TX1,SmartStock Optimized,0,3,0,3,0,648,0,0,0.0,0.0,8.13,8.13,1,1.27
2016-04-14,SKU-023,WH-TX1,SmartStock Optimized,648,1,1,0,647,0,0,648,0.45,0.0,0.0,0.45,0,1.27
2016-04-15,SKU-023,WH-TX1,SmartStock Optimized,647,2,2,0,645,0,0,0,0.449,0.0,0.0,0.45,0,1.27
2016-04-16,SKU-023,WH-TX1,SmartStock Optimized,645,2,2,0,643,0,0,0,0.447,0.0,0.0,0.45,0,1.27
2016-04-17,SKU-023,WH-TX1,SmartStock Optimized,643,2,2,0,641,0,0,0,0.446,0.0,0.0,0.45,0,1.27
2016-04-18,SKU-023,WH-TX1,SmartStock Optimized,641,1,1,0,640,0,0,0,0.445,0.0,0.0,0.45,0,1.27
2016-04-19,SKU-023,WH-TX1,SmartStock Optimized,640,2,2,0,638,0,0,0,0.444,0.0,0.0,0.44,0,1.27
2016-04-20,SKU-023,WH-TX1,SmartStock Optimized,638,2,2,0,636,0,0,0,0.443,0.0,0.0,0.44,0,1.27
2016-04-21,SKU-023,WH-TX1,SmartStock Optimized,636,1,1,0,635,0,0,0,0.442,0.0,0.0,0.44,0,1.27
2016-04-22,SKU-023,WH-TX1,SmartStock Optimized,635,0,0,0,635,0,0,0,0.442,0.0,0.0,0.44,0,1.27
2016-04-23,SKU-023,WH-TX1,SmartStock Optimized,635,3,3,0,632,0,0,0,0.44,0.0,0.0,0.44,0,1.27
2016-04-24,SKU-023,WH-TX1,SmartStock Optimized,632,3,3,0,629,0,0,0,0.438,0.0,0.0,0.44,0,1.27
2016-03-28,SKU-023,WH-WI1,SmartStock Optimized,24,4,4,0,20,672,672,0,0.015,90.0,0.0,90.02,0,1.27
2016-03-29,SKU-023,WH-WI1,SmartStock Optimized,20,3,3,0,17,672,0,0,0.013,0.0,0.0,0.01,0,1.27
2016-03-30,SKU-023,WH-WI1,SmartStock Optimized,17,0,0,0,17,672,0,0,0.013,0.0,0.0,0.01,0,1.27
2016-03-31,SKU-023,WH-WI1,SmartStock Optimized,17,3,3,0,14,672,0,0,0.011,0.0,0.0,0.01,0,1.27
2016-04-01,SKU-023,WH-WI1,SmartStock Optimized,14,5,5,0,9,672,0,0,0.007,0.0,0.0,0.01,0,1.27
2016-04-02,SKU-023,WH-WI1,SmartStock Optimized,9,1,1,0,8,672,0,0,0.006,0.0,0.0,0.01,0,1.27
2016-04-03,SKU-023,WH-WI1,SmartStock Optimized,8,3,3,0,5,672,0,0,0.004,0.0,0.0,0.0,0,1.27
2016-04-04,SKU-023,WH-WI1,SmartStock Optimized,5,1,1,0,4,672,0,0,0.003,0.0,0.0,0.0,0,1.27
2016-04-05,SKU-023,WH-WI1,SmartStock Optimized,676,3,3,0,673,0,0,672,0.515,0.0,0.0,0.52,0,1.27
2016-04-06,SKU-023,WH-WI1,SmartStock Optimized,673,3,3,0,670,0,0,0,0.513,0.0,0.0,0.51,0,1.27
2016-04-07,SKU-023,WH-WI1,SmartStock Optimized,670,1,1,0,669,0,0,0,0.512,0.0,0.0,0.51,0,1.27
2016-04-08,SKU-023,WH-WI1,SmartStock Optimized,669,1,1,0,668,0,0,0,0.511,0.0,0.0,0.51,0,1.27
2016-04-09,SKU-023,WH-WI1,SmartStock Optimized,668,2,2,0,666,0,0,0,0.51,0.0,0.0,0.51,0,1.27
2016-04-10,SKU-023,WH-WI1,SmartStock Optimized,666,2,2,0,664,0,0,0,0.508,0.0,0.0,0.51,0,1.27
2016-04-11,SKU-023,WH-WI1,SmartStock Optimized,664,1,1,0,663,0,0,0,0.508,0.0,0.0,0.51,0,1.27
2016-04-12,SKU-023,WH-WI1,SmartStock Optimized,663,2,2,0,661,0,0,0,0.506,0.0,0.0,0.51,0,1.27
2016-04-13,SKU-023,WH-WI1,SmartStock Optimized,661,1,1,0,660,0,0,0,0.505,0.0,0.0,0.51,0,1.27
2016-04-14,SKU-023,WH-WI1,SmartStock Optimized,660,1,1,0,659,0,0,0,0.504,0.0,0.0,0.5,0,1.27
2016-04-15,SKU-023,WH-WI1,SmartStock Optimized,659,1,1,0,658,0,0,0,0.504,0.0,0.0,0.5,0,1.27
2016-04-16,SKU-023,WH-WI1,SmartStock Optimized,658,3,3,0,655,0,0,0,0.501,0.0,0.0,0.5,0,1.27
2016-04-17,SKU-023,WH-WI1,SmartStock Optimized,655,3,3,0,652,0,0,0,0.499,0.0,0.0,0.5,0,1.27
2016-04-18,SKU-023,WH-WI1,SmartStock Optimized,652,3,3,0,649,0,0,0,0.497,0.0,0.0,0.5,0,1.27
2016-04-19,SKU-023,WH-WI1,SmartStock Optimized,649,1,1,0,648,0,0,0,0.496,0.0,0.0,0.5,0,1.27
2016-04-20,SKU-023,WH-WI1,SmartStock Optimized,648,3,3,0,645,0,0,0,0.494,0.0,0.0,0.49,0,1.27
2016-04-21,SKU-023,WH-WI1,SmartStock Optimized,645,1,1,0,644,0,0,0,0.493,0.0,0.0,0.49,0,1.27
2016-04-22,SKU-023,WH-WI1,SmartStock Optimized,644,0,0,0,644,0,0,0,0.493,0.0,0.0,0.49,0,1.27
2016-04-23,SKU-023,WH-WI1,SmartStock Optimized,644,4,4,0,640,0,0,0,0.49,0.0,0.0,0.49,0,1.27
2016-04-24,SKU-023,WH-WI1,SmartStock Optimized,640,1,1,0,639,0,0,0,0.489,0.0,0.0,0.49,0,1.27
2016-03-28,SKU-024,WH-CA1,SmartStock Optimized,21,0,0,0,21,528,528,0,0.023,90.0,0.0,90.02,0,1.62
2016-03-29,SKU-024,WH-CA1,SmartStock Optimized,21,2,2,0,19,528,0,0,0.021,0.0,0.0,0.02,0,1.62
2016-03-30,SKU-024,WH-CA1,SmartStock Optimized,19,1,1,0,18,528,0,0,0.02,0.0,0.0,0.02,0,1.62
2016-03-31,SKU-024,WH-CA1,SmartStock Optimized,18,0,0,0,18,528,0,0,0.02,0.0,0.0,0.02,0,1.62
2016-04-01,SKU-024,WH-CA1,SmartStock Optimized,18,3,3,0,15,528,0,0,0.017,0.0,0.0,0.02,0,1.62
2016-04-02,SKU-024,WH-CA1,SmartStock Optimized,15,2,2,0,13,528,0,0,0.014,0.0,0.0,0.01,0,1.62
2016-04-03,SKU-024,WH-CA1,SmartStock Optimized,13,6,6,0,7,528,0,0,0.008,0.0,0.0,0.01,0,1.62
2016-04-04,SKU-024,WH-CA1,SmartStock Optimized,7,3,3,0,4,528,0,0,0.004,0.0,0.0,0.0,0,1.62
2016-04-05,SKU-024,WH-CA1,SmartStock Optimized,4,4,4,0,0,528,0,0,0.0,0.0,0.0,0.0,0,1.62
2016-04-06,SKU-024,WH-CA1,SmartStock Optimized,0,1,0,1,0,528,0,0,0.0,0.0,2.91,2.91,1,1.62
2016-04-07,SKU-024,WH-CA1,SmartStock Optimized,0,2,0,2,0,528,0,0,0.0,0.0,5.82,5.82,1,1.62
2016-04-08,SKU-024,WH-CA1,SmartStock Optimized,528,2,2,0,526,0,0,528,0.584,0.0,0.0,0.58,0,1.62
2016-04-09,SKU-024,WH-CA1,SmartStock Optimized,526,2,2,0,524,0,0,0,0.581,0.0,0.0,0.58,0,1.62
2016-04-10,SKU-024,WH-CA1,SmartStock Optimized,524,1,1,0,523,0,0,0,0.58,0.0,0.0,0.58,0,1.62
2016-04-11,SKU-024,WH-CA1,SmartStock Optimized,523,3,3,0,520,0,0,0,0.577,0.0,0.0,0.58,0,1.62
2016-04-12,SKU-024,WH-CA1,SmartStock Optimized,520,2,2,0,518,0,0,0,0.575,0.0,0.0,0.57,0,1.62
2016-04-13,SKU-024,WH-CA1,SmartStock Optimized,518,3,3,0,515,0,0,0,0.571,0.0,0.0,0.57,0,1.62
2016-04-14,SKU-024,WH-CA1,SmartStock Optimized,515,1,1,0,514,0,0,0,0.57,0.0,0.0,0.57,0,1.62
2016-04-15,SKU-024,WH-CA1,SmartStock Optimized,514,0,0,0,514,0,0,0,0.57,0.0,0.0,0.57,0,1.62
2016-04-16,SKU-024,WH-CA1,SmartStock Optimized,514,2,2,0,512,0,0,0,0.568,0.0,0.0,0.57,0,1.62
2016-04-17,SKU-024,WH-CA1,SmartStock Optimized,512,2,2,0,510,0,0,0,0.566,0.0,0.0,0.57,0,1.62
2016-04-18,SKU-024,WH-CA1,SmartStock Optimized,510,0,0,0,510,0,0,0,0.566,0.0,0.0,0.57,0,1.62
2016-04-19,SKU-024,WH-CA1,SmartStock Optimized,510,0,0,0,510,0,0,0,0.566,0.0,0.0,0.57,0,1.62
2016-04-20,SKU-024,WH-CA1,SmartStock Optimized,510,6,6,0,504,0,0,0,0.559,0.0,0.0,0.56,0,1.62
2016-04-21,SKU-024,WH-CA1,SmartStock Optimized,504,1,1,0,503,0,0,0,0.558,0.0,0.0,0.56,0,1.62
2016-04-22,SKU-024,WH-CA1,SmartStock Optimized,503,0,0,0,503,0,0,0,0.558,0.0,0.0,0.56,0,1.62
2016-04-23,SKU-024,WH-CA1,SmartStock Optimized,503,2,2,0,501,0,0,0,0.556,0.0,0.0,0.56,0,1.62
2016-04-24,SKU-024,WH-CA1,SmartStock Optimized,501,0,0,0,501,0,0,0,0.556,0.0,0.0,0.56,0,1.62
2016-03-28,SKU-024,WH-TX1,SmartStock Optimized,21,0,0,0,21,552,552,0,0.019,90.0,0.0,90.02,0,1.62
2016-03-29,SKU-024,WH-TX1,SmartStock Optimized,21,1,1,0,20,552,0,0,0.018,0.0,0.0,0.02,0,1.62
2016-03-30,SKU-024,WH-TX1,SmartStock Optimized,20,0,0,0,20,552,0,0,0.018,0.0,0.0,0.02,0,1.62
2016-03-31,SKU-024,WH-TX1,SmartStock Optimized,20,2,2,0,18,552,0,0,0.016,0.0,0.0,0.02,0,1.62
2016-04-01,SKU-024,WH-TX1,SmartStock Optimized,18,2,2,0,16,552,0,0,0.014,0.0,0.0,0.01,0,1.62
2016-04-02,SKU-024,WH-TX1,SmartStock Optimized,16,2,2,0,14,552,0,0,0.012,0.0,0.0,0.01,0,1.62
2016-04-03,SKU-024,WH-TX1,SmartStock Optimized,14,1,1,0,13,552,0,0,0.012,0.0,0.0,0.01,0,1.62
2016-04-04,SKU-024,WH-TX1,SmartStock Optimized,565,1,1,0,564,0,0,552,0.501,0.0,0.0,0.5,0,1.62
2016-04-05,SKU-024,WH-TX1,SmartStock Optimized,564,0,0,0,564,0,0,0,0.501,0.0,0.0,0.5,0,1.62
2016-04-06,SKU-024,WH-TX1,SmartStock Optimized,564,2,2,0,562,0,0,0,0.499,0.0,0.0,0.5,0,1.62
2016-04-07,SKU-024,WH-TX1,SmartStock Optimized,562,0,0,0,562,0,0,0,0.499,0.0,0.0,0.5,0,1.62
2016-04-08,SKU-024,WH-TX1,SmartStock Optimized,562,0,0,0,562,0,0,0,0.499,0.0,0.0,0.5,0,1.62
2016-04-09,SKU-024,WH-TX1,SmartStock Optimized,562,1,1,0,561,0,0,0,0.498,0.0,0.0,0.5,0,1.62
2016-04-10,SKU-024,WH-TX1,SmartStock Optimized,561,5,5,0,556,0,0,0,0.494,0.0,0.0,0.49,0,1.62
2016-04-11,SKU-024,WH-TX1,SmartStock Optimized,556,1,1,0,555,0,0,0,0.493,0.0,0.0,0.49,0,1.62
2016-04-12,SKU-024,WH-TX1,SmartStock Optimized,555,0,0,0,555,0,0,0,0.493,0.0,0.0,0.49,0,1.62
2016-04-13,SKU-024,WH-TX1,SmartStock Optimized,555,3,3,0,552,0,0,0,0.49,0.0,0.0,0.49,0,1.62
2016-04-14,SKU-024,WH-TX1,SmartStock Optimized,552,1,1,0,551,0,0,0,0.489,0.0,0.0,0.49,0,1.62
2016-04-15,SKU-024,WH-TX1,SmartStock Optimized,551,3,3,0,548,0,0,0,0.486,0.0,0.0,0.49,0,1.62
2016-04-16,SKU-024,WH-TX1,SmartStock Optimized,548,0,0,0,548,0,0,0,0.486,0.0,0.0,0.49,0,1.62
2016-04-17,SKU-024,WH-TX1,SmartStock Optimized,548,2,2,0,546,0,0,0,0.485,0.0,0.0,0.48,0,1.62
2016-04-18,SKU-024,WH-TX1,SmartStock Optimized,546,2,2,0,544,0,0,0,0.483,0.0,0.0,0.48,0,1.62
2016-04-19,SKU-024,WH-TX1,SmartStock Optimized,544,0,0,0,544,0,0,0,0.483,0.0,0.0,0.48,0,1.62
2016-04-20,SKU-024,WH-TX1,SmartStock Optimized,544,2,2,0,542,0,0,0,0.481,0.0,0.0,0.48,0,1.62
2016-04-21,SKU-024,WH-TX1,SmartStock Optimized,542,4,4,0,538,0,0,0,0.478,0.0,0.0,0.48,0,1.62
2016-04-22,SKU-024,WH-TX1,SmartStock Optimized,538,0,0,0,538,0,0,0,0.478,0.0,0.0,0.48,0,1.62
2016-04-23,SKU-024,WH-TX1,SmartStock Optimized,538,1,1,0,537,0,0,0,0.477,0.0,0.0,0.48,0,1.62
2016-04-24,SKU-024,WH-TX1,SmartStock Optimized,537,1,1,0,536,0,0,0,0.476,0.0,0.0,0.48,0,1.62
2016-03-28,SKU-024,WH-WI1,SmartStock Optimized,17,1,1,0,16,480,480,0,0.016,90.0,0.0,90.02,0,1.62
2016-03-29,SKU-024,WH-WI1,SmartStock Optimized,16,3,3,0,13,480,0,0,0.013,0.0,0.0,0.01,0,1.62
2016-03-30,SKU-024,WH-WI1,SmartStock Optimized,13,2,2,0,11,480,0,0,0.011,0.0,0.0,0.01,0,1.62
2016-03-31,SKU-024,WH-WI1,SmartStock Optimized,11,2,2,0,9,480,0,0,0.009,0.0,0.0,0.01,0,1.62
2016-04-01,SKU-024,WH-WI1,SmartStock Optimized,9,4,4,0,5,480,0,0,0.005,0.0,0.0,0.01,0,1.62
2016-04-02,SKU-024,WH-WI1,SmartStock Optimized,5,4,4,0,1,480,0,0,0.001,0.0,0.0,0.0,0,1.62
2016-04-03,SKU-024,WH-WI1,SmartStock Optimized,1,3,1,2,0,480,0,0,0.0,0.0,5.82,5.82,1,1.62
2016-04-04,SKU-024,WH-WI1,SmartStock Optimized,0,1,0,1,0,480,0,0,0.0,0.0,2.91,2.91,1,1.62
2016-04-05,SKU-024,WH-WI1,SmartStock Optimized,0,2,0,2,0,480,0,0,0.0,0.0,5.82,5.82,1,1.62
2016-04-06,SKU-024,WH-WI1,SmartStock Optimized,480,0,0,0,480,0,0,480,0.469,0.0,0.0,0.47,0,1.62
2016-04-07,SKU-024,WH-WI1,SmartStock Optimized,480,0,0,0,480,0,0,0,0.469,0.0,0.0,0.47,0,1.62
2016-04-08,SKU-024,WH-WI1,SmartStock Optimized,480,3,3,0,477,0,0,0,0.466,0.0,0.0,0.47,0,1.62
2016-04-09,SKU-024,WH-WI1,SmartStock Optimized,477,4,4,0,473,0,0,0,0.462,0.0,0.0,0.46,0,1.62
2016-04-10,SKU-024,WH-WI1,SmartStock Optimized,473,4,4,0,469,0,0,0,0.458,0.0,0.0,0.46,0,1.62
2016-04-11,SKU-024,WH-WI1,SmartStock Optimized,469,4,4,0,465,0,0,0,0.454,0.0,0.0,0.45,0,1.62
2016-04-12,SKU-024,WH-WI1,SmartStock Optimized,465,1,1,0,464,0,0,0,0.453,0.0,0.0,0.45,0,1.62
2016-04-13,SKU-024,WH-WI1,SmartStock Optimized,464,3,3,0,461,0,0,0,0.45,0.0,0.0,0.45,0,1.62
2016-04-14,SKU-024,WH-WI1,SmartStock Optimized,461,2,2,0,459,0,0,0,0.448,0.0,0.0,0.45,0,1.62
2016-04-15,SKU-024,WH-WI1,SmartStock Optimized,459,3,3,0,456,0,0,0,0.445,0.0,0.0,0.45,0,1.62
2016-04-16,SKU-024,WH-WI1,SmartStock Optimized,456,2,2,0,454,0,0,0,0.443,0.0,0.0,0.44,0,1.62
2016-04-17,SKU-024,WH-WI1,SmartStock Optimized,454,4,4,0,450,0,0,0,0.439,0.0,0.0,0.44,0,1.62
2016-04-18,SKU-024,WH-WI1,SmartStock Optimized,450,1,1,0,449,0,0,0,0.438,0.0,0.0,0.44,0,1.62
2016-04-19,SKU-024,WH-WI1,SmartStock Optimized,449,5,5,0,444,0,0,0,0.434,0.0,0.0,0.43,0,1.62
2016-04-20,SKU-024,WH-WI1,SmartStock Optimized,444,3,3,0,441,0,0,0,0.431,0.0,0.0,0.43,0,1.62
2016-04-21,SKU-024,WH-WI1,SmartStock Optimized,441,3,3,0,438,0,0,0,0.428,0.0,0.0,0.43,0,1.62
2016-04-22,SKU-024,WH-WI1,SmartStock Optimized,438,0,0,0,438,0,0,0,0.428,0.0,0.0,0.43,0,1.62
2016-04-23,SKU-024,WH-WI1,SmartStock Optimized,438,3,3,0,435,0,0,0,0.425,0.0,0.0,0.42,0,1.62
2016-04-24,SKU-024,WH-WI1,SmartStock Optimized,435,4,4,0,431,0,0,0,0.421,0.0,0.0,0.42,0,1.62
2016-03-28,SKU-025,WH-CA1,SmartStock Optimized,27,0,0,0,27,816,816,0,0.011,90.0,0.0,90.01,0,0.62
2016-03-29,SKU-025,WH-CA1,SmartStock Optimized,27,3,3,0,24,816,0,0,0.01,0.0,0.0,0.01,0,0.62
2016-03-30,SKU-025,WH-CA1,SmartStock Optimized,24,0,0,0,24,816,0,0,0.01,0.0,0.0,0.01,0,0.62
2016-03-31,SKU-025,WH-CA1,SmartStock Optimized,24,1,1,0,23,816,0,0,0.01,0.0,0.0,0.01,0,0.62
2016-04-01,SKU-025,WH-CA1,SmartStock Optimized,23,0,0,0,23,816,0,0,0.01,0.0,0.0,0.01,0,0.62
2016-04-02,SKU-025,WH-CA1,SmartStock Optimized,23,0,0,0,23,816,0,0,0.01,0.0,0.0,0.01,0,0.62
2016-04-03,SKU-025,WH-CA1,SmartStock Optimized,23,2,2,0,21,816,0,0,0.009,0.0,0.0,0.01,0,0.62
2016-04-04,SKU-025,WH-CA1,SmartStock Optimized,21,0,0,0,21,816,0,0,0.009,0.0,0.0,0.01,0,0.62
2016-04-05,SKU-025,WH-CA1,SmartStock Optimized,21,0,0,0,21,816,0,0,0.009,0.0,0.0,0.01,0,0.62
2016-04-06,SKU-025,WH-CA1,SmartStock Optimized,21,0,0,0,21,816,0,0,0.009,0.0,0.0,0.01,0,0.62
2016-04-07,SKU-025,WH-CA1,SmartStock Optimized,21,3,3,0,18,816,0,0,0.008,0.0,0.0,0.01,0,0.62
2016-04-08,SKU-025,WH-CA1,SmartStock Optimized,18,0,0,0,18,816,0,0,0.008,0.0,0.0,0.01,0,0.62
2016-04-09,SKU-025,WH-CA1,SmartStock Optimized,18,1,1,0,17,816,0,0,0.007,0.0,0.0,0.01,0,0.62
2016-04-10,SKU-025,WH-CA1,SmartStock Optimized,17,0,0,0,17,816,0,0,0.007,0.0,0.0,0.01,0,0.62
2016-04-11,SKU-025,WH-CA1,SmartStock Optimized,17,0,0,0,17,816,0,0,0.007,0.0,0.0,0.01,0,0.62
2016-04-12,SKU-025,WH-CA1,SmartStock Optimized,17,0,0,0,17,816,0,0,0.007,0.0,0.0,0.01,0,0.62
2016-04-13,SKU-025,WH-CA1,SmartStock Optimized,17,0,0,0,17,816,0,0,0.007,0.0,0.0,0.01,0,0.62
2016-04-14,SKU-025,WH-CA1,SmartStock Optimized,833,0,0,0,833,0,0,816,0.354,0.0,0.0,0.35,0,0.62
2016-04-15,SKU-025,WH-CA1,SmartStock Optimized,833,0,0,0,833,0,0,0,0.354,0.0,0.0,0.35,0,0.62
2016-04-16,SKU-025,WH-CA1,SmartStock Optimized,833,0,0,0,833,0,0,0,0.354,0.0,0.0,0.35,0,0.62
2016-04-17,SKU-025,WH-CA1,SmartStock Optimized,833,1,1,0,832,0,0,0,0.353,0.0,0.0,0.35,0,0.62
2016-04-18,SKU-025,WH-CA1,SmartStock Optimized,832,0,0,0,832,0,0,0,0.353,0.0,0.0,0.35,0,0.62
2016-04-19,SKU-025,WH-CA1,SmartStock Optimized,832,0,0,0,832,0,0,0,0.353,0.0,0.0,0.35,0,0.62
2016-04-20,SKU-025,WH-CA1,SmartStock Optimized,832,1,1,0,831,0,0,0,0.353,0.0,0.0,0.35,0,0.62
2016-04-21,SKU-025,WH-CA1,SmartStock Optimized,831,7,7,0,824,0,0,0,0.35,0.0,0.0,0.35,0,0.62
2016-04-22,SKU-025,WH-CA1,SmartStock Optimized,824,5,5,0,819,0,0,0,0.348,0.0,0.0,0.35,0,0.62
2016-04-23,SKU-025,WH-CA1,SmartStock Optimized,819,6,6,0,813,0,0,0,0.345,0.0,0.0,0.34,0,0.62
2016-04-24,SKU-025,WH-CA1,SmartStock Optimized,813,0,0,0,813,0,0,0,0.345,0.0,0.0,0.34,0,0.62
2016-03-28,SKU-025,WH-TX1,SmartStock Optimized,23,1,1,0,22,672,672,0,0.007,90.0,0.0,90.01,0,0.62
2016-03-29,SKU-025,WH-TX1,SmartStock Optimized,22,0,0,0,22,672,0,0,0.007,0.0,0.0,0.01,0,0.62
2016-03-30,SKU-025,WH-TX1,SmartStock Optimized,22,0,0,0,22,672,0,0,0.007,0.0,0.0,0.01,0,0.62
2016-03-31,SKU-025,WH-TX1,SmartStock Optimized,22,0,0,0,22,672,0,0,0.007,0.0,0.0,0.01,0,0.62
2016-04-01,SKU-025,WH-TX1,SmartStock Optimized,22,1,1,0,21,672,0,0,0.007,0.0,0.0,0.01,0,0.62
2016-04-02,SKU-025,WH-TX1,SmartStock Optimized,21,0,0,0,21,672,0,0,0.007,0.0,0.0,0.01,0,0.62
2016-04-03,SKU-025,WH-TX1,SmartStock Optimized,21,2,2,0,19,672,0,0,0.006,0.0,0.0,0.01,0,0.62
2016-04-04,SKU-025,WH-TX1,SmartStock Optimized,19,0,0,0,19,672,0,0,0.006,0.0,0.0,0.01,0,0.62
2016-04-05,SKU-025,WH-TX1,SmartStock Optimized,19,0,0,0,19,672,0,0,0.006,0.0,0.0,0.01,0,0.62
2016-04-06,SKU-025,WH-TX1,SmartStock Optimized,19,0,0,0,19,672,0,0,0.006,0.0,0.0,0.01,0,0.62
2016-04-07,SKU-025,WH-TX1,SmartStock Optimized,19,0,0,0,19,672,0,0,0.006,0.0,0.0,0.01,0,0.62
2016-04-08,SKU-025,WH-TX1,SmartStock Optimized,19,2,2,0,17,672,0,0,0.006,0.0,0.0,0.01,0,0.62
2016-04-09,SKU-025,WH-TX1,SmartStock Optimized,17,0,0,0,17,672,0,0,0.006,0.0,0.0,0.01,0,0.62
2016-04-10,SKU-025,WH-TX1,SmartStock Optimized,17,2,2,0,15,672,0,0,0.005,0.0,0.0,0.01,0,0.62
2016-04-11,SKU-025,WH-TX1,SmartStock Optimized,687,0,0,0,687,0,0,672,0.233,0.0,0.0,0.23,0,0.62
2016-04-12,SKU-025,WH-TX1,SmartStock Optimized,687,0,0,0,687,0,0,0,0.233,0.0,0.0,0.23,0,0.62
2016-04-13,SKU-025,WH-TX1,SmartStock Optimized,687,0,0,0,687,0,0,0,0.233,0.0,0.0,0.23,0,0.62
2016-04-14,SKU-025,WH-TX1,SmartStock Optimized,687,4,4,0,683,0,0,0,0.232,0.0,0.0,0.23,0,0.62
2016-04-15,SKU-025,WH-TX1,SmartStock Optimized,683,0,0,0,683,0,0,0,0.232,0.0,0.0,0.23,0,0.62
2016-04-16,SKU-025,WH-TX1,SmartStock Optimized,683,0,0,0,683,0,0,0,0.232,0.0,0.0,0.23,0,0.62
2016-04-17,SKU-025,WH-TX1,SmartStock Optimized,683,0,0,0,683,0,0,0,0.232,0.0,0.0,0.23,0,0.62
2016-04-18,SKU-025,WH-TX1,SmartStock Optimized,683,0,0,0,683,0,0,0,0.232,0.0,0.0,0.23,0,0.62
2016-04-19,SKU-025,WH-TX1,SmartStock Optimized,683,0,0,0,683,0,0,0,0.232,0.0,0.0,0.23,0,0.62
2016-04-20,SKU-025,WH-TX1,SmartStock Optimized,683,1,1,0,682,0,0,0,0.232,0.0,0.0,0.23,0,0.62
2016-04-21,SKU-025,WH-TX1,SmartStock Optimized,682,0,0,0,682,0,0,0,0.232,0.0,0.0,0.23,0,0.62
2016-04-22,SKU-025,WH-TX1,SmartStock Optimized,682,0,0,0,682,0,0,0,0.232,0.0,0.0,0.23,0,0.62
2016-04-23,SKU-025,WH-TX1,SmartStock Optimized,682,0,0,0,682,0,0,0,0.232,0.0,0.0,0.23,0,0.62
2016-04-24,SKU-025,WH-TX1,SmartStock Optimized,682,2,2,0,680,0,0,0,0.231,0.0,0.0,0.23,0,0.62
2016-03-28,SKU-025,WH-WI1,SmartStock Optimized,42,0,0,0,42,1152,1152,0,0.016,90.0,0.0,90.02,0,0.62
2016-03-29,SKU-025,WH-WI1,SmartStock Optimized,42,1,1,0,41,1152,0,0,0.015,0.0,0.0,0.01,0,0.62
2016-03-30,SKU-025,WH-WI1,SmartStock Optimized,41,0,0,0,41,1152,0,0,0.015,0.0,0.0,0.01,0,0.62
2016-03-31,SKU-025,WH-WI1,SmartStock Optimized,41,4,4,0,37,1152,0,0,0.014,0.0,0.0,0.01,0,0.62
2016-04-01,SKU-025,WH-WI1,SmartStock Optimized,37,3,3,0,34,1152,0,0,0.013,0.0,0.0,0.01,0,0.62
2016-04-02,SKU-025,WH-WI1,SmartStock Optimized,34,3,3,0,31,1152,0,0,0.012,0.0,0.0,0.01,0,0.62
2016-04-03,SKU-025,WH-WI1,SmartStock Optimized,31,10,10,0,21,1152,0,0,0.008,0.0,0.0,0.01,0,0.62
2016-04-04,SKU-025,WH-WI1,SmartStock Optimized,21,2,2,0,19,1152,0,0,0.007,0.0,0.0,0.01,0,0.62
2016-04-05,SKU-025,WH-WI1,SmartStock Optimized,19,1,1,0,18,1152,0,0,0.007,0.0,0.0,0.01,0,0.62
2016-04-06,SKU-025,WH-WI1,SmartStock Optimized,18,5,5,0,13,1152,0,0,0.005,0.0,0.0,0.01,0,0.62
2016-04-07,SKU-025,WH-WI1,SmartStock Optimized,13,0,0,0,13,1152,0,0,0.005,0.0,0.0,0.01,0,0.62
2016-04-08,SKU-025,WH-WI1,SmartStock Optimized,1165,4,4,0,1161,0,0,1152,0.434,0.0,0.0,0.43,0,0.62
2016-04-09,SKU-025,WH-WI1,SmartStock Optimized,1161,4,4,0,1157,0,0,0,0.432,0.0,0.0,0.43,0,0.62
2016-04-10,SKU-025,WH-WI1,SmartStock Optimized,1157,0,0,0,1157,0,0,0,0.432,0.0,0.0,0.43,0,0.62
2016-04-11,SKU-025,WH-WI1,SmartStock Optimized,1157,3,3,0,1154,0,0,0,0.431,0.0,0.0,0.43,0,0.62
2016-04-12,SKU-025,WH-WI1,SmartStock Optimized,1154,0,0,0,1154,0,0,0,0.431,0.0,0.0,0.43,0,0.62
2016-04-13,SKU-025,WH-WI1,SmartStock Optimized,1154,0,0,0,1154,0,0,0,0.431,0.0,0.0,0.43,0,0.62
2016-04-14,SKU-025,WH-WI1,SmartStock Optimized,1154,1,1,0,1153,0,0,0,0.431,0.0,0.0,0.43,0,0.62
2016-04-15,SKU-025,WH-WI1,SmartStock Optimized,1153,2,2,0,1151,0,0,0,0.43,0.0,0.0,0.43,0,0.62
2016-04-16,SKU-025,WH-WI1,SmartStock Optimized,1151,3,3,0,1148,0,0,0,0.429,0.0,0.0,0.43,0,0.62
2016-04-17,SKU-025,WH-WI1,SmartStock Optimized,1148,0,0,0,1148,0,0,0,0.429,0.0,0.0,0.43,0,0.62
2016-04-18,SKU-025,WH-WI1,SmartStock Optimized,1148,2,2,0,1146,0,0,0,0.428,0.0,0.0,0.43,0,0.62
2016-04-19,SKU-025,WH-WI1,SmartStock Optimized,1146,1,1,0,1145,0,0,0,0.428,0.0,0.0,0.43,0,0.62
2016-04-20,SKU-025,WH-WI1,SmartStock Optimized,1145,2,2,0,1143,0,0,0,0.427,0.0,0.0,0.43,0,0.62
2016-04-21,SKU-025,WH-WI1,SmartStock Optimized,1143,0,0,0,1143,0,0,0,0.427,0.0,0.0,0.43,0,0.62
2016-04-22,SKU-025,WH-WI1,SmartStock Optimized,1143,0,0,0,1143,0,0,0,0.427,0.0,0.0,0.43,0,0.62
2016-04-23,SKU-025,WH-WI1,SmartStock Optimized,1143,1,1,0,1142,0,0,0,0.427,0.0,0.0,0.43,0,0.62
2016-04-24,SKU-025,WH-WI1,SmartStock Optimized,1142,1,1,0,1141,0,0,0,0.426,0.0,0.0,0.43,0,0.62
2016-03-28,SKU-026,WH-CA1,SmartStock Optimized,7,0,0,0,7,216,216,0,0.011,90.0,0.0,90.01,0,2.27
2016-03-29,SKU-026,WH-CA1,SmartStock Optimized,7,0,0,0,7,216,0,0,0.011,0.0,0.0,0.01,0,2.27
2016-03-30,SKU-026,WH-CA1,SmartStock Optimized,7,1,1,0,6,216,0,0,0.009,0.0,0.0,0.01,0,2.27
2016-03-31,SKU-026,WH-CA1,SmartStock Optimized,6,1,1,0,5,216,0,0,0.008,0.0,0.0,0.01,0,2.27
2016-04-01,SKU-026,WH-CA1,SmartStock Optimized,5,1,1,0,4,216,0,0,0.006,0.0,0.0,0.01,0,2.27
2016-04-02,SKU-026,WH-CA1,SmartStock Optimized,4,0,0,0,4,216,0,0,0.006,0.0,0.0,0.01,0,2.27
2016-04-03,SKU-026,WH-CA1,SmartStock Optimized,4,1,1,0,3,216,0,0,0.005,0.0,0.0,0.01,0,2.27
2016-04-04,SKU-026,WH-CA1,SmartStock Optimized,3,1,1,0,2,216,0,0,0.003,0.0,0.0,0.0,0,2.27
2016-04-05,SKU-026,WH-CA1,SmartStock Optimized,2,0,0,0,2,216,0,0,0.003,0.0,0.0,0.0,0,2.27
2016-04-06,SKU-026,WH-CA1,SmartStock Optimized,2,1,1,0,1,216,0,0,0.002,0.0,0.0,0.0,0,2.27
2016-04-07,SKU-026,WH-CA1,SmartStock Optimized,217,1,1,0,216,0,0,216,0.336,0.0,0.0,0.34,0,2.27
2016-04-08,SKU-026,WH-CA1,SmartStock Optimized,216,1,1,0,215,0,0,0,0.334,0.0,0.0,0.33,0,2.27
2016-04-09,SKU-026,WH-CA1,SmartStock Optimized,215,1,1,0,214,0,0,0,0.333,0.0,0.0,0.33,0,2.27
2016-04-10,SKU-026,WH-CA1,SmartStock Optimized,214,0,0,0,214,0,0,0,0.333,0.0,0.0,0.33,0,2.27
2016-04-11,SKU-026,WH-CA1,SmartStock Optimized,214,0,0,0,214,0,0,0,0.333,0.0,0.0,0.33,0,2.27
2016-04-12,SKU-026,WH-CA1,SmartStock Optimized,214,0,0,0,214,0,0,0,0.333,0.0,0.0,0.33,0,2.27
2016-04-13,SKU-026,WH-CA1,SmartStock Optimized,214,0,0,0,214,0,0,0,0.333,0.0,0.0,0.33,0,2.27
2016-04-14,SKU-026,WH-CA1,SmartStock Optimized,214,1,1,0,213,0,0,0,0.331,0.0,0.0,0.33,0,2.27
2016-04-15,SKU-026,WH-CA1,SmartStock Optimized,213,0,0,0,213,0,0,0,0.331,0.0,0.0,0.33,0,2.27
2016-04-16,SKU-026,WH-CA1,SmartStock Optimized,213,1,1,0,212,0,0,0,0.33,0.0,0.0,0.33,0,2.27
2016-04-17,SKU-026,WH-CA1,SmartStock Optimized,212,0,0,0,212,0,0,0,0.33,0.0,0.0,0.33,0,2.27
2016-04-18,SKU-026,WH-CA1,SmartStock Optimized,212,0,0,0,212,0,0,0,0.33,0.0,0.0,0.33,0,2.27
2016-04-19,SKU-026,WH-CA1,SmartStock Optimized,212,0,0,0,212,0,0,0,0.33,0.0,0.0,0.33,0,2.27
2016-04-20,SKU-026,WH-CA1,SmartStock Optimized,212,1,1,0,211,0,0,0,0.328,0.0,0.0,0.33,0,2.27
2016-04-21,SKU-026,WH-CA1,SmartStock Optimized,211,1,1,0,210,0,0,0,0.327,0.0,0.0,0.33,0,2.27
2016-04-22,SKU-026,WH-CA1,SmartStock Optimized,210,2,2,0,208,0,0,0,0.323,0.0,0.0,0.32,0,2.27
2016-04-23,SKU-026,WH-CA1,SmartStock Optimized,208,1,1,0,207,0,0,0,0.322,0.0,0.0,0.32,0,2.27
2016-04-24,SKU-026,WH-CA1,SmartStock Optimized,207,1,1,0,206,0,0,0,0.32,0.0,0.0,0.32,0,2.27
2016-03-28,SKU-026,WH-TX1,SmartStock Optimized,6,0,0,0,6,216,216,0,0.007,90.0,0.0,90.01,0,2.27
2016-03-29,SKU-026,WH-TX1,SmartStock Optimized,6,0,0,0,6,216,0,0,0.007,0.0,0.0,0.01,0,2.27
2016-03-30,SKU-026,WH-TX1,SmartStock Optimized,6,0,0,0,6,216,0,0,0.007,0.0,0.0,0.01,0,2.27
2016-03-31,SKU-026,WH-TX1,SmartStock Optimized,6,1,1,0,5,216,0,0,0.006,0.0,0.0,0.01,0,2.27
2016-04-01,SKU-026,WH-TX1,SmartStock Optimized,5,0,0,0,5,216,0,0,0.006,0.0,0.0,0.01,0,2.27
2016-04-02,SKU-026,WH-TX1,SmartStock Optimized,5,0,0,0,5,216,0,0,0.006,0.0,0.0,0.01,0,2.27
2016-04-03,SKU-026,WH-TX1,SmartStock Optimized,5,4,4,0,1,216,0,0,0.001,0.0,0.0,0.0,0,2.27
2016-04-04,SKU-026,WH-TX1,SmartStock Optimized,1,0,0,0,1,216,0,0,0.001,0.0,0.0,0.0,0,2.27
2016-04-05,SKU-026,WH-TX1,SmartStock Optimized,1,1,1,0,0,216,0,0,0.0,0.0,0.0,0.0,0,2.27
2016-04-06,SKU-026,WH-TX1,SmartStock Optimized,0,0,0,0,0,216,0,0,0.0,0.0,0.0,0.0,0,2.27
2016-04-07,SKU-026,WH-TX1,SmartStock Optimized,0,0,0,0,0,216,0,0,0.0,0.0,0.0,0.0,0,2.27
2016-04-08,SKU-026,WH-TX1,SmartStock Optimized,0,0,0,0,0,216,0,0,0.0,0.0,0.0,0.0,0,2.27
2016-04-09,SKU-026,WH-TX1,SmartStock Optimized,0,1,0,1,0,216,0,0,0.0,0.0,3.27,3.27,1,2.27
2016-04-10,SKU-026,WH-TX1,SmartStock Optimized,216,0,0,0,216,0,0,216,0.269,0.0,0.0,0.27,0,2.27
2016-04-11,SKU-026,WH-TX1,SmartStock Optimized,216,1,1,0,215,0,0,0,0.267,0.0,0.0,0.27,0,2.27
2016-04-12,SKU-026,WH-TX1,SmartStock Optimized,215,0,0,0,215,0,0,0,0.267,0.0,0.0,0.27,0,2.27
2016-04-13,SKU-026,WH-TX1,SmartStock Optimized,215,1,1,0,214,0,0,0,0.266,0.0,0.0,0.27,0,2.27
2016-04-14,SKU-026,WH-TX1,SmartStock Optimized,214,0,0,0,214,0,0,0,0.266,0.0,0.0,0.27,0,2.27
2016-04-15,SKU-026,WH-TX1,SmartStock Optimized,214,2,2,0,212,0,0,0,0.264,0.0,0.0,0.26,0,2.27
2016-04-16,SKU-026,WH-TX1,SmartStock Optimized,212,1,1,0,211,0,0,0,0.262,0.0,0.0,0.26,0,2.27
2016-04-17,SKU-026,WH-TX1,SmartStock Optimized,211,0,0,0,211,0,0,0,0.262,0.0,0.0,0.26,0,2.27
2016-04-18,SKU-026,WH-TX1,SmartStock Optimized,211,0,0,0,211,0,0,0,0.262,0.0,0.0,0.26,0,2.27
2016-04-19,SKU-026,WH-TX1,SmartStock Optimized,211,0,0,0,211,0,0,0,0.262,0.0,0.0,0.26,0,2.27
2016-04-20,SKU-026,WH-TX1,SmartStock Optimized,211,0,0,0,211,0,0,0,0.262,0.0,0.0,0.26,0,2.27
2016-04-21,SKU-026,WH-TX1,SmartStock Optimized,211,0,0,0,211,0,0,0,0.262,0.0,0.0,0.26,0,2.27
2016-04-22,SKU-026,WH-TX1,SmartStock Optimized,211,0,0,0,211,0,0,0,0.262,0.0,0.0,0.26,0,2.27
2016-04-23,SKU-026,WH-TX1,SmartStock Optimized,211,0,0,0,211,0,0,0,0.262,0.0,0.0,0.26,0,2.27
2016-04-24,SKU-026,WH-TX1,SmartStock Optimized,211,0,0,0,211,0,0,0,0.262,0.0,0.0,0.26,0,2.27
2016-03-28,SKU-026,WH-WI1,SmartStock Optimized,6,1,1,0,5,192,192,0,0.007,90.0,0.0,90.01,0,2.27
2016-03-29,SKU-026,WH-WI1,SmartStock Optimized,5,0,0,0,5,192,0,0,0.007,0.0,0.0,0.01,0,2.27
2016-03-30,SKU-026,WH-WI1,SmartStock Optimized,5,0,0,0,5,192,0,0,0.007,0.0,0.0,0.01,0,2.27
2016-03-31,SKU-026,WH-WI1,SmartStock Optimized,5,0,0,0,5,192,0,0,0.007,0.0,0.0,0.01,0,2.27
2016-04-01,SKU-026,WH-WI1,SmartStock Optimized,5,0,0,0,5,192,0,0,0.007,0.0,0.0,0.01,0,2.27
2016-04-02,SKU-026,WH-WI1,SmartStock Optimized,5,0,0,0,5,192,0,0,0.007,0.0,0.0,0.01,0,2.27
2016-04-03,SKU-026,WH-WI1,SmartStock Optimized,5,0,0,0,5,192,0,0,0.007,0.0,0.0,0.01,0,2.27
2016-04-04,SKU-026,WH-WI1,SmartStock Optimized,5,0,0,0,5,192,0,0,0.007,0.0,0.0,0.01,0,2.27
2016-04-05,SKU-026,WH-WI1,SmartStock Optimized,5,0,0,0,5,192,0,0,0.007,0.0,0.0,0.01,0,2.27
2016-04-06,SKU-026,WH-WI1,SmartStock Optimized,5,0,0,0,5,192,0,0,0.007,0.0,0.0,0.01,0,2.27
2016-04-07,SKU-026,WH-WI1,SmartStock Optimized,197,0,0,0,197,0,0,192,0.27,0.0,0.0,0.27,0,2.27
2016-04-08,SKU-026,WH-WI1,SmartStock Optimized,197,0,0,0,197,0,0,0,0.27,0.0,0.0,0.27,0,2.27
2016-04-09,SKU-026,WH-WI1,SmartStock Optimized,197,0,0,0,197,0,0,0,0.27,0.0,0.0,0.27,0,2.27
2016-04-10,SKU-026,WH-WI1,SmartStock Optimized,197,0,0,0,197,0,0,0,0.27,0.0,0.0,0.27,0,2.27
2016-04-11,SKU-026,WH-WI1,SmartStock Optimized,197,0,0,0,197,0,0,0,0.27,0.0,0.0,0.27,0,2.27
2016-04-12,SKU-026,WH-WI1,SmartStock Optimized,197,0,0,0,197,0,0,0,0.27,0.0,0.0,0.27,0,2.27
2016-04-13,SKU-026,WH-WI1,SmartStock Optimized,197,0,0,0,197,0,0,0,0.27,0.0,0.0,0.27,0,2.27
2016-04-14,SKU-026,WH-WI1,SmartStock Optimized,197,0,0,0,197,0,0,0,0.27,0.0,0.0,0.27,0,2.27
2016-04-15,SKU-026,WH-WI1,SmartStock Optimized,197,0,0,0,197,0,0,0,0.27,0.0,0.0,0.27,0,2.27
2016-04-16,SKU-026,WH-WI1,SmartStock Optimized,197,0,0,0,197,0,0,0,0.27,0.0,0.0,0.27,0,2.27
2016-04-17,SKU-026,WH-WI1,SmartStock Optimized,197,0,0,0,197,0,0,0,0.27,0.0,0.0,0.27,0,2.27
2016-04-18,SKU-026,WH-WI1,SmartStock Optimized,197,0,0,0,197,0,0,0,0.27,0.0,0.0,0.27,0,2.27
2016-04-19,SKU-026,WH-WI1,SmartStock Optimized,197,0,0,0,197,0,0,0,0.27,0.0,0.0,0.27,0,2.27
2016-04-20,SKU-026,WH-WI1,SmartStock Optimized,197,1,1,0,196,0,0,0,0.268,0.0,0.0,0.27,0,2.27
2016-04-21,SKU-026,WH-WI1,SmartStock Optimized,196,1,1,0,195,0,0,0,0.267,0.0,0.0,0.27,0,2.27
2016-04-22,SKU-026,WH-WI1,SmartStock Optimized,195,0,0,0,195,0,0,0,0.267,0.0,0.0,0.27,0,2.27
2016-04-23,SKU-026,WH-WI1,SmartStock Optimized,195,0,0,0,195,0,0,0,0.267,0.0,0.0,0.27,0,2.27
2016-04-24,SKU-026,WH-WI1,SmartStock Optimized,195,0,0,0,195,0,0,0,0.267,0.0,0.0,0.27,0,2.27
2016-03-28,SKU-027,WH-CA1,SmartStock Optimized,8,0,0,0,8,240,240,0,0.014,90.0,0.0,90.01,0,2.5
2016-03-29,SKU-027,WH-CA1,SmartStock Optimized,8,0,0,0,8,240,0,0,0.014,0.0,0.0,0.01,0,2.5
2016-03-30,SKU-027,WH-CA1,SmartStock Optimized,8,1,1,0,7,240,0,0,0.012,0.0,0.0,0.01,0,2.5
2016-03-31,SKU-027,WH-CA1,SmartStock Optimized,7,0,0,0,7,240,0,0,0.012,0.0,0.0,0.01,0,2.5
2016-04-01,SKU-027,WH-CA1,SmartStock Optimized,7,0,0,0,7,240,0,0,0.012,0.0,0.0,0.01,0,2.5
2016-04-02,SKU-027,WH-CA1,SmartStock Optimized,7,0,0,0,7,240,0,0,0.012,0.0,0.0,0.01,0,2.5
2016-04-03,SKU-027,WH-CA1,SmartStock Optimized,7,1,1,0,6,240,0,0,0.01,0.0,0.0,0.01,0,2.5
2016-04-04,SKU-027,WH-CA1,SmartStock Optimized,6,0,0,0,6,240,0,0,0.01,0.0,0.0,0.01,0,2.5
2016-04-05,SKU-027,WH-CA1,SmartStock Optimized,6,0,0,0,6,240,0,0,0.01,0.0,0.0,0.01,0,2.5
2016-04-06,SKU-027,WH-CA1,SmartStock Optimized,6,0,0,0,6,240,0,0,0.01,0.0,0.0,0.01,0,2.5
2016-04-07,SKU-027,WH-CA1,SmartStock Optimized,246,0,0,0,246,0,0,240,0.421,0.0,0.0,0.42,0,2.5
2016-04-08,SKU-027,WH-CA1,SmartStock Optimized,246,0,0,0,246,0,0,0,0.421,0.0,0.0,0.42,0,2.5
2016-04-09,SKU-027,WH-CA1,SmartStock Optimized,246,0,0,0,246,0,0,0,0.421,0.0,0.0,0.42,0,2.5
2016-04-10,SKU-027,WH-CA1,SmartStock Optimized,246,0,0,0,246,0,0,0,0.421,0.0,0.0,0.42,0,2.5
2016-04-11,SKU-027,WH-CA1,SmartStock Optimized,246,0,0,0,246,0,0,0,0.421,0.0,0.0,0.42,0,2.5
2016-04-12,SKU-027,WH-CA1,SmartStock Optimized,246,0,0,0,246,0,0,0,0.421,0.0,0.0,0.42,0,2.5
2016-04-13,SKU-027,WH-CA1,SmartStock Optimized,246,0,0,0,246,0,0,0,0.421,0.0,0.0,0.42,0,2.5
2016-04-14,SKU-027,WH-CA1,SmartStock Optimized,246,2,2,0,244,0,0,0,0.418,0.0,0.0,0.42,0,2.5
2016-04-15,SKU-027,WH-CA1,SmartStock Optimized,244,1,1,0,243,0,0,0,0.416,0.0,0.0,0.42,0,2.5
2016-04-16,SKU-027,WH-CA1,SmartStock Optimized,243,0,0,0,243,0,0,0,0.416,0.0,0.0,0.42,0,2.5
2016-04-17,SKU-027,WH-CA1,SmartStock Optimized,243,0,0,0,243,0,0,0,0.416,0.0,0.0,0.42,0,2.5
2016-04-18,SKU-027,WH-CA1,SmartStock Optimized,243,0,0,0,243,0,0,0,0.416,0.0,0.0,0.42,0,2.5
2016-04-19,SKU-027,WH-CA1,SmartStock Optimized,243,0,0,0,243,0,0,0,0.416,0.0,0.0,0.42,0,2.5
2016-04-20,SKU-027,WH-CA1,SmartStock Optimized,243,0,0,0,243,0,0,0,0.416,0.0,0.0,0.42,0,2.5
2016-04-21,SKU-027,WH-CA1,SmartStock Optimized,243,0,0,0,243,0,0,0,0.416,0.0,0.0,0.42,0,2.5
2016-04-22,SKU-027,WH-CA1,SmartStock Optimized,243,1,1,0,242,0,0,0,0.414,0.0,0.0,0.41,0,2.5
2016-04-23,SKU-027,WH-CA1,SmartStock Optimized,242,1,1,0,241,0,0,0,0.413,0.0,0.0,0.41,0,2.5
2016-04-24,SKU-027,WH-CA1,SmartStock Optimized,241,1,1,0,240,0,0,0,0.411,0.0,0.0,0.41,0,2.5
2016-03-28,SKU-027,WH-TX1,SmartStock Optimized,6,0,0,0,6,216,216,0,0.008,90.0,0.0,90.01,0,2.5
2016-03-29,SKU-027,WH-TX1,SmartStock Optimized,6,0,0,0,6,216,0,0,0.008,0.0,0.0,0.01,0,2.5
2016-03-30,SKU-027,WH-TX1,SmartStock Optimized,6,0,0,0,6,216,0,0,0.008,0.0,0.0,0.01,0,2.5
2016-03-31,SKU-027,WH-TX1,SmartStock Optimized,6,1,1,0,5,216,0,0,0.007,0.0,0.0,0.01,0,2.5
2016-04-01,SKU-027,WH-TX1,SmartStock Optimized,5,0,0,0,5,216,0,0,0.007,0.0,0.0,0.01,0,2.5
2016-04-02,SKU-027,WH-TX1,SmartStock Optimized,5,0,0,0,5,216,0,0,0.007,0.0,0.0,0.01,0,2.5
2016-04-03,SKU-027,WH-TX1,SmartStock Optimized,5,0,0,0,5,216,0,0,0.007,0.0,0.0,0.01,0,2.5
2016-04-04,SKU-027,WH-TX1,SmartStock Optimized,5,0,0,0,5,216,0,0,0.007,0.0,0.0,0.01,0,2.5
2016-04-05,SKU-027,WH-TX1,SmartStock Optimized,5,0,0,0,5,216,0,0,0.007,0.0,0.0,0.01,0,2.5
2016-04-06,SKU-027,WH-TX1,SmartStock Optimized,5,0,0,0,5,216,0,0,0.007,0.0,0.0,0.01,0,2.5
2016-04-07,SKU-027,WH-TX1,SmartStock Optimized,221,0,0,0,221,0,0,216,0.303,0.0,0.0,0.3,0,2.5
2016-04-08,SKU-027,WH-TX1,SmartStock Optimized,221,0,0,0,221,0,0,0,0.303,0.0,0.0,0.3,0,2.5
2016-04-09,SKU-027,WH-TX1,SmartStock Optimized,221,2,2,0,219,0,0,0,0.3,0.0,0.0,0.3,0,2.5
2016-04-10,SKU-027,WH-TX1,SmartStock Optimized,219,0,0,0,219,0,0,0,0.3,0.0,0.0,0.3,0,2.5
2016-04-11,SKU-027,WH-TX1,SmartStock Optimized,219,0,0,0,219,0,0,0,0.3,0.0,0.0,0.3,0,2.5
2016-04-12,SKU-027,WH-TX1,SmartStock Optimized,219,0,0,0,219,0,0,0,0.3,0.0,0.0,0.3,0,2.5
2016-04-13,SKU-027,WH-TX1,SmartStock Optimized,219,0,0,0,219,0,0,0,0.3,0.0,0.0,0.3,0,2.5
2016-04-14,SKU-027,WH-TX1,SmartStock Optimized,219,0,0,0,219,0,0,0,0.3,0.0,0.0,0.3,0,2.5
2016-04-15,SKU-027,WH-TX1,SmartStock Optimized,219,0,0,0,219,0,0,0,0.3,0.0,0.0,0.3,0,2.5
2016-04-16,SKU-027,WH-TX1,SmartStock Optimized,219,0,0,0,219,0,0,0,0.3,0.0,0.0,0.3,0,2.5
2016-04-17,SKU-027,WH-TX1,SmartStock Optimized,219,0,0,0,219,0,0,0,0.3,0.0,0.0,0.3,0,2.5
2016-04-18,SKU-027,WH-TX1,SmartStock Optimized,219,0,0,0,219,0,0,0,0.3,0.0,0.0,0.3,0,2.5
2016-04-19,SKU-027,WH-TX1,SmartStock Optimized,219,0,0,0,219,0,0,0,0.3,0.0,0.0,0.3,0,2.5
2016-04-20,SKU-027,WH-TX1,SmartStock Optimized,219,0,0,0,219,0,0,0,0.3,0.0,0.0,0.3,0,2.5
2016-04-21,SKU-027,WH-TX1,SmartStock Optimized,219,0,0,0,219,0,0,0,0.3,0.0,0.0,0.3,0,2.5
2016-04-22,SKU-027,WH-TX1,SmartStock Optimized,219,0,0,0,219,0,0,0,0.3,0.0,0.0,0.3,0,2.5
2016-04-23,SKU-027,WH-TX1,SmartStock Optimized,219,2,2,0,217,0,0,0,0.297,0.0,0.0,0.3,0,2.5
2016-04-24,SKU-027,WH-TX1,SmartStock Optimized,217,1,1,0,216,0,0,0,0.296,0.0,0.0,0.3,0,2.5
2016-03-28,SKU-027,WH-WI1,SmartStock Optimized,7,0,0,0,7,240,240,0,0.011,90.0,0.0,90.01,0,2.5
2016-03-29,SKU-027,WH-WI1,SmartStock Optimized,7,0,0,0,7,240,0,0,0.011,0.0,0.0,0.01,0,2.5
2016-03-30,SKU-027,WH-WI1,SmartStock Optimized,7,0,0,0,7,240,0,0,0.011,0.0,0.0,0.01,0,2.5
2016-03-31,SKU-027,WH-WI1,SmartStock Optimized,7,0,0,0,7,240,0,0,0.011,0.0,0.0,0.01,0,2.5
2016-04-01,SKU-027,WH-WI1,SmartStock Optimized,7,0,0,0,7,240,0,0,0.011,0.0,0.0,0.01,0,2.5
2016-04-02,SKU-027,WH-WI1,SmartStock Optimized,7,0,0,0,7,240,0,0,0.011,0.0,0.0,0.01,0,2.5
2016-04-03,SKU-027,WH-WI1,SmartStock Optimized,7,0,0,0,7,240,0,0,0.011,0.0,0.0,0.01,0,2.5
2016-04-04,SKU-027,WH-WI1,SmartStock Optimized,7,2,2,0,5,240,0,0,0.008,0.0,0.0,0.01,0,2.5
2016-04-05,SKU-027,WH-WI1,SmartStock Optimized,5,0,0,0,5,240,0,0,0.008,0.0,0.0,0.01,0,2.5
2016-04-06,SKU-027,WH-WI1,SmartStock Optimized,245,0,0,0,245,0,0,240,0.369,0.0,0.0,0.37,0,2.5
2016-04-07,SKU-027,WH-WI1,SmartStock Optimized,245,0,0,0,245,0,0,0,0.369,0.0,0.0,0.37,0,2.5
2016-04-08,SKU-027,WH-WI1,SmartStock Optimized,245,0,0,0,245,0,0,0,0.369,0.0,0.0,0.37,0,2.5
2016-04-09,SKU-027,WH-WI1,SmartStock Optimized,245,2,2,0,243,0,0,0,0.366,0.0,0.0,0.37,0,2.5
2016-04-10,SKU-027,WH-WI1,SmartStock Optimized,243,0,0,0,243,0,0,0,0.366,0.0,0.0,0.37,0,2.5
2016-04-11,SKU-027,WH-WI1,SmartStock Optimized,243,0,0,0,243,0,0,0,0.366,0.0,0.0,0.37,0,2.5
2016-04-12,SKU-027,WH-WI1,SmartStock Optimized,243,0,0,0,243,0,0,0,0.366,0.0,0.0,0.37,0,2.5
2016-04-13,SKU-027,WH-WI1,SmartStock Optimized,243,1,1,0,242,0,0,0,0.365,0.0,0.0,0.36,0,2.5
2016-04-14,SKU-027,WH-WI1,SmartStock Optimized,242,0,0,0,242,0,0,0,0.365,0.0,0.0,0.36,0,2.5
2016-04-15,SKU-027,WH-WI1,SmartStock Optimized,242,0,0,0,242,0,0,0,0.365,0.0,0.0,0.36,0,2.5
2016-04-16,SKU-027,WH-WI1,SmartStock Optimized,242,1,1,0,241,0,0,0,0.363,0.0,0.0,0.36,0,2.5
2016-04-17,SKU-027,WH-WI1,SmartStock Optimized,241,1,1,0,240,0,0,0,0.362,0.0,0.0,0.36,0,2.5
2016-04-18,SKU-027,WH-WI1,SmartStock Optimized,240,0,0,0,240,0,0,0,0.362,0.0,0.0,0.36,0,2.5
2016-04-19,SKU-027,WH-WI1,SmartStock Optimized,240,0,0,0,240,0,0,0,0.362,0.0,0.0,0.36,0,2.5
2016-04-20,SKU-027,WH-WI1,SmartStock Optimized,240,0,0,0,240,0,0,0,0.362,0.0,0.0,0.36,0,2.5
2016-04-21,SKU-027,WH-WI1,SmartStock Optimized,240,0,0,0,240,0,0,0,0.362,0.0,0.0,0.36,0,2.5
2016-04-22,SKU-027,WH-WI1,SmartStock Optimized,240,0,0,0,240,0,0,0,0.362,0.0,0.0,0.36,0,2.5
2016-04-23,SKU-027,WH-WI1,SmartStock Optimized,240,0,0,0,240,0,0,0,0.362,0.0,0.0,0.36,0,2.5
2016-04-24,SKU-027,WH-WI1,SmartStock Optimized,240,0,0,0,240,0,0,0,0.362,0.0,0.0,0.36,0,2.5
2016-03-28,SKU-028,WH-CA1,SmartStock Optimized,19,1,1,0,18,228,228,0,0.079,90.0,0.0,90.08,0,6.44
2016-03-29,SKU-028,WH-CA1,SmartStock Optimized,18,2,2,0,16,228,0,0,0.071,0.0,0.0,0.07,0,6.44
2016-03-30,SKU-028,WH-CA1,SmartStock Optimized,16,1,1,0,15,228,0,0,0.066,0.0,0.0,0.07,0,6.44
2016-03-31,SKU-028,WH-CA1,SmartStock Optimized,15,3,3,0,12,228,0,0,0.053,0.0,0.0,0.05,0,6.44
2016-04-01,SKU-028,WH-CA1,SmartStock Optimized,12,2,2,0,10,228,0,0,0.044,0.0,0.0,0.04,0,6.44
2016-04-02,SKU-028,WH-CA1,SmartStock Optimized,10,3,3,0,7,228,0,0,0.031,0.0,0.0,0.03,0,6.44
2016-04-03,SKU-028,WH-CA1,SmartStock Optimized,7,0,0,0,7,228,0,0,0.031,0.0,0.0,0.03,0,6.44
2016-04-04,SKU-028,WH-CA1,SmartStock Optimized,7,2,2,0,5,228,0,0,0.022,0.0,0.0,0.02,0,6.44
2016-04-05,SKU-028,WH-CA1,SmartStock Optimized,5,1,1,0,4,228,0,0,0.018,0.0,0.0,0.02,0,6.44
2016-04-06,SKU-028,WH-CA1,SmartStock Optimized,4,1,1,0,3,228,0,0,0.013,0.0,0.0,0.01,0,6.44
2016-04-07,SKU-028,WH-CA1,SmartStock Optimized,3,1,1,0,2,228,0,0,0.009,0.0,0.0,0.01,0,6.44
2016-04-08,SKU-028,WH-CA1,SmartStock Optimized,2,1,1,0,1,228,0,0,0.004,0.0,0.0,0.0,0,6.44
2016-04-09,SKU-028,WH-CA1,SmartStock Optimized,1,2,1,1,0,228,0,0,0.0,0.0,5.63,5.63,1,6.44
2016-04-10,SKU-028,WH-CA1,SmartStock Optimized,0,3,0,3,0,228,0,0,0.0,0.0,16.89,16.89,1,6.44
2016-04-11,SKU-028,WH-CA1,SmartStock Optimized,0,5,0,5,0,228,0,0,0.0,0.0,28.15,28.15,1,6.44
2016-04-12,SKU-028,WH-CA1,SmartStock Optimized,0,1,0,1,0,228,0,0,0.0,0.0,5.63,5.63,1,6.44
2016-04-13,SKU-028,WH-CA1,SmartStock Optimized,0,0,0,0,0,228,0,0,0.0,0.0,0.0,0.0,0,6.44
2016-04-14,SKU-028,WH-CA1,SmartStock Optimized,0,0,0,0,0,228,0,0,0.0,0.0,0.0,0.0,0,6.44
2016-04-15,SKU-028,WH-CA1,SmartStock Optimized,0,1,0,1,0,228,0,0,0.0,0.0,5.63,5.63,1,6.44
2016-04-16,SKU-028,WH-CA1,SmartStock Optimized,228,2,2,0,226,0,0,228,0.997,0.0,0.0,1.0,0,6.44
2016-04-17,SKU-028,WH-CA1,SmartStock Optimized,226,3,3,0,223,0,0,0,0.984,0.0,0.0,0.98,0,6.44
2016-04-18,SKU-028,WH-CA1,SmartStock Optimized,223,1,1,0,222,0,0,0,0.979,0.0,0.0,0.98,0,6.44
2016-04-19,SKU-028,WH-CA1,SmartStock Optimized,222,0,0,0,222,0,0,0,0.979,0.0,0.0,0.98,0,6.44
2016-04-20,SKU-028,WH-CA1,SmartStock Optimized,222,0,0,0,222,0,0,0,0.979,0.0,0.0,0.98,0,6.44
2016-04-21,SKU-028,WH-CA1,SmartStock Optimized,222,1,1,0,221,0,0,0,0.975,0.0,0.0,0.97,0,6.44
2016-04-22,SKU-028,WH-CA1,SmartStock Optimized,221,1,1,0,220,0,0,0,0.97,0.0,0.0,0.97,0,6.44
2016-04-23,SKU-028,WH-CA1,SmartStock Optimized,220,5,5,0,215,0,0,0,0.948,0.0,0.0,0.95,0,6.44
2016-04-24,SKU-028,WH-CA1,SmartStock Optimized,215,3,3,0,212,0,0,0,0.935,0.0,0.0,0.94,0,6.44
2016-03-28,SKU-028,WH-TX1,SmartStock Optimized,31,0,0,0,31,348,348,0,0.109,90.0,0.0,90.11,0,6.44
2016-03-29,SKU-028,WH-TX1,SmartStock Optimized,31,1,1,0,30,348,0,0,0.106,0.0,0.0,0.11,0,6.44
2016-03-30,SKU-028,WH-TX1,SmartStock Optimized,30,4,4,0,26,348,0,0,0.092,0.0,0.0,0.09,0,6.44
2016-03-31,SKU-028,WH-TX1,SmartStock Optimized,26,6,6,0,20,348,0,0,0.071,0.0,0.0,0.07,0,6.44
2016-04-01,SKU-028,WH-TX1,SmartStock Optimized,20,0,0,0,20,348,0,0,0.071,0.0,0.0,0.07,0,6.44
2016-04-02,SKU-028,WH-TX1,SmartStock Optimized,20,8,8,0,12,348,0,0,0.042,0.0,0.0,0.04,0,6.44
2016-04-03,SKU-028,WH-TX1,SmartStock Optimized,12,2,2,0,10,348,0,0,0.035,0.0,0.0,0.04,0,6.44
2016-04-04,SKU-028,WH-TX1,SmartStock Optimized,10,0,0,0,10,348,0,0,0.035,0.0,0.0,0.04,0,6.44
2016-04-05,SKU-028,WH-TX1,SmartStock Optimized,10,5,5,0,5,348,0,0,0.018,0.0,0.0,0.02,0,6.44
2016-04-06,SKU-028,WH-TX1,SmartStock Optimized,5,1,1,0,4,348,0,0,0.014,0.0,0.0,0.01,0,6.44
2016-04-07,SKU-028,WH-TX1,SmartStock Optimized,4,3,3,0,1,348,0,0,0.004,0.0,0.0,0.0,0,6.44
2016-04-08,SKU-028,WH-TX1,SmartStock Optimized,1,4,1,3,0,348,0,0,0.0,0.0,16.89,16.89,1,6.44
2016-04-09,SKU-028,WH-TX1,SmartStock Optimized,0,2,0,2,0,348,0,0,0.0,0.0,11.26,11.26,1,6.44
2016-04-10,SKU-028,WH-TX1,SmartStock Optimized,0,2,0,2,0,348,0,0,0.0,0.0,11.26,11.26,1,6.44
2016-04-11,SKU-028,WH-TX1,SmartStock Optimized,0,5,0,5,0,348,0,0,0.0,0.0,28.15,28.15,1,6.44
2016-04-12,SKU-028,WH-TX1,SmartStock Optimized,0,4,0,4,0,348,0,0,0.0,0.0,22.52,22.52,1,6.44
2016-04-13,SKU-028,WH-TX1,SmartStock Optimized,348,1,1,0,347,0,0,348,1.224,0.0,0.0,1.22,0,6.44
2016-04-14,SKU-028,WH-TX1,SmartStock Optimized,347,4,4,0,343,0,0,0,1.21,0.0,0.0,1.21,0,6.44
2016-04-15,SKU-028,WH-TX1,SmartStock Optimized,343,4,4,0,339,0,0,0,1.196,0.0,0.0,1.2,0,6.44
2016-04-16,SKU-028,WH-TX1,SmartStock Optimized,339,1,1,0,338,0,0,0,1.193,0.0,0.0,1.19,0,6.44
2016-04-17,SKU-028,WH-TX1,SmartStock Optimized,338,5,5,0,333,0,0,0,1.175,0.0,0.0,1.18,0,6.44
2016-04-18,SKU-028,WH-TX1,SmartStock Optimized,333,1,1,0,332,0,0,0,1.172,0.0,0.0,1.17,0,6.44
2016-04-19,SKU-028,WH-TX1,SmartStock Optimized,332,1,1,0,331,0,0,0,1.168,0.0,0.0,1.17,0,6.44
2016-04-20,SKU-028,WH-TX1,SmartStock Optimized,331,3,3,0,328,0,0,0,1.157,0.0,0.0,1.16,0,6.44
2016-04-21,SKU-028,WH-TX1,SmartStock Optimized,328,0,0,0,328,0,0,0,1.157,0.0,0.0,1.16,0,6.44
2016-04-22,SKU-028,WH-TX1,SmartStock Optimized,328,4,4,0,324,0,0,0,1.143,0.0,0.0,1.14,0,6.44
2016-04-23,SKU-028,WH-TX1,SmartStock Optimized,324,1,1,0,323,0,0,0,1.14,0.0,0.0,1.14,0,6.44
2016-04-24,SKU-028,WH-TX1,SmartStock Optimized,323,1,1,0,322,0,0,0,1.136,0.0,0.0,1.14,0,6.44
2016-03-28,SKU-028,WH-WI1,SmartStock Optimized,6,1,1,0,5,120,120,0,0.019,90.0,0.0,90.02,0,6.44
2016-03-29,SKU-028,WH-WI1,SmartStock Optimized,5,0,0,0,5,120,0,0,0.019,0.0,0.0,0.02,0,6.44
2016-03-30,SKU-028,WH-WI1,SmartStock Optimized,5,1,1,0,4,120,0,0,0.016,0.0,0.0,0.02,0,6.44
2016-03-31,SKU-028,WH-WI1,SmartStock Optimized,4,0,0,0,4,120,0,0,0.016,0.0,0.0,0.02,0,6.44
2016-04-01,SKU-028,WH-WI1,SmartStock Optimized,4,1,1,0,3,120,0,0,0.012,0.0,0.0,0.01,0,6.44
2016-04-02,SKU-028,WH-WI1,SmartStock Optimized,3,1,1,0,2,120,0,0,0.008,0.0,0.0,0.01,0,6.44
2016-04-03,SKU-028,WH-WI1,SmartStock Optimized,2,0,0,0,2,120,0,0,0.008,0.0,0.0,0.01,0,6.44
2016-04-04,SKU-028,WH-WI1,SmartStock Optimized,2,0,0,0,2,120,0,0,0.008,0.0,0.0,0.01,0,6.44
2016-04-05,SKU-028,WH-WI1,SmartStock Optimized,2,0,0,0,2,120,0,0,0.008,0.0,0.0,0.01,0,6.44
2016-04-06,SKU-028,WH-WI1,SmartStock Optimized,122,0,0,0,122,0,0,120,0.474,0.0,0.0,0.47,0,6.44
2016-04-07,SKU-028,WH-WI1,SmartStock Optimized,122,1,1,0,121,0,0,0,0.47,0.0,0.0,0.47,0,6.44
2016-04-08,SKU-028,WH-WI1,SmartStock Optimized,121,0,0,0,121,0,0,0,0.47,0.0,0.0,0.47,0,6.44
2016-04-09,SKU-028,WH-WI1,SmartStock Optimized,121,1,1,0,120,0,0,0,0.466,0.0,0.0,0.47,0,6.44
2016-04-10,SKU-028,WH-WI1,SmartStock Optimized,120,0,0,0,120,0,0,0,0.466,0.0,0.0,0.47,0,6.44
2016-04-11,SKU-028,WH-WI1,SmartStock Optimized,120,0,0,0,120,0,0,0,0.466,0.0,0.0,0.47,0,6.44
2016-04-12,SKU-028,WH-WI1,SmartStock Optimized,120,0,0,0,120,0,0,0,0.466,0.0,0.0,0.47,0,6.44
2016-04-13,SKU-028,WH-WI1,SmartStock Optimized,120,0,0,0,120,0,0,0,0.466,0.0,0.0,0.47,0,6.44
2016-04-14,SKU-028,WH-WI1,SmartStock Optimized,120,1,1,0,119,0,0,0,0.462,0.0,0.0,0.46,0,6.44
2016-04-15,SKU-028,WH-WI1,SmartStock Optimized,119,0,0,0,119,0,0,0,0.462,0.0,0.0,0.46,0,6.44
2016-04-16,SKU-028,WH-WI1,SmartStock Optimized,119,0,0,0,119,0,0,0,0.462,0.0,0.0,0.46,0,6.44
2016-04-17,SKU-028,WH-WI1,SmartStock Optimized,119,0,0,0,119,0,0,0,0.462,0.0,0.0,0.46,0,6.44
2016-04-18,SKU-028,WH-WI1,SmartStock Optimized,119,0,0,0,119,0,0,0,0.462,0.0,0.0,0.46,0,6.44
2016-04-19,SKU-028,WH-WI1,SmartStock Optimized,119,0,0,0,119,0,0,0,0.462,0.0,0.0,0.46,0,6.44
2016-04-20,SKU-028,WH-WI1,SmartStock Optimized,119,0,0,0,119,0,0,0,0.462,0.0,0.0,0.46,0,6.44
2016-04-21,SKU-028,WH-WI1,SmartStock Optimized,119,1,1,0,118,0,0,0,0.458,0.0,0.0,0.46,0,6.44
2016-04-22,SKU-028,WH-WI1,SmartStock Optimized,118,0,0,0,118,0,0,0,0.458,0.0,0.0,0.46,0,6.44
2016-04-23,SKU-028,WH-WI1,SmartStock Optimized,118,0,0,0,118,0,0,0,0.458,0.0,0.0,0.46,0,6.44
2016-04-24,SKU-028,WH-WI1,SmartStock Optimized,118,1,1,0,117,0,0,0,0.454,0.0,0.0,0.45,0,6.44
2016-03-28,SKU-029,WH-CA1,SmartStock Optimized,13,0,0,0,13,156,156,0,0.069,90.0,0.0,90.07,0,7.73
2016-03-29,SKU-029,WH-CA1,SmartStock Optimized,13,0,0,0,13,156,0,0,0.069,0.0,0.0,0.07,0,7.73
2016-03-30,SKU-029,WH-CA1,SmartStock Optimized,13,0,0,0,13,156,0,0,0.069,0.0,0.0,0.07,0,7.73
2016-03-31,SKU-029,WH-CA1,SmartStock Optimized,13,0,0,0,13,156,0,0,0.069,0.0,0.0,0.07,0,7.73
2016-04-01,SKU-029,WH-CA1,SmartStock Optimized,13,1,1,0,12,156,0,0,0.064,0.0,0.0,0.06,0,7.73
2016-04-02,SKU-029,WH-CA1,SmartStock Optimized,12,2,2,0,10,156,0,0,0.053,0.0,0.0,0.05,0,7.73
2016-04-03,SKU-029,WH-CA1,SmartStock Optimized,10,3,3,0,7,156,0,0,0.037,0.0,0.0,0.04,0,7.73
2016-04-04,SKU-029,WH-CA1,SmartStock Optimized,7,4,4,0,3,156,0,0,0.016,0.0,0.0,0.02,0,7.73
2016-04-05,SKU-029,WH-CA1,SmartStock Optimized,3,1,1,0,2,156,0,0,0.011,0.0,0.0,0.01,0,7.73
2016-04-06,SKU-029,WH-CA1,SmartStock Optimized,2,1,1,0,1,156,0,0,0.005,0.0,0.0,0.01,0,7.73
2016-04-07,SKU-029,WH-CA1,SmartStock Optimized,1,1,1,0,0,156,0,0,0.0,0.0,0.0,0.0,0,7.73
2016-04-08,SKU-029,WH-CA1,SmartStock Optimized,0,0,0,0,0,156,0,0,0.0,0.0,0.0,0.0,0,7.73
2016-04-09,SKU-029,WH-CA1,SmartStock Optimized,156,0,0,0,156,0,0,156,0.826,0.0,0.0,0.83,0,7.73
2016-04-10,SKU-029,WH-CA1,SmartStock Optimized,156,4,4,0,152,0,0,0,0.805,0.0,0.0,0.81,0,7.73
2016-04-11,SKU-029,WH-CA1,SmartStock Optimized,152,2,2,0,150,0,0,0,0.794,0.0,0.0,0.79,0,7.73
2016-04-12,SKU-029,WH-CA1,SmartStock Optimized,150,0,0,0,150,0,0,0,0.794,0.0,0.0,0.79,0,7.73
2016-04-13,SKU-029,WH-CA1,SmartStock Optimized,150,1,1,0,149,0,0,0,0.789,0.0,0.0,0.79,0,7.73
2016-04-14,SKU-029,WH-CA1,SmartStock Optimized,149,3,3,0,146,0,0,0,0.773,0.0,0.0,0.77,0,7.73
2016-04-15,SKU-029,WH-CA1,SmartStock Optimized,146,2,2,0,144,0,0,0,0.762,0.0,0.0,0.76,0,7.73
2016-04-16,SKU-029,WH-CA1,SmartStock Optimized,144,3,3,0,141,0,0,0,0.747,0.0,0.0,0.75,0,7.73
2016-04-17,SKU-029,WH-CA1,SmartStock Optimized,141,2,2,0,139,0,0,0,0.736,0.0,0.0,0.74,0,7.73
2016-04-18,SKU-029,WH-CA1,SmartStock Optimized,139,1,1,0,138,0,0,0,0.731,0.0,0.0,0.73,0,7.73
2016-04-19,SKU-029,WH-CA1,SmartStock Optimized,138,3,3,0,135,0,0,0,0.715,0.0,0.0,0.71,0,7.73
2016-04-20,SKU-029,WH-CA1,SmartStock Optimized,135,2,2,0,133,0,0,0,0.704,0.0,0.0,0.7,0,7.73
2016-04-21,SKU-029,WH-CA1,SmartStock Optimized,133,0,0,0,133,0,0,0,0.704,0.0,0.0,0.7,0,7.73
2016-04-22,SKU-029,WH-CA1,SmartStock Optimized,133,3,3,0,130,0,0,0,0.688,0.0,0.0,0.69,0,7.73
2016-04-23,SKU-029,WH-CA1,SmartStock Optimized,130,3,3,0,127,0,0,0,0.672,0.0,0.0,0.67,0,7.73
2016-04-24,SKU-029,WH-CA1,SmartStock Optimized,127,2,2,0,125,0,0,0,0.662,0.0,0.0,0.66,0,7.73
2016-03-28,SKU-029,WH-TX1,SmartStock Optimized,15,0,0,0,15,192,192,0,0.064,90.0,0.0,90.06,0,7.73
2016-03-29,SKU-029,WH-TX1,SmartStock Optimized,15,0,0,0,15,192,0,0,0.064,0.0,0.0,0.06,0,7.73
2016-03-30,SKU-029,WH-TX1,SmartStock Optimized,15,0,0,0,15,192,0,0,0.064,0.0,0.0,0.06,0,7.73
2016-03-31,SKU-029,WH-TX1,SmartStock Optimized,15,2,2,0,13,192,0,0,0.055,0.0,0.0,0.06,0,7.73
2016-04-01,SKU-029,WH-TX1,SmartStock Optimized,13,2,2,0,11,192,0,0,0.047,0.0,0.0,0.05,0,7.73
2016-04-02,SKU-029,WH-TX1,SmartStock Optimized,11,6,6,0,5,192,0,0,0.021,0.0,0.0,0.02,0,7.73
2016-04-03,SKU-029,WH-TX1,SmartStock Optimized,5,3,3,0,2,192,0,0,0.008,0.0,0.0,0.01,0,7.73
2016-04-04,SKU-029,WH-TX1,SmartStock Optimized,2,2,2,0,0,192,0,0,0.0,0.0,0.0,0.0,0,7.73
2016-04-05,SKU-029,WH-TX1,SmartStock Optimized,0,0,0,0,0,192,0,0,0.0,0.0,0.0,0.0,0,7.73
2016-04-06,SKU-029,WH-TX1,SmartStock Optimized,0,3,0,3,0,192,0,0,0.0,0.0,19.05,19.05,1,7.73
2016-04-07,SKU-029,WH-TX1,SmartStock Optimized,0,0,0,0,0,192,0,0,0.0,0.0,0.0,0.0,0,7.73
2016-04-08,SKU-029,WH-TX1,SmartStock Optimized,192,5,5,0,187,0,0,192,0.792,0.0,0.0,0.79,0,7.73
2016-04-09,SKU-029,WH-TX1,SmartStock Optimized,187,2,2,0,185,0,0,0,0.784,0.0,0.0,0.78,0,7.73
2016-04-10,SKU-029,WH-TX1,SmartStock Optimized,185,4,4,0,181,0,0,0,0.767,0.0,0.0,0.77,0,7.73
2016-04-11,SKU-029,WH-TX1,SmartStock Optimized,181,0,0,0,181,0,0,0,0.767,0.0,0.0,0.77,0,7.73
2016-04-12,SKU-029,WH-TX1,SmartStock Optimized,181,2,2,0,179,0,0,0,0.758,0.0,0.0,0.76,0,7.73
2016-04-13,SKU-029,WH-TX1,SmartStock Optimized,179,1,1,0,178,0,0,0,0.754,0.0,0.0,0.75,0,7.73
2016-04-14,SKU-029,WH-TX1,SmartStock Optimized,178,1,1,0,177,0,0,0,0.75,0.0,0.0,0.75,0,7.73
2016-04-15,SKU-029,WH-TX1,SmartStock Optimized,177,0,0,0,177,0,0,0,0.75,0.0,0.0,0.75,0,7.73
2016-04-16,SKU-029,WH-TX1,SmartStock Optimized,177,4,4,0,173,0,0,0,0.733,0.0,0.0,0.73,0,7.73
2016-04-17,SKU-029,WH-TX1,SmartStock Optimized,173,1,1,0,172,0,0,0,0.729,0.0,0.0,0.73,0,7.73
2016-04-18,SKU-029,WH-TX1,SmartStock Optimized,172,3,3,0,169,0,0,0,0.716,0.0,0.0,0.72,0,7.73
2016-04-19,SKU-029,WH-TX1,SmartStock Optimized,169,2,2,0,167,0,0,0,0.707,0.0,0.0,0.71,0,7.73
2016-04-20,SKU-029,WH-TX1,SmartStock Optimized,167,8,8,0,159,0,0,0,0.673,0.0,0.0,0.67,0,7.73
2016-04-21,SKU-029,WH-TX1,SmartStock Optimized,159,3,3,0,156,0,0,0,0.661,0.0,0.0,0.66,0,7.73
2016-04-22,SKU-029,WH-TX1,SmartStock Optimized,156,2,2,0,154,0,0,0,0.652,0.0,0.0,0.65,0,7.73
2016-04-23,SKU-029,WH-TX1,SmartStock Optimized,154,1,1,0,153,0,0,0,0.648,0.0,0.0,0.65,0,7.73
2016-04-24,SKU-029,WH-TX1,SmartStock Optimized,153,3,3,0,150,0,0,0,0.635,0.0,0.0,0.64,0,7.73
2016-03-28,SKU-029,WH-WI1,SmartStock Optimized,11,0,0,0,11,156,156,0,0.051,90.0,0.0,90.05,0,7.73
2016-03-29,SKU-029,WH-WI1,SmartStock Optimized,11,0,0,0,11,156,0,0,0.051,0.0,0.0,0.05,0,7.73
2016-03-30,SKU-029,WH-WI1,SmartStock Optimized,11,0,0,0,11,156,0,0,0.051,0.0,0.0,0.05,0,7.73
2016-03-31,SKU-029,WH-WI1,SmartStock Optimized,11,0,0,0,11,156,0,0,0.051,0.0,0.0,0.05,0,7.73
2016-04-01,SKU-029,WH-WI1,SmartStock Optimized,11,1,1,0,10,156,0,0,0.047,0.0,0.0,0.05,0,7.73
2016-04-02,SKU-029,WH-WI1,SmartStock Optimized,10,0,0,0,10,156,0,0,0.047,0.0,0.0,0.05,0,7.73
2016-04-03,SKU-029,WH-WI1,SmartStock Optimized,10,2,2,0,8,156,0,0,0.037,0.0,0.0,0.04,0,7.73
2016-04-04,SKU-029,WH-WI1,SmartStock Optimized,8,2,2,0,6,156,0,0,0.028,0.0,0.0,0.03,0,7.73
2016-04-05,SKU-029,WH-WI1,SmartStock Optimized,6,1,1,0,5,156,0,0,0.023,0.0,0.0,0.02,0,7.73
2016-04-06,SKU-029,WH-WI1,SmartStock Optimized,5,0,0,0,5,156,0,0,0.023,0.0,0.0,0.02,0,7.73
2016-04-07,SKU-029,WH-WI1,SmartStock Optimized,5,1,1,0,4,156,0,0,0.019,0.0,0.0,0.02,0,7.73
2016-04-08,SKU-029,WH-WI1,SmartStock Optimized,4,0,0,0,4,156,0,0,0.019,0.0,0.0,0.02,0,7.73
2016-04-09,SKU-029,WH-WI1,SmartStock Optimized,4,5,4,1,0,156,0,0,0.0,0.0,6.35,6.35,1,7.73
2016-04-10,SKU-029,WH-WI1,SmartStock Optimized,0,4,0,4,0,156,0,0,0.0,0.0,25.4,25.4,1,7.73
2016-04-11,SKU-029,WH-WI1,SmartStock Optimized,156,4,4,0,152,0,0,156,0.708,0.0,0.0,0.71,0,7.73
2016-04-12,SKU-029,WH-WI1,SmartStock Optimized,152,3,3,0,149,0,0,0,0.694,0.0,0.0,0.69,0,7.73
2016-04-13,SKU-029,WH-WI1,SmartStock Optimized,149,0,0,0,149,0,0,0,0.694,0.0,0.0,0.69,0,7.73
2016-04-14,SKU-029,WH-WI1,SmartStock Optimized,149,4,4,0,145,0,0,0,0.676,0.0,0.0,0.68,0,7.73
2016-04-15,SKU-029,WH-WI1,SmartStock Optimized,145,0,0,0,145,0,0,0,0.676,0.0,0.0,0.68,0,7.73
2016-04-16,SKU-029,WH-WI1,SmartStock Optimized,145,0,0,0,145,0,0,0,0.676,0.0,0.0,0.68,0,7.73
2016-04-17,SKU-029,WH-WI1,SmartStock Optimized,145,4,4,0,141,0,0,0,0.657,0.0,0.0,0.66,0,7.73
2016-04-18,SKU-029,WH-WI1,SmartStock Optimized,141,1,1,0,140,0,0,0,0.652,0.0,0.0,0.65,0,7.73
2016-04-19,SKU-029,WH-WI1,SmartStock Optimized,140,0,0,0,140,0,0,0,0.652,0.0,0.0,0.65,0,7.73
2016-04-20,SKU-029,WH-WI1,SmartStock Optimized,140,1,1,0,139,0,0,0,0.648,0.0,0.0,0.65,0,7.73
2016-04-21,SKU-029,WH-WI1,SmartStock Optimized,139,0,0,0,139,0,0,0,0.648,0.0,0.0,0.65,0,7.73
2016-04-22,SKU-029,WH-WI1,SmartStock Optimized,139,2,2,0,137,0,0,0,0.638,0.0,0.0,0.64,0,7.73
2016-04-23,SKU-029,WH-WI1,SmartStock Optimized,137,1,1,0,136,0,0,0,0.634,0.0,0.0,0.63,0,7.73
2016-04-24,SKU-029,WH-WI1,SmartStock Optimized,136,1,1,0,135,0,0,0,0.629,0.0,0.0,0.63,0,7.73
2016-03-28,SKU-030,WH-CA1,SmartStock Optimized,21,1,1,0,20,408,408,0,0.034,90.0,0.0,90.03,0,2.51
2016-03-29,SKU-030,WH-CA1,SmartStock Optimized,20,1,1,0,19,408,0,0,0.033,0.0,0.0,0.03,0,2.51
2016-03-30,SKU-030,WH-CA1,SmartStock Optimized,19,0,0,0,19,408,0,0,0.033,0.0,0.0,0.03,0,2.51
2016-03-31,SKU-030,WH-CA1,SmartStock Optimized,19,1,1,0,18,408,0,0,0.031,0.0,0.0,0.03,0,2.51
2016-04-01,SKU-030,WH-CA1,SmartStock Optimized,18,0,0,0,18,408,0,0,0.031,0.0,0.0,0.03,0,2.51
2016-04-02,SKU-030,WH-CA1,SmartStock Optimized,18,0,0,0,18,408,0,0,0.031,0.0,0.0,0.03,0,2.51
2016-04-03,SKU-030,WH-CA1,SmartStock Optimized,18,2,2,0,16,408,0,0,0.028,0.0,0.0,0.03,0,2.51
2016-04-04,SKU-030,WH-CA1,SmartStock Optimized,16,0,0,0,16,408,0,0,0.028,0.0,0.0,0.03,0,2.51
2016-04-05,SKU-030,WH-CA1,SmartStock Optimized,16,0,0,0,16,408,0,0,0.028,0.0,0.0,0.03,0,2.51
2016-04-06,SKU-030,WH-CA1,SmartStock Optimized,424,12,12,0,412,0,0,408,0.708,0.0,0.0,0.71,0,2.51
2016-04-07,SKU-030,WH-CA1,SmartStock Optimized,412,0,0,0,412,0,0,0,0.708,0.0,0.0,0.71,0,2.51
2016-04-08,SKU-030,WH-CA1,SmartStock Optimized,412,0,0,0,412,0,0,0,0.708,0.0,0.0,0.71,0,2.51
2016-04-09,SKU-030,WH-CA1,SmartStock Optimized,412,0,0,0,412,0,0,0,0.708,0.0,0.0,0.71,0,2.51
2016-04-10,SKU-030,WH-CA1,SmartStock Optimized,412,0,0,0,412,0,0,0,0.708,0.0,0.0,0.71,0,2.51
2016-04-11,SKU-030,WH-CA1,SmartStock Optimized,412,0,0,0,412,0,0,0,0.708,0.0,0.0,0.71,0,2.51
2016-04-12,SKU-030,WH-CA1,SmartStock Optimized,412,0,0,0,412,0,0,0,0.708,0.0,0.0,0.71,0,2.51
2016-04-13,SKU-030,WH-CA1,SmartStock Optimized,412,0,0,0,412,0,0,0,0.708,0.0,0.0,0.71,0,2.51
2016-04-14,SKU-030,WH-CA1,SmartStock Optimized,412,0,0,0,412,0,0,0,0.708,0.0,0.0,0.71,0,2.51
2016-04-15,SKU-030,WH-CA1,SmartStock Optimized,412,0,0,0,412,0,0,0,0.708,0.0,0.0,0.71,0,2.51
2016-04-16,SKU-030,WH-CA1,SmartStock Optimized,412,0,0,0,412,0,0,0,0.708,0.0,0.0,0.71,0,2.51
2016-04-17,SKU-030,WH-CA1,SmartStock Optimized,412,0,0,0,412,0,0,0,0.708,0.0,0.0,0.71,0,2.51
2016-04-18,SKU-030,WH-CA1,SmartStock Optimized,412,0,0,0,412,0,0,0,0.708,0.0,0.0,0.71,0,2.51
2016-04-19,SKU-030,WH-CA1,SmartStock Optimized,412,0,0,0,412,0,0,0,0.708,0.0,0.0,0.71,0,2.51
2016-04-20,SKU-030,WH-CA1,SmartStock Optimized,412,0,0,0,412,0,0,0,0.708,0.0,0.0,0.71,0,2.51
2016-04-21,SKU-030,WH-CA1,SmartStock Optimized,412,0,0,0,412,0,0,0,0.708,0.0,0.0,0.71,0,2.51
2016-04-22,SKU-030,WH-CA1,SmartStock Optimized,412,0,0,0,412,0,0,0,0.708,0.0,0.0,0.71,0,2.51
2016-04-23,SKU-030,WH-CA1,SmartStock Optimized,412,1,1,0,411,0,0,0,0.707,0.0,0.0,0.71,0,2.51
2016-04-24,SKU-030,WH-CA1,SmartStock Optimized,411,2,2,0,409,0,0,0,0.703,0.0,0.0,0.7,0,2.51
2016-03-28,SKU-030,WH-TX1,SmartStock Optimized,6,0,0,0,6,216,216,0,0.008,90.0,0.0,90.01,0,2.51
2016-03-29,SKU-030,WH-TX1,SmartStock Optimized,6,0,0,0,6,216,0,0,0.008,0.0,0.0,0.01,0,2.51
2016-03-30,SKU-030,WH-TX1,SmartStock Optimized,6,0,0,0,6,216,0,0,0.008,0.0,0.0,0.01,0,2.51
2016-03-31,SKU-030,WH-TX1,SmartStock Optimized,6,1,1,0,5,216,0,0,0.007,0.0,0.0,0.01,0,2.51
2016-04-01,SKU-030,WH-TX1,SmartStock Optimized,5,0,0,0,5,216,0,0,0.007,0.0,0.0,0.01,0,2.51
2016-04-02,SKU-030,WH-TX1,SmartStock Optimized,5,0,0,0,5,216,0,0,0.007,0.0,0.0,0.01,0,2.51
2016-04-03,SKU-030,WH-TX1,SmartStock Optimized,5,1,1,0,4,216,0,0,0.006,0.0,0.0,0.01,0,2.51
2016-04-04,SKU-030,WH-TX1,SmartStock Optimized,4,0,0,0,4,216,0,0,0.006,0.0,0.0,0.01,0,2.51
2016-04-05,SKU-030,WH-TX1,SmartStock Optimized,4,0,0,0,4,216,0,0,0.006,0.0,0.0,0.01,0,2.51
2016-04-06,SKU-030,WH-TX1,SmartStock Optimized,4,0,0,0,4,216,0,0,0.006,0.0,0.0,0.01,0,2.51
2016-04-07,SKU-030,WH-TX1,SmartStock Optimized,220,0,0,0,220,0,0,216,0.303,0.0,0.0,0.3,0,2.51
2016-04-08,SKU-030,WH-TX1,SmartStock Optimized,220,0,0,0,220,0,0,0,0.303,0.0,0.0,0.3,0,2.51
2016-04-09,SKU-030,WH-TX1,SmartStock Optimized,220,0,0,0,220,0,0,0,0.303,0.0,0.0,0.3,0,2.51
2016-04-10,SKU-030,WH-TX1,SmartStock Optimized,220,1,1,0,219,0,0,0,0.301,0.0,0.0,0.3,0,2.51
2016-04-11,SKU-030,WH-TX1,SmartStock Optimized,219,0,0,0,219,0,0,0,0.301,0.0,0.0,0.3,0,2.51
2016-04-12,SKU-030,WH-TX1,SmartStock Optimized,219,0,0,0,219,0,0,0,0.301,0.0,0.0,0.3,0,2.51
2016-04-13,SKU-030,WH-TX1,SmartStock Optimized,219,1,1,0,218,0,0,0,0.3,0.0,0.0,0.3,0,2.51
2016-04-14,SKU-030,WH-TX1,SmartStock Optimized,218,0,0,0,218,0,0,0,0.3,0.0,0.0,0.3,0,2.51
2016-04-15,SKU-030,WH-TX1,SmartStock Optimized,218,0,0,0,218,0,0,0,0.3,0.0,0.0,0.3,0,2.51
2016-04-16,SKU-030,WH-TX1,SmartStock Optimized,218,0,0,0,218,0,0,0,0.3,0.0,0.0,0.3,0,2.51
2016-04-17,SKU-030,WH-TX1,SmartStock Optimized,218,0,0,0,218,0,0,0,0.3,0.0,0.0,0.3,0,2.51
2016-04-18,SKU-030,WH-TX1,SmartStock Optimized,218,0,0,0,218,0,0,0,0.3,0.0,0.0,0.3,0,2.51
2016-04-19,SKU-030,WH-TX1,SmartStock Optimized,218,0,0,0,218,0,0,0,0.3,0.0,0.0,0.3,0,2.51
2016-04-20,SKU-030,WH-TX1,SmartStock Optimized,218,0,0,0,218,0,0,0,0.3,0.0,0.0,0.3,0,2.51
2016-04-21,SKU-030,WH-TX1,SmartStock Optimized,218,0,0,0,218,0,0,0,0.3,0.0,0.0,0.3,0,2.51
2016-04-22,SKU-030,WH-TX1,SmartStock Optimized,218,0,0,0,218,0,0,0,0.3,0.0,0.0,0.3,0,2.51
2016-04-23,SKU-030,WH-TX1,SmartStock Optimized,218,0,0,0,218,0,0,0,0.3,0.0,0.0,0.3,0,2.51
2016-04-24,SKU-030,WH-TX1,SmartStock Optimized,218,3,3,0,215,0,0,0,0.296,0.0,0.0,0.3,0,2.51
2016-03-28,SKU-030,WH-WI1,SmartStock Optimized,16,1,1,0,15,384,384,0,0.023,90.0,0.0,90.02,0,2.51
2016-03-29,SKU-030,WH-WI1,SmartStock Optimized,15,0,0,0,15,384,0,0,0.023,0.0,0.0,0.02,0,2.51
2016-03-30,SKU-030,WH-WI1,SmartStock Optimized,15,1,1,0,14,384,0,0,0.021,0.0,0.0,0.02,0,2.51
2016-03-31,SKU-030,WH-WI1,SmartStock Optimized,14,1,1,0,13,384,0,0,0.02,0.0,0.0,0.02,0,2.51
2016-04-01,SKU-030,WH-WI1,SmartStock Optimized,13,0,0,0,13,384,0,0,0.02,0.0,0.0,0.02,0,2.51
2016-04-02,SKU-030,WH-WI1,SmartStock Optimized,13,3,3,0,10,384,0,0,0.015,0.0,0.0,0.01,0,2.51
2016-04-03,SKU-030,WH-WI1,SmartStock Optimized,10,1,1,0,9,384,0,0,0.014,0.0,0.0,0.01,0,2.51
2016-04-04,SKU-030,WH-WI1,SmartStock Optimized,9,1,1,0,8,384,0,0,0.012,0.0,0.0,0.01,0,2.51
2016-04-05,SKU-030,WH-WI1,SmartStock Optimized,8,1,1,0,7,384,0,0,0.011,0.0,0.0,0.01,0,2.51
2016-04-06,SKU-030,WH-WI1,SmartStock Optimized,7,0,0,0,7,384,0,0,0.011,0.0,0.0,0.01,0,2.51
2016-04-07,SKU-030,WH-WI1,SmartStock Optimized,7,1,1,0,6,384,0,0,0.009,0.0,0.0,0.01,0,2.51
2016-04-08,SKU-030,WH-WI1,SmartStock Optimized,390,1,1,0,389,0,0,384,0.589,0.0,0.0,0.59,0,2.51
2016-04-09,SKU-030,WH-WI1,SmartStock Optimized,389,1,1,0,388,0,0,0,0.587,0.0,0.0,0.59,0,2.51
2016-04-10,SKU-030,WH-WI1,SmartStock Optimized,388,0,0,0,388,0,0,0,0.587,0.0,0.0,0.59,0,2.51
2016-04-11,SKU-030,WH-WI1,SmartStock Optimized,388,0,0,0,388,0,0,0,0.587,0.0,0.0,0.59,0,2.51
2016-04-12,SKU-030,WH-WI1,SmartStock Optimized,388,2,2,0,386,0,0,0,0.584,0.0,0.0,0.58,0,2.51
2016-04-13,SKU-030,WH-WI1,SmartStock Optimized,386,1,1,0,385,0,0,0,0.582,0.0,0.0,0.58,0,2.51
2016-04-14,SKU-030,WH-WI1,SmartStock Optimized,385,1,1,0,384,0,0,0,0.581,0.0,0.0,0.58,0,2.51
2016-04-15,SKU-030,WH-WI1,SmartStock Optimized,384,4,4,0,380,0,0,0,0.575,0.0,0.0,0.57,0,2.51
2016-04-16,SKU-030,WH-WI1,SmartStock Optimized,380,3,3,0,377,0,0,0,0.57,0.0,0.0,0.57,0,2.51
2016-04-17,SKU-030,WH-WI1,SmartStock Optimized,377,0,0,0,377,0,0,0,0.57,0.0,0.0,0.57,0,2.51
2016-04-18,SKU-030,WH-WI1,SmartStock Optimized,377,1,1,0,376,0,0,0,0.569,0.0,0.0,0.57,0,2.51
2016-04-19,SKU-030,WH-WI1,SmartStock Optimized,376,0,0,0,376,0,0,0,0.569,0.0,0.0,0.57,0,2.51
2016-04-20,SKU-030,WH-WI1,SmartStock Optimized,376,0,0,0,376,0,0,0,0.569,0.0,0.0,0.57,0,2.51
2016-04-21,SKU-030,WH-WI1,SmartStock Optimized,376,1,1,0,375,0,0,0,0.567,0.0,0.0,0.57,0,2.51
2016-04-22,SKU-030,WH-WI1,SmartStock Optimized,375,1,1,0,374,0,0,0,0.566,0.0,0.0,0.57,0,2.51
2016-04-23,SKU-030,WH-WI1,SmartStock Optimized,374,1,1,0,373,0,0,0,0.564,0.0,0.0,0.56,0,2.51
2016-04-24,SKU-030,WH-WI1,SmartStock Optimized,373,2,2,0,371,0,0,0,0.561,0.0,0.0,0.56,0,2.51
2016-03-28,SKU-031,WH-CA1,SmartStock Optimized,5,0,0,0,5,132,132,0,0.012,90.0,0.0,90.01,0,3.5
2016-03-29,SKU-031,WH-CA1,SmartStock Optimized,5,0,0,0,5,132,0,0,0.012,0.0,0.0,0.01,0,3.5
2016-03-30,SKU-031,WH-CA1,SmartStock Optimized,5,0,0,0,5,132,0,0,0.012,0.0,0.0,0.01,0,3.5
2016-03-31,SKU-031,WH-CA1,SmartStock Optimized,5,0,0,0,5,132,0,0,0.012,0.0,0.0,0.01,0,3.5
2016-04-01,SKU-031,WH-CA1,SmartStock Optimized,5,0,0,0,5,132,0,0,0.012,0.0,0.0,0.01,0,3.5
2016-04-02,SKU-031,WH-CA1,SmartStock Optimized,5,1,1,0,4,132,0,0,0.01,0.0,0.0,0.01,0,3.5
2016-04-03,SKU-031,WH-CA1,SmartStock Optimized,4,1,1,0,3,132,0,0,0.007,0.0,0.0,0.01,0,3.5
2016-04-04,SKU-031,WH-CA1,SmartStock Optimized,3,0,0,0,3,132,0,0,0.007,0.0,0.0,0.01,0,3.5
2016-04-05,SKU-031,WH-CA1,SmartStock Optimized,3,0,0,0,3,132,0,0,0.007,0.0,0.0,0.01,0,3.5
2016-04-06,SKU-031,WH-CA1,SmartStock Optimized,3,0,0,0,3,132,0,0,0.007,0.0,0.0,0.01,0,3.5
2016-04-07,SKU-031,WH-CA1,SmartStock Optimized,3,0,0,0,3,132,0,0,0.007,0.0,0.0,0.01,0,3.5
2016-04-08,SKU-031,WH-CA1,SmartStock Optimized,3,0,0,0,3,132,0,0,0.007,0.0,0.0,0.01,0,3.5
2016-04-09,SKU-031,WH-CA1,SmartStock Optimized,3,0,0,0,3,132,0,0,0.007,0.0,0.0,0.01,0,3.5
2016-04-10,SKU-031,WH-CA1,SmartStock Optimized,3,1,1,0,2,132,0,0,0.005,0.0,0.0,0.01,0,3.5
2016-04-11,SKU-031,WH-CA1,SmartStock Optimized,2,1,1,0,1,132,0,0,0.002,0.0,0.0,0.0,0,3.5
2016-04-12,SKU-031,WH-CA1,SmartStock Optimized,1,1,1,0,0,132,0,0,0.0,0.0,0.0,0.0,0,3.5
2016-04-13,SKU-031,WH-CA1,SmartStock Optimized,132,0,0,0,132,0,0,132,0.316,0.0,0.0,0.32,0,3.5
2016-04-14,SKU-031,WH-CA1,SmartStock Optimized,132,0,0,0,132,0,0,0,0.316,0.0,0.0,0.32,0,3.5
2016-04-15,SKU-031,WH-CA1,SmartStock Optimized,132,0,0,0,132,0,0,0,0.316,0.0,0.0,0.32,0,3.5
2016-04-16,SKU-031,WH-CA1,SmartStock Optimized,132,0,0,0,132,0,0,0,0.316,0.0,0.0,0.32,0,3.5
2016-04-17,SKU-031,WH-CA1,SmartStock Optimized,132,0,0,0,132,0,0,0,0.316,0.0,0.0,0.32,0,3.5
2016-04-18,SKU-031,WH-CA1,SmartStock Optimized,132,0,0,0,132,0,0,0,0.316,0.0,0.0,0.32,0,3.5
2016-04-19,SKU-031,WH-CA1,SmartStock Optimized,132,1,1,0,131,0,0,0,0.314,0.0,0.0,0.31,0,3.5
2016-04-20,SKU-031,WH-CA1,SmartStock Optimized,131,0,0,0,131,0,0,0,0.314,0.0,0.0,0.31,0,3.5
2016-04-21,SKU-031,WH-CA1,SmartStock Optimized,131,0,0,0,131,0,0,0,0.314,0.0,0.0,0.31,0,3.5
2016-04-22,SKU-031,WH-CA1,SmartStock Optimized,131,1,1,0,130,0,0,0,0.312,0.0,0.0,0.31,0,3.5
2016-04-23,SKU-031,WH-CA1,SmartStock Optimized,130,0,0,0,130,0,0,0,0.312,0.0,0.0,0.31,0,3.5
2016-04-24,SKU-031,WH-CA1,SmartStock Optimized,130,0,0,0,130,0,0,0,0.312,0.0,0.0,0.31,0,3.5
2016-03-28,SKU-031,WH-TX1,SmartStock Optimized,5,0,0,0,5,108,108,0,0.01,90.0,0.0,90.01,0,3.5
2016-03-29,SKU-031,WH-TX1,SmartStock Optimized,5,2,2,0,3,108,0,0,0.006,0.0,0.0,0.01,0,3.5
2016-03-30,SKU-031,WH-TX1,SmartStock Optimized,3,0,0,0,3,108,0,0,0.006,0.0,0.0,0.01,0,3.5
2016-03-31,SKU-031,WH-TX1,SmartStock Optimized,3,1,1,0,2,108,0,0,0.004,0.0,0.0,0.0,0,3.5
2016-04-01,SKU-031,WH-TX1,SmartStock Optimized,2,0,0,0,2,108,0,0,0.004,0.0,0.0,0.0,0,3.5
2016-04-02,SKU-031,WH-TX1,SmartStock Optimized,2,1,1,0,1,108,0,0,0.002,0.0,0.0,0.0,0,3.5
2016-04-03,SKU-031,WH-TX1,SmartStock Optimized,1,0,0,0,1,108,0,0,0.002,0.0,0.0,0.0,0,3.5
2016-04-04,SKU-031,WH-TX1,SmartStock Optimized,1,0,0,0,1,108,0,0,0.002,0.0,0.0,0.0,0,3.5
2016-04-05,SKU-031,WH-TX1,SmartStock Optimized,1,0,0,0,1,108,0,0,0.002,0.0,0.0,0.0,0,3.5
2016-04-06,SKU-031,WH-TX1,SmartStock Optimized,1,1,1,0,0,108,0,0,0.0,0.0,0.0,0.0,0,3.5
2016-04-07,SKU-031,WH-TX1,SmartStock Optimized,0,0,0,0,0,108,0,0,0.0,0.0,0.0,0.0,0,3.5
2016-04-08,SKU-031,WH-TX1,SmartStock Optimized,108,0,0,0,108,0,0,108,0.207,0.0,0.0,0.21,0,3.5
2016-04-09,SKU-031,WH-TX1,SmartStock Optimized,108,0,0,0,108,0,0,0,0.207,0.0,0.0,0.21,0,3.5
2016-04-10,SKU-031,WH-TX1,SmartStock Optimized,108,0,0,0,108,0,0,0,0.207,0.0,0.0,0.21,0,3.5
2016-04-11,SKU-031,WH-TX1,SmartStock Optimized,108,0,0,0,108,0,0,0,0.207,0.0,0.0,0.21,0,3.5
2016-04-12,SKU-031,WH-TX1,SmartStock Optimized,108,0,0,0,108,0,0,0,0.207,0.0,0.0,0.21,0,3.5
2016-04-13,SKU-031,WH-TX1,SmartStock Optimized,108,1,1,0,107,0,0,0,0.205,0.0,0.0,0.2,0,3.5
2016-04-14,SKU-031,WH-TX1,SmartStock Optimized,107,0,0,0,107,0,0,0,0.205,0.0,0.0,0.2,0,3.5
2016-04-15,SKU-031,WH-TX1,SmartStock Optimized,107,0,0,0,107,0,0,0,0.205,0.0,0.0,0.2,0,3.5
2016-04-16,SKU-031,WH-TX1,SmartStock Optimized,107,0,0,0,107,0,0,0,0.205,0.0,0.0,0.2,0,3.5
2016-04-17,SKU-031,WH-TX1,SmartStock Optimized,107,0,0,0,107,0,0,0,0.205,0.0,0.0,0.2,0,3.5
2016-04-18,SKU-031,WH-TX1,SmartStock Optimized,107,0,0,0,107,0,0,0,0.205,0.0,0.0,0.2,0,3.5
2016-04-19,SKU-031,WH-TX1,SmartStock Optimized,107,1,1,0,106,0,0,0,0.203,0.0,0.0,0.2,0,3.5
2016-04-20,SKU-031,WH-TX1,SmartStock Optimized,106,0,0,0,106,0,0,0,0.203,0.0,0.0,0.2,0,3.5
2016-04-21,SKU-031,WH-TX1,SmartStock Optimized,106,0,0,0,106,0,0,0,0.203,0.0,0.0,0.2,0,3.5
2016-04-22,SKU-031,WH-TX1,SmartStock Optimized,106,0,0,0,106,0,0,0,0.203,0.0,0.0,0.2,0,3.5
2016-04-23,SKU-031,WH-TX1,SmartStock Optimized,106,0,0,0,106,0,0,0,0.203,0.0,0.0,0.2,0,3.5
2016-04-24,SKU-031,WH-TX1,SmartStock Optimized,106,0,0,0,106,0,0,0,0.203,0.0,0.0,0.2,0,3.5
2016-03-28,SKU-031,WH-WI1,SmartStock Optimized,6,0,0,0,6,144,144,0,0.013,90.0,0.0,90.01,0,3.5
2016-03-29,SKU-031,WH-WI1,SmartStock Optimized,6,0,0,0,6,144,0,0,0.013,0.0,0.0,0.01,0,3.5
2016-03-30,SKU-031,WH-WI1,SmartStock Optimized,6,0,0,0,6,144,0,0,0.013,0.0,0.0,0.01,0,3.5
2016-03-31,SKU-031,WH-WI1,SmartStock Optimized,6,0,0,0,6,144,0,0,0.013,0.0,0.0,0.01,0,3.5
2016-04-01,SKU-031,WH-WI1,SmartStock Optimized,6,0,0,0,6,144,0,0,0.013,0.0,0.0,0.01,0,3.5
2016-04-02,SKU-031,WH-WI1,SmartStock Optimized,6,1,1,0,5,144,0,0,0.011,0.0,0.0,0.01,0,3.5
2016-04-03,SKU-031,WH-WI1,SmartStock Optimized,5,0,0,0,5,144,0,0,0.011,0.0,0.0,0.01,0,3.5
2016-04-04,SKU-031,WH-WI1,SmartStock Optimized,5,0,0,0,5,144,0,0,0.011,0.0,0.0,0.01,0,3.5
2016-04-05,SKU-031,WH-WI1,SmartStock Optimized,5,0,0,0,5,144,0,0,0.011,0.0,0.0,0.01,0,3.5
2016-04-06,SKU-031,WH-WI1,SmartStock Optimized,5,0,0,0,5,144,0,0,0.011,0.0,0.0,0.01,0,3.5
2016-04-07,SKU-031,WH-WI1,SmartStock Optimized,5,1,1,0,4,144,0,0,0.008,0.0,0.0,0.01,0,3.5
2016-04-08,SKU-031,WH-WI1,SmartStock Optimized,4,0,0,0,4,144,0,0,0.008,0.0,0.0,0.01,0,3.5
2016-04-09,SKU-031,WH-WI1,SmartStock Optimized,4,1,1,0,3,144,0,0,0.006,0.0,0.0,0.01,0,3.5
2016-04-10,SKU-031,WH-WI1,SmartStock Optimized,147,2,2,0,145,0,0,144,0.306,0.0,0.0,0.31,0,3.5
2016-04-11,SKU-031,WH-WI1,SmartStock Optimized,145,0,0,0,145,0,0,0,0.306,0.0,0.0,0.31,0,3.5
2016-04-12,SKU-031,WH-WI1,SmartStock Optimized,145,0,0,0,145,0,0,0,0.306,0.0,0.0,0.31,0,3.5
2016-04-13,SKU-031,WH-WI1,SmartStock Optimized,145,1,1,0,144,0,0,0,0.304,0.0,0.0,0.3,0,3.5
2016-04-14,SKU-031,WH-WI1,SmartStock Optimized,144,0,0,0,144,0,0,0,0.304,0.0,0.0,0.3,0,3.5
2016-04-15,SKU-031,WH-WI1,SmartStock Optimized,144,0,0,0,144,0,0,0,0.304,0.0,0.0,0.3,0,3.5
2016-04-16,SKU-031,WH-WI1,SmartStock Optimized,144,1,1,0,143,0,0,0,0.302,0.0,0.0,0.3,0,3.5
2016-04-17,SKU-031,WH-WI1,SmartStock Optimized,143,0,0,0,143,0,0,0,0.302,0.0,0.0,0.3,0,3.5
2016-04-18,SKU-031,WH-WI1,SmartStock Optimized,143,0,0,0,143,0,0,0,0.302,0.0,0.0,0.3,0,3.5
2016-04-19,SKU-031,WH-WI1,SmartStock Optimized,143,0,0,0,143,0,0,0,0.302,0.0,0.0,0.3,0,3.5
2016-04-20,SKU-031,WH-WI1,SmartStock Optimized,143,0,0,0,143,0,0,0,0.302,0.0,0.0,0.3,0,3.5
2016-04-21,SKU-031,WH-WI1,SmartStock Optimized,143,0,0,0,143,0,0,0,0.302,0.0,0.0,0.3,0,3.5
2016-04-22,SKU-031,WH-WI1,SmartStock Optimized,143,0,0,0,143,0,0,0,0.302,0.0,0.0,0.3,0,3.5
2016-04-23,SKU-031,WH-WI1,SmartStock Optimized,143,0,0,0,143,0,0,0,0.302,0.0,0.0,0.3,0,3.5
2016-04-24,SKU-031,WH-WI1,SmartStock Optimized,143,1,1,0,142,0,0,0,0.3,0.0,0.0,0.3,0,3.5
2016-03-28,SKU-032,WH-CA1,SmartStock Optimized,6,0,0,0,6,132,132,0,0.018,90.0,0.0,90.02,0,4.47
2016-03-29,SKU-032,WH-CA1,SmartStock Optimized,6,0,0,0,6,132,0,0,0.018,0.0,0.0,0.02,0,4.47
2016-03-30,SKU-032,WH-CA1,SmartStock Optimized,6,0,0,0,6,132,0,0,0.018,0.0,0.0,0.02,0,4.47
2016-03-31,SKU-032,WH-CA1,SmartStock Optimized,6,0,0,0,6,132,0,0,0.018,0.0,0.0,0.02,0,4.47
2016-04-01,SKU-032,WH-CA1,SmartStock Optimized,6,0,0,0,6,132,0,0,0.018,0.0,0.0,0.02,0,4.47
2016-04-02,SKU-032,WH-CA1,SmartStock Optimized,6,1,1,0,5,132,0,0,0.015,0.0,0.0,0.01,0,4.47
2016-04-03,SKU-032,WH-CA1,SmartStock Optimized,5,0,0,0,5,132,0,0,0.015,0.0,0.0,0.01,0,4.47
2016-04-04,SKU-032,WH-CA1,SmartStock Optimized,5,0,0,0,5,132,0,0,0.015,0.0,0.0,0.01,0,4.47
2016-04-05,SKU-032,WH-CA1,SmartStock Optimized,5,0,0,0,5,132,0,0,0.015,0.0,0.0,0.01,0,4.47
2016-04-06,SKU-032,WH-CA1,SmartStock Optimized,5,0,0,0,5,132,0,0,0.015,0.0,0.0,0.01,0,4.47
2016-04-07,SKU-032,WH-CA1,SmartStock Optimized,5,0,0,0,5,132,0,0,0.015,0.0,0.0,0.01,0,4.47
2016-04-08,SKU-032,WH-CA1,SmartStock Optimized,137,0,0,0,137,0,0,132,0.419,0.0,0.0,0.42,0,4.47
2016-04-09,SKU-032,WH-CA1,SmartStock Optimized,137,0,0,0,137,0,0,0,0.419,0.0,0.0,0.42,0,4.47
2016-04-10,SKU-032,WH-CA1,SmartStock Optimized,137,0,0,0,137,0,0,0,0.419,0.0,0.0,0.42,0,4.47
2016-04-11,SKU-032,WH-CA1,SmartStock Optimized,137,0,0,0,137,0,0,0,0.419,0.0,0.0,0.42,0,4.47
2016-04-12,SKU-032,WH-CA1,SmartStock Optimized,137,2,2,0,135,0,0,0,0.413,0.0,0.0,0.41,0,4.47
2016-04-13,SKU-032,WH-CA1,SmartStock Optimized,135,0,0,0,135,0,0,0,0.413,0.0,0.0,0.41,0,4.47
2016-04-14,SKU-032,WH-CA1,SmartStock Optimized,135,0,0,0,135,0,0,0,0.413,0.0,0.0,0.41,0,4.47
2016-04-15,SKU-032,WH-CA1,SmartStock Optimized,135,0,0,0,135,0,0,0,0.413,0.0,0.0,0.41,0,4.47
2016-04-16,SKU-032,WH-CA1,SmartStock Optimized,135,0,0,0,135,0,0,0,0.413,0.0,0.0,0.41,0,4.47
2016-04-17,SKU-032,WH-CA1,SmartStock Optimized,135,0,0,0,135,0,0,0,0.413,0.0,0.0,0.41,0,4.47
2016-04-18,SKU-032,WH-CA1,SmartStock Optimized,135,0,0,0,135,0,0,0,0.413,0.0,0.0,0.41,0,4.47
2016-04-19,SKU-032,WH-CA1,SmartStock Optimized,135,0,0,0,135,0,0,0,0.413,0.0,0.0,0.41,0,4.47
2016-04-20,SKU-032,WH-CA1,SmartStock Optimized,135,0,0,0,135,0,0,0,0.413,0.0,0.0,0.41,0,4.47
2016-04-21,SKU-032,WH-CA1,SmartStock Optimized,135,0,0,0,135,0,0,0,0.413,0.0,0.0,0.41,0,4.47
2016-04-22,SKU-032,WH-CA1,SmartStock Optimized,135,0,0,0,135,0,0,0,0.413,0.0,0.0,0.41,0,4.47
2016-04-23,SKU-032,WH-CA1,SmartStock Optimized,135,0,0,0,135,0,0,0,0.413,0.0,0.0,0.41,0,4.47
2016-04-24,SKU-032,WH-CA1,SmartStock Optimized,135,0,0,0,135,0,0,0,0.413,0.0,0.0,0.41,0,4.47
2016-03-28,SKU-032,WH-TX1,SmartStock Optimized,8,0,0,0,8,192,192,0,0.02,90.0,0.0,90.02,0,4.47
2016-03-29,SKU-032,WH-TX1,SmartStock Optimized,8,0,0,0,8,192,0,0,0.02,0.0,0.0,0.02,0,4.47
2016-03-30,SKU-032,WH-TX1,SmartStock Optimized,8,1,1,0,7,192,0,0,0.017,0.0,0.0,0.02,0,4.47
2016-03-31,SKU-032,WH-TX1,SmartStock Optimized,7,1,1,0,6,192,0,0,0.015,0.0,0.0,0.01,0,4.47
2016-04-01,SKU-032,WH-TX1,SmartStock Optimized,6,0,0,0,6,192,0,0,0.015,0.0,0.0,0.01,0,4.47
2016-04-02,SKU-032,WH-TX1,SmartStock Optimized,6,0,0,0,6,192,0,0,0.015,0.0,0.0,0.01,0,4.47
2016-04-03,SKU-032,WH-TX1,SmartStock Optimized,6,1,1,0,5,192,0,0,0.012,0.0,0.0,0.01,0,4.47
2016-04-04,SKU-032,WH-TX1,SmartStock Optimized,5,0,0,0,5,192,0,0,0.012,0.0,0.0,0.01,0,4.47
2016-04-05,SKU-032,WH-TX1,SmartStock Optimized,5,1,1,0,4,192,0,0,0.01,0.0,0.0,0.01,0,4.47
2016-04-06,SKU-032,WH-TX1,SmartStock Optimized,4,0,0,0,4,192,0,0,0.01,0.0,0.0,0.01,0,4.47
2016-04-07,SKU-032,WH-TX1,SmartStock Optimized,4,0,0,0,4,192,0,0,0.01,0.0,0.0,0.01,0,4.47
2016-04-08,SKU-032,WH-TX1,SmartStock Optimized,196,0,0,0,196,0,0,192,0.48,0.0,0.0,0.48,0,4.47
2016-04-09,SKU-032,WH-TX1,SmartStock Optimized,196,0,0,0,196,0,0,0,0.48,0.0,0.0,0.48,0,4.47
2016-04-10,SKU-032,WH-TX1,SmartStock Optimized,196,2,2,0,194,0,0,0,0.475,0.0,0.0,0.47,0,4.47
2016-04-11,SKU-032,WH-TX1,SmartStock Optimized,194,1,1,0,193,0,0,0,0.473,0.0,0.0,0.47,0,4.47
2016-04-12,SKU-032,WH-TX1,SmartStock Optimized,193,0,0,0,193,0,0,0,0.473,0.0,0.0,0.47,0,4.47
2016-04-13,SKU-032,WH-TX1,SmartStock Optimized,193,3,3,0,190,0,0,0,0.465,0.0,0.0,0.47,0,4.47
2016-04-14,SKU-032,WH-TX1,SmartStock Optimized,190,0,0,0,190,0,0,0,0.465,0.0,0.0,0.47,0,4.47
2016-04-15,SKU-032,WH-TX1,SmartStock Optimized,190,2,2,0,188,0,0,0,0.46,0.0,0.0,0.46,0,4.47
2016-04-16,SKU-032,WH-TX1,SmartStock Optimized,188,0,0,0,188,0,0,0,0.46,0.0,0.0,0.46,0,4.47
2016-04-17,SKU-032,WH-TX1,SmartStock Optimized,188,0,0,0,188,0,0,0,0.46,0.0,0.0,0.46,0,4.47
2016-04-18,SKU-032,WH-TX1,SmartStock Optimized,188,1,1,0,187,0,0,0,0.458,0.0,0.0,0.46,0,4.47
2016-04-19,SKU-032,WH-TX1,SmartStock Optimized,187,2,2,0,185,0,0,0,0.453,0.0,0.0,0.45,0,4.47
2016-04-20,SKU-032,WH-TX1,SmartStock Optimized,185,1,1,0,184,0,0,0,0.451,0.0,0.0,0.45,0,4.47
2016-04-21,SKU-032,WH-TX1,SmartStock Optimized,184,0,0,0,184,0,0,0,0.451,0.0,0.0,0.45,0,4.47
2016-04-22,SKU-032,WH-TX1,SmartStock Optimized,184,1,1,0,183,0,0,0,0.448,0.0,0.0,0.45,0,4.47
2016-04-23,SKU-032,WH-TX1,SmartStock Optimized,183,0,0,0,183,0,0,0,0.448,0.0,0.0,0.45,0,4.47
2016-04-24,SKU-032,WH-TX1,SmartStock Optimized,183,1,1,0,182,0,0,0,0.446,0.0,0.0,0.45,0,4.47
2016-03-28,SKU-032,WH-WI1,SmartStock Optimized,5,0,0,0,5,0,0,0,0.013,0.0,0.0,0.01,0,4.47
2016-03-29,SKU-032,WH-WI1,SmartStock Optimized,5,0,0,0,5,0,0,0,0.013,0.0,0.0,0.01,0,4.47
2016-03-30,SKU-032,WH-WI1,SmartStock Optimized,5,0,0,0,5,0,0,0,0.013,0.0,0.0,0.01,0,4.47
2016-03-31,SKU-032,WH-WI1,SmartStock Optimized,5,0,0,0,5,0,0,0,0.013,0.0,0.0,0.01,0,4.47
2016-04-01,SKU-032,WH-WI1,SmartStock Optimized,5,0,0,0,5,0,0,0,0.013,0.0,0.0,0.01,0,4.47
2016-04-02,SKU-032,WH-WI1,SmartStock Optimized,5,0,0,0,5,0,0,0,0.013,0.0,0.0,0.01,0,4.47
2016-04-03,SKU-032,WH-WI1,SmartStock Optimized,5,0,0,0,5,0,0,0,0.013,0.0,0.0,0.01,0,4.47
2016-04-04,SKU-032,WH-WI1,SmartStock Optimized,5,0,0,0,5,0,0,0,0.013,0.0,0.0,0.01,0,4.47
2016-04-05,SKU-032,WH-WI1,SmartStock Optimized,5,0,0,0,5,0,0,0,0.013,0.0,0.0,0.01,0,4.47
2016-04-06,SKU-032,WH-WI1,SmartStock Optimized,5,0,0,0,5,0,0,0,0.013,0.0,0.0,0.01,0,4.47
2016-04-07,SKU-032,WH-WI1,SmartStock Optimized,5,0,0,0,5,0,0,0,0.013,0.0,0.0,0.01,0,4.47
2016-04-08,SKU-032,WH-WI1,SmartStock Optimized,5,0,0,0,5,0,0,0,0.013,0.0,0.0,0.01,0,4.47
2016-04-09,SKU-032,WH-WI1,SmartStock Optimized,5,0,0,0,5,0,0,0,0.013,0.0,0.0,0.01,0,4.47
2016-04-10,SKU-032,WH-WI1,SmartStock Optimized,5,0,0,0,5,0,0,0,0.013,0.0,0.0,0.01,0,4.47
2016-04-11,SKU-032,WH-WI1,SmartStock Optimized,5,0,0,0,5,0,0,0,0.013,0.0,0.0,0.01,0,4.47
2016-04-12,SKU-032,WH-WI1,SmartStock Optimized,5,0,0,0,5,0,0,0,0.013,0.0,0.0,0.01,0,4.47
2016-04-13,SKU-032,WH-WI1,SmartStock Optimized,5,0,0,0,5,0,0,0,0.013,0.0,0.0,0.01,0,4.47
2016-04-14,SKU-032,WH-WI1,SmartStock Optimized,5,0,0,0,5,0,0,0,0.013,0.0,0.0,0.01,0,4.47
2016-04-15,SKU-032,WH-WI1,SmartStock Optimized,5,0,0,0,5,0,0,0,0.013,0.0,0.0,0.01,0,4.47
2016-04-16,SKU-032,WH-WI1,SmartStock Optimized,5,0,0,0,5,0,0,0,0.013,0.0,0.0,0.01,0,4.47
2016-04-17,SKU-032,WH-WI1,SmartStock Optimized,5,0,0,0,5,0,0,0,0.013,0.0,0.0,0.01,0,4.47
2016-04-18,SKU-032,WH-WI1,SmartStock Optimized,5,0,0,0,5,0,0,0,0.013,0.0,0.0,0.01,0,4.47
2016-04-19,SKU-032,WH-WI1,SmartStock Optimized,5,0,0,0,5,0,0,0,0.013,0.0,0.0,0.01,0,4.47
2016-04-20,SKU-032,WH-WI1,SmartStock Optimized,5,1,1,0,4,84,84,0,0.011,90.0,0.0,90.01,0,4.47
2016-04-21,SKU-032,WH-WI1,SmartStock Optimized,4,0,0,0,4,84,0,0,0.011,0.0,0.0,0.01,0,4.47
2016-04-22,SKU-032,WH-WI1,SmartStock Optimized,4,0,0,0,4,84,0,0,0.011,0.0,0.0,0.01,0,4.47
2016-04-23,SKU-032,WH-WI1,SmartStock Optimized,4,1,1,0,3,84,0,0,0.008,0.0,0.0,0.01,0,4.47
2016-04-24,SKU-032,WH-WI1,SmartStock Optimized,3,0,0,0,3,84,0,0,0.008,0.0,0.0,0.01,0,4.47
2016-03-28,SKU-033,WH-CA1,SmartStock Optimized,6,0,0,0,6,120,120,0,0.026,90.0,0.0,90.03,0,6.31
2016-03-29,SKU-033,WH-CA1,SmartStock Optimized,6,0,0,0,6,120,0,0,0.026,0.0,0.0,0.03,0,6.31
2016-03-30,SKU-033,WH-CA1,SmartStock Optimized,6,0,0,0,6,120,0,0,0.026,0.0,0.0,0.03,0,6.31
2016-03-31,SKU-033,WH-CA1,SmartStock Optimized,6,0,0,0,6,120,0,0,0.026,0.0,0.0,0.03,0,6.31
2016-04-01,SKU-033,WH-CA1,SmartStock Optimized,6,0,0,0,6,120,0,0,0.026,0.0,0.0,0.03,0,6.31
2016-04-02,SKU-033,WH-CA1,SmartStock Optimized,6,0,0,0,6,120,0,0,0.026,0.0,0.0,0.03,0,6.31
2016-04-03,SKU-033,WH-CA1,SmartStock Optimized,6,0,0,0,6,120,0,0,0.026,0.0,0.0,0.03,0,6.31
2016-04-04,SKU-033,WH-CA1,SmartStock Optimized,6,0,0,0,6,120,0,0,0.026,0.0,0.0,0.03,0,6.31
2016-04-05,SKU-033,WH-CA1,SmartStock Optimized,6,0,0,0,6,120,0,0,0.026,0.0,0.0,0.03,0,6.31
2016-04-06,SKU-033,WH-CA1,SmartStock Optimized,6,0,0,0,6,120,0,0,0.026,0.0,0.0,0.03,0,6.31
2016-04-07,SKU-033,WH-CA1,SmartStock Optimized,6,0,0,0,6,120,0,0,0.026,0.0,0.0,0.03,0,6.31
2016-04-08,SKU-033,WH-CA1,SmartStock Optimized,126,0,0,0,126,0,0,120,0.545,0.0,0.0,0.55,0,6.31
2016-04-09,SKU-033,WH-CA1,SmartStock Optimized,126,0,0,0,126,0,0,0,0.545,0.0,0.0,0.55,0,6.31
2016-04-10,SKU-033,WH-CA1,SmartStock Optimized,126,0,0,0,126,0,0,0,0.545,0.0,0.0,0.55,0,6.31
2016-04-11,SKU-033,WH-CA1,SmartStock Optimized,126,0,0,0,126,0,0,0,0.545,0.0,0.0,0.55,0,6.31
2016-04-12,SKU-033,WH-CA1,SmartStock Optimized,126,0,0,0,126,0,0,0,0.545,0.0,0.0,0.55,0,6.31
2016-04-13,SKU-033,WH-CA1,SmartStock Optimized,126,0,0,0,126,0,0,0,0.545,0.0,0.0,0.55,0,6.31
2016-04-14,SKU-033,WH-CA1,SmartStock Optimized,126,0,0,0,126,0,0,0,0.545,0.0,0.0,0.55,0,6.31
2016-04-15,SKU-033,WH-CA1,SmartStock Optimized,126,0,0,0,126,0,0,0,0.545,0.0,0.0,0.55,0,6.31
2016-04-16,SKU-033,WH-CA1,SmartStock Optimized,126,0,0,0,126,0,0,0,0.545,0.0,0.0,0.55,0,6.31
2016-04-17,SKU-033,WH-CA1,SmartStock Optimized,126,0,0,0,126,0,0,0,0.545,0.0,0.0,0.55,0,6.31
2016-04-18,SKU-033,WH-CA1,SmartStock Optimized,126,0,0,0,126,0,0,0,0.545,0.0,0.0,0.55,0,6.31
2016-04-19,SKU-033,WH-CA1,SmartStock Optimized,126,0,0,0,126,0,0,0,0.545,0.0,0.0,0.55,0,6.31
2016-04-20,SKU-033,WH-CA1,SmartStock Optimized,126,0,0,0,126,0,0,0,0.545,0.0,0.0,0.55,0,6.31
2016-04-21,SKU-033,WH-CA1,SmartStock Optimized,126,0,0,0,126,0,0,0,0.545,0.0,0.0,0.55,0,6.31
2016-04-22,SKU-033,WH-CA1,SmartStock Optimized,126,0,0,0,126,0,0,0,0.545,0.0,0.0,0.55,0,6.31
2016-04-23,SKU-033,WH-CA1,SmartStock Optimized,126,1,1,0,125,0,0,0,0.54,0.0,0.0,0.54,0,6.31
2016-04-24,SKU-033,WH-CA1,SmartStock Optimized,125,1,1,0,124,0,0,0,0.536,0.0,0.0,0.54,0,6.31
2016-03-28,SKU-033,WH-TX1,SmartStock Optimized,7,0,0,0,7,144,144,0,0.024,90.0,0.0,90.02,0,6.31
2016-03-29,SKU-033,WH-TX1,SmartStock Optimized,7,0,0,0,7,144,0,0,0.024,0.0,0.0,0.02,0,6.31
2016-03-30,SKU-033,WH-TX1,SmartStock Optimized,7,1,1,0,6,144,0,0,0.021,0.0,0.0,0.02,0,6.31
2016-03-31,SKU-033,WH-TX1,SmartStock Optimized,6,0,0,0,6,144,0,0,0.021,0.0,0.0,0.02,0,6.31
2016-04-01,SKU-033,WH-TX1,SmartStock Optimized,6,0,0,0,6,144,0,0,0.021,0.0,0.0,0.02,0,6.31
2016-04-02,SKU-033,WH-TX1,SmartStock Optimized,6,0,0,0,6,144,0,0,0.021,0.0,0.0,0.02,0,6.31
2016-04-03,SKU-033,WH-TX1,SmartStock Optimized,6,0,0,0,6,144,0,0,0.021,0.0,0.0,0.02,0,6.31
2016-04-04,SKU-033,WH-TX1,SmartStock Optimized,6,1,1,0,5,144,0,0,0.017,0.0,0.0,0.02,0,6.31
2016-04-05,SKU-033,WH-TX1,SmartStock Optimized,149,0,0,0,149,0,0,144,0.515,0.0,0.0,0.52,0,6.31
2016-04-06,SKU-033,WH-TX1,SmartStock Optimized,149,0,0,0,149,0,0,0,0.515,0.0,0.0,0.52,0,6.31
2016-04-07,SKU-033,WH-TX1,SmartStock Optimized,149,1,1,0,148,0,0,0,0.512,0.0,0.0,0.51,0,6.31
2016-04-08,SKU-033,WH-TX1,SmartStock Optimized,148,1,1,0,147,0,0,0,0.508,0.0,0.0,0.51,0,6.31
2016-04-09,SKU-033,WH-TX1,SmartStock Optimized,147,0,0,0,147,0,0,0,0.508,0.0,0.0,0.51,0,6.31
2016-04-10,SKU-033,WH-TX1,SmartStock Optimized,147,1,1,0,146,0,0,0,0.505,0.0,0.0,0.51,0,6.31
2016-04-11,SKU-033,WH-TX1,SmartStock Optimized,146,0,0,0,146,0,0,0,0.505,0.0,0.0,0.51,0,6.31
2016-04-12,SKU-033,WH-TX1,SmartStock Optimized,146,0,0,0,146,0,0,0,0.505,0.0,0.0,0.51,0,6.31
2016-04-13,SKU-033,WH-TX1,SmartStock Optimized,146,0,0,0,146,0,0,0,0.505,0.0,0.0,0.51,0,6.31
2016-04-14,SKU-033,WH-TX1,SmartStock Optimized,146,0,0,0,146,0,0,0,0.505,0.0,0.0,0.51,0,6.31
2016-04-15,SKU-033,WH-TX1,SmartStock Optimized,146,0,0,0,146,0,0,0,0.505,0.0,0.0,0.51,0,6.31
2016-04-16,SKU-033,WH-TX1,SmartStock Optimized,146,1,1,0,145,0,0,0,0.501,0.0,0.0,0.5,0,6.31
2016-04-17,SKU-033,WH-TX1,SmartStock Optimized,145,0,0,0,145,0,0,0,0.501,0.0,0.0,0.5,0,6.31
2016-04-18,SKU-033,WH-TX1,SmartStock Optimized,145,0,0,0,145,0,0,0,0.501,0.0,0.0,0.5,0,6.31
2016-04-19,SKU-033,WH-TX1,SmartStock Optimized,145,0,0,0,145,0,0,0,0.501,0.0,0.0,0.5,0,6.31
2016-04-20,SKU-033,WH-TX1,SmartStock Optimized,145,0,0,0,145,0,0,0,0.501,0.0,0.0,0.5,0,6.31
2016-04-21,SKU-033,WH-TX1,SmartStock Optimized,145,0,0,0,145,0,0,0,0.501,0.0,0.0,0.5,0,6.31
2016-04-22,SKU-033,WH-TX1,SmartStock Optimized,145,0,0,0,145,0,0,0,0.501,0.0,0.0,0.5,0,6.31
2016-04-23,SKU-033,WH-TX1,SmartStock Optimized,145,2,2,0,143,0,0,0,0.494,0.0,0.0,0.49,0,6.31
2016-04-24,SKU-033,WH-TX1,SmartStock Optimized,143,1,1,0,142,0,0,0,0.491,0.0,0.0,0.49,0,6.31
2016-03-28,SKU-033,WH-WI1,SmartStock Optimized,5,0,0,0,5,96,96,0,0.019,90.0,0.0,90.02,0,6.31
2016-03-29,SKU-033,WH-WI1,SmartStock Optimized,5,1,1,0,4,96,0,0,0.015,0.0,0.0,0.01,0,6.31
2016-03-30,SKU-033,WH-WI1,SmartStock Optimized,4,0,0,0,4,96,0,0,0.015,0.0,0.0,0.01,0,6.31
2016-03-31,SKU-033,WH-WI1,SmartStock Optimized,4,0,0,0,4,96,0,0,0.015,0.0,0.0,0.01,0,6.31
2016-04-01,SKU-033,WH-WI1,SmartStock Optimized,4,0,0,0,4,96,0,0,0.015,0.0,0.0,0.01,0,6.31
2016-04-02,SKU-033,WH-WI1,SmartStock Optimized,4,0,0,0,4,96,0,0,0.015,0.0,0.0,0.01,0,6.31
2016-04-03,SKU-033,WH-WI1,SmartStock Optimized,4,0,0,0,4,96,0,0,0.015,0.0,0.0,0.01,0,6.31
2016-04-04,SKU-033,WH-WI1,SmartStock Optimized,4,0,0,0,4,96,0,0,0.015,0.0,0.0,0.01,0,6.31
2016-04-05,SKU-033,WH-WI1,SmartStock Optimized,4,0,0,0,4,96,0,0,0.015,0.0,0.0,0.01,0,6.31
2016-04-06,SKU-033,WH-WI1,SmartStock Optimized,4,0,0,0,4,96,0,0,0.015,0.0,0.0,0.01,0,6.31
2016-04-07,SKU-033,WH-WI1,SmartStock Optimized,4,0,0,0,4,96,0,0,0.015,0.0,0.0,0.01,0,6.31
2016-04-08,SKU-033,WH-WI1,SmartStock Optimized,4,0,0,0,4,96,0,0,0.015,0.0,0.0,0.01,0,6.31
2016-04-09,SKU-033,WH-WI1,SmartStock Optimized,100,0,0,0,100,0,0,96,0.38,0.0,0.0,0.38,0,6.31
2016-04-10,SKU-033,WH-WI1,SmartStock Optimized,100,0,0,0,100,0,0,0,0.38,0.0,0.0,0.38,0,6.31
2016-04-11,SKU-033,WH-WI1,SmartStock Optimized,100,0,0,0,100,0,0,0,0.38,0.0,0.0,0.38,0,6.31
2016-04-12,SKU-033,WH-WI1,SmartStock Optimized,100,0,0,0,100,0,0,0,0.38,0.0,0.0,0.38,0,6.31
2016-04-13,SKU-033,WH-WI1,SmartStock Optimized,100,0,0,0,100,0,0,0,0.38,0.0,0.0,0.38,0,6.31
2016-04-14,SKU-033,WH-WI1,SmartStock Optimized,100,0,0,0,100,0,0,0,0.38,0.0,0.0,0.38,0,6.31
2016-04-15,SKU-033,WH-WI1,SmartStock Optimized,100,0,0,0,100,0,0,0,0.38,0.0,0.0,0.38,0,6.31
2016-04-16,SKU-033,WH-WI1,SmartStock Optimized,100,1,1,0,99,0,0,0,0.377,0.0,0.0,0.38,0,6.31
2016-04-17,SKU-033,WH-WI1,SmartStock Optimized,99,0,0,0,99,0,0,0,0.377,0.0,0.0,0.38,0,6.31
2016-04-18,SKU-033,WH-WI1,SmartStock Optimized,99,1,1,0,98,0,0,0,0.373,0.0,0.0,0.37,0,6.31
2016-04-19,SKU-033,WH-WI1,SmartStock Optimized,98,0,0,0,98,0,0,0,0.373,0.0,0.0,0.37,0,6.31
2016-04-20,SKU-033,WH-WI1,SmartStock Optimized,98,0,0,0,98,0,0,0,0.373,0.0,0.0,0.37,0,6.31
2016-04-21,SKU-033,WH-WI1,SmartStock Optimized,98,1,1,0,97,0,0,0,0.369,0.0,0.0,0.37,0,6.31
2016-04-22,SKU-033,WH-WI1,SmartStock Optimized,97,0,0,0,97,0,0,0,0.369,0.0,0.0,0.37,0,6.31
2016-04-23,SKU-033,WH-WI1,SmartStock Optimized,97,0,0,0,97,0,0,0,0.369,0.0,0.0,0.37,0,6.31
2016-04-24,SKU-033,WH-WI1,SmartStock Optimized,97,1,1,0,96,0,0,0,0.365,0.0,0.0,0.36,0,6.31
2016-03-28,SKU-034,WH-CA1,SmartStock Optimized,5,0,0,0,5,108,108,0,0.013,90.0,0.0,90.01,0,3.83
2016-03-29,SKU-034,WH-CA1,SmartStock Optimized,5,0,0,0,5,108,0,0,0.013,0.0,0.0,0.01,0,3.83
2016-03-30,SKU-034,WH-CA1,SmartStock Optimized,5,0,0,0,5,108,0,0,0.013,0.0,0.0,0.01,0,3.83
2016-03-31,SKU-034,WH-CA1,SmartStock Optimized,5,0,0,0,5,108,0,0,0.013,0.0,0.0,0.01,0,3.83
2016-04-01,SKU-034,WH-CA1,SmartStock Optimized,5,0,0,0,5,108,0,0,0.013,0.0,0.0,0.01,0,3.83
2016-04-02,SKU-034,WH-CA1,SmartStock Optimized,5,0,0,0,5,108,0,0,0.013,0.0,0.0,0.01,0,3.83
2016-04-03,SKU-034,WH-CA1,SmartStock Optimized,5,0,0,0,5,108,0,0,0.013,0.0,0.0,0.01,0,3.83
2016-04-04,SKU-034,WH-CA1,SmartStock Optimized,5,0,0,0,5,108,0,0,0.013,0.0,0.0,0.01,0,3.83
2016-04-05,SKU-034,WH-CA1,SmartStock Optimized,5,0,0,0,5,108,0,0,0.013,0.0,0.0,0.01,0,3.83
2016-04-06,SKU-034,WH-CA1,SmartStock Optimized,5,0,0,0,5,108,0,0,0.013,0.0,0.0,0.01,0,3.83
2016-04-07,SKU-034,WH-CA1,SmartStock Optimized,5,0,0,0,5,108,0,0,0.013,0.0,0.0,0.01,0,3.83
2016-04-08,SKU-034,WH-CA1,SmartStock Optimized,5,0,0,0,5,108,0,0,0.013,0.0,0.0,0.01,0,3.83
2016-04-09,SKU-034,WH-CA1,SmartStock Optimized,5,0,0,0,5,108,0,0,0.013,0.0,0.0,0.01,0,3.83
2016-04-10,SKU-034,WH-CA1,SmartStock Optimized,5,0,0,0,5,108,0,0,0.013,0.0,0.0,0.01,0,3.83
2016-04-11,SKU-034,WH-CA1,SmartStock Optimized,5,0,0,0,5,108,0,0,0.013,0.0,0.0,0.01,0,3.83
2016-04-12,SKU-034,WH-CA1,SmartStock Optimized,5,0,0,0,5,108,0,0,0.013,0.0,0.0,0.01,0,3.83
2016-04-13,SKU-034,WH-CA1,SmartStock Optimized,5,0,0,0,5,108,0,0,0.013,0.0,0.0,0.01,0,3.83
2016-04-14,SKU-034,WH-CA1,SmartStock Optimized,5,0,0,0,5,108,0,0,0.013,0.0,0.0,0.01,0,3.83
2016-04-15,SKU-034,WH-CA1,SmartStock Optimized,5,0,0,0,5,108,0,0,0.013,0.0,0.0,0.01,0,3.83
2016-04-16,SKU-034,WH-CA1,SmartStock Optimized,113,0,0,0,113,0,0,108,0.296,0.0,0.0,0.3,0,3.83
2016-04-17,SKU-034,WH-CA1,SmartStock Optimized,113,0,0,0,113,0,0,0,0.296,0.0,0.0,0.3,0,3.83
2016-04-18,SKU-034,WH-CA1,SmartStock Optimized,113,0,0,0,113,0,0,0,0.296,0.0,0.0,0.3,0,3.83
2016-04-19,SKU-034,WH-CA1,SmartStock Optimized,113,0,0,0,113,0,0,0,0.296,0.0,0.0,0.3,0,3.83
2016-04-20,SKU-034,WH-CA1,SmartStock Optimized,113,0,0,0,113,0,0,0,0.296,0.0,0.0,0.3,0,3.83
2016-04-21,SKU-034,WH-CA1,SmartStock Optimized,113,0,0,0,113,0,0,0,0.296,0.0,0.0,0.3,0,3.83
2016-04-22,SKU-034,WH-CA1,SmartStock Optimized,113,0,0,0,113,0,0,0,0.296,0.0,0.0,0.3,0,3.83
2016-04-23,SKU-034,WH-CA1,SmartStock Optimized,113,0,0,0,113,0,0,0,0.296,0.0,0.0,0.3,0,3.83
2016-04-24,SKU-034,WH-CA1,SmartStock Optimized,113,0,0,0,113,0,0,0,0.296,0.0,0.0,0.3,0,3.83
2016-03-28,SKU-034,WH-TX1,SmartStock Optimized,5,0,0,0,5,0,0,0,0.01,0.0,0.0,0.01,0,3.83
2016-03-29,SKU-034,WH-TX1,SmartStock Optimized,5,1,1,0,4,0,0,0,0.008,0.0,0.0,0.01,0,3.83
2016-03-30,SKU-034,WH-TX1,SmartStock Optimized,4,0,0,0,4,0,0,0,0.008,0.0,0.0,0.01,0,3.83
2016-03-31,SKU-034,WH-TX1,SmartStock Optimized,4,0,0,0,4,0,0,0,0.008,0.0,0.0,0.01,0,3.83
2016-04-01,SKU-034,WH-TX1,SmartStock Optimized,4,0,0,0,4,0,0,0,0.008,0.0,0.0,0.01,0,3.83
2016-04-02,SKU-034,WH-TX1,SmartStock Optimized,4,0,0,0,4,0,0,0,0.008,0.0,0.0,0.01,0,3.83
2016-04-03,SKU-034,WH-TX1,SmartStock Optimized,4,0,0,0,4,0,0,0,0.008,0.0,0.0,0.01,0,3.83
2016-04-04,SKU-034,WH-TX1,SmartStock Optimized,4,0,0,0,4,0,0,0,0.008,0.0,0.0,0.01,0,3.83
2016-04-05,SKU-034,WH-TX1,SmartStock Optimized,4,0,0,0,4,0,0,0,0.008,0.0,0.0,0.01,0,3.83
2016-04-06,SKU-034,WH-TX1,SmartStock Optimized,4,0,0,0,4,0,0,0,0.008,0.0,0.0,0.01,0,3.83
2016-04-07,SKU-034,WH-TX1,SmartStock Optimized,4,0,0,0,4,0,0,0,0.008,0.0,0.0,0.01,0,3.83
2016-04-08,SKU-034,WH-TX1,SmartStock Optimized,4,0,0,0,4,0,0,0,0.008,0.0,0.0,0.01,0,3.83
2016-04-09,SKU-034,WH-TX1,SmartStock Optimized,4,0,0,0,4,0,0,0,0.008,0.0,0.0,0.01,0,3.83
2016-04-10,SKU-034,WH-TX1,SmartStock Optimized,4,0,0,0,4,0,0,0,0.008,0.0,0.0,0.01,0,3.83
2016-04-11,SKU-034,WH-TX1,SmartStock Optimized,4,0,0,0,4,0,0,0,0.008,0.0,0.0,0.01,0,3.83
2016-04-12,SKU-034,WH-TX1,SmartStock Optimized,4,0,0,0,4,0,0,0,0.008,0.0,0.0,0.01,0,3.83
2016-04-13,SKU-034,WH-TX1,SmartStock Optimized,4,1,1,0,3,72,72,0,0.006,90.0,0.0,90.01,0,3.83
2016-04-14,SKU-034,WH-TX1,SmartStock Optimized,3,0,0,0,3,72,0,0,0.006,0.0,0.0,0.01,0,3.83
2016-04-15,SKU-034,WH-TX1,SmartStock Optimized,3,0,0,0,3,72,0,0,0.006,0.0,0.0,0.01,0,3.83
2016-04-16,SKU-034,WH-TX1,SmartStock Optimized,3,0,0,0,3,72,0,0,0.006,0.0,0.0,0.01,0,3.83
2016-04-17,SKU-034,WH-TX1,SmartStock Optimized,3,0,0,0,3,72,0,0,0.006,0.0,0.0,0.01,0,3.83
2016-04-18,SKU-034,WH-TX1,SmartStock Optimized,3,0,0,0,3,72,0,0,0.006,0.0,0.0,0.01,0,3.83
2016-04-19,SKU-034,WH-TX1,SmartStock Optimized,3,0,0,0,3,72,0,0,0.006,0.0,0.0,0.01,0,3.83
2016-04-20,SKU-034,WH-TX1,SmartStock Optimized,3,0,0,0,3,72,0,0,0.006,0.0,0.0,0.01,0,3.83
2016-04-21,SKU-034,WH-TX1,SmartStock Optimized,3,0,0,0,3,72,0,0,0.006,0.0,0.0,0.01,0,3.83
2016-04-22,SKU-034,WH-TX1,SmartStock Optimized,3,0,0,0,3,72,0,0,0.006,0.0,0.0,0.01,0,3.83
2016-04-23,SKU-034,WH-TX1,SmartStock Optimized,3,0,0,0,3,72,0,0,0.006,0.0,0.0,0.01,0,3.83
2016-04-24,SKU-034,WH-TX1,SmartStock Optimized,3,0,0,0,3,72,0,0,0.006,0.0,0.0,0.01,0,3.83
2016-03-28,SKU-034,WH-WI1,SmartStock Optimized,5,0,0,0,5,0,0,0,0.012,0.0,0.0,0.01,0,3.83
2016-03-29,SKU-034,WH-WI1,SmartStock Optimized,5,0,0,0,5,0,0,0,0.012,0.0,0.0,0.01,0,3.83
2016-03-30,SKU-034,WH-WI1,SmartStock Optimized,5,0,0,0,5,0,0,0,0.012,0.0,0.0,0.01,0,3.83
2016-03-31,SKU-034,WH-WI1,SmartStock Optimized,5,0,0,0,5,0,0,0,0.012,0.0,0.0,0.01,0,3.83
2016-04-01,SKU-034,WH-WI1,SmartStock Optimized,5,0,0,0,5,0,0,0,0.012,0.0,0.0,0.01,0,3.83
2016-04-02,SKU-034,WH-WI1,SmartStock Optimized,5,0,0,0,5,0,0,0,0.012,0.0,0.0,0.01,0,3.83
2016-04-03,SKU-034,WH-WI1,SmartStock Optimized,5,0,0,0,5,0,0,0,0.012,0.0,0.0,0.01,0,3.83
2016-04-04,SKU-034,WH-WI1,SmartStock Optimized,5,0,0,0,5,0,0,0,0.012,0.0,0.0,0.01,0,3.83
2016-04-05,SKU-034,WH-WI1,SmartStock Optimized,5,0,0,0,5,0,0,0,0.012,0.0,0.0,0.01,0,3.83
2016-04-06,SKU-034,WH-WI1,SmartStock Optimized,5,0,0,0,5,0,0,0,0.012,0.0,0.0,0.01,0,3.83
2016-04-07,SKU-034,WH-WI1,SmartStock Optimized,5,0,0,0,5,0,0,0,0.012,0.0,0.0,0.01,0,3.83
2016-04-08,SKU-034,WH-WI1,SmartStock Optimized,5,1,1,0,4,96,96,0,0.009,90.0,0.0,90.01,0,3.83
2016-04-09,SKU-034,WH-WI1,SmartStock Optimized,4,0,0,0,4,96,0,0,0.009,0.0,0.0,0.01,0,3.83
2016-04-10,SKU-034,WH-WI1,SmartStock Optimized,4,0,0,0,4,96,0,0,0.009,0.0,0.0,0.01,0,3.83
2016-04-11,SKU-034,WH-WI1,SmartStock Optimized,4,0,0,0,4,96,0,0,0.009,0.0,0.0,0.01,0,3.83
2016-04-12,SKU-034,WH-WI1,SmartStock Optimized,4,0,0,0,4,96,0,0,0.009,0.0,0.0,0.01,0,3.83
2016-04-13,SKU-034,WH-WI1,SmartStock Optimized,4,0,0,0,4,96,0,0,0.009,0.0,0.0,0.01,0,3.83
2016-04-14,SKU-034,WH-WI1,SmartStock Optimized,4,1,1,0,3,96,0,0,0.007,0.0,0.0,0.01,0,3.83
2016-04-15,SKU-034,WH-WI1,SmartStock Optimized,3,0,0,0,3,96,0,0,0.007,0.0,0.0,0.01,0,3.83
2016-04-16,SKU-034,WH-WI1,SmartStock Optimized,3,0,0,0,3,96,0,0,0.007,0.0,0.0,0.01,0,3.83
2016-04-17,SKU-034,WH-WI1,SmartStock Optimized,3,0,0,0,3,96,0,0,0.007,0.0,0.0,0.01,0,3.83
2016-04-18,SKU-034,WH-WI1,SmartStock Optimized,99,0,0,0,99,0,0,96,0.229,0.0,0.0,0.23,0,3.83
2016-04-19,SKU-034,WH-WI1,SmartStock Optimized,99,0,0,0,99,0,0,0,0.229,0.0,0.0,0.23,0,3.83
2016-04-20,SKU-034,WH-WI1,SmartStock Optimized,99,0,0,0,99,0,0,0,0.229,0.0,0.0,0.23,0,3.83
2016-04-21,SKU-034,WH-WI1,SmartStock Optimized,99,0,0,0,99,0,0,0,0.229,0.0,0.0,0.23,0,3.83
2016-04-22,SKU-034,WH-WI1,SmartStock Optimized,99,0,0,0,99,0,0,0,0.229,0.0,0.0,0.23,0,3.83
2016-04-23,SKU-034,WH-WI1,SmartStock Optimized,99,0,0,0,99,0,0,0,0.229,0.0,0.0,0.23,0,3.83
2016-04-24,SKU-034,WH-WI1,SmartStock Optimized,99,0,0,0,99,0,0,0,0.229,0.0,0.0,0.23,0,3.83
2016-03-28,SKU-035,WH-CA1,SmartStock Optimized,9,0,0,0,9,192,192,0,0.02,90.0,0.0,90.02,0,3.18
2016-03-29,SKU-035,WH-CA1,SmartStock Optimized,9,0,0,0,9,192,0,0,0.02,0.0,0.0,0.02,0,3.18
2016-03-30,SKU-035,WH-CA1,SmartStock Optimized,9,0,0,0,9,192,0,0,0.02,0.0,0.0,0.02,0,3.18
2016-03-31,SKU-035,WH-CA1,SmartStock Optimized,9,0,0,0,9,192,0,0,0.02,0.0,0.0,0.02,0,3.18
2016-04-01,SKU-035,WH-CA1,SmartStock Optimized,9,0,0,0,9,192,0,0,0.02,0.0,0.0,0.02,0,3.18
2016-04-02,SKU-035,WH-CA1,SmartStock Optimized,9,0,0,0,9,192,0,0,0.02,0.0,0.0,0.02,0,3.18
2016-04-03,SKU-035,WH-CA1,SmartStock Optimized,9,0,0,0,9,192,0,0,0.02,0.0,0.0,0.02,0,3.18
2016-04-04,SKU-035,WH-CA1,SmartStock Optimized,9,0,0,0,9,192,0,0,0.02,0.0,0.0,0.02,0,3.18
2016-04-05,SKU-035,WH-CA1,SmartStock Optimized,9,0,0,0,9,192,0,0,0.02,0.0,0.0,0.02,0,3.18
2016-04-06,SKU-035,WH-CA1,SmartStock Optimized,9,2,2,0,7,192,0,0,0.015,0.0,0.0,0.01,0,3.18
2016-04-07,SKU-035,WH-CA1,SmartStock Optimized,7,0,0,0,7,192,0,0,0.015,0.0,0.0,0.01,0,3.18
2016-04-08,SKU-035,WH-CA1,SmartStock Optimized,199,0,0,0,199,0,0,192,0.433,0.0,0.0,0.43,0,3.18
2016-04-09,SKU-035,WH-CA1,SmartStock Optimized,199,0,0,0,199,0,0,0,0.433,0.0,0.0,0.43,0,3.18
2016-04-10,SKU-035,WH-CA1,SmartStock Optimized,199,1,1,0,198,0,0,0,0.431,0.0,0.0,0.43,0,3.18
2016-04-11,SKU-035,WH-CA1,SmartStock Optimized,198,2,2,0,196,0,0,0,0.427,0.0,0.0,0.43,0,3.18
2016-04-12,SKU-035,WH-CA1,SmartStock Optimized,196,0,0,0,196,0,0,0,0.427,0.0,0.0,0.43,0,3.18
2016-04-13,SKU-035,WH-CA1,SmartStock Optimized,196,0,0,0,196,0,0,0,0.427,0.0,0.0,0.43,0,3.18
2016-04-14,SKU-035,WH-CA1,SmartStock Optimized,196,0,0,0,196,0,0,0,0.427,0.0,0.0,0.43,0,3.18
2016-04-15,SKU-035,WH-CA1,SmartStock Optimized,196,3,3,0,193,0,0,0,0.42,0.0,0.0,0.42,0,3.18
2016-04-16,SKU-035,WH-CA1,SmartStock Optimized,193,0,0,0,193,0,0,0,0.42,0.0,0.0,0.42,0,3.18
2016-04-17,SKU-035,WH-CA1,SmartStock Optimized,193,0,0,0,193,0,0,0,0.42,0.0,0.0,0.42,0,3.18
2016-04-18,SKU-035,WH-CA1,SmartStock Optimized,193,0,0,0,193,0,0,0,0.42,0.0,0.0,0.42,0,3.18
2016-04-19,SKU-035,WH-CA1,SmartStock Optimized,193,0,0,0,193,0,0,0,0.42,0.0,0.0,0.42,0,3.18
2016-04-20,SKU-035,WH-CA1,SmartStock Optimized,193,0,0,0,193,0,0,0,0.42,0.0,0.0,0.42,0,3.18
2016-04-21,SKU-035,WH-CA1,SmartStock Optimized,193,0,0,0,193,0,0,0,0.42,0.0,0.0,0.42,0,3.18
2016-04-22,SKU-035,WH-CA1,SmartStock Optimized,193,0,0,0,193,0,0,0,0.42,0.0,0.0,0.42,0,3.18
2016-04-23,SKU-035,WH-CA1,SmartStock Optimized,193,0,0,0,193,0,0,0,0.42,0.0,0.0,0.42,0,3.18
2016-04-24,SKU-035,WH-CA1,SmartStock Optimized,193,0,0,0,193,0,0,0,0.42,0.0,0.0,0.42,0,3.18
2016-03-28,SKU-035,WH-TX1,SmartStock Optimized,5,0,0,0,5,156,156,0,0.009,90.0,0.0,90.01,0,3.18
2016-03-29,SKU-035,WH-TX1,SmartStock Optimized,5,0,0,0,5,156,0,0,0.009,0.0,0.0,0.01,0,3.18
2016-03-30,SKU-035,WH-TX1,SmartStock Optimized,5,0,0,0,5,156,0,0,0.009,0.0,0.0,0.01,0,3.18
2016-03-31,SKU-035,WH-TX1,SmartStock Optimized,5,1,1,0,4,156,0,0,0.007,0.0,0.0,0.01,0,3.18
2016-04-01,SKU-035,WH-TX1,SmartStock Optimized,4,0,0,0,4,156,0,0,0.007,0.0,0.0,0.01,0,3.18
2016-04-02,SKU-035,WH-TX1,SmartStock Optimized,4,0,0,0,4,156,0,0,0.007,0.0,0.0,0.01,0,3.18
2016-04-03,SKU-035,WH-TX1,SmartStock Optimized,4,0,0,0,4,156,0,0,0.007,0.0,0.0,0.01,0,3.18
2016-04-04,SKU-035,WH-TX1,SmartStock Optimized,4,0,0,0,4,156,0,0,0.007,0.0,0.0,0.01,0,3.18
2016-04-05,SKU-035,WH-TX1,SmartStock Optimized,4,0,0,0,4,156,0,0,0.007,0.0,0.0,0.01,0,3.18
2016-04-06,SKU-035,WH-TX1,SmartStock Optimized,4,0,0,0,4,156,0,0,0.007,0.0,0.0,0.01,0,3.18
2016-04-07,SKU-035,WH-TX1,SmartStock Optimized,4,0,0,0,4,156,0,0,0.007,0.0,0.0,0.01,0,3.18
2016-04-08,SKU-035,WH-TX1,SmartStock Optimized,4,0,0,0,4,156,0,0,0.007,0.0,0.0,0.01,0,3.18
2016-04-09,SKU-035,WH-TX1,SmartStock Optimized,4,0,0,0,4,156,0,0,0.007,0.0,0.0,0.01,0,3.18
2016-04-10,SKU-035,WH-TX1,SmartStock Optimized,4,0,0,0,4,156,0,0,0.007,0.0,0.0,0.01,0,3.18
2016-04-11,SKU-035,WH-TX1,SmartStock Optimized,4,0,0,0,4,156,0,0,0.007,0.0,0.0,0.01,0,3.18
2016-04-12,SKU-035,WH-TX1,SmartStock Optimized,160,0,0,0,160,0,0,156,0.279,0.0,0.0,0.28,0,3.18
2016-04-13,SKU-035,WH-TX1,SmartStock Optimized,160,0,0,0,160,0,0,0,0.279,0.0,0.0,0.28,0,3.18
2016-04-14,SKU-035,WH-TX1,SmartStock Optimized,160,0,0,0,160,0,0,0,0.279,0.0,0.0,0.28,0,3.18
2016-04-15,SKU-035,WH-TX1,SmartStock Optimized,160,0,0,0,160,0,0,0,0.279,0.0,0.0,0.28,0,3.18
2016-04-16,SKU-035,WH-TX1,SmartStock Optimized,160,0,0,0,160,0,0,0,0.279,0.0,0.0,0.28,0,3.18
2016-04-17,SKU-035,WH-TX1,SmartStock Optimized,160,0,0,0,160,0,0,0,0.279,0.0,0.0,0.28,0,3.18
2016-04-18,SKU-035,WH-TX1,SmartStock Optimized,160,0,0,0,160,0,0,0,0.279,0.0,0.0,0.28,0,3.18
2016-04-19,SKU-035,WH-TX1,SmartStock Optimized,160,0,0,0,160,0,0,0,0.279,0.0,0.0,0.28,0,3.18
2016-04-20,SKU-035,WH-TX1,SmartStock Optimized,160,0,0,0,160,0,0,0,0.279,0.0,0.0,0.28,0,3.18
2016-04-21,SKU-035,WH-TX1,SmartStock Optimized,160,0,0,0,160,0,0,0,0.279,0.0,0.0,0.28,0,3.18
2016-04-22,SKU-035,WH-TX1,SmartStock Optimized,160,0,0,0,160,0,0,0,0.279,0.0,0.0,0.28,0,3.18
2016-04-23,SKU-035,WH-TX1,SmartStock Optimized,160,1,1,0,159,0,0,0,0.277,0.0,0.0,0.28,0,3.18
2016-04-24,SKU-035,WH-TX1,SmartStock Optimized,159,2,2,0,157,0,0,0,0.274,0.0,0.0,0.27,0,3.18
2016-03-28,SKU-035,WH-WI1,SmartStock Optimized,5,0,0,0,5,108,108,0,0.01,90.0,0.0,90.01,0,3.18
2016-03-29,SKU-035,WH-WI1,SmartStock Optimized,5,1,1,0,4,108,0,0,0.008,0.0,0.0,0.01,0,3.18
2016-03-30,SKU-035,WH-WI1,SmartStock Optimized,4,0,0,0,4,108,0,0,0.008,0.0,0.0,0.01,0,3.18
2016-03-31,SKU-035,WH-WI1,SmartStock Optimized,4,0,0,0,4,108,0,0,0.008,0.0,0.0,0.01,0,3.18
2016-04-01,SKU-035,WH-WI1,SmartStock Optimized,4,0,0,0,4,108,0,0,0.008,0.0,0.0,0.01,0,3.18
2016-04-02,SKU-035,WH-WI1,SmartStock Optimized,4,1,1,0,3,108,0,0,0.006,0.0,0.0,0.01,0,3.18
2016-04-03,SKU-035,WH-WI1,SmartStock Optimized,3,1,1,0,2,108,0,0,0.004,0.0,0.0,0.0,0,3.18
2016-04-04,SKU-035,WH-WI1,SmartStock Optimized,2,0,0,0,2,108,0,0,0.004,0.0,0.0,0.0,0,3.18
2016-04-05,SKU-035,WH-WI1,SmartStock Optimized,2,0,0,0,2,108,0,0,0.004,0.0,0.0,0.0,0,3.18
2016-04-06,SKU-035,WH-WI1,SmartStock Optimized,2,0,0,0,2,108,0,0,0.004,0.0,0.0,0.0,0,3.18
2016-04-07,SKU-035,WH-WI1,SmartStock Optimized,2,1,1,0,1,108,0,0,0.002,0.0,0.0,0.0,0,3.18
2016-04-08,SKU-035,WH-WI1,SmartStock Optimized,109,0,0,0,109,0,0,108,0.209,0.0,0.0,0.21,0,3.18
2016-04-09,SKU-035,WH-WI1,SmartStock Optimized,109,0,0,0,109,0,0,0,0.209,0.0,0.0,0.21,0,3.18
2016-04-10,SKU-035,WH-WI1,SmartStock Optimized,109,0,0,0,109,0,0,0,0.209,0.0,0.0,0.21,0,3.18
2016-04-11,SKU-035,WH-WI1,SmartStock Optimized,109,0,0,0,109,0,0,0,0.209,0.0,0.0,0.21,0,3.18
2016-04-12,SKU-035,WH-WI1,SmartStock Optimized,109,0,0,0,109,0,0,0,0.209,0.0,0.0,0.21,0,3.18
2016-04-13,SKU-035,WH-WI1,SmartStock Optimized,109,0,0,0,109,0,0,0,0.209,0.0,0.0,0.21,0,3.18
2016-04-14,SKU-035,WH-WI1,SmartStock Optimized,109,0,0,0,109,0,0,0,0.209,0.0,0.0,0.21,0,3.18
2016-04-15,SKU-035,WH-WI1,SmartStock Optimized,109,0,0,0,109,0,0,0,0.209,0.0,0.0,0.21,0,3.18
2016-04-16,SKU-035,WH-WI1,SmartStock Optimized,109,1,1,0,108,0,0,0,0.207,0.0,0.0,0.21,0,3.18
2016-04-17,SKU-035,WH-WI1,SmartStock Optimized,108,0,0,0,108,0,0,0,0.207,0.0,0.0,0.21,0,3.18
2016-04-18,SKU-035,WH-WI1,SmartStock Optimized,108,0,0,0,108,0,0,0,0.207,0.0,0.0,0.21,0,3.18
2016-04-19,SKU-035,WH-WI1,SmartStock Optimized,108,1,1,0,107,0,0,0,0.205,0.0,0.0,0.2,0,3.18
2016-04-20,SKU-035,WH-WI1,SmartStock Optimized,107,0,0,0,107,0,0,0,0.205,0.0,0.0,0.2,0,3.18
2016-04-21,SKU-035,WH-WI1,SmartStock Optimized,107,0,0,0,107,0,0,0,0.205,0.0,0.0,0.2,0,3.18
2016-04-22,SKU-035,WH-WI1,SmartStock Optimized,107,0,0,0,107,0,0,0,0.205,0.0,0.0,0.2,0,3.18
2016-04-23,SKU-035,WH-WI1,SmartStock Optimized,107,0,0,0,107,0,0,0,0.205,0.0,0.0,0.2,0,3.18
2016-04-24,SKU-035,WH-WI1,SmartStock Optimized,107,0,0,0,107,0,0,0,0.205,0.0,0.0,0.2,0,3.18
2016-03-28,SKU-036,WH-CA1,SmartStock Optimized,22,0,0,0,22,768,768,0,0.008,110.0,0.0,110.01,0,0.5
2016-03-29,SKU-036,WH-CA1,SmartStock Optimized,22,0,0,0,22,768,0,0,0.008,0.0,0.0,0.01,0,0.5
2016-03-30,SKU-036,WH-CA1,SmartStock Optimized,22,0,0,0,22,768,0,0,0.008,0.0,0.0,0.01,0,0.5
2016-03-31,SKU-036,WH-CA1,SmartStock Optimized,22,0,0,0,22,768,0,0,0.008,0.0,0.0,0.01,0,0.5
2016-04-01,SKU-036,WH-CA1,SmartStock Optimized,22,0,0,0,22,768,0,0,0.008,0.0,0.0,0.01,0,0.5
2016-04-02,SKU-036,WH-CA1,SmartStock Optimized,22,0,0,0,22,768,0,0,0.008,0.0,0.0,0.01,0,0.5
2016-04-03,SKU-036,WH-CA1,SmartStock Optimized,22,4,4,0,18,768,0,0,0.006,0.0,0.0,0.01,0,0.5
2016-04-04,SKU-036,WH-CA1,SmartStock Optimized,18,0,0,0,18,768,0,0,0.006,0.0,0.0,0.01,0,0.5
2016-04-05,SKU-036,WH-CA1,SmartStock Optimized,18,0,0,0,18,768,0,0,0.006,0.0,0.0,0.01,0,0.5
2016-04-06,SKU-036,WH-CA1,SmartStock Optimized,18,4,4,0,14,768,0,0,0.005,0.0,0.0,0.01,0,0.5
2016-04-07,SKU-036,WH-CA1,SmartStock Optimized,14,0,0,0,14,768,0,0,0.005,0.0,0.0,0.01,0,0.5
2016-04-08,SKU-036,WH-CA1,SmartStock Optimized,14,2,2,0,12,768,0,0,0.004,0.0,0.0,0.0,0,0.5
2016-04-09,SKU-036,WH-CA1,SmartStock Optimized,12,1,1,0,11,768,0,0,0.004,0.0,0.0,0.0,0,0.5
2016-04-10,SKU-036,WH-CA1,SmartStock Optimized,11,1,1,0,10,768,0,0,0.003,0.0,0.0,0.0,0,0.5
2016-04-11,SKU-036,WH-CA1,SmartStock Optimized,10,0,0,0,10,768,0,0,0.003,0.0,0.0,0.0,0,0.5
2016-04-12,SKU-036,WH-CA1,SmartStock Optimized,10,0,0,0,10,768,0,0,0.003,0.0,0.0,0.0,0,0.5
2016-04-13,SKU-036,WH-CA1,SmartStock Optimized,10,0,0,0,10,768,0,0,0.003,0.0,0.0,0.0,0,0.5
2016-04-14,SKU-036,WH-CA1,SmartStock Optimized,10,0,0,0,10,768,0,0,0.003,0.0,0.0,0.0,0,0.5
2016-04-15,SKU-036,WH-CA1,SmartStock Optimized,10,0,0,0,10,768,0,0,0.003,0.0,0.0,0.0,0,0.5
2016-04-16,SKU-036,WH-CA1,SmartStock Optimized,10,2,2,0,8,768,0,0,0.003,0.0,0.0,0.0,0,0.5
2016-04-17,SKU-036,WH-CA1,SmartStock Optimized,8,0,0,0,8,768,0,0,0.003,0.0,0.0,0.0,0,0.5
2016-04-18,SKU-036,WH-CA1,SmartStock Optimized,8,0,0,0,8,768,0,0,0.003,0.0,0.0,0.0,0,0.5
2016-04-19,SKU-036,WH-CA1,SmartStock Optimized,8,0,0,0,8,768,0,0,0.003,0.0,0.0,0.0,0,0.5
2016-04-20,SKU-036,WH-CA1,SmartStock Optimized,776,1,1,0,775,0,0,768,0.265,0.0,0.0,0.27,0,0.5
2016-04-21,SKU-036,WH-CA1,SmartStock Optimized,775,0,0,0,775,0,0,0,0.265,0.0,0.0,0.27,0,0.5
2016-04-22,SKU-036,WH-CA1,SmartStock Optimized,775,0,0,0,775,0,0,0,0.265,0.0,0.0,0.27,0,0.5
2016-04-23,SKU-036,WH-CA1,SmartStock Optimized,775,1,1,0,774,0,0,0,0.265,0.0,0.0,0.27,0,0.5
2016-04-24,SKU-036,WH-CA1,SmartStock Optimized,774,0,0,0,774,0,0,0,0.265,0.0,0.0,0.27,0,0.5
2016-03-28,SKU-036,WH-TX1,SmartStock Optimized,32,1,1,0,31,1008,1008,0,0.008,110.0,0.0,110.01,0,0.5
2016-03-29,SKU-036,WH-TX1,SmartStock Optimized,31,0,0,0,31,1008,0,0,0.008,0.0,0.0,0.01,0,0.5
2016-03-30,SKU-036,WH-TX1,SmartStock Optimized,31,0,0,0,31,1008,0,0,0.008,0.0,0.0,0.01,0,0.5
2016-03-31,SKU-036,WH-TX1,SmartStock Optimized,31,0,0,0,31,1008,0,0,0.008,0.0,0.0,0.01,0,0.5
2016-04-01,SKU-036,WH-TX1,SmartStock Optimized,31,1,1,0,30,1008,0,0,0.008,0.0,0.0,0.01,0,0.5
2016-04-02,SKU-036,WH-TX1,SmartStock Optimized,30,0,0,0,30,1008,0,0,0.008,0.0,0.0,0.01,0,0.5
2016-04-03,SKU-036,WH-TX1,SmartStock Optimized,30,0,0,0,30,1008,0,0,0.008,0.0,0.0,0.01,0,0.5
2016-04-04,SKU-036,WH-TX1,SmartStock Optimized,30,0,0,0,30,1008,0,0,0.008,0.0,0.0,0.01,0,0.5
2016-04-05,SKU-036,WH-TX1,SmartStock Optimized,30,0,0,0,30,1008,0,0,0.008,0.0,0.0,0.01,0,0.5
2016-04-06,SKU-036,WH-TX1,SmartStock Optimized,30,0,0,0,30,1008,0,0,0.008,0.0,0.0,0.01,0,0.5
2016-04-07,SKU-036,WH-TX1,SmartStock Optimized,30,0,0,0,30,1008,0,0,0.008,0.0,0.0,0.01,0,0.5
2016-04-08,SKU-036,WH-TX1,SmartStock Optimized,30,0,0,0,30,1008,0,0,0.008,0.0,0.0,0.01,0,0.5
2016-04-09,SKU-036,WH-TX1,SmartStock Optimized,30,0,0,0,30,1008,0,0,0.008,0.0,0.0,0.01,0,0.5
2016-04-10,SKU-036,WH-TX1,SmartStock Optimized,30,0,0,0,30,1008,0,0,0.008,0.0,0.0,0.01,0,0.5
2016-04-11,SKU-036,WH-TX1,SmartStock Optimized,30,0,0,0,30,1008,0,0,0.008,0.0,0.0,0.01,0,0.5
2016-04-12,SKU-036,WH-TX1,SmartStock Optimized,30,0,0,0,30,1008,0,0,0.008,0.0,0.0,0.01,0,0.5
2016-04-13,SKU-036,WH-TX1,SmartStock Optimized,30,0,0,0,30,1008,0,0,0.008,0.0,0.0,0.01,0,0.5
2016-04-14,SKU-036,WH-TX1,SmartStock Optimized,30,0,0,0,30,1008,0,0,0.008,0.0,0.0,0.01,0,0.5
2016-04-15,SKU-036,WH-TX1,SmartStock Optimized,30,0,0,0,30,1008,0,0,0.008,0.0,0.0,0.01,0,0.5
2016-04-16,SKU-036,WH-TX1,SmartStock Optimized,30,0,0,0,30,1008,0,0,0.008,0.0,0.0,0.01,0,0.5
2016-04-17,SKU-036,WH-TX1,SmartStock Optimized,30,0,0,0,30,1008,0,0,0.008,0.0,0.0,0.01,0,0.5
2016-04-18,SKU-036,WH-TX1,SmartStock Optimized,30,0,0,0,30,1008,0,0,0.008,0.0,0.0,0.01,0,0.5
2016-04-19,SKU-036,WH-TX1,SmartStock Optimized,30,0,0,0,30,1008,0,0,0.008,0.0,0.0,0.01,0,0.5
2016-04-20,SKU-036,WH-TX1,SmartStock Optimized,30,2,2,0,28,1008,0,0,0.008,0.0,0.0,0.01,0,0.5
2016-04-21,SKU-036,WH-TX1,SmartStock Optimized,1036,0,0,0,1036,0,0,1008,0.284,0.0,0.0,0.28,0,0.5
2016-04-22,SKU-036,WH-TX1,SmartStock Optimized,1036,0,0,0,1036,0,0,0,0.284,0.0,0.0,0.28,0,0.5
2016-04-23,SKU-036,WH-TX1,SmartStock Optimized,1036,0,0,0,1036,0,0,0,0.284,0.0,0.0,0.28,0,0.5
2016-04-24,SKU-036,WH-TX1,SmartStock Optimized,1036,1,1,0,1035,0,0,0,0.284,0.0,0.0,0.28,0,0.5
2016-03-28,SKU-036,WH-WI1,SmartStock Optimized,26,3,3,0,23,936,936,0,0.007,110.0,0.0,110.01,0,0.5
2016-03-29,SKU-036,WH-WI1,SmartStock Optimized,23,3,3,0,20,936,0,0,0.006,0.0,0.0,0.01,0,0.5
2016-03-30,SKU-036,WH-WI1,SmartStock Optimized,20,1,1,0,19,936,0,0,0.006,0.0,0.0,0.01,0,0.5
2016-03-31,SKU-036,WH-WI1,SmartStock Optimized,19,1,1,0,18,936,0,0,0.005,0.0,0.0,0.01,0,0.5
2016-04-01,SKU-036,WH-WI1,SmartStock Optimized,18,1,1,0,17,936,0,0,0.005,0.0,0.0,0.01,0,0.5
2016-04-02,SKU-036,WH-WI1,SmartStock Optimized,17,5,5,0,12,936,0,0,0.004,0.0,0.0,0.0,0,0.5
2016-04-03,SKU-036,WH-WI1,SmartStock Optimized,12,3,3,0,9,936,0,0,0.003,0.0,0.0,0.0,0,0.5
2016-04-04,SKU-036,WH-WI1,SmartStock Optimized,9,3,3,0,6,936,0,0,0.002,0.0,0.0,0.0,0,0.5
2016-04-05,SKU-036,WH-WI1,SmartStock Optimized,6,0,0,0,6,936,0,0,0.002,0.0,0.0,0.0,0,0.5
2016-04-06,SKU-036,WH-WI1,SmartStock Optimized,6,0,0,0,6,936,0,0,0.002,0.0,0.0,0.0,0,0.5
2016-04-07,SKU-036,WH-WI1,SmartStock Optimized,6,1,1,0,5,936,0,0,0.002,0.0,0.0,0.0,0,0.5
2016-04-08,SKU-036,WH-WI1,SmartStock Optimized,5,1,1,0,4,936,0,0,0.001,0.0,0.0,0.0,0,0.5
2016-04-09,SKU-036,WH-WI1,SmartStock Optimized,4,8,4,4,0,936,0,0,0.0,0.0,8.72,8.72,1,0.5
2016-04-10,SKU-036,WH-WI1,SmartStock Optimized,0,3,0,3,0,936,0,0,0.0,0.0,6.54,6.54,1,0.5
2016-04-11,SKU-036,WH-WI1,SmartStock Optimized,0,0,0,0,0,936,0,0,0.0,0.0,0.0,0.0,0,0.5
2016-04-12,SKU-036,WH-WI1,SmartStock Optimized,0,0,0,0,0,936,0,0,0.0,0.0,0.0,0.0,0,0.5
2016-04-13,SKU-036,WH-WI1,SmartStock Optimized,0,4,0,4,0,936,0,0,0.0,0.0,8.72,8.72,1,0.5
2016-04-14,SKU-036,WH-WI1,SmartStock Optimized,936,7,7,0,929,0,0,936,0.28,0.0,0.0,0.28,0,0.5
2016-04-15,SKU-036,WH-WI1,SmartStock Optimized,929,1,1,0,928,0,0,0,0.28,0.0,0.0,0.28,0,0.5
2016-04-16,SKU-036,WH-WI1,SmartStock Optimized,928,2,2,0,926,0,0,0,0.279,0.0,0.0,0.28,0,0.5
2016-04-17,SKU-036,WH-WI1,SmartStock Optimized,926,0,0,0,926,0,0,0,0.279,0.0,0.0,0.28,0,0.5
2016-04-18,SKU-036,WH-WI1,SmartStock Optimized,926,3,3,0,923,0,0,0,0.278,0.0,0.0,0.28,0,0.5
2016-04-19,SKU-036,WH-WI1,SmartStock Optimized,923,1,1,0,922,0,0,0,0.278,0.0,0.0,0.28,0,0.5
2016-04-20,SKU-036,WH-WI1,SmartStock Optimized,922,10,10,0,912,0,0,0,0.275,0.0,0.0,0.28,0,0.5
2016-04-21,SKU-036,WH-WI1,SmartStock Optimized,912,0,0,0,912,0,0,0,0.275,0.0,0.0,0.28,0,0.5
2016-04-22,SKU-036,WH-WI1,SmartStock Optimized,912,1,1,0,911,0,0,0,0.275,0.0,0.0,0.28,0,0.5
2016-04-23,SKU-036,WH-WI1,SmartStock Optimized,911,2,2,0,909,0,0,0,0.274,0.0,0.0,0.27,0,0.5
2016-04-24,SKU-036,WH-WI1,SmartStock Optimized,909,0,0,0,909,0,0,0,0.274,0.0,0.0,0.27,0,0.5
2016-03-28,SKU-037,WH-CA1,SmartStock Optimized,227,3,3,0,224,2808,2808,0,0.077,110.0,0.0,110.08,0,0.5
2016-03-29,SKU-037,WH-CA1,SmartStock Optimized,224,10,10,0,214,2808,0,0,0.073,0.0,0.0,0.07,0,0.5
2016-03-30,SKU-037,WH-CA1,SmartStock Optimized,214,16,16,0,198,2808,0,0,0.068,0.0,0.0,0.07,0,0.5
2016-03-31,SKU-037,WH-CA1,SmartStock Optimized,198,31,31,0,167,2808,0,0,0.057,0.0,0.0,0.06,0,0.5
2016-04-01,SKU-037,WH-CA1,SmartStock Optimized,167,22,22,0,145,2808,0,0,0.05,0.0,0.0,0.05,0,0.5
2016-04-02,SKU-037,WH-CA1,SmartStock Optimized,145,26,26,0,119,2808,0,0,0.041,0.0,0.0,0.04,0,0.5
2016-04-03,SKU-037,WH-CA1,SmartStock Optimized,119,54,54,0,65,2808,0,0,0.022,0.0,0.0,0.02,0,0.5
2016-04-04,SKU-037,WH-CA1,SmartStock Optimized,65,7,7,0,58,2808,0,0,0.02,0.0,0.0,0.02,0,0.5
2016-04-05,SKU-037,WH-CA1,SmartStock Optimized,58,8,8,0,50,2808,0,0,0.017,0.0,0.0,0.02,0,0.5
2016-04-06,SKU-037,WH-CA1,SmartStock Optimized,50,4,4,0,46,2808,0,0,0.016,0.0,0.0,0.02,0,0.5
2016-04-07,SKU-037,WH-CA1,SmartStock Optimized,46,7,7,0,39,2808,0,0,0.013,0.0,0.0,0.01,0,0.5
2016-04-08,SKU-037,WH-CA1,SmartStock Optimized,39,14,14,0,25,2808,0,0,0.009,0.0,0.0,0.01,0,0.5
2016-04-09,SKU-037,WH-CA1,SmartStock Optimized,25,11,11,0,14,2808,0,0,0.005,0.0,0.0,0.01,0,0.5
2016-04-10,SKU-037,WH-CA1,SmartStock Optimized,14,5,5,0,9,2808,0,0,0.003,0.0,0.0,0.0,0,0.5
2016-04-11,SKU-037,WH-CA1,SmartStock Optimized,9,53,9,44,0,2808,0,0,0.0,0.0,87.12,87.12,1,0.5
2016-04-12,SKU-037,WH-CA1,SmartStock Optimized,0,5,0,5,0,2808,0,0,0.0,0.0,9.9,9.9,1,0.5
2016-04-13,SKU-037,WH-CA1,SmartStock Optimized,0,1,0,1,0,2808,0,0,0.0,0.0,1.98,1.98,1,0.5
2016-04-14,SKU-037,WH-CA1,SmartStock Optimized,0,9,0,9,0,2808,0,0,0.0,0.0,17.82,17.82,1,0.5
2016-04-15,SKU-037,WH-CA1,SmartStock Optimized,0,15,0,15,0,2808,0,0,0.0,0.0,29.7,29.7,1,0.5
2016-04-16,SKU-037,WH-CA1,SmartStock Optimized,0,13,0,13,0,2808,0,0,0.0,0.0,25.74,25.74,1,0.5
2016-04-17,SKU-037,WH-CA1,SmartStock Optimized,0,17,0,17,0,2808,0,0,0.0,0.0,33.66,33.66,1,0.5
2016-04-18,SKU-037,WH-CA1,SmartStock Optimized,0,25,0,25,0,2808,0,0,0.0,0.0,49.5,49.5,1,0.5
2016-04-19,SKU-037,WH-CA1,SmartStock Optimized,0,4,0,4,0,2808,0,0,0.0,0.0,7.92,7.92,1,0.5
2016-04-20,SKU-037,WH-CA1,SmartStock Optimized,0,19,0,19,0,2808,0,0,0.0,0.0,37.62,37.62,1,0.5
2016-04-21,SKU-037,WH-CA1,SmartStock Optimized,0,10,0,10,0,2808,0,0,0.0,0.0,19.8,19.8,1,0.5
2016-04-22,SKU-037,WH-CA1,SmartStock Optimized,0,20,0,20,0,2808,0,0,0.0,0.0,39.6,39.6,1,0.5
2016-04-23,SKU-037,WH-CA1,SmartStock Optimized,0,10,0,10,0,2808,0,0,0.0,0.0,19.8,19.8,1,0.5
2016-04-24,SKU-037,WH-CA1,SmartStock Optimized,0,21,0,21,0,2808,0,0,0.0,0.0,41.58,41.58,1,0.5
2016-03-28,SKU-037,WH-TX1,SmartStock Optimized,92,3,3,0,89,1800,1800,0,0.024,110.0,0.0,110.02,0,0.5
2016-03-29,SKU-037,WH-TX1,SmartStock Optimized,89,2,2,0,87,1800,0,0,0.024,0.0,0.0,0.02,0,0.5
2016-03-30,SKU-037,WH-TX1,SmartStock Optimized,87,0,0,0,87,1800,0,0,0.024,0.0,0.0,0.02,0,0.5
2016-03-31,SKU-037,WH-TX1,SmartStock Optimized,87,8,8,0,79,1800,0,0,0.022,0.0,0.0,0.02,0,0.5
2016-04-01,SKU-037,WH-TX1,SmartStock Optimized,79,16,16,0,63,1800,0,0,0.017,0.0,0.0,0.02,0,0.5
2016-04-02,SKU-037,WH-TX1,SmartStock Optimized,63,5,5,0,58,1800,0,0,0.016,0.0,0.0,0.02,0,0.5
2016-04-03,SKU-037,WH-TX1,SmartStock Optimized,58,3,3,0,55,1800,0,0,0.015,0.0,0.0,0.01,0,0.5
2016-04-04,SKU-037,WH-TX1,SmartStock Optimized,55,0,0,0,55,1800,0,0,0.015,0.0,0.0,0.01,0,0.5
2016-04-05,SKU-037,WH-TX1,SmartStock Optimized,55,6,6,0,49,1800,0,0,0.013,0.0,0.0,0.01,0,0.5
2016-04-06,SKU-037,WH-TX1,SmartStock Optimized,49,1,1,0,48,1800,0,0,0.013,0.0,0.0,0.01,0,0.5
2016-04-07,SKU-037,WH-TX1,SmartStock Optimized,48,2,2,0,46,1800,0,0,0.013,0.0,0.0,0.01,0,0.5
2016-04-08,SKU-037,WH-TX1,SmartStock Optimized,1846,3,3,0,1843,0,0,1800,0.505,0.0,0.0,0.51,0,0.5
2016-04-09,SKU-037,WH-TX1,SmartStock Optimized,1843,0,0,0,1843,0,0,0,0.505,0.0,0.0,0.51,0,0.5
2016-04-10,SKU-037,WH-TX1,SmartStock Optimized,1843,0,0,0,1843,0,0,0,0.505,0.0,0.0,0.51,0,0.5
2016-04-11,SKU-037,WH-TX1,SmartStock Optimized,1843,9,9,0,1834,0,0,0,0.502,0.0,0.0,0.5,0,0.5
2016-04-12,SKU-037,WH-TX1,SmartStock Optimized,1834,1,1,0,1833,0,0,0,0.502,0.0,0.0,0.5,0,0.5
2016-04-13,SKU-037,WH-TX1,SmartStock Optimized,1833,0,0,0,1833,0,0,0,0.502,0.0,0.0,0.5,0,0.5
2016-04-14,SKU-037,WH-TX1,SmartStock Optimized,1833,7,7,0,1826,0,0,0,0.5,0.0,0.0,0.5,0,0.5
2016-04-15,SKU-037,WH-TX1,SmartStock Optimized,1826,0,0,0,1826,0,0,0,0.5,0.0,0.0,0.5,0,0.5
2016-04-16,SKU-037,WH-TX1,SmartStock Optimized,1826,4,4,0,1822,0,0,0,0.499,0.0,0.0,0.5,0,0.5
2016-04-17,SKU-037,WH-TX1,SmartStock Optimized,1822,0,0,0,1822,0,0,0,0.499,0.0,0.0,0.5,0,0.5
2016-04-18,SKU-037,WH-TX1,SmartStock Optimized,1822,4,4,0,1818,0,0,0,0.498,0.0,0.0,0.5,0,0.5
2016-04-19,SKU-037,WH-TX1,SmartStock Optimized,1818,2,2,0,1816,0,0,0,0.498,0.0,0.0,0.5,0,0.5
2016-04-20,SKU-037,WH-TX1,SmartStock Optimized,1816,7,7,0,1809,0,0,0,0.496,0.0,0.0,0.5,0,0.5
2016-04-21,SKU-037,WH-TX1,SmartStock Optimized,1809,0,0,0,1809,0,0,0,0.496,0.0,0.0,0.5,0,0.5
2016-04-22,SKU-037,WH-TX1,SmartStock Optimized,1809,1,1,0,1808,0,0,0,0.495,0.0,0.0,0.49,0,0.5
2016-04-23,SKU-037,WH-TX1,SmartStock Optimized,1808,5,5,0,1803,0,0,0,0.494,0.0,0.0,0.49,0,0.5
2016-04-24,SKU-037,WH-TX1,SmartStock Optimized,1803,1,1,0,1802,0,0,0,0.494,0.0,0.0,0.49,0,0.5
2016-03-28,SKU-037,WH-WI1,SmartStock Optimized,144,6,6,0,138,2400,2400,0,0.042,110.0,0.0,110.04,0,0.5
2016-03-29,SKU-037,WH-WI1,SmartStock Optimized,138,5,5,0,133,2400,0,0,0.04,0.0,0.0,0.04,0,0.5
2016-03-30,SKU-037,WH-WI1,SmartStock Optimized,133,8,8,0,125,2400,0,0,0.038,0.0,0.0,0.04,0,0.5
2016-03-31,SKU-037,WH-WI1,SmartStock Optimized,125,5,5,0,120,2400,0,0,0.036,0.0,0.0,0.04,0,0.5
2016-04-01,SKU-037,WH-WI1,SmartStock Optimized,120,34,34,0,86,2400,0,0,0.026,0.0,0.0,0.03,0,0.5
2016-04-02,SKU-037,WH-WI1,SmartStock Optimized,86,11,11,0,75,2400,0,0,0.023,0.0,0.0,0.02,0,0.5
2016-04-03,SKU-037,WH-WI1,SmartStock Optimized,75,9,9,0,66,2400,0,0,0.02,0.0,0.0,0.02,0,0.5
2016-04-04,SKU-037,WH-WI1,SmartStock Optimized,66,9,9,0,57,2400,0,0,0.017,0.0,0.0,0.02,0,0.5
2016-04-05,SKU-037,WH-WI1,SmartStock Optimized,57,4,4,0,53,2400,0,0,0.016,0.0,0.0,0.02,0,0.5
2016-04-06,SKU-037,WH-WI1,SmartStock Optimized,53,4,4,0,49,2400,0,0,0.015,0.0,0.0,0.01,0,0.5
2016-04-07,SKU-037,WH-WI1,SmartStock Optimized,49,16,16,0,33,2400,0,0,0.01,0.0,0.0,0.01,0,0.5
2016-04-08,SKU-037,WH-WI1,SmartStock Optimized,33,29,29,0,4,2400,0,0,0.001,0.0,0.0,0.0,0,0.5
2016-04-09,SKU-037,WH-WI1,SmartStock Optimized,4,19,4,15,0,2400,0,0,0.0,0.0,29.7,29.7,1,0.5
2016-04-10,SKU-037,WH-WI1,SmartStock Optimized,0,5,0,5,0,2400,0,0,0.0,0.0,9.9,9.9,1,0.5
2016-04-11,SKU-037,WH-WI1,SmartStock Optimized,0,0,0,0,0,2400,0,0,0.0,0.0,0.0,0.0,0,0.5
2016-04-12,SKU-037,WH-WI1,SmartStock Optimized,0,9,0,9,0,2400,0,0,0.0,0.0,17.82,17.82,1,0.5
2016-04-13,SKU-037,WH-WI1,SmartStock Optimized,0,7,0,7,0,2400,0,0,0.0,0.0,13.86,13.86,1,0.5
2016-04-14,SKU-037,WH-WI1,SmartStock Optimized,0,1,0,1,0,2400,0,0,0.0,0.0,1.98,1.98,1,0.5
2016-04-15,SKU-037,WH-WI1,SmartStock Optimized,0,10,0,10,0,2400,0,0,0.0,0.0,19.8,19.8,1,0.5
2016-04-16,SKU-037,WH-WI1,SmartStock Optimized,0,4,0,4,0,2400,0,0,0.0,0.0,7.92,7.92,1,0.5
2016-04-17,SKU-037,WH-WI1,SmartStock Optimized,0,5,0,5,0,2400,0,0,0.0,0.0,9.9,9.9,1,0.5
2016-04-18,SKU-037,WH-WI1,SmartStock Optimized,0,9,0,9,0,2400,0,0,0.0,0.0,17.82,17.82,1,0.5
2016-04-19,SKU-037,WH-WI1,SmartStock Optimized,0,3,0,3,0,2400,0,0,0.0,0.0,5.94,5.94,1,0.5
2016-04-20,SKU-037,WH-WI1,SmartStock Optimized,2400,9,9,0,2391,0,0,2400,0.721,0.0,0.0,0.72,0,0.5
2016-04-21,SKU-037,WH-WI1,SmartStock Optimized,2391,4,4,0,2387,0,0,0,0.719,0.0,0.0,0.72,0,0.5
2016-04-22,SKU-037,WH-WI1,SmartStock Optimized,2387,11,11,0,2376,0,0,0,0.716,0.0,0.0,0.72,0,0.5
2016-04-23,SKU-037,WH-WI1,SmartStock Optimized,2376,4,4,0,2372,0,0,0,0.715,0.0,0.0,0.71,0,0.5
2016-04-24,SKU-037,WH-WI1,SmartStock Optimized,2372,3,3,0,2369,0,0,0,0.714,0.0,0.0,0.71,0,0.5
2016-03-28,SKU-038,WH-CA1,SmartStock Optimized,19,0,0,0,19,384,384,0,0.037,110.0,0.0,110.04,0,2.81
2016-03-29,SKU-038,WH-CA1,SmartStock Optimized,19,0,0,0,19,384,0,0,0.037,0.0,0.0,0.04,0,2.81
2016-03-30,SKU-038,WH-CA1,SmartStock Optimized,19,2,2,0,17,384,0,0,0.033,0.0,0.0,0.03,0,2.81
2016-03-31,SKU-038,WH-CA1,SmartStock Optimized,17,1,1,0,16,384,0,0,0.031,0.0,0.0,0.03,0,2.81
2016-04-01,SKU-038,WH-CA1,SmartStock Optimized,16,1,1,0,15,384,0,0,0.029,0.0,0.0,0.03,0,2.81
2016-04-02,SKU-038,WH-CA1,SmartStock Optimized,15,4,4,0,11,384,0,0,0.021,0.0,0.0,0.02,0,2.81
2016-04-03,SKU-038,WH-CA1,SmartStock Optimized,11,2,2,0,9,384,0,0,0.017,0.0,0.0,0.02,0,2.81
2016-04-04,SKU-038,WH-CA1,SmartStock Optimized,9,1,1,0,8,384,0,0,0.015,0.0,0.0,0.01,0,2.81
2016-04-05,SKU-038,WH-CA1,SmartStock Optimized,8,2,2,0,6,384,0,0,0.012,0.0,0.0,0.01,0,2.81
2016-04-06,SKU-038,WH-CA1,SmartStock Optimized,6,2,2,0,4,384,0,0,0.008,0.0,0.0,0.01,0,2.81
2016-04-07,SKU-038,WH-CA1,SmartStock Optimized,4,2,2,0,2,384,0,0,0.004,0.0,0.0,0.0,0,2.81
2016-04-08,SKU-038,WH-CA1,SmartStock Optimized,2,0,0,0,2,384,0,0,0.004,0.0,0.0,0.0,0,2.81
2016-04-09,SKU-038,WH-CA1,SmartStock Optimized,2,1,1,0,1,384,0,0,0.002,0.0,0.0,0.0,0,2.81
2016-04-10,SKU-038,WH-CA1,SmartStock Optimized,1,2,1,1,0,384,0,0,0.0,0.0,4.21,4.21,1,2.81
2016-04-11,SKU-038,WH-CA1,SmartStock Optimized,0,3,0,3,0,384,0,0,0.0,0.0,12.63,12.63,1,2.81
2016-04-12,SKU-038,WH-CA1,SmartStock Optimized,0,1,0,1,0,384,0,0,0.0,0.0,4.21,4.21,1,2.81
2016-04-13,SKU-038,WH-CA1,SmartStock Optimized,0,0,0,0,0,384,0,0,0.0,0.0,0.0,0.0,0,2.81
2016-04-14,SKU-038,WH-CA1,SmartStock Optimized,0,2,0,2,0,384,0,0,0.0,0.0,8.42,8.42,1,2.81
2016-04-15,SKU-038,WH-CA1,SmartStock Optimized,0,0,0,0,0,384,0,0,0.0,0.0,0.0,0.0,0,2.81
2016-04-16,SKU-038,WH-CA1,SmartStock Optimized,0,0,0,0,0,384,0,0,0.0,0.0,0.0,0.0,0,2.81
2016-04-17,SKU-038,WH-CA1,SmartStock Optimized,384,4,4,0,380,0,0,384,0.731,0.0,0.0,0.73,0,2.81
2016-04-18,SKU-038,WH-CA1,SmartStock Optimized,380,2,2,0,378,0,0,0,0.728,0.0,0.0,0.73,0,2.81
2016-04-19,SKU-038,WH-CA1,SmartStock Optimized,378,1,1,0,377,0,0,0,0.726,0.0,0.0,0.73,0,2.81
2016-04-20,SKU-038,WH-CA1,SmartStock Optimized,377,1,1,0,376,0,0,0,0.724,0.0,0.0,0.72,0,2.81
2016-04-21,SKU-038,WH-CA1,SmartStock Optimized,376,1,1,0,375,0,0,0,0.722,0.0,0.0,0.72,0,2.81
2016-04-22,SKU-038,WH-CA1,SmartStock Optimized,375,1,1,0,374,0,0,0,0.72,0.0,0.0,0.72,0,2.81
2016-04-23,SKU-038,WH-CA1,SmartStock Optimized,374,1,1,0,373,0,0,0,0.718,0.0,0.0,0.72,0,2.81
2016-04-24,SKU-038,WH-CA1,SmartStock Optimized,373,3,3,0,370,0,0,0,0.712,0.0,0.0,0.71,0,2.81
2016-03-28,SKU-038,WH-TX1,SmartStock Optimized,33,0,0,0,33,576,576,0,0.051,110.0,0.0,110.05,0,2.81
2016-03-29,SKU-038,WH-TX1,SmartStock Optimized,33,0,0,0,33,576,0,0,0.051,0.0,0.0,0.05,0,2.81
2016-03-30,SKU-038,WH-TX1,SmartStock Optimized,33,4,4,0,29,576,0,0,0.045,0.0,0.0,0.04,0,2.81
2016-03-31,SKU-038,WH-TX1,SmartStock Optimized,29,4,4,0,25,576,0,0,0.038,0.0,0.0,0.04,0,2.81
2016-04-01,SKU-038,WH-TX1,SmartStock Optimized,25,1,1,0,24,576,0,0,0.037,0.0,0.0,0.04,0,2.81
2016-04-02,SKU-038,WH-TX1,SmartStock Optimized,24,3,3,0,21,576,0,0,0.032,0.0,0.0,0.03,0,2.81
2016-04-03,SKU-038,WH-TX1,SmartStock Optimized,21,3,3,0,18,576,0,0,0.028,0.0,0.0,0.03,0,2.81
2016-04-04,SKU-038,WH-TX1,SmartStock Optimized,18,3,3,0,15,576,0,0,0.023,0.0,0.0,0.02,0,2.81
2016-04-05,SKU-038,WH-TX1,SmartStock Optimized,15,0,0,0,15,576,0,0,0.023,0.0,0.0,0.02,0,2.81
2016-04-06,SKU-038,WH-TX1,SmartStock Optimized,15,3,3,0,12,576,0,0,0.018,0.0,0.0,0.02,0,2.81
2016-04-07,SKU-038,WH-TX1,SmartStock Optimized,12,2,2,0,10,576,0,0,0.015,0.0,0.0,0.01,0,2.81
2016-04-08,SKU-038,WH-TX1,SmartStock Optimized,10,3,3,0,7,576,0,0,0.011,0.0,0.0,0.01,0,2.81
2016-04-09,SKU-038,WH-TX1,SmartStock Optimized,7,3,3,0,4,576,0,0,0.006,0.0,0.0,0.01,0,2.81
2016-04-10,SKU-038,WH-TX1,SmartStock Optimized,4,3,3,0,1,576,0,0,0.002,0.0,0.0,0.0,0,2.81
2016-04-11,SKU-038,WH-TX1,SmartStock Optimized,1,0,0,0,1,576,0,0,0.002,0.0,0.0,0.0,0,2.81
2016-04-12,SKU-038,WH-TX1,SmartStock Optimized,1,0,0,0,1,576,0,0,0.002,0.0,0.0,0.0,0,2.81
2016-04-13,SKU-038,WH-TX1,SmartStock Optimized,577,3,3,0,574,0,0,576,0.884,0.0,0.0,0.88,0,2.81
2016-04-14,SKU-038,WH-TX1,SmartStock Optimized,574,4,4,0,570,0,0,0,0.878,0.0,0.0,0.88,0,2.81
2016-04-15,SKU-038,WH-TX1,SmartStock Optimized,570,1,1,0,569,0,0,0,0.876,0.0,0.0,0.88,0,2.81
2016-04-16,SKU-038,WH-TX1,SmartStock Optimized,569,3,3,0,566,0,0,0,0.871,0.0,0.0,0.87,0,2.81
2016-04-17,SKU-038,WH-TX1,SmartStock Optimized,566,1,1,0,565,0,0,0,0.87,0.0,0.0,0.87,0,2.81
2016-04-18,SKU-038,WH-TX1,SmartStock Optimized,565,4,4,0,561,0,0,0,0.864,0.0,0.0,0.86,0,2.81
2016-04-19,SKU-038,WH-TX1,SmartStock Optimized,561,2,2,0,559,0,0,0,0.861,0.0,0.0,0.86,0,2.81
2016-04-20,SKU-038,WH-TX1,SmartStock Optimized,559,3,3,0,556,0,0,0,0.856,0.0,0.0,0.86,0,2.81
2016-04-21,SKU-038,WH-TX1,SmartStock Optimized,556,1,1,0,555,0,0,0,0.855,0.0,0.0,0.85,0,2.81
2016-04-22,SKU-038,WH-TX1,SmartStock Optimized,555,3,3,0,552,0,0,0,0.85,0.0,0.0,0.85,0,2.81
2016-04-23,SKU-038,WH-TX1,SmartStock Optimized,552,3,3,0,549,0,0,0,0.845,0.0,0.0,0.84,0,2.81
2016-04-24,SKU-038,WH-TX1,SmartStock Optimized,549,4,4,0,545,0,0,0,0.839,0.0,0.0,0.84,0,2.81
2016-03-28,SKU-038,WH-WI1,SmartStock Optimized,9,0,0,0,9,240,240,0,0.015,110.0,0.0,110.02,0,2.81
2016-03-29,SKU-038,WH-WI1,SmartStock Optimized,9,1,1,0,8,240,0,0,0.014,0.0,0.0,0.01,0,2.81
2016-03-30,SKU-038,WH-WI1,SmartStock Optimized,8,1,1,0,7,240,0,0,0.012,0.0,0.0,0.01,0,2.81
2016-03-31,SKU-038,WH-WI1,SmartStock Optimized,7,2,2,0,5,240,0,0,0.008,0.0,0.0,0.01,0,2.81
2016-04-01,SKU-038,WH-WI1,SmartStock Optimized,5,0,0,0,5,240,0,0,0.008,0.0,0.0,0.01,0,2.81
2016-04-02,SKU-038,WH-WI1,SmartStock Optimized,5,0,0,0,5,240,0,0,0.008,0.0,0.0,0.01,0,2.81
2016-04-03,SKU-038,WH-WI1,SmartStock Optimized,5,1,1,0,4,240,0,0,0.007,0.0,0.0,0.01,0,2.81
2016-04-04,SKU-038,WH-WI1,SmartStock Optimized,4,1,1,0,3,240,0,0,0.005,0.0,0.0,0.01,0,2.81
2016-04-05,SKU-038,WH-WI1,SmartStock Optimized,3,2,2,0,1,240,0,0,0.002,0.0,0.0,0.0,0,2.81
2016-04-06,SKU-038,WH-WI1,SmartStock Optimized,1,0,0,0,1,240,0,0,0.002,0.0,0.0,0.0,0,2.81
2016-04-07,SKU-038,WH-WI1,SmartStock Optimized,1,2,1,1,0,240,0,0,0.0,0.0,4.21,4.21,1,2.81
2016-04-08,SKU-038,WH-WI1,SmartStock Optimized,0,0,0,0,0,240,0,0,0.0,0.0,0.0,0.0,0,2.81
2016-04-09,SKU-038,WH-WI1,SmartStock Optimized,0,0,0,0,0,240,0,0,0.0,0.0,0.0,0.0,0,2.81
2016-04-10,SKU-038,WH-WI1,SmartStock Optimized,0,0,0,0,0,240,0,0,0.0,0.0,0.0,0.0,0,2.81
2016-04-11,SKU-038,WH-WI1,SmartStock Optimized,0,0,0,0,0,240,0,0,0.0,0.0,0.0,0.0,0,2.81
2016-04-12,SKU-038,WH-WI1,SmartStock Optimized,0,0,0,0,0,240,0,0,0.0,0.0,0.0,0.0,0,2.81
2016-04-13,SKU-038,WH-WI1,SmartStock Optimized,0,0,0,0,0,240,0,0,0.0,0.0,0.0,0.0,0,2.81
2016-04-14,SKU-038,WH-WI1,SmartStock Optimized,0,0,0,0,0,240,0,0,0.0,0.0,0.0,0.0,0,2.81
2016-04-15,SKU-038,WH-WI1,SmartStock Optimized,0,0,0,0,0,240,0,0,0.0,0.0,0.0,0.0,0,2.81
2016-04-16,SKU-038,WH-WI1,SmartStock Optimized,0,0,0,0,0,240,0,0,0.0,0.0,0.0,0.0,0,2.81
2016-04-17,SKU-038,WH-WI1,SmartStock Optimized,0,1,0,1,0,240,0,0,0.0,0.0,4.21,4.21,1,2.81
2016-04-18,SKU-038,WH-WI1,SmartStock Optimized,0,0,0,0,0,240,0,0,0.0,0.0,0.0,0.0,0,2.81
2016-04-19,SKU-038,WH-WI1,SmartStock Optimized,0,0,0,0,0,240,0,0,0.0,0.0,0.0,0.0,0,2.81
2016-04-20,SKU-038,WH-WI1,SmartStock Optimized,0,0,0,0,0,240,0,0,0.0,0.0,0.0,0.0,0,2.81
2016-04-21,SKU-038,WH-WI1,SmartStock Optimized,0,0,0,0,0,240,0,0,0.0,0.0,0.0,0.0,0,2.81
2016-04-22,SKU-038,WH-WI1,SmartStock Optimized,0,0,0,0,0,240,0,0,0.0,0.0,0.0,0.0,0,2.81
2016-04-23,SKU-038,WH-WI1,SmartStock Optimized,0,1,0,1,0,240,0,0,0.0,0.0,4.21,4.21,1,2.81
2016-04-24,SKU-038,WH-WI1,SmartStock Optimized,240,1,1,0,239,0,0,240,0.405,0.0,0.0,0.41,0,2.81
2016-03-28,SKU-039,WH-CA1,SmartStock Optimized,106,0,0,0,106,1608,1608,0,0.036,110.0,0.0,110.04,0,0.5
2016-03-29,SKU-039,WH-CA1,SmartStock Optimized,106,0,0,0,106,1608,0,0,0.036,0.0,0.0,0.04,0,0.5
2016-03-30,SKU-039,WH-CA1,SmartStock Optimized,106,0,0,0,106,1608,0,0,0.036,0.0,0.0,0.04,0,0.5
2016-03-31,SKU-039,WH-CA1,SmartStock Optimized,106,0,0,0,106,1608,0,0,0.036,0.0,0.0,0.04,0,0.5
2016-04-01,SKU-039,WH-CA1,SmartStock Optimized,106,0,0,0,106,1608,0,0,0.036,0.0,0.0,0.04,0,0.5
2016-04-02,SKU-039,WH-CA1,SmartStock Optimized,106,0,0,0,106,1608,0,0,0.036,0.0,0.0,0.04,0,0.5
2016-04-03,SKU-039,WH-CA1,SmartStock Optimized,106,0,0,0,106,1608,0,0,0.036,0.0,0.0,0.04,0,0.5
2016-04-04,SKU-039,WH-CA1,SmartStock Optimized,106,0,0,0,106,1608,0,0,0.036,0.0,0.0,0.04,0,0.5
2016-04-05,SKU-039,WH-CA1,SmartStock Optimized,106,0,0,0,106,1608,0,0,0.036,0.0,0.0,0.04,0,0.5
2016-04-06,SKU-039,WH-CA1,SmartStock Optimized,106,0,0,0,106,1608,0,0,0.036,0.0,0.0,0.04,0,0.5
2016-04-07,SKU-039,WH-CA1,SmartStock Optimized,106,0,0,0,106,1608,0,0,0.036,0.0,0.0,0.04,0,0.5
2016-04-08,SKU-039,WH-CA1,SmartStock Optimized,106,48,48,0,58,1608,0,0,0.02,0.0,0.0,0.02,0,0.5
2016-04-09,SKU-039,WH-CA1,SmartStock Optimized,58,0,0,0,58,1608,0,0,0.02,0.0,0.0,0.02,0,0.5
2016-04-10,SKU-039,WH-CA1,SmartStock Optimized,58,0,0,0,58,1608,0,0,0.02,0.0,0.0,0.02,0,0.5
2016-04-11,SKU-039,WH-CA1,SmartStock Optimized,58,0,0,0,58,1608,0,0,0.02,0.0,0.0,0.02,0,0.5
2016-04-12,SKU-039,WH-CA1,SmartStock Optimized,58,0,0,0,58,1608,0,0,0.02,0.0,0.0,0.02,0,0.5
2016-04-13,SKU-039,WH-CA1,SmartStock Optimized,58,0,0,0,58,1608,0,0,0.02,0.0,0.0,0.02,0,0.5
2016-04-14,SKU-039,WH-CA1,SmartStock Optimized,58,0,0,0,58,1608,0,0,0.02,0.0,0.0,0.02,0,0.5
2016-04-15,SKU-039,WH-CA1,SmartStock Optimized,58,0,0,0,58,1608,0,0,0.02,0.0,0.0,0.02,0,0.5
2016-04-16,SKU-039,WH-CA1,SmartStock Optimized,58,9,9,0,49,1608,0,0,0.017,0.0,0.0,0.02,0,0.5
2016-04-17,SKU-039,WH-CA1,SmartStock Optimized,49,0,0,0,49,1608,0,0,0.017,0.0,0.0,0.02,0,0.5
2016-04-18,SKU-039,WH-CA1,SmartStock Optimized,1657,7,7,0,1650,0,0,1608,0.565,0.0,0.0,0.56,0,0.5
2016-04-19,SKU-039,WH-CA1,SmartStock Optimized,1650,14,14,0,1636,0,0,0,0.56,0.0,0.0,0.56,0,0.5
2016-04-20,SKU-039,WH-CA1,SmartStock Optimized,1636,3,3,0,1633,0,0,0,0.559,0.0,0.0,0.56,0,0.5
2016-04-21,SKU-039,WH-CA1,SmartStock Optimized,1633,0,0,0,1633,0,0,0,0.559,0.0,0.0,0.56,0,0.5
2016-04-22,SKU-039,WH-CA1,SmartStock Optimized,1633,4,4,0,1629,0,0,0,0.558,0.0,0.0,0.56,0,0.5
2016-04-23,SKU-039,WH-CA1,SmartStock Optimized,1629,20,20,0,1609,0,0,0,0.551,0.0,0.0,0.55,0,0.5
2016-04-24,SKU-039,WH-CA1,SmartStock Optimized,1609,0,0,0,1609,0,0,0,0.551,0.0,0.0,0.55,0,0.5
2016-03-28,SKU-039,WH-TX1,SmartStock Optimized,44,0,0,0,44,1152,1152,0,0.012,110.0,0.0,110.01,0,0.5
2016-03-29,SKU-039,WH-TX1,SmartStock Optimized,44,2,2,0,42,1152,0,0,0.012,0.0,0.0,0.01,0,0.5
2016-03-30,SKU-039,WH-TX1,SmartStock Optimized,42,0,0,0,42,1152,0,0,0.012,0.0,0.0,0.01,0,0.5
2016-03-31,SKU-039,WH-TX1,SmartStock Optimized,42,0,0,0,42,1152,0,0,0.012,0.0,0.0,0.01,0,0.5
2016-04-01,SKU-039,WH-TX1,SmartStock Optimized,42,0,0,0,42,1152,0,0,0.012,0.0,0.0,0.01,0,0.5
2016-04-02,SKU-039,WH-TX1,SmartStock Optimized,42,1,1,0,41,1152,0,0,0.011,0.0,0.0,0.01,0,0.5
2016-04-03,SKU-039,WH-TX1,SmartStock Optimized,41,3,3,0,38,1152,0,0,0.01,0.0,0.0,0.01,0,0.5
2016-04-04,SKU-039,WH-TX1,SmartStock Optimized,38,0,0,0,38,1152,0,0,0.01,0.0,0.0,0.01,0,0.5
2016-04-05,SKU-039,WH-TX1,SmartStock Optimized,38,0,0,0,38,1152,0,0,0.01,0.0,0.0,0.01,0,0.5
2016-04-06,SKU-039,WH-TX1,SmartStock Optimized,38,1,1,0,37,1152,0,0,0.01,0.0,0.0,0.01,0,0.5
2016-04-07,SKU-039,WH-TX1,SmartStock Optimized,37,1,1,0,36,1152,0,0,0.01,0.0,0.0,0.01,0,0.5
2016-04-08,SKU-039,WH-TX1,SmartStock Optimized,36,4,4,0,32,1152,0,0,0.009,0.0,0.0,0.01,0,0.5
2016-04-09,SKU-039,WH-TX1,SmartStock Optimized,32,0,0,0,32,1152,0,0,0.009,0.0,0.0,0.01,0,0.5
2016-04-10,SKU-039,WH-TX1,SmartStock Optimized,32,2,2,0,30,1152,0,0,0.008,0.0,0.0,0.01,0,0.5
2016-04-11,SKU-039,WH-TX1,SmartStock Optimized,30,0,0,0,30,1152,0,0,0.008,0.0,0.0,0.01,0,0.5
2016-04-12,SKU-039,WH-TX1,SmartStock Optimized,30,0,0,0,30,1152,0,0,0.008,0.0,0.0,0.01,0,0.5
2016-04-13,SKU-039,WH-TX1,SmartStock Optimized,30,2,2,0,28,1152,0,0,0.008,0.0,0.0,0.01,0,0.5
2016-04-14,SKU-039,WH-TX1,SmartStock Optimized,28,0,0,0,28,1152,0,0,0.008,0.0,0.0,0.01,0,0.5
2016-04-15,SKU-039,WH-TX1,SmartStock Optimized,28,0,0,0,28,1152,0,0,0.008,0.0,0.0,0.01,0,0.5
2016-04-16,SKU-039,WH-TX1,SmartStock Optimized,28,0,0,0,28,1152,0,0,0.008,0.0,0.0,0.01,0,0.5
2016-04-17,SKU-039,WH-TX1,SmartStock Optimized,28,0,0,0,28,1152,0,0,0.008,0.0,0.0,0.01,0,0.5
2016-04-18,SKU-039,WH-TX1,SmartStock Optimized,28,0,0,0,28,1152,0,0,0.008,0.0,0.0,0.01,0,0.5
2016-04-19,SKU-039,WH-TX1,SmartStock Optimized,28,0,0,0,28,1152,0,0,0.008,0.0,0.0,0.01,0,0.5
2016-04-20,SKU-039,WH-TX1,SmartStock Optimized,28,4,4,0,24,1152,0,0,0.007,0.0,0.0,0.01,0,0.5
2016-04-21,SKU-039,WH-TX1,SmartStock Optimized,24,1,1,0,23,1152,0,0,0.006,0.0,0.0,0.01,0,0.5
2016-04-22,SKU-039,WH-TX1,SmartStock Optimized,23,0,0,0,23,1152,0,0,0.006,0.0,0.0,0.01,0,0.5
2016-04-23,SKU-039,WH-TX1,SmartStock Optimized,1175,6,6,0,1169,0,0,1152,0.32,0.0,0.0,0.32,0,0.5
2016-04-24,SKU-039,WH-TX1,SmartStock Optimized,1169,6,6,0,1163,0,0,0,0.319,0.0,0.0,0.32,0,0.5
2016-03-28,SKU-039,WH-WI1,SmartStock Optimized,93,0,0,0,93,1776,1776,0,0.028,110.0,0.0,110.03,0,0.5
2016-03-29,SKU-039,WH-WI1,SmartStock Optimized,93,0,0,0,93,1776,0,0,0.028,0.0,0.0,0.03,0,0.5
2016-03-30,SKU-039,WH-WI1,SmartStock Optimized,93,0,0,0,93,1776,0,0,0.028,0.0,0.0,0.03,0,0.5
2016-03-31,SKU-039,WH-WI1,SmartStock Optimized,93,0,0,0,93,1776,0,0,0.028,0.0,0.0,0.03,0,0.5
2016-04-01,SKU-039,WH-WI1,SmartStock Optimized,93,3,3,0,90,1776,0,0,0.027,0.0,0.0,0.03,0,0.5
2016-04-02,SKU-039,WH-WI1,SmartStock Optimized,90,5,5,0,85,1776,0,0,0.026,0.0,0.0,0.03,0,0.5
2016-04-03,SKU-039,WH-WI1,SmartStock Optimized,85,2,2,0,83,1776,0,0,0.025,0.0,0.0,0.03,0,0.5
2016-04-04,SKU-039,WH-WI1,SmartStock Optimized,83,11,11,0,72,1776,0,0,0.022,0.0,0.0,0.02,0,0.5
2016-04-05,SKU-039,WH-WI1,SmartStock Optimized,72,2,2,0,70,1776,0,0,0.021,0.0,0.0,0.02,0,0.5
2016-04-06,SKU-039,WH-WI1,SmartStock Optimized,70,3,3,0,67,1776,0,0,0.02,0.0,0.0,0.02,0,0.5
2016-04-07,SKU-039,WH-WI1,SmartStock Optimized,67,4,4,0,63,1776,0,0,0.019,0.0,0.0,0.02,0,0.5
2016-04-08,SKU-039,WH-WI1,SmartStock Optimized,63,4,4,0,59,1776,0,0,0.018,0.0,0.0,0.02,0,0.5
2016-04-09,SKU-039,WH-WI1,SmartStock Optimized,59,2,2,0,57,1776,0,0,0.017,0.0,0.0,0.02,0,0.5
2016-04-10,SKU-039,WH-WI1,SmartStock Optimized,57,16,16,0,41,1776,0,0,0.012,0.0,0.0,0.01,0,0.5
2016-04-11,SKU-039,WH-WI1,SmartStock Optimized,41,9,9,0,32,1776,0,0,0.01,0.0,0.0,0.01,0,0.5
2016-04-12,SKU-039,WH-WI1,SmartStock Optimized,32,2,2,0,30,1776,0,0,0.009,0.0,0.0,0.01,0,0.5
2016-04-13,SKU-039,WH-WI1,SmartStock Optimized,30,0,0,0,30,1776,0,0,0.009,0.0,0.0,0.01,0,0.5
2016-04-14,SKU-039,WH-WI1,SmartStock Optimized,30,3,3,0,27,1776,0,0,0.008,0.0,0.0,0.01,0,0.5
2016-04-15,SKU-039,WH-WI1,SmartStock Optimized,27,8,8,0,19,1776,0,0,0.006,0.0,0.0,0.01,0,0.5
2016-04-16,SKU-039,WH-WI1,SmartStock Optimized,19,6,6,0,13,1776,0,0,0.004,0.0,0.0,0.0,0,0.5
2016-04-17,SKU-039,WH-WI1,SmartStock Optimized,13,4,4,0,9,1776,0,0,0.003,0.0,0.0,0.0,0,0.5
2016-04-18,SKU-039,WH-WI1,SmartStock Optimized,9,11,9,2,0,1776,0,0,0.0,0.0,4.12,4.12,1,0.5
2016-04-19,SKU-039,WH-WI1,SmartStock Optimized,0,7,0,7,0,1776,0,0,0.0,0.0,14.42,14.42,1,0.5
2016-04-20,SKU-039,WH-WI1,SmartStock Optimized,0,1,0,1,0,1776,0,0,0.0,0.0,2.06,2.06,1,0.5
2016-04-21,SKU-039,WH-WI1,SmartStock Optimized,0,6,0,6,0,1776,0,0,0.0,0.0,12.36,12.36,1,0.5
2016-04-22,SKU-039,WH-WI1,SmartStock Optimized,0,4,0,4,0,1776,0,0,0.0,0.0,8.24,8.24,1,0.5
2016-04-23,SKU-039,WH-WI1,SmartStock Optimized,0,5,0,5,0,1776,0,0,0.0,0.0,10.3,10.3,1,0.5
2016-04-24,SKU-039,WH-WI1,SmartStock Optimized,0,16,0,16,0,1776,0,0,0.0,0.0,32.96,32.96,1,0.5
2016-03-28,SKU-040,WH-CA1,SmartStock Optimized,109,4,4,0,105,1944,1944,0,0.036,110.0,0.0,110.04,0,0.5
2016-03-29,SKU-040,WH-CA1,SmartStock Optimized,105,4,4,0,101,1944,0,0,0.035,0.0,0.0,0.04,0,0.5
2016-03-30,SKU-040,WH-CA1,SmartStock Optimized,101,4,4,0,97,1944,0,0,0.033,0.0,0.0,0.03,0,0.5
2016-03-31,SKU-040,WH-CA1,SmartStock Optimized,97,6,6,0,91,1944,0,0,0.031,0.0,0.0,0.03,0,0.5
2016-04-01,SKU-040,WH-CA1,SmartStock Optimized,91,0,0,0,91,1944,0,0,0.031,0.0,0.0,0.03,0,0.5
2016-04-02,SKU-040,WH-CA1,SmartStock Optimized,91,8,8,0,83,1944,0,0,0.028,0.0,0.0,0.03,0,0.5
2016-04-03,SKU-040,WH-CA1,SmartStock Optimized,83,4,4,0,79,1944,0,0,0.027,0.0,0.0,0.03,0,0.5
2016-04-04,SKU-040,WH-CA1,SmartStock Optimized,79,0,0,0,79,1944,0,0,0.027,0.0,0.0,0.03,0,0.5
2016-04-05,SKU-040,WH-CA1,SmartStock Optimized,79,7,7,0,72,1944,0,0,0.025,0.0,0.0,0.03,0,0.5
2016-04-06,SKU-040,WH-CA1,SmartStock Optimized,72,4,4,0,68,1944,0,0,0.023,0.0,0.0,0.02,0,0.5
2016-04-07,SKU-040,WH-CA1,SmartStock Optimized,68,0,0,0,68,1944,0,0,0.023,0.0,0.0,0.02,0,0.5
2016-04-08,SKU-040,WH-CA1,SmartStock Optimized,68,31,31,0,37,1944,0,0,0.013,0.0,0.0,0.01,0,0.5
2016-04-09,SKU-040,WH-CA1,SmartStock Optimized,37,2,2,0,35,1944,0,0,0.012,0.0,0.0,0.01,0,0.5
2016-04-10,SKU-040,WH-CA1,SmartStock Optimized,35,4,4,0,31,1944,0,0,0.011,0.0,0.0,0.01,0,0.5
2016-04-11,SKU-040,WH-CA1,SmartStock Optimized,31,8,8,0,23,1944,0,0,0.008,0.0,0.0,0.01,0,0.5
2016-04-12,SKU-040,WH-CA1,SmartStock Optimized,23,5,5,0,18,1944,0,0,0.006,0.0,0.0,0.01,0,0.5
2016-04-13,SKU-040,WH-CA1,SmartStock Optimized,18,1,1,0,17,1944,0,0,0.006,0.0,0.0,0.01,0,0.5
2016-04-14,SKU-040,WH-CA1,SmartStock Optimized,17,4,4,0,13,1944,0,0,0.004,0.0,0.0,0.0,0,0.5
2016-04-15,SKU-040,WH-CA1,SmartStock Optimized,13,0,0,0,13,1944,0,0,0.004,0.0,0.0,0.0,0,0.5
2016-04-16,SKU-040,WH-CA1,SmartStock Optimized,13,2,2,0,11,1944,0,0,0.004,0.0,0.0,0.0,0,0.5
2016-04-17,SKU-040,WH-CA1,SmartStock Optimized,11,2,2,0,9,1944,0,0,0.003,0.0,0.0,0.0,0,0.5
2016-04-18,SKU-040,WH-CA1,SmartStock Optimized,9,3,3,0,6,1944,0,0,0.002,0.0,0.0,0.0,0,0.5
2016-04-19,SKU-040,WH-CA1,SmartStock Optimized,6,4,4,0,2,1944,0,0,0.001,0.0,0.0,0.0,0,0.5
2016-04-20,SKU-040,WH-CA1,SmartStock Optimized,2,4,2,2,0,1944,0,0,0.0,0.0,3.96,3.96,1,0.5
2016-04-21,SKU-040,WH-CA1,SmartStock Optimized,0,3,0,3,0,1944,0,0,0.0,0.0,5.94,5.94,1,0.5
2016-04-22,SKU-040,WH-CA1,SmartStock Optimized,0,13,0,13,0,1944,0,0,0.0,0.0,25.74,25.74,1,0.5
2016-04-23,SKU-040,WH-CA1,SmartStock Optimized,1944,0,0,0,1944,0,0,1944,0.666,0.0,0.0,0.67,0,0.5
2016-04-24,SKU-040,WH-CA1,SmartStock Optimized,1944,5,5,0,1939,0,0,0,0.664,0.0,0.0,0.66,0,0.5
2016-03-28,SKU-040,WH-TX1,SmartStock Optimized,62,3,3,0,59,1608,1608,0,0.016,110.0,0.0,110.02,0,0.5
2016-03-29,SKU-040,WH-TX1,SmartStock Optimized,59,3,3,0,56,1608,0,0,0.015,0.0,0.0,0.01,0,0.5
2016-03-30,SKU-040,WH-TX1,SmartStock Optimized,56,13,13,0,43,1608,0,0,0.012,0.0,0.0,0.01,0,0.5
2016-03-31,SKU-040,WH-TX1,SmartStock Optimized,43,0,0,0,43,1608,0,0,0.012,0.0,0.0,0.01,0,0.5
2016-04-01,SKU-040,WH-TX1,SmartStock Optimized,43,12,12,0,31,1608,0,0,0.008,0.0,0.0,0.01,0,0.5
2016-04-02,SKU-040,WH-TX1,SmartStock Optimized,31,4,4,0,27,1608,0,0,0.007,0.0,0.0,0.01,0,0.5
2016-04-03,SKU-040,WH-TX1,SmartStock Optimized,27,1,1,0,26,1608,0,0,0.007,0.0,0.0,0.01,0,0.5
2016-04-04,SKU-040,WH-TX1,SmartStock Optimized,26,1,1,0,25,1608,0,0,0.007,0.0,0.0,0.01,0,0.5
2016-04-05,SKU-040,WH-TX1,SmartStock Optimized,25,0,0,0,25,1608,0,0,0.007,0.0,0.0,0.01,0,0.5
2016-04-06,SKU-040,WH-TX1,SmartStock Optimized,25,0,0,0,25,1608,0,0,0.007,0.0,0.0,0.01,0,0.5
2016-04-07,SKU-040,WH-TX1,SmartStock Optimized,25,0,0,0,25,1608,0,0,0.007,0.0,0.0,0.01,0,0.5
2016-04-08,SKU-040,WH-TX1,SmartStock Optimized,25,0,0,0,25,1608,0,0,0.007,0.0,0.0,0.01,0,0.5
2016-04-09,SKU-040,WH-TX1,SmartStock Optimized,25,2,2,0,23,1608,0,0,0.006,0.0,0.0,0.01,0,0.5
2016-04-10,SKU-040,WH-TX1,SmartStock Optimized,23,0,0,0,23,1608,0,0,0.006,0.0,0.0,0.01,0,0.5
2016-04-11,SKU-040,WH-TX1,SmartStock Optimized,23,0,0,0,23,1608,0,0,0.006,0.0,0.0,0.01,0,0.5
2016-04-12,SKU-040,WH-TX1,SmartStock Optimized,23,14,14,0,9,1608,0,0,0.002,0.0,0.0,0.0,0,0.5
2016-04-13,SKU-040,WH-TX1,SmartStock Optimized,1617,6,6,0,1611,0,0,1608,0.441,0.0,0.0,0.44,0,0.5
2016-04-14,SKU-040,WH-TX1,SmartStock Optimized,1611,2,2,0,1609,0,0,0,0.441,0.0,0.0,0.44,0,0.5
2016-04-15,SKU-040,WH-TX1,SmartStock Optimized,1609,1,1,0,1608,0,0,0,0.441,0.0,0.0,0.44,0,0.5
2016-04-16,SKU-040,WH-TX1,SmartStock Optimized,1608,8,8,0,1600,0,0,0,0.438,0.0,0.0,0.44,0,0.5
2016-04-17,SKU-040,WH-TX1,SmartStock Optimized,1600,9,9,0,1591,0,0,0,0.436,0.0,0.0,0.44,0,0.5
2016-04-18,SKU-040,WH-TX1,SmartStock Optimized,1591,2,2,0,1589,0,0,0,0.435,0.0,0.0,0.43,0,0.5
2016-04-19,SKU-040,WH-TX1,SmartStock Optimized,1589,2,2,0,1587,0,0,0,0.435,0.0,0.0,0.43,0,0.5
2016-04-20,SKU-040,WH-TX1,SmartStock Optimized,1587,2,2,0,1585,0,0,0,0.434,0.0,0.0,0.43,0,0.5
2016-04-21,SKU-040,WH-TX1,SmartStock Optimized,1585,1,1,0,1584,0,0,0,0.434,0.0,0.0,0.43,0,0.5
2016-04-22,SKU-040,WH-TX1,SmartStock Optimized,1584,0,0,0,1584,0,0,0,0.434,0.0,0.0,0.43,0,0.5
2016-04-23,SKU-040,WH-TX1,SmartStock Optimized,1584,0,0,0,1584,0,0,0,0.434,0.0,0.0,0.43,0,0.5
2016-04-24,SKU-040,WH-TX1,SmartStock Optimized,1584,1,1,0,1583,0,0,0,0.434,0.0,0.0,0.43,0,0.5
2016-03-28,SKU-040,WH-WI1,SmartStock Optimized,104,3,3,0,101,2088,2088,0,0.03,110.0,0.0,110.03,0,0.5
2016-03-29,SKU-040,WH-WI1,SmartStock Optimized,101,2,2,0,99,2088,0,0,0.03,0.0,0.0,0.03,0,0.5
2016-03-30,SKU-040,WH-WI1,SmartStock Optimized,99,0,0,0,99,2088,0,0,0.03,0.0,0.0,0.03,0,0.5
2016-03-31,SKU-040,WH-WI1,SmartStock Optimized,99,4,4,0,95,2088,0,0,0.029,0.0,0.0,0.03,0,0.5
2016-04-01,SKU-040,WH-WI1,SmartStock Optimized,95,12,12,0,83,2088,0,0,0.025,0.0,0.0,0.03,0,0.5
2016-04-02,SKU-040,WH-WI1,SmartStock Optimized,83,1,1,0,82,2088,0,0,0.025,0.0,0.0,0.03,0,0.5
2016-04-03,SKU-040,WH-WI1,SmartStock Optimized,82,7,7,0,75,2088,0,0,0.023,0.0,0.0,0.02,0,0.5
2016-04-04,SKU-040,WH-WI1,SmartStock Optimized,75,11,11,0,64,2088,0,0,0.019,0.0,0.0,0.02,0,0.5
2016-04-05,SKU-040,WH-WI1,SmartStock Optimized,64,5,5,0,59,2088,0,0,0.018,0.0,0.0,0.02,0,0.5
2016-04-06,SKU-040,WH-WI1,SmartStock Optimized,59,4,4,0,55,2088,0,0,0.017,0.0,0.0,0.02,0,0.5
2016-04-07,SKU-040,WH-WI1,SmartStock Optimized,55,5,5,0,50,2088,0,0,0.015,0.0,0.0,0.01,0,0.5
2016-04-08,SKU-040,WH-WI1,SmartStock Optimized,50,6,6,0,44,2088,0,0,0.013,0.0,0.0,0.01,0,0.5
2016-04-09,SKU-040,WH-WI1,SmartStock Optimized,44,16,16,0,28,2088,0,0,0.008,0.0,0.0,0.01,0,0.5
2016-04-10,SKU-040,WH-WI1,SmartStock Optimized,28,9,9,0,19,2088,0,0,0.006,0.0,0.0,0.01,0,0.5
2016-04-11,SKU-040,WH-WI1,SmartStock Optimized,19,5,5,0,14,2088,0,0,0.004,0.0,0.0,0.0,0,0.5
2016-04-12,SKU-040,WH-WI1,SmartStock Optimized,14,3,3,0,11,2088,0,0,0.003,0.0,0.0,0.0,0,0.5
2016-04-13,SKU-040,WH-WI1,SmartStock Optimized,11,1,1,0,10,2088,0,0,0.003,0.0,0.0,0.0,0,0.5
2016-04-14,SKU-040,WH-WI1,SmartStock Optimized,10,6,6,0,4,2088,0,0,0.001,0.0,0.0,0.0,0,0.5
2016-04-15,SKU-040,WH-WI1,SmartStock Optimized,4,6,4,2,0,2088,0,0,0.0,0.0,3.96,3.96,1,0.5
2016-04-16,SKU-040,WH-WI1,SmartStock Optimized,0,22,0,22,0,2088,0,0,0.0,0.0,43.56,43.56,1,0.5
2016-04-17,SKU-040,WH-WI1,SmartStock Optimized,0,4,0,4,0,2088,0,0,0.0,0.0,7.92,7.92,1,0.5
2016-04-18,SKU-040,WH-WI1,SmartStock Optimized,0,7,0,7,0,2088,0,0,0.0,0.0,13.86,13.86,1,0.5
2016-04-19,SKU-040,WH-WI1,SmartStock Optimized,0,8,0,8,0,2088,0,0,0.0,0.0,15.84,15.84,1,0.5
2016-04-20,SKU-040,WH-WI1,SmartStock Optimized,0,2,0,2,0,2088,0,0,0.0,0.0,3.96,3.96,1,0.5
2016-04-21,SKU-040,WH-WI1,SmartStock Optimized,0,1,0,1,0,2088,0,0,0.0,0.0,1.98,1.98,1,0.5
2016-04-22,SKU-040,WH-WI1,SmartStock Optimized,2088,5,5,0,2083,0,0,2088,0.628,0.0,0.0,0.63,0,0.5
2016-04-23,SKU-040,WH-WI1,SmartStock Optimized,2083,8,8,0,2075,0,0,0,0.625,0.0,0.0,0.62,0,0.5
2016-04-24,SKU-040,WH-WI1,SmartStock Optimized,2075,6,6,0,2069,0,0,0,0.624,0.0,0.0,0.62,0,0.5
2016-03-28,SKU-041,WH-CA1,SmartStock Optimized,20,1,1,0,19,360,360,0,0.035,110.0,0.0,110.03,0,2.71
2016-03-29,SKU-041,WH-CA1,SmartStock Optimized,19,0,0,0,19,360,0,0,0.035,0.0,0.0,0.04,0,2.71
2016-03-30,SKU-041,WH-CA1,SmartStock Optimized,19,0,0,0,19,360,0,0,0.035,0.0,0.0,0.04,0,2.71
2016-03-31,SKU-041,WH-CA1,SmartStock Optimized,19,1,1,0,18,360,0,0,0.033,0.0,0.0,0.03,0,2.71
2016-04-01,SKU-041,WH-CA1,SmartStock Optimized,18,1,1,0,17,360,0,0,0.032,0.0,0.0,0.03,0,2.71
2016-04-02,SKU-041,WH-CA1,SmartStock Optimized,17,0,0,0,17,360,0,0,0.032,0.0,0.0,0.03,0,2.71
2016-04-03,SKU-041,WH-CA1,SmartStock Optimized,17,0,0,0,17,360,0,0,0.032,0.0,0.0,0.03,0,2.71
2016-04-04,SKU-041,WH-CA1,SmartStock Optimized,17,0,0,0,17,360,0,0,0.032,0.0,0.0,0.03,0,2.71
2016-04-05,SKU-041,WH-CA1,SmartStock Optimized,17,1,1,0,16,360,0,0,0.03,0.0,0.0,0.03,0,2.71
2016-04-06,SKU-041,WH-CA1,SmartStock Optimized,16,1,1,0,15,360,0,0,0.028,0.0,0.0,0.03,0,2.71
2016-04-07,SKU-041,WH-CA1,SmartStock Optimized,15,0,0,0,15,360,0,0,0.028,0.0,0.0,0.03,0,2.71
2016-04-08,SKU-041,WH-CA1,SmartStock Optimized,15,0,0,0,15,360,0,0,0.028,0.0,0.0,0.03,0,2.71
2016-04-09,SKU-041,WH-CA1,SmartStock Optimized,15,1,1,0,14,360,0,0,0.026,0.0,0.0,0.03,0,2.71
2016-04-10,SKU-041,WH-CA1,SmartStock Optimized,14,1,1,0,13,360,0,0,0.024,0.0,0.0,0.02,0,2.71
2016-04-11,SKU-041,WH-CA1,SmartStock Optimized,13,2,2,0,11,360,0,0,0.02,0.0,0.0,0.02,0,2.71
2016-04-12,SKU-041,WH-CA1,SmartStock Optimized,11,0,0,0,11,360,0,0,0.02,0.0,0.0,0.02,0,2.71
2016-04-13,SKU-041,WH-CA1,SmartStock Optimized,11,1,1,0,10,360,0,0,0.019,0.0,0.0,0.02,0,2.71
2016-04-14,SKU-041,WH-CA1,SmartStock Optimized,10,0,0,0,10,360,0,0,0.019,0.0,0.0,0.02,0,2.71
2016-04-15,SKU-041,WH-CA1,SmartStock Optimized,10,0,0,0,10,360,0,0,0.019,0.0,0.0,0.02,0,2.71
2016-04-16,SKU-041,WH-CA1,SmartStock Optimized,10,0,0,0,10,360,0,0,0.019,0.0,0.0,0.02,0,2.71
2016-04-17,SKU-041,WH-CA1,SmartStock Optimized,10,0,0,0,10,360,0,0,0.019,0.0,0.0,0.02,0,2.71
2016-04-18,SKU-041,WH-CA1,SmartStock Optimized,10,1,1,0,9,360,0,0,0.017,0.0,0.0,0.02,0,2.71
2016-04-19,SKU-041,WH-CA1,SmartStock Optimized,9,1,1,0,8,360,0,0,0.015,0.0,0.0,0.01,0,2.71
2016-04-20,SKU-041,WH-CA1,SmartStock Optimized,8,1,1,0,7,360,0,0,0.013,0.0,0.0,0.01,0,2.71
2016-04-21,SKU-041,WH-CA1,SmartStock Optimized,7,0,0,0,7,360,0,0,0.013,0.0,0.0,0.01,0,2.71
2016-04-22,SKU-041,WH-CA1,SmartStock Optimized,7,1,1,0,6,360,0,0,0.011,0.0,0.0,0.01,0,2.71
2016-04-23,SKU-041,WH-CA1,SmartStock Optimized,6,2,2,0,4,360,0,0,0.007,0.0,0.0,0.01,0,2.71
2016-04-24,SKU-041,WH-CA1,SmartStock Optimized,4,2,2,0,2,360,0,0,0.004,0.0,0.0,0.0,0,2.71
2016-03-28,SKU-041,WH-TX1,SmartStock Optimized,13,0,0,0,13,288,288,0,0.019,110.0,0.0,110.02,0,2.71
2016-03-29,SKU-041,WH-TX1,SmartStock Optimized,13,0,0,0,13,288,0,0,0.019,0.0,0.0,0.02,0,2.71
2016-03-30,SKU-041,WH-TX1,SmartStock Optimized,13,0,0,0,13,288,0,0,0.019,0.0,0.0,0.02,0,2.71
2016-03-31,SKU-041,WH-TX1,SmartStock Optimized,13,0,0,0,13,288,0,0,0.019,0.0,0.0,0.02,0,2.71
2016-04-01,SKU-041,WH-TX1,SmartStock Optimized,13,0,0,0,13,288,0,0,0.019,0.0,0.0,0.02,0,2.71
2016-04-02,SKU-041,WH-TX1,SmartStock Optimized,13,1,1,0,12,288,0,0,0.018,0.0,0.0,0.02,0,2.71
2016-04-03,SKU-041,WH-TX1,SmartStock Optimized,12,0,0,0,12,288,0,0,0.018,0.0,0.0,0.02,0,2.71
2016-04-04,SKU-041,WH-TX1,SmartStock Optimized,12,0,0,0,12,288,0,0,0.018,0.0,0.0,0.02,0,2.71
2016-04-05,SKU-041,WH-TX1,SmartStock Optimized,12,0,0,0,12,288,0,0,0.018,0.0,0.0,0.02,0,2.71
2016-04-06,SKU-041,WH-TX1,SmartStock Optimized,12,0,0,0,12,288,0,0,0.018,0.0,0.0,0.02,0,2.71
2016-04-07,SKU-041,WH-TX1,SmartStock Optimized,12,0,0,0,12,288,0,0,0.018,0.0,0.0,0.02,0,2.71
2016-04-08,SKU-041,WH-TX1,SmartStock Optimized,12,1,1,0,11,288,0,0,0.016,0.0,0.0,0.02,0,2.71
2016-04-09,SKU-041,WH-TX1,SmartStock Optimized,11,1,1,0,10,288,0,0,0.015,0.0,0.0,0.01,0,2.71
2016-04-10,SKU-041,WH-TX1,SmartStock Optimized,10,2,2,0,8,288,0,0,0.012,0.0,0.0,0.01,0,2.71
2016-04-11,SKU-041,WH-TX1,SmartStock Optimized,8,0,0,0,8,288,0,0,0.012,0.0,0.0,0.01,0,2.71
2016-04-12,SKU-041,WH-TX1,SmartStock Optimized,8,0,0,0,8,288,0,0,0.012,0.0,0.0,0.01,0,2.71
2016-04-13,SKU-041,WH-TX1,SmartStock Optimized,8,1,1,0,7,288,0,0,0.01,0.0,0.0,0.01,0,2.71
2016-04-14,SKU-041,WH-TX1,SmartStock Optimized,7,1,1,0,6,288,0,0,0.009,0.0,0.0,0.01,0,2.71
2016-04-15,SKU-041,WH-TX1,SmartStock Optimized,6,0,0,0,6,288,0,0,0.009,0.0,0.0,0.01,0,2.71
2016-04-16,SKU-041,WH-TX1,SmartStock Optimized,6,0,0,0,6,288,0,0,0.009,0.0,0.0,0.01,0,2.71
2016-04-17,SKU-041,WH-TX1,SmartStock Optimized,6,0,0,0,6,288,0,0,0.009,0.0,0.0,0.01,0,2.71
2016-04-18,SKU-041,WH-TX1,SmartStock Optimized,6,0,0,0,6,288,0,0,0.009,0.0,0.0,0.01,0,2.71
2016-04-19,SKU-041,WH-TX1,SmartStock Optimized,6,0,0,0,6,288,0,0,0.009,0.0,0.0,0.01,0,2.71
2016-04-20,SKU-041,WH-TX1,SmartStock Optimized,294,1,1,0,293,0,0,288,0.435,0.0,0.0,0.43,0,2.71
2016-04-21,SKU-041,WH-TX1,SmartStock Optimized,293,1,1,0,292,0,0,0,0.434,0.0,0.0,0.43,0,2.71
2016-04-22,SKU-041,WH-TX1,SmartStock Optimized,292,1,1,0,291,0,0,0,0.432,0.0,0.0,0.43,0,2.71
2016-04-23,SKU-041,WH-TX1,SmartStock Optimized,291,0,0,0,291,0,0,0,0.432,0.0,0.0,0.43,0,2.71
2016-04-24,SKU-041,WH-TX1,SmartStock Optimized,291,0,0,0,291,0,0,0,0.432,0.0,0.0,0.43,0,2.71
2016-03-28,SKU-041,WH-WI1,SmartStock Optimized,23,1,1,0,22,408,408,0,0.036,110.0,0.0,110.04,0,2.71
2016-03-29,SKU-041,WH-WI1,SmartStock Optimized,22,2,2,0,20,408,0,0,0.033,0.0,0.0,0.03,0,2.71
2016-03-30,SKU-041,WH-WI1,SmartStock Optimized,20,0,0,0,20,408,0,0,0.033,0.0,0.0,0.03,0,2.71
2016-03-31,SKU-041,WH-WI1,SmartStock Optimized,20,0,0,0,20,408,0,0,0.033,0.0,0.0,0.03,0,2.71
2016-04-01,SKU-041,WH-WI1,SmartStock Optimized,20,4,4,0,16,408,0,0,0.026,0.0,0.0,0.03,0,2.71
2016-04-02,SKU-041,WH-WI1,SmartStock Optimized,16,0,0,0,16,408,0,0,0.026,0.0,0.0,0.03,0,2.71
2016-04-03,SKU-041,WH-WI1,SmartStock Optimized,16,0,0,0,16,408,0,0,0.026,0.0,0.0,0.03,0,2.71
2016-04-04,SKU-041,WH-WI1,SmartStock Optimized,16,0,0,0,16,408,0,0,0.026,0.0,0.0,0.03,0,2.71
2016-04-05,SKU-041,WH-WI1,SmartStock Optimized,16,2,2,0,14,408,0,0,0.023,0.0,0.0,0.02,0,2.71
2016-04-06,SKU-041,WH-WI1,SmartStock Optimized,14,0,0,0,14,408,0,0,0.023,0.0,0.0,0.02,0,2.71
2016-04-07,SKU-041,WH-WI1,SmartStock Optimized,14,0,0,0,14,408,0,0,0.023,0.0,0.0,0.02,0,2.71
2016-04-08,SKU-041,WH-WI1,SmartStock Optimized,14,0,0,0,14,408,0,0,0.023,0.0,0.0,0.02,0,2.71
2016-04-09,SKU-041,WH-WI1,SmartStock Optimized,14,1,1,0,13,408,0,0,0.021,0.0,0.0,0.02,0,2.71
2016-04-10,SKU-041,WH-WI1,SmartStock Optimized,13,2,2,0,11,408,0,0,0.018,0.0,0.0,0.02,0,2.71
2016-04-11,SKU-041,WH-WI1,SmartStock Optimized,11,0,0,0,11,408,0,0,0.018,0.0,0.0,0.02,0,2.71
2016-04-12,SKU-041,WH-WI1,SmartStock Optimized,11,0,0,0,11,408,0,0,0.018,0.0,0.0,0.02,0,2.71
2016-04-13,SKU-041,WH-WI1,SmartStock Optimized,11,0,0,0,11,408,0,0,0.018,0.0,0.0,0.02,0,2.71
2016-04-14,SKU-041,WH-WI1,SmartStock Optimized,11,0,0,0,11,408,0,0,0.018,0.0,0.0,0.02,0,2.71
2016-04-15,SKU-041,WH-WI1,SmartStock Optimized,11,0,0,0,11,408,0,0,0.018,0.0,0.0,0.02,0,2.71
2016-04-16,SKU-041,WH-WI1,SmartStock Optimized,11,0,0,0,11,408,0,0,0.018,0.0,0.0,0.02,0,2.71
2016-04-17,SKU-041,WH-WI1,SmartStock Optimized,11,0,0,0,11,408,0,0,0.018,0.0,0.0,0.02,0,2.71
2016-04-18,SKU-041,WH-WI1,SmartStock Optimized,11,0,0,0,11,408,0,0,0.018,0.0,0.0,0.02,0,2.71
2016-04-19,SKU-041,WH-WI1,SmartStock Optimized,11,1,1,0,10,408,0,0,0.016,0.0,0.0,0.02,0,2.71
2016-04-20,SKU-041,WH-WI1,SmartStock Optimized,10,2,2,0,8,408,0,0,0.013,0.0,0.0,0.01,0,2.71
2016-04-21,SKU-041,WH-WI1,SmartStock Optimized,8,1,1,0,7,408,0,0,0.011,0.0,0.0,0.01,0,2.71
2016-04-22,SKU-041,WH-WI1,SmartStock Optimized,7,3,3,0,4,408,0,0,0.007,0.0,0.0,0.01,0,2.71
2016-04-23,SKU-041,WH-WI1,SmartStock Optimized,4,2,2,0,2,408,0,0,0.003,0.0,0.0,0.0,0,2.71
2016-04-24,SKU-041,WH-WI1,SmartStock Optimized,2,1,1,0,1,408,0,0,0.002,0.0,0.0,0.0,0,2.71
2016-03-28,SKU-042,WH-CA1,SmartStock Optimized,5,0,0,0,5,120,120,0,0.015,110.0,0.0,110.02,0,4.3
2016-03-29,SKU-042,WH-CA1,SmartStock Optimized,5,0,0,0,5,120,0,0,0.015,0.0,0.0,0.01,0,4.3
2016-03-30,SKU-042,WH-CA1,SmartStock Optimized,5,0,0,0,5,120,0,0,0.015,0.0,0.0,0.01,0,4.3
2016-03-31,SKU-042,WH-CA1,SmartStock Optimized,5,0,0,0,5,120,0,0,0.015,0.0,0.0,0.01,0,4.3
2016-04-01,SKU-042,WH-CA1,SmartStock Optimized,5,0,0,0,5,120,0,0,0.015,0.0,0.0,0.01,0,4.3
2016-04-02,SKU-042,WH-CA1,SmartStock Optimized,5,0,0,0,5,120,0,0,0.015,0.0,0.0,0.01,0,4.3
2016-04-03,SKU-042,WH-CA1,SmartStock Optimized,5,0,0,0,5,120,0,0,0.015,0.0,0.0,0.01,0,4.3
2016-04-04,SKU-042,WH-CA1,SmartStock Optimized,5,0,0,0,5,120,0,0,0.015,0.0,0.0,0.01,0,4.3
2016-04-05,SKU-042,WH-CA1,SmartStock Optimized,5,0,0,0,5,120,0,0,0.015,0.0,0.0,0.01,0,4.3
2016-04-06,SKU-042,WH-CA1,SmartStock Optimized,5,0,0,0,5,120,0,0,0.015,0.0,0.0,0.01,0,4.3
2016-04-07,SKU-042,WH-CA1,SmartStock Optimized,5,0,0,0,5,120,0,0,0.015,0.0,0.0,0.01,0,4.3
2016-04-08,SKU-042,WH-CA1,SmartStock Optimized,5,0,0,0,5,120,0,0,0.015,0.0,0.0,0.01,0,4.3
2016-04-09,SKU-042,WH-CA1,SmartStock Optimized,5,0,0,0,5,120,0,0,0.015,0.0,0.0,0.01,0,4.3
2016-04-10,SKU-042,WH-CA1,SmartStock Optimized,5,0,0,0,5,120,0,0,0.015,0.0,0.0,0.01,0,4.3
2016-04-11,SKU-042,WH-CA1,SmartStock Optimized,5,0,0,0,5,120,0,0,0.015,0.0,0.0,0.01,0,4.3
2016-04-12,SKU-042,WH-CA1,SmartStock Optimized,5,0,0,0,5,120,0,0,0.015,0.0,0.0,0.01,0,4.3
2016-04-13,SKU-042,WH-CA1,SmartStock Optimized,5,0,0,0,5,120,0,0,0.015,0.0,0.0,0.01,0,4.3
2016-04-14,SKU-042,WH-CA1,SmartStock Optimized,5,0,0,0,5,120,0,0,0.015,0.0,0.0,0.01,0,4.3
2016-04-15,SKU-042,WH-CA1,SmartStock Optimized,5,0,0,0,5,120,0,0,0.015,0.0,0.0,0.01,0,4.3
2016-04-16,SKU-042,WH-CA1,SmartStock Optimized,5,0,0,0,5,120,0,0,0.015,0.0,0.0,0.01,0,4.3
2016-04-17,SKU-042,WH-CA1,SmartStock Optimized,5,0,0,0,5,120,0,0,0.015,0.0,0.0,0.01,0,4.3
2016-04-18,SKU-042,WH-CA1,SmartStock Optimized,5,0,0,0,5,120,0,0,0.015,0.0,0.0,0.01,0,4.3
2016-04-19,SKU-042,WH-CA1,SmartStock Optimized,125,0,0,0,125,0,0,120,0.368,0.0,0.0,0.37,0,4.3
2016-04-20,SKU-042,WH-CA1,SmartStock Optimized,125,0,0,0,125,0,0,0,0.368,0.0,0.0,0.37,0,4.3
2016-04-21,SKU-042,WH-CA1,SmartStock Optimized,125,0,0,0,125,0,0,0,0.368,0.0,0.0,0.37,0,4.3
2016-04-22,SKU-042,WH-CA1,SmartStock Optimized,125,0,0,0,125,0,0,0,0.368,0.0,0.0,0.37,0,4.3
2016-04-23,SKU-042,WH-CA1,SmartStock Optimized,125,0,0,0,125,0,0,0,0.368,0.0,0.0,0.37,0,4.3
2016-04-24,SKU-042,WH-CA1,SmartStock Optimized,125,0,0,0,125,0,0,0,0.368,0.0,0.0,0.37,0,4.3
2016-03-28,SKU-042,WH-TX1,SmartStock Optimized,5,0,0,0,5,120,120,0,0.012,110.0,0.0,110.01,0,4.3
2016-03-29,SKU-042,WH-TX1,SmartStock Optimized,5,0,0,0,5,120,0,0,0.012,0.0,0.0,0.01,0,4.3
2016-03-30,SKU-042,WH-TX1,SmartStock Optimized,5,0,0,0,5,120,0,0,0.012,0.0,0.0,0.01,0,4.3
2016-03-31,SKU-042,WH-TX1,SmartStock Optimized,5,0,0,0,5,120,0,0,0.012,0.0,0.0,0.01,0,4.3
2016-04-01,SKU-042,WH-TX1,SmartStock Optimized,5,0,0,0,5,120,0,0,0.012,0.0,0.0,0.01,0,4.3
2016-04-02,SKU-042,WH-TX1,SmartStock Optimized,5,0,0,0,5,120,0,0,0.012,0.0,0.0,0.01,0,4.3
2016-04-03,SKU-042,WH-TX1,SmartStock Optimized,5,1,1,0,4,120,0,0,0.009,0.0,0.0,0.01,0,4.3
2016-04-04,SKU-042,WH-TX1,SmartStock Optimized,4,0,0,0,4,120,0,0,0.009,0.0,0.0,0.01,0,4.3
2016-04-05,SKU-042,WH-TX1,SmartStock Optimized,4,0,0,0,4,120,0,0,0.009,0.0,0.0,0.01,0,4.3
2016-04-06,SKU-042,WH-TX1,SmartStock Optimized,4,2,2,0,2,120,0,0,0.005,0.0,0.0,0.01,0,4.3
2016-04-07,SKU-042,WH-TX1,SmartStock Optimized,2,0,0,0,2,120,0,0,0.005,0.0,0.0,0.01,0,4.3
2016-04-08,SKU-042,WH-TX1,SmartStock Optimized,2,2,2,0,0,120,0,0,0.0,0.0,0.0,0.0,0,4.3
2016-04-09,SKU-042,WH-TX1,SmartStock Optimized,0,3,0,3,0,120,0,0,0.0,0.0,16.14,16.14,1,4.3
2016-04-10,SKU-042,WH-TX1,SmartStock Optimized,0,0,0,0,0,120,0,0,0.0,0.0,0.0,0.0,0,4.3
2016-04-11,SKU-042,WH-TX1,SmartStock Optimized,0,0,0,0,0,120,0,0,0.0,0.0,0.0,0.0,0,4.3
2016-04-12,SKU-042,WH-TX1,SmartStock Optimized,0,0,0,0,0,120,0,0,0.0,0.0,0.0,0.0,0,4.3
2016-04-13,SKU-042,WH-TX1,SmartStock Optimized,0,0,0,0,0,120,0,0,0.0,0.0,0.0,0.0,0,4.3
2016-04-14,SKU-042,WH-TX1,SmartStock Optimized,0,0,0,0,0,120,0,0,0.0,0.0,0.0,0.0,0,4.3
2016-04-15,SKU-042,WH-TX1,SmartStock Optimized,0,0,0,0,0,120,0,0,0.0,0.0,0.0,0.0,0,4.3
2016-04-16,SKU-042,WH-TX1,SmartStock Optimized,120,0,0,0,120,0,0,120,0.283,0.0,0.0,0.28,0,4.3
2016-04-17,SKU-042,WH-TX1,SmartStock Optimized,120,0,0,0,120,0,0,0,0.283,0.0,0.0,0.28,0,4.3
2016-04-18,SKU-042,WH-TX1,SmartStock Optimized,120,0,0,0,120,0,0,0,0.283,0.0,0.0,0.28,0,4.3
2016-04-19,SKU-042,WH-TX1,SmartStock Optimized,120,0,0,0,120,0,0,0,0.283,0.0,0.0,0.28,0,4.3
2016-04-20,SKU-042,WH-TX1,SmartStock Optimized,120,1,1,0,119,0,0,0,0.28,0.0,0.0,0.28,0,4.3
2016-04-21,SKU-042,WH-TX1,SmartStock Optimized,119,0,0,0,119,0,0,0,0.28,0.0,0.0,0.28,0,4.3
2016-04-22,SKU-042,WH-TX1,SmartStock Optimized,119,0,0,0,119,0,0,0,0.28,0.0,0.0,0.28,0,4.3
2016-04-23,SKU-042,WH-TX1,SmartStock Optimized,119,0,0,0,119,0,0,0,0.28,0.0,0.0,0.28,0,4.3
2016-04-24,SKU-042,WH-TX1,SmartStock Optimized,119,0,0,0,119,0,0,0,0.28,0.0,0.0,0.28,0,4.3
2016-03-28,SKU-042,WH-WI1,SmartStock Optimized,11,0,0,0,11,216,216,0,0.029,110.0,0.0,110.03,0,4.3
2016-03-29,SKU-042,WH-WI1,SmartStock Optimized,11,1,1,0,10,216,0,0,0.026,0.0,0.0,0.03,0,4.3
2016-03-30,SKU-042,WH-WI1,SmartStock Optimized,10,1,1,0,9,216,0,0,0.023,0.0,0.0,0.02,0,4.3
2016-03-31,SKU-042,WH-WI1,SmartStock Optimized,9,0,0,0,9,216,0,0,0.023,0.0,0.0,0.02,0,4.3
2016-04-01,SKU-042,WH-WI1,SmartStock Optimized,9,0,0,0,9,216,0,0,0.023,0.0,0.0,0.02,0,4.3
2016-04-02,SKU-042,WH-WI1,SmartStock Optimized,9,0,0,0,9,216,0,0,0.023,0.0,0.0,0.02,0,4.3
2016-04-03,SKU-042,WH-WI1,SmartStock Optimized,9,1,1,0,8,216,0,0,0.021,0.0,0.0,0.02,0,4.3
2016-04-04,SKU-042,WH-WI1,SmartStock Optimized,8,0,0,0,8,216,0,0,0.021,0.0,0.0,0.02,0,4.3
2016-04-05,SKU-042,WH-WI1,SmartStock Optimized,8,0,0,0,8,216,0,0,0.021,0.0,0.0,0.02,0,4.3
2016-04-06,SKU-042,WH-WI1,SmartStock Optimized,8,0,0,0,8,216,0,0,0.021,0.0,0.0,0.02,0,4.3
2016-04-07,SKU-042,WH-WI1,SmartStock Optimized,8,0,0,0,8,216,0,0,0.021,0.0,0.0,0.02,0,4.3
2016-04-08,SKU-042,WH-WI1,SmartStock Optimized,8,2,2,0,6,216,0,0,0.016,0.0,0.0,0.02,0,4.3
2016-04-09,SKU-042,WH-WI1,SmartStock Optimized,6,1,1,0,5,216,0,0,0.013,0.0,0.0,0.01,0,4.3
2016-04-10,SKU-042,WH-WI1,SmartStock Optimized,5,3,3,0,2,216,0,0,0.005,0.0,0.0,0.01,0,4.3
2016-04-11,SKU-042,WH-WI1,SmartStock Optimized,2,0,0,0,2,216,0,0,0.005,0.0,0.0,0.01,0,4.3
2016-04-12,SKU-042,WH-WI1,SmartStock Optimized,2,0,0,0,2,216,0,0,0.005,0.0,0.0,0.01,0,4.3
2016-04-13,SKU-042,WH-WI1,SmartStock Optimized,2,1,1,0,1,216,0,0,0.003,0.0,0.0,0.0,0,4.3
2016-04-14,SKU-042,WH-WI1,SmartStock Optimized,1,1,1,0,0,216,0,0,0.0,0.0,0.0,0.0,0,4.3
2016-04-15,SKU-042,WH-WI1,SmartStock Optimized,0,0,0,0,0,216,0,0,0.0,0.0,0.0,0.0,0,4.3
2016-04-16,SKU-042,WH-WI1,SmartStock Optimized,0,2,0,2,0,216,0,0,0.0,0.0,10.76,10.76,1,4.3
2016-04-17,SKU-042,WH-WI1,SmartStock Optimized,0,5,0,5,0,216,0,0,0.0,0.0,26.9,26.9,1,4.3
2016-04-18,SKU-042,WH-WI1,SmartStock Optimized,216,0,0,0,216,0,0,216,0.56,0.0,0.0,0.56,0,4.3
2016-04-19,SKU-042,WH-WI1,SmartStock Optimized,216,0,0,0,216,0,0,0,0.56,0.0,0.0,0.56,0,4.3
2016-04-20,SKU-042,WH-WI1,SmartStock Optimized,216,0,0,0,216,0,0,0,0.56,0.0,0.0,0.56,0,4.3
2016-04-21,SKU-042,WH-WI1,SmartStock Optimized,216,0,0,0,216,0,0,0,0.56,0.0,0.0,0.56,0,4.3
2016-04-22,SKU-042,WH-WI1,SmartStock Optimized,216,0,0,0,216,0,0,0,0.56,0.0,0.0,0.56,0,4.3
2016-04-23,SKU-042,WH-WI1,SmartStock Optimized,216,0,0,0,216,0,0,0,0.56,0.0,0.0,0.56,0,4.3
2016-04-24,SKU-042,WH-WI1,SmartStock Optimized,216,0,0,0,216,0,0,0,0.56,0.0,0.0,0.56,0,4.3
2016-03-28,SKU-043,WH-CA1,SmartStock Optimized,17,2,2,0,15,312,312,0,0.027,110.0,0.0,110.03,0,2.62
2016-03-29,SKU-043,WH-CA1,SmartStock Optimized,15,0,0,0,15,312,0,0,0.027,0.0,0.0,0.03,0,2.62
2016-03-30,SKU-043,WH-CA1,SmartStock Optimized,15,1,1,0,14,312,0,0,0.025,0.0,0.0,0.03,0,2.62
2016-03-31,SKU-043,WH-CA1,SmartStock Optimized,14,0,0,0,14,312,0,0,0.025,0.0,0.0,0.03,0,2.62
2016-04-01,SKU-043,WH-CA1,SmartStock Optimized,14,2,2,0,12,312,0,0,0.022,0.0,0.0,0.02,0,2.62
2016-04-02,SKU-043,WH-CA1,SmartStock Optimized,12,0,0,0,12,312,0,0,0.022,0.0,0.0,0.02,0,2.62
2016-04-03,SKU-043,WH-CA1,SmartStock Optimized,12,3,3,0,9,312,0,0,0.016,0.0,0.0,0.02,0,2.62
2016-04-04,SKU-043,WH-CA1,SmartStock Optimized,9,0,0,0,9,312,0,0,0.016,0.0,0.0,0.02,0,2.62
2016-04-05,SKU-043,WH-CA1,SmartStock Optimized,9,0,0,0,9,312,0,0,0.016,0.0,0.0,0.02,0,2.62
2016-04-06,SKU-043,WH-CA1,SmartStock Optimized,9,5,5,0,4,312,0,0,0.007,0.0,0.0,0.01,0,2.62
2016-04-07,SKU-043,WH-CA1,SmartStock Optimized,4,1,1,0,3,312,0,0,0.005,0.0,0.0,0.01,0,2.62
2016-04-08,SKU-043,WH-CA1,SmartStock Optimized,3,0,0,0,3,312,0,0,0.005,0.0,0.0,0.01,0,2.62
2016-04-09,SKU-043,WH-CA1,SmartStock Optimized,3,1,1,0,2,312,0,0,0.004,0.0,0.0,0.0,0,2.62
2016-04-10,SKU-043,WH-CA1,SmartStock Optimized,2,1,1,0,1,312,0,0,0.002,0.0,0.0,0.0,0,2.62
2016-04-11,SKU-043,WH-CA1,SmartStock Optimized,1,0,0,0,1,312,0,0,0.002,0.0,0.0,0.0,0,2.62
2016-04-12,SKU-043,WH-CA1,SmartStock Optimized,1,1,1,0,0,312,0,0,0.0,0.0,0.0,0.0,0,2.62
2016-04-13,SKU-043,WH-CA1,SmartStock Optimized,0,3,0,3,0,312,0,0,0.0,0.0,12.18,12.18,1,2.62
2016-04-14,SKU-043,WH-CA1,SmartStock Optimized,0,0,0,0,0,312,0,0,0.0,0.0,0.0,0.0,0,2.62
2016-04-15,SKU-043,WH-CA1,SmartStock Optimized,0,1,0,1,0,312,0,0,0.0,0.0,4.06,4.06,1,2.62
2016-04-16,SKU-043,WH-CA1,SmartStock Optimized,0,0,0,0,0,312,0,0,0.0,0.0,0.0,0.0,0,2.62
2016-04-17,SKU-043,WH-CA1,SmartStock Optimized,0,0,0,0,0,312,0,0,0.0,0.0,0.0,0.0,0,2.62
2016-04-18,SKU-043,WH-CA1,SmartStock Optimized,0,5,0,5,0,312,0,0,0.0,0.0,20.3,20.3,1,2.62
2016-04-19,SKU-043,WH-CA1,SmartStock Optimized,0,1,0,1,0,312,0,0,0.0,0.0,4.06,4.06,1,2.62
2016-04-20,SKU-043,WH-CA1,SmartStock Optimized,0,0,0,0,0,312,0,0,0.0,0.0,0.0,0.0,0,2.62
2016-04-21,SKU-043,WH-CA1,SmartStock Optimized,0,0,0,0,0,312,0,0,0.0,0.0,0.0,0.0,0,2.62
2016-04-22,SKU-043,WH-CA1,SmartStock Optimized,0,1,0,1,0,312,0,0,0.0,0.0,4.06,4.06,1,2.62
2016-04-23,SKU-043,WH-CA1,SmartStock Optimized,312,1,1,0,311,0,0,312,0.558,0.0,0.0,0.56,0,2.62
2016-04-24,SKU-043,WH-CA1,SmartStock Optimized,311,2,2,0,309,0,0,0,0.555,0.0,0.0,0.56,0,2.62
2016-03-28,SKU-043,WH-TX1,SmartStock Optimized,12,0,0,0,12,264,264,0,0.017,110.0,0.0,110.02,0,2.62
2016-03-29,SKU-043,WH-TX1,SmartStock Optimized,12,0,0,0,12,264,0,0,0.017,0.0,0.0,0.02,0,2.62
2016-03-30,SKU-043,WH-TX1,SmartStock Optimized,12,2,2,0,10,264,0,0,0.014,0.0,0.0,0.01,0,2.62
2016-03-31,SKU-043,WH-TX1,SmartStock Optimized,10,0,0,0,10,264,0,0,0.014,0.0,0.0,0.01,0,2.62
2016-04-01,SKU-043,WH-TX1,SmartStock Optimized,10,1,1,0,9,264,0,0,0.013,0.0,0.0,0.01,0,2.62
2016-04-02,SKU-043,WH-TX1,SmartStock Optimized,9,1,1,0,8,264,0,0,0.011,0.0,0.0,0.01,0,2.62
2016-04-03,SKU-043,WH-TX1,SmartStock Optimized,8,1,1,0,7,264,0,0,0.01,0.0,0.0,0.01,0,2.62
2016-04-04,SKU-043,WH-TX1,SmartStock Optimized,7,1,1,0,6,264,0,0,0.009,0.0,0.0,0.01,0,2.62
2016-04-05,SKU-043,WH-TX1,SmartStock Optimized,6,3,3,0,3,264,0,0,0.004,0.0,0.0,0.0,0,2.62
2016-04-06,SKU-043,WH-TX1,SmartStock Optimized,3,1,1,0,2,264,0,0,0.003,0.0,0.0,0.0,0,2.62
2016-04-07,SKU-043,WH-TX1,SmartStock Optimized,2,0,0,0,2,264,0,0,0.003,0.0,0.0,0.0,0,2.62
2016-04-08,SKU-043,WH-TX1,SmartStock Optimized,2,1,1,0,1,264,0,0,0.001,0.0,0.0,0.0,0,2.62
2016-04-09,SKU-043,WH-TX1,SmartStock Optimized,1,1,1,0,0,264,0,0,0.0,0.0,0.0,0.0,0,2.62
2016-04-10,SKU-043,WH-TX1,SmartStock Optimized,0,0,0,0,0,264,0,0,0.0,0.0,0.0,0.0,0,2.62
2016-04-11,SKU-043,WH-TX1,SmartStock Optimized,0,0,0,0,0,264,0,0,0.0,0.0,0.0,0.0,0,2.62
2016-04-12,SKU-043,WH-TX1,SmartStock Optimized,0,0,0,0,0,264,0,0,0.0,0.0,0.0,0.0,0,2.62
2016-04-13,SKU-043,WH-TX1,SmartStock Optimized,0,0,0,0,0,264,0,0,0.0,0.0,0.0,0.0,0,2.62
2016-04-14,SKU-043,WH-TX1,SmartStock Optimized,0,1,0,1,0,264,0,0,0.0,0.0,4.06,4.06,1,2.62
2016-04-15,SKU-043,WH-TX1,SmartStock Optimized,0,1,0,1,0,264,0,0,0.0,0.0,4.06,4.06,1,2.62
2016-04-16,SKU-043,WH-TX1,SmartStock Optimized,0,2,0,2,0,264,0,0,0.0,0.0,8.12,8.12,1,2.62
2016-04-17,SKU-043,WH-TX1,SmartStock Optimized,0,0,0,0,0,264,0,0,0.0,0.0,0.0,0.0,0,2.62
2016-04-18,SKU-043,WH-TX1,SmartStock Optimized,0,0,0,0,0,264,0,0,0.0,0.0,0.0,0.0,0,2.62
2016-04-19,SKU-043,WH-TX1,SmartStock Optimized,0,1,0,1,0,264,0,0,0.0,0.0,4.06,4.06,1,2.62
2016-04-20,SKU-043,WH-TX1,SmartStock Optimized,0,3,0,3,0,264,0,0,0.0,0.0,12.18,12.18,1,2.62
2016-04-21,SKU-043,WH-TX1,SmartStock Optimized,0,0,0,0,0,264,0,0,0.0,0.0,0.0,0.0,0,2.62
2016-04-22,SKU-043,WH-TX1,SmartStock Optimized,0,0,0,0,0,264,0,0,0.0,0.0,0.0,0.0,0,2.62
2016-04-23,SKU-043,WH-TX1,SmartStock Optimized,0,3,0,3,0,264,0,0,0.0,0.0,12.18,12.18,1,2.62
2016-04-24,SKU-043,WH-TX1,SmartStock Optimized,0,0,0,0,0,264,0,0,0.0,0.0,0.0,0.0,0,2.62
2016-03-28,SKU-043,WH-WI1,SmartStock Optimized,7,0,0,0,7,192,192,0,0.011,110.0,0.0,110.01,0,2.62
2016-03-29,SKU-043,WH-WI1,SmartStock Optimized,7,0,0,0,7,192,0,0,0.011,0.0,0.0,0.01,0,2.62
2016-03-30,SKU-043,WH-WI1,SmartStock Optimized,7,0,0,0,7,192,0,0,0.011,0.0,0.0,0.01,0,2.62
2016-03-31,SKU-043,WH-WI1,SmartStock Optimized,7,3,3,0,4,192,0,0,0.006,0.0,0.0,0.01,0,2.62
2016-04-01,SKU-043,WH-WI1,SmartStock Optimized,4,0,0,0,4,192,0,0,0.006,0.0,0.0,0.01,0,2.62
2016-04-02,SKU-043,WH-WI1,SmartStock Optimized,4,1,1,0,3,192,0,0,0.005,0.0,0.0,0.01,0,2.62
2016-04-03,SKU-043,WH-WI1,SmartStock Optimized,3,0,0,0,3,192,0,0,0.005,0.0,0.0,0.01,0,2.62
2016-04-04,SKU-043,WH-WI1,SmartStock Optimized,3,0,0,0,3,192,0,0,0.005,0.0,0.0,0.01,0,2.62
2016-04-05,SKU-043,WH-WI1,SmartStock Optimized,3,1,1,0,2,192,0,0,0.003,0.0,0.0,0.0,0,2.62
2016-04-06,SKU-043,WH-WI1,SmartStock Optimized,2,0,0,0,2,192,0,0,0.003,0.0,0.0,0.0,0,2.62
2016-04-07,SKU-043,WH-WI1,SmartStock Optimized,2,0,0,0,2,192,0,0,0.003,0.0,0.0,0.0,0,2.62
2016-04-08,SKU-043,WH-WI1,SmartStock Optimized,2,0,0,0,2,192,0,0,0.003,0.0,0.0,0.0,0,2.62
2016-04-09,SKU-043,WH-WI1,SmartStock Optimized,2,0,0,0,2,192,0,0,0.003,0.0,0.0,0.0,0,2.62
2016-04-10,SKU-043,WH-WI1,SmartStock Optimized,2,0,0,0,2,192,0,0,0.003,0.0,0.0,0.0,0,2.62
2016-04-11,SKU-043,WH-WI1,SmartStock Optimized,2,0,0,0,2,192,0,0,0.003,0.0,0.0,0.0,0,2.62
2016-04-12,SKU-043,WH-WI1,SmartStock Optimized,2,0,0,0,2,192,0,0,0.003,0.0,0.0,0.0,0,2.62
2016-04-13,SKU-043,WH-WI1,SmartStock Optimized,2,0,0,0,2,192,0,0,0.003,0.0,0.0,0.0,0,2.62
2016-04-14,SKU-043,WH-WI1,SmartStock Optimized,2,0,0,0,2,192,0,0,0.003,0.0,0.0,0.0,0,2.62
2016-04-15,SKU-043,WH-WI1,SmartStock Optimized,2,0,0,0,2,192,0,0,0.003,0.0,0.0,0.0,0,2.62
2016-04-16,SKU-043,WH-WI1,SmartStock Optimized,2,0,0,0,2,192,0,0,0.003,0.0,0.0,0.0,0,2.62
2016-04-17,SKU-043,WH-WI1,SmartStock Optimized,2,0,0,0,2,192,0,0,0.003,0.0,0.0,0.0,0,2.62
2016-04-18,SKU-043,WH-WI1,SmartStock Optimized,2,0,0,0,2,192,0,0,0.003,0.0,0.0,0.0,0,2.62
2016-04-19,SKU-043,WH-WI1,SmartStock Optimized,2,0,0,0,2,192,0,0,0.003,0.0,0.0,0.0,0,2.62
2016-04-20,SKU-043,WH-WI1,SmartStock Optimized,2,0,0,0,2,192,0,0,0.003,0.0,0.0,0.0,0,2.62
2016-04-21,SKU-043,WH-WI1,SmartStock Optimized,2,1,1,0,1,192,0,0,0.002,0.0,0.0,0.0,0,2.62
2016-04-22,SKU-043,WH-WI1,SmartStock Optimized,1,0,0,0,1,192,0,0,0.002,0.0,0.0,0.0,0,2.62
2016-04-23,SKU-043,WH-WI1,SmartStock Optimized,1,1,1,0,0,192,0,0,0.0,0.0,0.0,0.0,0,2.62
2016-04-24,SKU-043,WH-WI1,SmartStock Optimized,0,0,0,0,0,192,0,0,0.0,0.0,0.0,0.0,0,2.62
2016-03-28,SKU-044,WH-CA1,SmartStock Optimized,7,1,1,0,6,156,156,0,0.018,110.0,0.0,110.02,0,4.41
2016-03-29,SKU-044,WH-CA1,SmartStock Optimized,6,2,2,0,4,156,0,0,0.012,0.0,0.0,0.01,0,4.41
2016-03-30,SKU-044,WH-CA1,SmartStock Optimized,4,0,0,0,4,156,0,0,0.012,0.0,0.0,0.01,0,4.41
2016-03-31,SKU-044,WH-CA1,SmartStock Optimized,4,0,0,0,4,156,0,0,0.012,0.0,0.0,0.01,0,4.41
2016-04-01,SKU-044,WH-CA1,SmartStock Optimized,4,1,1,0,3,156,0,0,0.009,0.0,0.0,0.01,0,4.41
2016-04-02,SKU-044,WH-CA1,SmartStock Optimized,3,0,0,0,3,156,0,0,0.009,0.0,0.0,0.01,0,4.41
2016-04-03,SKU-044,WH-CA1,SmartStock Optimized,3,0,0,0,3,156,0,0,0.009,0.0,0.0,0.01,0,4.41
2016-04-04,SKU-044,WH-CA1,SmartStock Optimized,3,0,0,0,3,156,0,0,0.009,0.0,0.0,0.01,0,4.41
2016-04-05,SKU-044,WH-CA1,SmartStock Optimized,3,0,0,0,3,156,0,0,0.009,0.0,0.0,0.01,0,4.41
2016-04-06,SKU-044,WH-CA1,SmartStock Optimized,3,0,0,0,3,156,0,0,0.009,0.0,0.0,0.01,0,4.41
2016-04-07,SKU-044,WH-CA1,SmartStock Optimized,3,0,0,0,3,156,0,0,0.009,0.0,0.0,0.01,0,4.41
2016-04-08,SKU-044,WH-CA1,SmartStock Optimized,3,0,0,0,3,156,0,0,0.009,0.0,0.0,0.01,0,4.41
2016-04-09,SKU-044,WH-CA1,SmartStock Optimized,3,1,1,0,2,156,0,0,0.006,0.0,0.0,0.01,0,4.41
2016-04-10,SKU-044,WH-CA1,SmartStock Optimized,2,1,1,0,1,156,0,0,0.003,0.0,0.0,0.0,0,4.41
2016-04-11,SKU-044,WH-CA1,SmartStock Optimized,1,0,0,0,1,156,0,0,0.003,0.0,0.0,0.0,0,4.41
2016-04-12,SKU-044,WH-CA1,SmartStock Optimized,1,1,1,0,0,156,0,0,0.0,0.0,0.0,0.0,0,4.41
2016-04-13,SKU-044,WH-CA1,SmartStock Optimized,0,0,0,0,0,156,0,0,0.0,0.0,0.0,0.0,0,4.41
2016-04-14,SKU-044,WH-CA1,SmartStock Optimized,0,0,0,0,0,156,0,0,0.0,0.0,0.0,0.0,0,4.41
2016-04-15,SKU-044,WH-CA1,SmartStock Optimized,0,0,0,0,0,156,0,0,0.0,0.0,0.0,0.0,0,4.41
2016-04-16,SKU-044,WH-CA1,SmartStock Optimized,0,0,0,0,0,156,0,0,0.0,0.0,0.0,0.0,0,4.41
2016-04-17,SKU-044,WH-CA1,SmartStock Optimized,0,0,0,0,0,156,0,0,0.0,0.0,0.0,0.0,0,4.41
2016-04-18,SKU-044,WH-CA1,SmartStock Optimized,0,1,0,1,0,156,0,0,0.0,0.0,5.47,5.47,1,4.41
2016-04-19,SKU-044,WH-CA1,SmartStock Optimized,0,0,0,0,0,156,0,0,0.0,0.0,0.0,0.0,0,4.41
2016-04-20,SKU-044,WH-CA1,SmartStock Optimized,0,1,0,1,0,156,0,0,0.0,0.0,5.47,5.47,1,4.41
2016-04-21,SKU-044,WH-CA1,SmartStock Optimized,0,0,0,0,0,156,0,0,0.0,0.0,0.0,0.0,0,4.41
2016-04-22,SKU-044,WH-CA1,SmartStock Optimized,0,0,0,0,0,156,0,0,0.0,0.0,0.0,0.0,0,4.41
2016-04-23,SKU-044,WH-CA1,SmartStock Optimized,0,1,0,1,0,156,0,0,0.0,0.0,5.47,5.47,1,4.41
2016-04-24,SKU-044,WH-CA1,SmartStock Optimized,156,1,1,0,155,0,0,156,0.468,0.0,0.0,0.47,0,4.41
2016-03-28,SKU-044,WH-TX1,SmartStock Optimized,5,0,0,0,5,132,132,0,0.012,110.0,0.0,110.01,0,4.41
2016-03-29,SKU-044,WH-TX1,SmartStock Optimized,5,0,0,0,5,132,0,0,0.012,0.0,0.0,0.01,0,4.41
2016-03-30,SKU-044,WH-TX1,SmartStock Optimized,5,0,0,0,5,132,0,0,0.012,0.0,0.0,0.01,0,4.41
2016-03-31,SKU-044,WH-TX1,SmartStock Optimized,5,0,0,0,5,132,0,0,0.012,0.0,0.0,0.01,0,4.41
2016-04-01,SKU-044,WH-TX1,SmartStock Optimized,5,1,1,0,4,132,0,0,0.01,0.0,0.0,0.01,0,4.41
2016-04-02,SKU-044,WH-TX1,SmartStock Optimized,4,0,0,0,4,132,0,0,0.01,0.0,0.0,0.01,0,4.41
2016-04-03,SKU-044,WH-TX1,SmartStock Optimized,4,0,0,0,4,132,0,0,0.01,0.0,0.0,0.01,0,4.41
2016-04-04,SKU-044,WH-TX1,SmartStock Optimized,4,0,0,0,4,132,0,0,0.01,0.0,0.0,0.01,0,4.41
2016-04-05,SKU-044,WH-TX1,SmartStock Optimized,4,1,1,0,3,132,0,0,0.007,0.0,0.0,0.01,0,4.41
2016-04-06,SKU-044,WH-TX1,SmartStock Optimized,3,1,1,0,2,132,0,0,0.005,0.0,0.0,0.01,0,4.41
2016-04-07,SKU-044,WH-TX1,SmartStock Optimized,2,0,0,0,2,132,0,0,0.005,0.0,0.0,0.01,0,4.41
2016-04-08,SKU-044,WH-TX1,SmartStock Optimized,2,0,0,0,2,132,0,0,0.005,0.0,0.0,0.01,0,4.41
2016-04-09,SKU-044,WH-TX1,SmartStock Optimized,2,1,1,0,1,132,0,0,0.002,0.0,0.0,0.0,0,4.41
2016-04-10,SKU-044,WH-TX1,SmartStock Optimized,1,0,0,0,1,132,0,0,0.002,0.0,0.0,0.0,0,4.41
2016-04-11,SKU-044,WH-TX1,SmartStock Optimized,1,0,0,0,1,132,0,0,0.002,0.0,0.0,0.0,0,4.41
2016-04-12,SKU-044,WH-TX1,SmartStock Optimized,1,0,0,0,1,132,0,0,0.002,0.0,0.0,0.0,0,4.41
2016-04-13,SKU-044,WH-TX1,SmartStock Optimized,133,0,0,0,133,0,0,132,0.321,0.0,0.0,0.32,0,4.41
2016-04-14,SKU-044,WH-TX1,SmartStock Optimized,133,0,0,0,133,0,0,0,0.321,0.0,0.0,0.32,0,4.41
2016-04-15,SKU-044,WH-TX1,SmartStock Optimized,133,0,0,0,133,0,0,0,0.321,0.0,0.0,0.32,0,4.41
2016-04-16,SKU-044,WH-TX1,SmartStock Optimized,133,1,1,0,132,0,0,0,0.319,0.0,0.0,0.32,0,4.41
2016-04-17,SKU-044,WH-TX1,SmartStock Optimized,132,0,0,0,132,0,0,0,0.319,0.0,0.0,0.32,0,4.41
2016-04-18,SKU-044,WH-TX1,SmartStock Optimized,132,1,1,0,131,0,0,0,0.317,0.0,0.0,0.32,0,4.41
2016-04-19,SKU-044,WH-TX1,SmartStock Optimized,131,0,0,0,131,0,0,0,0.317,0.0,0.0,0.32,0,4.41
2016-04-20,SKU-044,WH-TX1,SmartStock Optimized,131,0,0,0,131,0,0,0,0.317,0.0,0.0,0.32,0,4.41
2016-04-21,SKU-044,WH-TX1,SmartStock Optimized,131,1,1,0,130,0,0,0,0.314,0.0,0.0,0.31,0,4.41
2016-04-22,SKU-044,WH-TX1,SmartStock Optimized,130,0,0,0,130,0,0,0,0.314,0.0,0.0,0.31,0,4.41
2016-04-23,SKU-044,WH-TX1,SmartStock Optimized,130,0,0,0,130,0,0,0,0.314,0.0,0.0,0.31,0,4.41
2016-04-24,SKU-044,WH-TX1,SmartStock Optimized,130,0,0,0,130,0,0,0,0.314,0.0,0.0,0.31,0,4.41
2016-03-28,SKU-044,WH-WI1,SmartStock Optimized,11,1,1,0,10,216,216,0,0.027,110.0,0.0,110.03,0,4.41
2016-03-29,SKU-044,WH-WI1,SmartStock Optimized,10,0,0,0,10,216,0,0,0.027,0.0,0.0,0.03,0,4.41
2016-03-30,SKU-044,WH-WI1,SmartStock Optimized,10,0,0,0,10,216,0,0,0.027,0.0,0.0,0.03,0,4.41
2016-03-31,SKU-044,WH-WI1,SmartStock Optimized,10,0,0,0,10,216,0,0,0.027,0.0,0.0,0.03,0,4.41
2016-04-01,SKU-044,WH-WI1,SmartStock Optimized,10,0,0,0,10,216,0,0,0.027,0.0,0.0,0.03,0,4.41
2016-04-02,SKU-044,WH-WI1,SmartStock Optimized,10,0,0,0,10,216,0,0,0.027,0.0,0.0,0.03,0,4.41
2016-04-03,SKU-044,WH-WI1,SmartStock Optimized,10,1,1,0,9,216,0,0,0.024,0.0,0.0,0.02,0,4.41
2016-04-04,SKU-044,WH-WI1,SmartStock Optimized,9,0,0,0,9,216,0,0,0.024,0.0,0.0,0.02,0,4.41
2016-04-05,SKU-044,WH-WI1,SmartStock Optimized,9,2,2,0,7,216,0,0,0.019,0.0,0.0,0.02,0,4.41
2016-04-06,SKU-044,WH-WI1,SmartStock Optimized,7,0,0,0,7,216,0,0,0.019,0.0,0.0,0.02,0,4.41
2016-04-07,SKU-044,WH-WI1,SmartStock Optimized,7,0,0,0,7,216,0,0,0.019,0.0,0.0,0.02,0,4.41
2016-04-08,SKU-044,WH-WI1,SmartStock Optimized,7,0,0,0,7,216,0,0,0.019,0.0,0.0,0.02,0,4.41
2016-04-09,SKU-044,WH-WI1,SmartStock Optimized,7,1,1,0,6,216,0,0,0.016,0.0,0.0,0.02,0,4.41
2016-04-10,SKU-044,WH-WI1,SmartStock Optimized,6,1,1,0,5,216,0,0,0.013,0.0,0.0,0.01,0,4.41
2016-04-11,SKU-044,WH-WI1,SmartStock Optimized,5,0,0,0,5,216,0,0,0.013,0.0,0.0,0.01,0,4.41
2016-04-12,SKU-044,WH-WI1,SmartStock Optimized,5,0,0,0,5,216,0,0,0.013,0.0,0.0,0.01,0,4.41
2016-04-13,SKU-044,WH-WI1,SmartStock Optimized,5,1,1,0,4,216,0,0,0.011,0.0,0.0,0.01,0,4.41
2016-04-14,SKU-044,WH-WI1,SmartStock Optimized,4,0,0,0,4,216,0,0,0.011,0.0,0.0,0.01,0,4.41
2016-04-15,SKU-044,WH-WI1,SmartStock Optimized,4,2,2,0,2,216,0,0,0.005,0.0,0.0,0.01,0,4.41
2016-04-16,SKU-044,WH-WI1,SmartStock Optimized,2,0,0,0,2,216,0,0,0.005,0.0,0.0,0.01,0,4.41
2016-04-17,SKU-044,WH-WI1,SmartStock Optimized,2,1,1,0,1,216,0,0,0.003,0.0,0.0,0.0,0,4.41
2016-04-18,SKU-044,WH-WI1,SmartStock Optimized,1,0,0,0,1,216,0,0,0.003,0.0,0.0,0.0,0,4.41
2016-04-19,SKU-044,WH-WI1,SmartStock Optimized,1,0,0,0,1,216,0,0,0.003,0.0,0.0,0.0,0,4.41
2016-04-20,SKU-044,WH-WI1,SmartStock Optimized,1,1,1,0,0,216,0,0,0.0,0.0,0.0,0.0,0,4.41
2016-04-21,SKU-044,WH-WI1,SmartStock Optimized,0,1,0,1,0,216,0,0,0.0,0.0,5.47,5.47,1,4.41
2016-04-22,SKU-044,WH-WI1,SmartStock Optimized,0,0,0,0,0,216,0,0,0.0,0.0,0.0,0.0,0,4.41
2016-04-23,SKU-044,WH-WI1,SmartStock Optimized,0,2,0,2,0,216,0,0,0.0,0.0,10.94,10.94,1,4.41
2016-04-24,SKU-044,WH-WI1,SmartStock Optimized,0,0,0,0,0,216,0,0,0.0,0.0,0.0,0.0,0,4.41
2016-03-28,SKU-045,WH-CA1,SmartStock Optimized,19,0,0,0,19,480,480,0,0.014,110.0,0.0,110.01,0,1.04
2016-03-29,SKU-045,WH-CA1,SmartStock Optimized,19,2,2,0,17,480,0,0,0.012,0.0,0.0,0.01,0,1.04
2016-03-30,SKU-045,WH-CA1,SmartStock Optimized,17,0,0,0,17,480,0,0,0.012,0.0,0.0,0.01,0,1.04
2016-03-31,SKU-045,WH-CA1,SmartStock Optimized,17,1,1,0,16,480,0,0,0.011,0.0,0.0,0.01,0,1.04
2016-04-01,SKU-045,WH-CA1,SmartStock Optimized,16,1,1,0,15,480,0,0,0.011,0.0,0.0,0.01,0,1.04
2016-04-02,SKU-045,WH-CA1,SmartStock Optimized,15,2,2,0,13,480,0,0,0.009,0.0,0.0,0.01,0,1.04
2016-04-03,SKU-045,WH-CA1,SmartStock Optimized,13,1,1,0,12,480,0,0,0.009,0.0,0.0,0.01,0,1.04
2016-04-04,SKU-045,WH-CA1,SmartStock Optimized,12,3,3,0,9,480,0,0,0.006,0.0,0.0,0.01,0,1.04
2016-04-05,SKU-045,WH-CA1,SmartStock Optimized,9,1,1,0,8,480,0,0,0.006,0.0,0.0,0.01,0,1.04
2016-04-06,SKU-045,WH-CA1,SmartStock Optimized,8,0,0,0,8,480,0,0,0.006,0.0,0.0,0.01,0,1.04
2016-04-07,SKU-045,WH-CA1,SmartStock Optimized,8,0,0,0,8,480,0,0,0.006,0.0,0.0,0.01,0,1.04
2016-04-08,SKU-045,WH-CA1,SmartStock Optimized,8,1,1,0,7,480,0,0,0.005,0.0,0.0,0.01,0,1.04
2016-04-09,SKU-045,WH-CA1,SmartStock Optimized,7,1,1,0,6,480,0,0,0.004,0.0,0.0,0.0,0,1.04
2016-04-10,SKU-045,WH-CA1,SmartStock Optimized,6,2,2,0,4,480,0,0,0.003,0.0,0.0,0.0,0,1.04
2016-04-11,SKU-045,WH-CA1,SmartStock Optimized,4,4,4,0,0,480,0,0,0.0,0.0,0.0,0.0,0,1.04
2016-04-12,SKU-045,WH-CA1,SmartStock Optimized,0,1,0,1,0,480,0,0,0.0,0.0,2.81,2.81,1,1.04
2016-04-13,SKU-045,WH-CA1,SmartStock Optimized,0,2,0,2,0,480,0,0,0.0,0.0,5.62,5.62,1,1.04
2016-04-14,SKU-045,WH-CA1,SmartStock Optimized,0,10,0,10,0,480,0,0,0.0,0.0,28.1,28.1,1,1.04
2016-04-15,SKU-045,WH-CA1,SmartStock Optimized,480,0,0,0,480,0,0,480,0.342,0.0,0.0,0.34,0,1.04
2016-04-16,SKU-045,WH-CA1,SmartStock Optimized,480,1,1,0,479,0,0,0,0.341,0.0,0.0,0.34,0,1.04
2016-04-17,SKU-045,WH-CA1,SmartStock Optimized,479,1,1,0,478,0,0,0,0.34,0.0,0.0,0.34,0,1.04
2016-04-18,SKU-045,WH-CA1,SmartStock Optimized,478,0,0,0,478,0,0,0,0.34,0.0,0.0,0.34,0,1.04
2016-04-19,SKU-045,WH-CA1,SmartStock Optimized,478,1,1,0,477,0,0,0,0.34,0.0,0.0,0.34,0,1.04
2016-04-20,SKU-045,WH-CA1,SmartStock Optimized,477,1,1,0,476,0,0,0,0.339,0.0,0.0,0.34,0,1.04
2016-04-21,SKU-045,WH-CA1,SmartStock Optimized,476,1,1,0,475,0,0,0,0.338,0.0,0.0,0.34,0,1.04
2016-04-22,SKU-045,WH-CA1,SmartStock Optimized,475,0,0,0,475,0,0,0,0.338,0.0,0.0,0.34,0,1.04
2016-04-23,SKU-045,WH-CA1,SmartStock Optimized,475,0,0,0,475,0,0,0,0.338,0.0,0.0,0.34,0,1.04
2016-04-24,SKU-045,WH-CA1,SmartStock Optimized,475,1,1,0,474,0,0,0,0.338,0.0,0.0,0.34,0,1.04
2016-03-28,SKU-045,WH-TX1,SmartStock Optimized,14,0,0,0,14,456,456,0,0.008,110.0,0.0,110.01,0,1.04
2016-03-29,SKU-045,WH-TX1,SmartStock Optimized,14,0,0,0,14,456,0,0,0.008,0.0,0.0,0.01,0,1.04
2016-03-30,SKU-045,WH-TX1,SmartStock Optimized,14,0,0,0,14,456,0,0,0.008,0.0,0.0,0.01,0,1.04
2016-03-31,SKU-045,WH-TX1,SmartStock Optimized,14,0,0,0,14,456,0,0,0.008,0.0,0.0,0.01,0,1.04
2016-04-01,SKU-045,WH-TX1,SmartStock Optimized,14,1,1,0,13,456,0,0,0.007,0.0,0.0,0.01,0,1.04
2016-04-02,SKU-045,WH-TX1,SmartStock Optimized,13,0,0,0,13,456,0,0,0.007,0.0,0.0,0.01,0,1.04
2016-04-03,SKU-045,WH-TX1,SmartStock Optimized,13,0,0,0,13,456,0,0,0.007,0.0,0.0,0.01,0,1.04
2016-04-04,SKU-045,WH-TX1,SmartStock Optimized,13,0,0,0,13,456,0,0,0.007,0.0,0.0,0.01,0,1.04
2016-04-05,SKU-045,WH-TX1,SmartStock Optimized,13,0,0,0,13,456,0,0,0.007,0.0,0.0,0.01,0,1.04
2016-04-06,SKU-045,WH-TX1,SmartStock Optimized,13,0,0,0,13,456,0,0,0.007,0.0,0.0,0.01,0,1.04
2016-04-07,SKU-045,WH-TX1,SmartStock Optimized,13,0,0,0,13,456,0,0,0.007,0.0,0.0,0.01,0,1.04
2016-04-08,SKU-045,WH-TX1,SmartStock Optimized,13,1,1,0,12,456,0,0,0.007,0.0,0.0,0.01,0,1.04
2016-04-09,SKU-045,WH-TX1,SmartStock Optimized,12,0,0,0,12,456,0,0,0.007,0.0,0.0,0.01,0,1.04
2016-04-10,SKU-045,WH-TX1,SmartStock Optimized,12,1,1,0,11,456,0,0,0.006,0.0,0.0,0.01,0,1.04
2016-04-11,SKU-045,WH-TX1,SmartStock Optimized,11,0,0,0,11,456,0,0,0.006,0.0,0.0,0.01,0,1.04
2016-04-12,SKU-045,WH-TX1,SmartStock Optimized,11,0,0,0,11,456,0,0,0.006,0.0,0.0,0.01,0,1.04
2016-04-13,SKU-045,WH-TX1,SmartStock Optimized,11,2,2,0,9,456,0,0,0.005,0.0,0.0,0.01,0,1.04
2016-04-14,SKU-045,WH-TX1,SmartStock Optimized,9,0,0,0,9,456,0,0,0.005,0.0,0.0,0.01,0,1.04
2016-04-15,SKU-045,WH-TX1,SmartStock Optimized,9,0,0,0,9,456,0,0,0.005,0.0,0.0,0.01,0,1.04
2016-04-16,SKU-045,WH-TX1,SmartStock Optimized,9,0,0,0,9,456,0,0,0.005,0.0,0.0,0.01,0,1.04
2016-04-17,SKU-045,WH-TX1,SmartStock Optimized,9,3,3,0,6,456,0,0,0.003,0.0,0.0,0.0,0,1.04
2016-04-18,SKU-045,WH-TX1,SmartStock Optimized,6,0,0,0,6,456,0,0,0.003,0.0,0.0,0.0,0,1.04
2016-04-19,SKU-045,WH-TX1,SmartStock Optimized,6,0,0,0,6,456,0,0,0.003,0.0,0.0,0.0,0,1.04
2016-04-20,SKU-045,WH-TX1,SmartStock Optimized,6,0,0,0,6,456,0,0,0.003,0.0,0.0,0.0,0,1.04
2016-04-21,SKU-045,WH-TX1,SmartStock Optimized,6,0,0,0,6,456,0,0,0.003,0.0,0.0,0.0,0,1.04
2016-04-22,SKU-045,WH-TX1,SmartStock Optimized,6,0,0,0,6,456,0,0,0.003,0.0,0.0,0.0,0,1.04
2016-04-23,SKU-045,WH-TX1,SmartStock Optimized,6,1,1,0,5,456,0,0,0.003,0.0,0.0,0.0,0,1.04
2016-04-24,SKU-045,WH-TX1,SmartStock Optimized,461,0,0,0,461,0,0,456,0.263,0.0,0.0,0.26,0,1.04
2016-03-28,SKU-045,WH-WI1,SmartStock Optimized,16,3,3,0,13,480,480,0,0.008,110.0,0.0,110.01,0,1.04
2016-03-29,SKU-045,WH-WI1,SmartStock Optimized,13,0,0,0,13,480,0,0,0.008,0.0,0.0,0.01,0,1.04
2016-03-30,SKU-045,WH-WI1,SmartStock Optimized,13,0,0,0,13,480,0,0,0.008,0.0,0.0,0.01,0,1.04
2016-03-31,SKU-045,WH-WI1,SmartStock Optimized,13,0,0,0,13,480,0,0,0.008,0.0,0.0,0.01,0,1.04
2016-04-01,SKU-045,WH-WI1,SmartStock Optimized,13,0,0,0,13,480,0,0,0.008,0.0,0.0,0.01,0,1.04
2016-04-02,SKU-045,WH-WI1,SmartStock Optimized,13,0,0,0,13,480,0,0,0.008,0.0,0.0,0.01,0,1.04
2016-04-03,SKU-045,WH-WI1,SmartStock Optimized,13,0,0,0,13,480,0,0,0.008,0.0,0.0,0.01,0,1.04
2016-04-04,SKU-045,WH-WI1,SmartStock Optimized,13,0,0,0,13,480,0,0,0.008,0.0,0.0,0.01,0,1.04
2016-04-05,SKU-045,WH-WI1,SmartStock Optimized,13,0,0,0,13,480,0,0,0.008,0.0,0.0,0.01,0,1.04
2016-04-06,SKU-045,WH-WI1,SmartStock Optimized,13,0,0,0,13,480,0,0,0.008,0.0,0.0,0.01,0,1.04
2016-04-07,SKU-045,WH-WI1,SmartStock Optimized,13,0,0,0,13,480,0,0,0.008,0.0,0.0,0.01,0,1.04
2016-04-08,SKU-045,WH-WI1,SmartStock Optimized,13,0,0,0,13,480,0,0,0.008,0.0,0.0,0.01,0,1.04
2016-04-09,SKU-045,WH-WI1,SmartStock Optimized,13,0,0,0,13,480,0,0,0.008,0.0,0.0,0.01,0,1.04
2016-04-10,SKU-045,WH-WI1,SmartStock Optimized,13,0,0,0,13,480,0,0,0.008,0.0,0.0,0.01,0,1.04
2016-04-11,SKU-045,WH-WI1,SmartStock Optimized,13,0,0,0,13,480,0,0,0.008,0.0,0.0,0.01,0,1.04
2016-04-12,SKU-045,WH-WI1,SmartStock Optimized,13,0,0,0,13,480,0,0,0.008,0.0,0.0,0.01,0,1.04
2016-04-13,SKU-045,WH-WI1,SmartStock Optimized,13,0,0,0,13,480,0,0,0.008,0.0,0.0,0.01,0,1.04
2016-04-14,SKU-045,WH-WI1,SmartStock Optimized,13,8,8,0,5,480,0,0,0.003,0.0,0.0,0.0,0,1.04
2016-04-15,SKU-045,WH-WI1,SmartStock Optimized,5,0,0,0,5,480,0,0,0.003,0.0,0.0,0.0,0,1.04
2016-04-16,SKU-045,WH-WI1,SmartStock Optimized,5,0,0,0,5,480,0,0,0.003,0.0,0.0,0.0,0,1.04
2016-04-17,SKU-045,WH-WI1,SmartStock Optimized,5,0,0,0,5,480,0,0,0.003,0.0,0.0,0.0,0,1.04
2016-04-18,SKU-045,WH-WI1,SmartStock Optimized,5,0,0,0,5,480,0,0,0.003,0.0,0.0,0.0,0,1.04
2016-04-19,SKU-045,WH-WI1,SmartStock Optimized,5,0,0,0,5,480,0,0,0.003,0.0,0.0,0.0,0,1.04
2016-04-20,SKU-045,WH-WI1,SmartStock Optimized,5,0,0,0,5,480,0,0,0.003,0.0,0.0,0.0,0,1.04
2016-04-21,SKU-045,WH-WI1,SmartStock Optimized,5,8,5,3,0,480,0,0,0.0,0.0,8.43,8.43,1,1.04
2016-04-22,SKU-045,WH-WI1,SmartStock Optimized,0,0,0,0,0,480,0,0,0.0,0.0,0.0,0.0,0,1.04
2016-04-23,SKU-045,WH-WI1,SmartStock Optimized,0,3,0,3,0,480,0,0,0.0,0.0,8.43,8.43,1,1.04
2016-04-24,SKU-045,WH-WI1,SmartStock Optimized,0,2,0,2,0,480,0,0,0.0,0.0,5.62,5.62,1,1.04
2016-03-28,SKU-046,WH-CA1,SmartStock Optimized,7,0,0,0,7,312,312,0,0.004,110.0,0.0,110.0,0,0.82
2016-03-29,SKU-046,WH-CA1,SmartStock Optimized,7,0,0,0,7,312,0,0,0.004,0.0,0.0,0.0,0,0.82
2016-03-30,SKU-046,WH-CA1,SmartStock Optimized,7,0,0,0,7,312,0,0,0.004,0.0,0.0,0.0,0,0.82
2016-03-31,SKU-046,WH-CA1,SmartStock Optimized,7,1,1,0,6,312,0,0,0.003,0.0,0.0,0.0,0,0.82
2016-04-01,SKU-046,WH-CA1,SmartStock Optimized,6,0,0,0,6,312,0,0,0.003,0.0,0.0,0.0,0,0.82
2016-04-02,SKU-046,WH-CA1,SmartStock Optimized,6,0,0,0,6,312,0,0,0.003,0.0,0.0,0.0,0,0.82
2016-04-03,SKU-046,WH-CA1,SmartStock Optimized,6,0,0,0,6,312,0,0,0.003,0.0,0.0,0.0,0,0.82
2016-04-04,SKU-046,WH-CA1,SmartStock Optimized,6,0,0,0,6,312,0,0,0.003,0.0,0.0,0.0,0,0.82
2016-04-05,SKU-046,WH-CA1,SmartStock Optimized,6,0,0,0,6,312,0,0,0.003,0.0,0.0,0.0,0,0.82
2016-04-06,SKU-046,WH-CA1,SmartStock Optimized,6,1,1,0,5,312,0,0,0.003,0.0,0.0,0.0,0,0.82
2016-04-07,SKU-046,WH-CA1,SmartStock Optimized,5,0,0,0,5,312,0,0,0.003,0.0,0.0,0.0,0,0.82
2016-04-08,SKU-046,WH-CA1,SmartStock Optimized,5,0,0,0,5,312,0,0,0.003,0.0,0.0,0.0,0,0.82
2016-04-09,SKU-046,WH-CA1,SmartStock Optimized,5,0,0,0,5,312,0,0,0.003,0.0,0.0,0.0,0,0.82
2016-04-10,SKU-046,WH-CA1,SmartStock Optimized,5,0,0,0,5,312,0,0,0.003,0.0,0.0,0.0,0,0.82
2016-04-11,SKU-046,WH-CA1,SmartStock Optimized,5,0,0,0,5,312,0,0,0.003,0.0,0.0,0.0,0,0.82
2016-04-12,SKU-046,WH-CA1,SmartStock Optimized,5,0,0,0,5,312,0,0,0.003,0.0,0.0,0.0,0,0.82
2016-04-13,SKU-046,WH-CA1,SmartStock Optimized,5,2,2,0,3,312,0,0,0.002,0.0,0.0,0.0,0,0.82
2016-04-14,SKU-046,WH-CA1,SmartStock Optimized,3,0,0,0,3,312,0,0,0.002,0.0,0.0,0.0,0,0.82
2016-04-15,SKU-046,WH-CA1,SmartStock Optimized,3,0,0,0,3,312,0,0,0.002,0.0,0.0,0.0,0,0.82
2016-04-16,SKU-046,WH-CA1,SmartStock Optimized,3,0,0,0,3,312,0,0,0.002,0.0,0.0,0.0,0,0.82
2016-04-17,SKU-046,WH-CA1,SmartStock Optimized,3,0,0,0,3,312,0,0,0.002,0.0,0.0,0.0,0,0.82
2016-04-18,SKU-046,WH-CA1,SmartStock Optimized,3,0,0,0,3,312,0,0,0.002,0.0,0.0,0.0,0,0.82
2016-04-19,SKU-046,WH-CA1,SmartStock Optimized,315,0,0,0,315,0,0,312,0.177,0.0,0.0,0.18,0,0.82
2016-04-20,SKU-046,WH-CA1,SmartStock Optimized,315,1,1,0,314,0,0,0,0.176,0.0,0.0,0.18,0,0.82
2016-04-21,SKU-046,WH-CA1,SmartStock Optimized,314,0,0,0,314,0,0,0,0.176,0.0,0.0,0.18,0,0.82
2016-04-22,SKU-046,WH-CA1,SmartStock Optimized,314,0,0,0,314,0,0,0,0.176,0.0,0.0,0.18,0,0.82
2016-04-23,SKU-046,WH-CA1,SmartStock Optimized,314,0,0,0,314,0,0,0,0.176,0.0,0.0,0.18,0,0.82
2016-04-24,SKU-046,WH-CA1,SmartStock Optimized,314,0,0,0,314,0,0,0,0.176,0.0,0.0,0.18,0,0.82
2016-03-28,SKU-046,WH-TX1,SmartStock Optimized,6,0,0,0,6,312,312,0,0.003,110.0,0.0,110.0,0,0.82
2016-03-29,SKU-046,WH-TX1,SmartStock Optimized,6,0,0,0,6,312,0,0,0.003,0.0,0.0,0.0,0,0.82
2016-03-30,SKU-046,WH-TX1,SmartStock Optimized,6,0,0,0,6,312,0,0,0.003,0.0,0.0,0.0,0,0.82
2016-03-31,SKU-046,WH-TX1,SmartStock Optimized,6,0,0,0,6,312,0,0,0.003,0.0,0.0,0.0,0,0.82
2016-04-01,SKU-046,WH-TX1,SmartStock Optimized,6,0,0,0,6,312,0,0,0.003,0.0,0.0,0.0,0,0.82
2016-04-02,SKU-046,WH-TX1,SmartStock Optimized,6,0,0,0,6,312,0,0,0.003,0.0,0.0,0.0,0,0.82
2016-04-03,SKU-046,WH-TX1,SmartStock Optimized,6,0,0,0,6,312,0,0,0.003,0.0,0.0,0.0,0,0.82
2016-04-04,SKU-046,WH-TX1,SmartStock Optimized,6,0,0,0,6,312,0,0,0.003,0.0,0.0,0.0,0,0.82
2016-04-05,SKU-046,WH-TX1,SmartStock Optimized,6,0,0,0,6,312,0,0,0.003,0.0,0.0,0.0,0,0.82
2016-04-06,SKU-046,WH-TX1,SmartStock Optimized,6,0,0,0,6,312,0,0,0.003,0.0,0.0,0.0,0,0.82
2016-04-07,SKU-046,WH-TX1,SmartStock Optimized,6,0,0,0,6,312,0,0,0.003,0.0,0.0,0.0,0,0.82
2016-04-08,SKU-046,WH-TX1,SmartStock Optimized,6,0,0,0,6,312,0,0,0.003,0.0,0.0,0.0,0,0.82
2016-04-09,SKU-046,WH-TX1,SmartStock Optimized,6,0,0,0,6,312,0,0,0.003,0.0,0.0,0.0,0,0.82
2016-04-10,SKU-046,WH-TX1,SmartStock Optimized,6,1,1,0,5,312,0,0,0.002,0.0,0.0,0.0,0,0.82
2016-04-11,SKU-046,WH-TX1,SmartStock Optimized,5,0,0,0,5,312,0,0,0.002,0.0,0.0,0.0,0,0.82
2016-04-12,SKU-046,WH-TX1,SmartStock Optimized,5,0,0,0,5,312,0,0,0.002,0.0,0.0,0.0,0,0.82
2016-04-13,SKU-046,WH-TX1,SmartStock Optimized,5,1,1,0,4,312,0,0,0.002,0.0,0.0,0.0,0,0.82
2016-04-14,SKU-046,WH-TX1,SmartStock Optimized,4,0,0,0,4,312,0,0,0.002,0.0,0.0,0.0,0,0.82
2016-04-15,SKU-046,WH-TX1,SmartStock Optimized,4,1,1,0,3,312,0,0,0.001,0.0,0.0,0.0,0,0.82
2016-04-16,SKU-046,WH-TX1,SmartStock Optimized,315,0,0,0,315,0,0,312,0.142,0.0,0.0,0.14,0,0.82
2016-04-17,SKU-046,WH-TX1,SmartStock Optimized,315,2,2,0,313,0,0,0,0.141,0.0,0.0,0.14,0,0.82
2016-04-18,SKU-046,WH-TX1,SmartStock Optimized,313,0,0,0,313,0,0,0,0.141,0.0,0.0,0.14,0,0.82
2016-04-19,SKU-046,WH-TX1,SmartStock Optimized,313,1,1,0,312,0,0,0,0.14,0.0,0.0,0.14,0,0.82
2016-04-20,SKU-046,WH-TX1,SmartStock Optimized,312,0,0,0,312,0,0,0,0.14,0.0,0.0,0.14,0,0.82
2016-04-21,SKU-046,WH-TX1,SmartStock Optimized,312,0,0,0,312,0,0,0,0.14,0.0,0.0,0.14,0,0.82
2016-04-22,SKU-046,WH-TX1,SmartStock Optimized,312,2,2,0,310,0,0,0,0.139,0.0,0.0,0.14,0,0.82
2016-04-23,SKU-046,WH-TX1,SmartStock Optimized,310,0,0,0,310,0,0,0,0.139,0.0,0.0,0.14,0,0.82
2016-04-24,SKU-046,WH-TX1,SmartStock Optimized,310,0,0,0,310,0,0,0,0.139,0.0,0.0,0.14,0,0.82
2016-03-28,SKU-046,WH-WI1,SmartStock Optimized,5,0,0,0,5,216,216,0,0.002,110.0,0.0,110.0,0,0.82
2016-03-29,SKU-046,WH-WI1,SmartStock Optimized,5,0,0,0,5,216,0,0,0.002,0.0,0.0,0.0,0,0.82
2016-03-30,SKU-046,WH-WI1,SmartStock Optimized,5,0,0,0,5,216,0,0,0.002,0.0,0.0,0.0,0,0.82
2016-03-31,SKU-046,WH-WI1,SmartStock Optimized,5,0,0,0,5,216,0,0,0.002,0.0,0.0,0.0,0,0.82
2016-04-01,SKU-046,WH-WI1,SmartStock Optimized,5,0,0,0,5,216,0,0,0.002,0.0,0.0,0.0,0,0.82
2016-04-02,SKU-046,WH-WI1,SmartStock Optimized,5,0,0,0,5,216,0,0,0.002,0.0,0.0,0.0,0,0.82
2016-04-03,SKU-046,WH-WI1,SmartStock Optimized,5,0,0,0,5,216,0,0,0.002,0.0,0.0,0.0,0,0.82
2016-04-04,SKU-046,WH-WI1,SmartStock Optimized,5,0,0,0,5,216,0,0,0.002,0.0,0.0,0.0,0,0.82
2016-04-05,SKU-046,WH-WI1,SmartStock Optimized,5,0,0,0,5,216,0,0,0.002,0.0,0.0,0.0,0,0.82
2016-04-06,SKU-046,WH-WI1,SmartStock Optimized,5,0,0,0,5,216,0,0,0.002,0.0,0.0,0.0,0,0.82
2016-04-07,SKU-046,WH-WI1,SmartStock Optimized,5,0,0,0,5,216,0,0,0.002,0.0,0.0,0.0,0,0.82
2016-04-08,SKU-046,WH-WI1,SmartStock Optimized,5,0,0,0,5,216,0,0,0.002,0.0,0.0,0.0,0,0.82
2016-04-09,SKU-046,WH-WI1,SmartStock Optimized,5,0,0,0,5,216,0,0,0.002,0.0,0.0,0.0,0,0.82
2016-04-10,SKU-046,WH-WI1,SmartStock Optimized,5,0,0,0,5,216,0,0,0.002,0.0,0.0,0.0,0,0.82
2016-04-11,SKU-046,WH-WI1,SmartStock Optimized,5,0,0,0,5,216,0,0,0.002,0.0,0.0,0.0,0,0.82
2016-04-12,SKU-046,WH-WI1,SmartStock Optimized,5,0,0,0,5,216,0,0,0.002,0.0,0.0,0.0,0,0.82
2016-04-13,SKU-046,WH-WI1,SmartStock Optimized,5,0,0,0,5,216,0,0,0.002,0.0,0.0,0.0,0,0.82
2016-04-14,SKU-046,WH-WI1,SmartStock Optimized,5,0,0,0,5,216,0,0,0.002,0.0,0.0,0.0,0,0.82
2016-04-15,SKU-046,WH-WI1,SmartStock Optimized,5,0,0,0,5,216,0,0,0.002,0.0,0.0,0.0,0,0.82
2016-04-16,SKU-046,WH-WI1,SmartStock Optimized,5,0,0,0,5,216,0,0,0.002,0.0,0.0,0.0,0,0.82
2016-04-17,SKU-046,WH-WI1,SmartStock Optimized,221,0,0,0,221,0,0,216,0.109,0.0,0.0,0.11,0,0.82
2016-04-18,SKU-046,WH-WI1,SmartStock Optimized,221,0,0,0,221,0,0,0,0.109,0.0,0.0,0.11,0,0.82
2016-04-19,SKU-046,WH-WI1,SmartStock Optimized,221,0,0,0,221,0,0,0,0.109,0.0,0.0,0.11,0,0.82
2016-04-20,SKU-046,WH-WI1,SmartStock Optimized,221,0,0,0,221,0,0,0,0.109,0.0,0.0,0.11,0,0.82
2016-04-21,SKU-046,WH-WI1,SmartStock Optimized,221,1,1,0,220,0,0,0,0.109,0.0,0.0,0.11,0,0.82
2016-04-22,SKU-046,WH-WI1,SmartStock Optimized,220,0,0,0,220,0,0,0,0.109,0.0,0.0,0.11,0,0.82
2016-04-23,SKU-046,WH-WI1,SmartStock Optimized,220,1,1,0,219,0,0,0,0.108,0.0,0.0,0.11,0,0.82
2016-04-24,SKU-046,WH-WI1,SmartStock Optimized,219,0,0,0,219,0,0,0,0.108,0.0,0.0,0.11,0,0.82
2016-03-28,SKU-047,WH-CA1,SmartStock Optimized,5,0,0,0,5,144,144,0,0.007,110.0,0.0,110.01,0,2.12
2016-03-29,SKU-047,WH-CA1,SmartStock Optimized,5,0,0,0,5,144,0,0,0.007,0.0,0.0,0.01,0,2.12
2016-03-30,SKU-047,WH-CA1,SmartStock Optimized,5,0,0,0,5,144,0,0,0.007,0.0,0.0,0.01,0,2.12
2016-03-31,SKU-047,WH-CA1,SmartStock Optimized,5,0,0,0,5,144,0,0,0.007,0.0,0.0,0.01,0,2.12
2016-04-01,SKU-047,WH-CA1,SmartStock Optimized,5,0,0,0,5,144,0,0,0.007,0.0,0.0,0.01,0,2.12
2016-04-02,SKU-047,WH-CA1,SmartStock Optimized,5,0,0,0,5,144,0,0,0.007,0.0,0.0,0.01,0,2.12
2016-04-03,SKU-047,WH-CA1,SmartStock Optimized,5,0,0,0,5,144,0,0,0.007,0.0,0.0,0.01,0,2.12
2016-04-04,SKU-047,WH-CA1,SmartStock Optimized,5,2,2,0,3,144,0,0,0.004,0.0,0.0,0.0,0,2.12
2016-04-05,SKU-047,WH-CA1,SmartStock Optimized,3,0,0,0,3,144,0,0,0.004,0.0,0.0,0.0,0,2.12
2016-04-06,SKU-047,WH-CA1,SmartStock Optimized,3,0,0,0,3,144,0,0,0.004,0.0,0.0,0.0,0,2.12
2016-04-07,SKU-047,WH-CA1,SmartStock Optimized,3,0,0,0,3,144,0,0,0.004,0.0,0.0,0.0,0,2.12
2016-04-08,SKU-047,WH-CA1,SmartStock Optimized,3,0,0,0,3,144,0,0,0.004,0.0,0.0,0.0,0,2.12
2016-04-09,SKU-047,WH-CA1,SmartStock Optimized,3,0,0,0,3,144,0,0,0.004,0.0,0.0,0.0,0,2.12
2016-04-10,SKU-047,WH-CA1,SmartStock Optimized,3,0,0,0,3,144,0,0,0.004,0.0,0.0,0.0,0,2.12
2016-04-11,SKU-047,WH-CA1,SmartStock Optimized,3,0,0,0,3,144,0,0,0.004,0.0,0.0,0.0,0,2.12
2016-04-12,SKU-047,WH-CA1,SmartStock Optimized,3,0,0,0,3,144,0,0,0.004,0.0,0.0,0.0,0,2.12
2016-04-13,SKU-047,WH-CA1,SmartStock Optimized,3,0,0,0,3,144,0,0,0.004,0.0,0.0,0.0,0,2.12
2016-04-14,SKU-047,WH-CA1,SmartStock Optimized,3,0,0,0,3,144,0,0,0.004,0.0,0.0,0.0,0,2.12
2016-04-15,SKU-047,WH-CA1,SmartStock Optimized,3,0,0,0,3,144,0,0,0.004,0.0,0.0,0.0,0,2.12
2016-04-16,SKU-047,WH-CA1,SmartStock Optimized,3,0,0,0,3,144,0,0,0.004,0.0,0.0,0.0,0,2.12
2016-04-17,SKU-047,WH-CA1,SmartStock Optimized,3,0,0,0,3,144,0,0,0.004,0.0,0.0,0.0,0,2.12
2016-04-18,SKU-047,WH-CA1,SmartStock Optimized,3,0,0,0,3,144,0,0,0.004,0.0,0.0,0.0,0,2.12
2016-04-19,SKU-047,WH-CA1,SmartStock Optimized,3,0,0,0,3,144,0,0,0.004,0.0,0.0,0.0,0,2.12
2016-04-20,SKU-047,WH-CA1,SmartStock Optimized,3,0,0,0,3,144,0,0,0.004,0.0,0.0,0.0,0,2.12
2016-04-21,SKU-047,WH-CA1,SmartStock Optimized,3,0,0,0,3,144,0,0,0.004,0.0,0.0,0.0,0,2.12
2016-04-22,SKU-047,WH-CA1,SmartStock Optimized,147,0,0,0,147,0,0,144,0.213,0.0,0.0,0.21,0,2.12
2016-04-23,SKU-047,WH-CA1,SmartStock Optimized,147,0,0,0,147,0,0,0,0.213,0.0,0.0,0.21,0,2.12
2016-04-24,SKU-047,WH-CA1,SmartStock Optimized,147,0,0,0,147,0,0,0,0.213,0.0,0.0,0.21,0,2.12
2016-03-28,SKU-047,WH-TX1,SmartStock Optimized,5,0,0,0,5,192,192,0,0.006,110.0,0.0,110.01,0,2.12
2016-03-29,SKU-047,WH-TX1,SmartStock Optimized,5,0,0,0,5,192,0,0,0.006,0.0,0.0,0.01,0,2.12
2016-03-30,SKU-047,WH-TX1,SmartStock Optimized,5,0,0,0,5,192,0,0,0.006,0.0,0.0,0.01,0,2.12
2016-03-31,SKU-047,WH-TX1,SmartStock Optimized,5,0,0,0,5,192,0,0,0.006,0.0,0.0,0.01,0,2.12
2016-04-01,SKU-047,WH-TX1,SmartStock Optimized,5,0,0,0,5,192,0,0,0.006,0.0,0.0,0.01,0,2.12
2016-04-02,SKU-047,WH-TX1,SmartStock Optimized,5,0,0,0,5,192,0,0,0.006,0.0,0.0,0.01,0,2.12
2016-04-03,SKU-047,WH-TX1,SmartStock Optimized,5,0,0,0,5,192,0,0,0.006,0.0,0.0,0.01,0,2.12
2016-04-04,SKU-047,WH-TX1,SmartStock Optimized,5,0,0,0,5,192,0,0,0.006,0.0,0.0,0.01,0,2.12
2016-04-05,SKU-047,WH-TX1,SmartStock Optimized,5,0,0,0,5,192,0,0,0.006,0.0,0.0,0.01,0,2.12
2016-04-06,SKU-047,WH-TX1,SmartStock Optimized,5,1,1,0,4,192,0,0,0.005,0.0,0.0,0.01,0,2.12
2016-04-07,SKU-047,WH-TX1,SmartStock Optimized,4,0,0,0,4,192,0,0,0.005,0.0,0.0,0.01,0,2.12
2016-04-08,SKU-047,WH-TX1,SmartStock Optimized,4,0,0,0,4,192,0,0,0.005,0.0,0.0,0.01,0,2.12
2016-04-09,SKU-047,WH-TX1,SmartStock Optimized,4,1,1,0,3,192,0,0,0.003,0.0,0.0,0.0,0,2.12
2016-04-10,SKU-047,WH-TX1,SmartStock Optimized,3,0,0,0,3,192,0,0,0.003,0.0,0.0,0.0,0,2.12
2016-04-11,SKU-047,WH-TX1,SmartStock Optimized,3,0,0,0,3,192,0,0,0.003,0.0,0.0,0.0,0,2.12
2016-04-12,SKU-047,WH-TX1,SmartStock Optimized,3,0,0,0,3,192,0,0,0.003,0.0,0.0,0.0,0,2.12
2016-04-13,SKU-047,WH-TX1,SmartStock Optimized,3,0,0,0,3,192,0,0,0.003,0.0,0.0,0.0,0,2.12
2016-04-14,SKU-047,WH-TX1,SmartStock Optimized,3,0,0,0,3,192,0,0,0.003,0.0,0.0,0.0,0,2.12
2016-04-15,SKU-047,WH-TX1,SmartStock Optimized,3,0,0,0,3,192,0,0,0.003,0.0,0.0,0.0,0,2.12
2016-04-16,SKU-047,WH-TX1,SmartStock Optimized,3,0,0,0,3,192,0,0,0.003,0.0,0.0,0.0,0,2.12
2016-04-17,SKU-047,WH-TX1,SmartStock Optimized,3,0,0,0,3,192,0,0,0.003,0.0,0.0,0.0,0,2.12
2016-04-18,SKU-047,WH-TX1,SmartStock Optimized,3,0,0,0,3,192,0,0,0.003,0.0,0.0,0.0,0,2.12
2016-04-19,SKU-047,WH-TX1,SmartStock Optimized,3,0,0,0,3,192,0,0,0.003,0.0,0.0,0.0,0,2.12
2016-04-20,SKU-047,WH-TX1,SmartStock Optimized,3,0,0,0,3,192,0,0,0.003,0.0,0.0,0.0,0,2.12
2016-04-21,SKU-047,WH-TX1,SmartStock Optimized,3,0,0,0,3,192,0,0,0.003,0.0,0.0,0.0,0,2.12
2016-04-22,SKU-047,WH-TX1,SmartStock Optimized,195,0,0,0,195,0,0,192,0.227,0.0,0.0,0.23,0,2.12
2016-04-23,SKU-047,WH-TX1,SmartStock Optimized,195,0,0,0,195,0,0,0,0.227,0.0,0.0,0.23,0,2.12
2016-04-24,SKU-047,WH-TX1,SmartStock Optimized,195,0,0,0,195,0,0,0,0.227,0.0,0.0,0.23,0,2.12
2016-03-28,SKU-047,WH-WI1,SmartStock Optimized,5,0,0,0,5,168,168,0,0.006,110.0,0.0,110.01,0,2.12
2016-03-29,SKU-047,WH-WI1,SmartStock Optimized,5,0,0,0,5,168,0,0,0.006,0.0,0.0,0.01,0,2.12
2016-03-30,SKU-047,WH-WI1,SmartStock Optimized,5,1,1,0,4,168,0,0,0.005,0.0,0.0,0.01,0,2.12
2016-03-31,SKU-047,WH-WI1,SmartStock Optimized,4,0,0,0,4,168,0,0,0.005,0.0,0.0,0.01,0,2.12
2016-04-01,SKU-047,WH-WI1,SmartStock Optimized,4,0,0,0,4,168,0,0,0.005,0.0,0.0,0.01,0,2.12
2016-04-02,SKU-047,WH-WI1,SmartStock Optimized,4,0,0,0,4,168,0,0,0.005,0.0,0.0,0.01,0,2.12
2016-04-03,SKU-047,WH-WI1,SmartStock Optimized,4,0,0,0,4,168,0,0,0.005,0.0,0.0,0.01,0,2.12
2016-04-04,SKU-047,WH-WI1,SmartStock Optimized,4,0,0,0,4,168,0,0,0.005,0.0,0.0,0.01,0,2.12
2016-04-05,SKU-047,WH-WI1,SmartStock Optimized,4,0,0,0,4,168,0,0,0.005,0.0,0.0,0.01,0,2.12
2016-04-06,SKU-047,WH-WI1,SmartStock Optimized,4,0,0,0,4,168,0,0,0.005,0.0,0.0,0.01,0,2.12
2016-04-07,SKU-047,WH-WI1,SmartStock Optimized,4,0,0,0,4,168,0,0,0.005,0.0,0.0,0.01,0,2.12
2016-04-08,SKU-047,WH-WI1,SmartStock Optimized,4,0,0,0,4,168,0,0,0.005,0.0,0.0,0.01,0,2.12
2016-04-09,SKU-047,WH-WI1,SmartStock Optimized,4,0,0,0,4,168,0,0,0.005,0.0,0.0,0.01,0,2.12
2016-04-10,SKU-047,WH-WI1,SmartStock Optimized,4,0,0,0,4,168,0,0,0.005,0.0,0.0,0.01,0,2.12
2016-04-11,SKU-047,WH-WI1,SmartStock Optimized,4,0,0,0,4,168,0,0,0.005,0.0,0.0,0.01,0,2.12
2016-04-12,SKU-047,WH-WI1,SmartStock Optimized,4,0,0,0,4,168,0,0,0.005,0.0,0.0,0.01,0,2.12
2016-04-13,SKU-047,WH-WI1,SmartStock Optimized,4,1,1,0,3,168,0,0,0.004,0.0,0.0,0.0,0,2.12
2016-04-14,SKU-047,WH-WI1,SmartStock Optimized,3,0,0,0,3,168,0,0,0.004,0.0,0.0,0.0,0,2.12
2016-04-15,SKU-047,WH-WI1,SmartStock Optimized,3,0,0,0,3,168,0,0,0.004,0.0,0.0,0.0,0,2.12
2016-04-16,SKU-047,WH-WI1,SmartStock Optimized,3,1,1,0,2,168,0,0,0.003,0.0,0.0,0.0,0,2.12
2016-04-17,SKU-047,WH-WI1,SmartStock Optimized,2,0,0,0,2,168,0,0,0.003,0.0,0.0,0.0,0,2.12
2016-04-18,SKU-047,WH-WI1,SmartStock Optimized,2,0,0,0,2,168,0,0,0.003,0.0,0.0,0.0,0,2.12
2016-04-19,SKU-047,WH-WI1,SmartStock Optimized,2,0,0,0,2,168,0,0,0.003,0.0,0.0,0.0,0,2.12
2016-04-20,SKU-047,WH-WI1,SmartStock Optimized,2,0,0,0,2,168,0,0,0.003,0.0,0.0,0.0,0,2.12
2016-04-21,SKU-047,WH-WI1,SmartStock Optimized,2,1,1,0,1,168,0,0,0.001,0.0,0.0,0.0,0,2.12
2016-04-22,SKU-047,WH-WI1,SmartStock Optimized,1,0,0,0,1,168,0,0,0.001,0.0,0.0,0.0,0,2.12
2016-04-23,SKU-047,WH-WI1,SmartStock Optimized,1,0,0,0,1,168,0,0,0.001,0.0,0.0,0.0,0,2.12
2016-04-24,SKU-047,WH-WI1,SmartStock Optimized,1,0,0,0,1,168,0,0,0.001,0.0,0.0,0.0,0,2.12
2016-03-28,SKU-048,WH-CA1,SmartStock Optimized,9,0,0,0,9,432,432,0,0.003,110.0,0.0,110.0,0,0.54
2016-03-29,SKU-048,WH-CA1,SmartStock Optimized,9,0,0,0,9,432,0,0,0.003,0.0,0.0,0.0,0,0.54
2016-03-30,SKU-048,WH-CA1,SmartStock Optimized,9,0,0,0,9,432,0,0,0.003,0.0,0.0,0.0,0,0.54
2016-03-31,SKU-048,WH-CA1,SmartStock Optimized,9,0,0,0,9,432,0,0,0.003,0.0,0.0,0.0,0,0.54
2016-04-01,SKU-048,WH-CA1,SmartStock Optimized,9,0,0,0,9,432,0,0,0.003,0.0,0.0,0.0,0,0.54
2016-04-02,SKU-048,WH-CA1,SmartStock Optimized,9,0,0,0,9,432,0,0,0.003,0.0,0.0,0.0,0,0.54
2016-04-03,SKU-048,WH-CA1,SmartStock Optimized,9,0,0,0,9,432,0,0,0.003,0.0,0.0,0.0,0,0.54
2016-04-04,SKU-048,WH-CA1,SmartStock Optimized,9,0,0,0,9,432,0,0,0.003,0.0,0.0,0.0,0,0.54
2016-04-05,SKU-048,WH-CA1,SmartStock Optimized,9,0,0,0,9,432,0,0,0.003,0.0,0.0,0.0,0,0.54
2016-04-06,SKU-048,WH-CA1,SmartStock Optimized,9,0,0,0,9,432,0,0,0.003,0.0,0.0,0.0,0,0.54
2016-04-07,SKU-048,WH-CA1,SmartStock Optimized,9,0,0,0,9,432,0,0,0.003,0.0,0.0,0.0,0,0.54
2016-04-08,SKU-048,WH-CA1,SmartStock Optimized,9,0,0,0,9,432,0,0,0.003,0.0,0.0,0.0,0,0.54
2016-04-09,SKU-048,WH-CA1,SmartStock Optimized,9,0,0,0,9,432,0,0,0.003,0.0,0.0,0.0,0,0.54
2016-04-10,SKU-048,WH-CA1,SmartStock Optimized,9,3,3,0,6,432,0,0,0.002,0.0,0.0,0.0,0,0.54
2016-04-11,SKU-048,WH-CA1,SmartStock Optimized,6,0,0,0,6,432,0,0,0.002,0.0,0.0,0.0,0,0.54
2016-04-12,SKU-048,WH-CA1,SmartStock Optimized,6,0,0,0,6,432,0,0,0.002,0.0,0.0,0.0,0,0.54
2016-04-13,SKU-048,WH-CA1,SmartStock Optimized,6,0,0,0,6,432,0,0,0.002,0.0,0.0,0.0,0,0.54
2016-04-14,SKU-048,WH-CA1,SmartStock Optimized,6,0,0,0,6,432,0,0,0.002,0.0,0.0,0.0,0,0.54
2016-04-15,SKU-048,WH-CA1,SmartStock Optimized,6,0,0,0,6,432,0,0,0.002,0.0,0.0,0.0,0,0.54
2016-04-16,SKU-048,WH-CA1,SmartStock Optimized,6,0,0,0,6,432,0,0,0.002,0.0,0.0,0.0,0,0.54
2016-04-17,SKU-048,WH-CA1,SmartStock Optimized,6,0,0,0,6,432,0,0,0.002,0.0,0.0,0.0,0,0.54
2016-04-18,SKU-048,WH-CA1,SmartStock Optimized,6,0,0,0,6,432,0,0,0.002,0.0,0.0,0.0,0,0.54
2016-04-19,SKU-048,WH-CA1,SmartStock Optimized,438,0,0,0,438,0,0,432,0.162,0.0,0.0,0.16,0,0.54
2016-04-20,SKU-048,WH-CA1,SmartStock Optimized,438,0,0,0,438,0,0,0,0.162,0.0,0.0,0.16,0,0.54
2016-04-21,SKU-048,WH-CA1,SmartStock Optimized,438,0,0,0,438,0,0,0,0.162,0.0,0.0,0.16,0,0.54
2016-04-22,SKU-048,WH-CA1,SmartStock Optimized,438,0,0,0,438,0,0,0,0.162,0.0,0.0,0.16,0,0.54
2016-04-23,SKU-048,WH-CA1,SmartStock Optimized,438,0,0,0,438,0,0,0,0.162,0.0,0.0,0.16,0,0.54
2016-04-24,SKU-048,WH-CA1,SmartStock Optimized,438,1,1,0,437,0,0,0,0.162,0.0,0.0,0.16,0,0.54
2016-03-28,SKU-048,WH-TX1,SmartStock Optimized,5,0,0,0,5,240,240,0,0.001,110.0,0.0,110.0,0,0.54
2016-03-29,SKU-048,WH-TX1,SmartStock Optimized,5,0,0,0,5,240,0,0,0.001,0.0,0.0,0.0,0,0.54
2016-03-30,SKU-048,WH-TX1,SmartStock Optimized,5,0,0,0,5,240,0,0,0.001,0.0,0.0,0.0,0,0.54
2016-03-31,SKU-048,WH-TX1,SmartStock Optimized,5,0,0,0,5,240,0,0,0.001,0.0,0.0,0.0,0,0.54
2016-04-01,SKU-048,WH-TX1,SmartStock Optimized,5,0,0,0,5,240,0,0,0.001,0.0,0.0,0.0,0,0.54
2016-04-02,SKU-048,WH-TX1,SmartStock Optimized,5,0,0,0,5,240,0,0,0.001,0.0,0.0,0.0,0,0.54
2016-04-03,SKU-048,WH-TX1,SmartStock Optimized,5,0,0,0,5,240,0,0,0.001,0.0,0.0,0.0,0,0.54
2016-04-04,SKU-048,WH-TX1,SmartStock Optimized,5,1,1,0,4,240,0,0,0.001,0.0,0.0,0.0,0,0.54
2016-04-05,SKU-048,WH-TX1,SmartStock Optimized,4,0,0,0,4,240,0,0,0.001,0.0,0.0,0.0,0,0.54
2016-04-06,SKU-048,WH-TX1,SmartStock Optimized,4,0,0,0,4,240,0,0,0.001,0.0,0.0,0.0,0,0.54
2016-04-07,SKU-048,WH-TX1,SmartStock Optimized,4,0,0,0,4,240,0,0,0.001,0.0,0.0,0.0,0,0.54
2016-04-08,SKU-048,WH-TX1,SmartStock Optimized,4,0,0,0,4,240,0,0,0.001,0.0,0.0,0.0,0,0.54
2016-04-09,SKU-048,WH-TX1,SmartStock Optimized,4,0,0,0,4,240,0,0,0.001,0.0,0.0,0.0,0,0.54
2016-04-10,SKU-048,WH-TX1,SmartStock Optimized,4,0,0,0,4,240,0,0,0.001,0.0,0.0,0.0,0,0.54
2016-04-11,SKU-048,WH-TX1,SmartStock Optimized,4,0,0,0,4,240,0,0,0.001,0.0,0.0,0.0,0,0.54
2016-04-12,SKU-048,WH-TX1,SmartStock Optimized,4,0,0,0,4,240,0,0,0.001,0.0,0.0,0.0,0,0.54
2016-04-13,SKU-048,WH-TX1,SmartStock Optimized,4,0,0,0,4,240,0,0,0.001,0.0,0.0,0.0,0,0.54
2016-04-14,SKU-048,WH-TX1,SmartStock Optimized,4,0,0,0,4,240,0,0,0.001,0.0,0.0,0.0,0,0.54
2016-04-15,SKU-048,WH-TX1,SmartStock Optimized,244,0,0,0,244,0,0,240,0.072,0.0,0.0,0.07,0,0.54
2016-04-16,SKU-048,WH-TX1,SmartStock Optimized,244,0,0,0,244,0,0,0,0.072,0.0,0.0,0.07,0,0.54
2016-04-17,SKU-048,WH-TX1,SmartStock Optimized,244,0,0,0,244,0,0,0,0.072,0.0,0.0,0.07,0,0.54
2016-04-18,SKU-048,WH-TX1,SmartStock Optimized,244,0,0,0,244,0,0,0,0.072,0.0,0.0,0.07,0,0.54
2016-04-19,SKU-048,WH-TX1,SmartStock Optimized,244,1,1,0,243,0,0,0,0.072,0.0,0.0,0.07,0,0.54
2016-04-20,SKU-048,WH-TX1,SmartStock Optimized,243,0,0,0,243,0,0,0,0.072,0.0,0.0,0.07,0,0.54
2016-04-21,SKU-048,WH-TX1,SmartStock Optimized,243,1,1,0,242,0,0,0,0.072,0.0,0.0,0.07,0,0.54
2016-04-22,SKU-048,WH-TX1,SmartStock Optimized,242,0,0,0,242,0,0,0,0.072,0.0,0.0,0.07,0,0.54
2016-04-23,SKU-048,WH-TX1,SmartStock Optimized,242,0,0,0,242,0,0,0,0.072,0.0,0.0,0.07,0,0.54
2016-04-24,SKU-048,WH-TX1,SmartStock Optimized,242,0,0,0,242,0,0,0,0.072,0.0,0.0,0.07,0,0.54
2016-03-28,SKU-048,WH-WI1,SmartStock Optimized,9,0,0,0,9,456,456,0,0.003,110.0,0.0,110.0,0,0.54
2016-03-29,SKU-048,WH-WI1,SmartStock Optimized,9,0,0,0,9,456,0,0,0.003,0.0,0.0,0.0,0,0.54
2016-03-30,SKU-048,WH-WI1,SmartStock Optimized,9,0,0,0,9,456,0,0,0.003,0.0,0.0,0.0,0,0.54
2016-03-31,SKU-048,WH-WI1,SmartStock Optimized,9,0,0,0,9,456,0,0,0.003,0.0,0.0,0.0,0,0.54
2016-04-01,SKU-048,WH-WI1,SmartStock Optimized,9,0,0,0,9,456,0,0,0.003,0.0,0.0,0.0,0,0.54
2016-04-02,SKU-048,WH-WI1,SmartStock Optimized,9,0,0,0,9,456,0,0,0.003,0.0,0.0,0.0,0,0.54
2016-04-03,SKU-048,WH-WI1,SmartStock Optimized,9,0,0,0,9,456,0,0,0.003,0.0,0.0,0.0,0,0.54
2016-04-04,SKU-048,WH-WI1,SmartStock Optimized,9,0,0,0,9,456,0,0,0.003,0.0,0.0,0.0,0,0.54
2016-04-05,SKU-048,WH-WI1,SmartStock Optimized,9,0,0,0,9,456,0,0,0.003,0.0,0.0,0.0,0,0.54
2016-04-06,SKU-048,WH-WI1,SmartStock Optimized,9,0,0,0,9,456,0,0,0.003,0.0,0.0,0.0,0,0.54
2016-04-07,SKU-048,WH-WI1,SmartStock Optimized,9,0,0,0,9,456,0,0,0.003,0.0,0.0,0.0,0,0.54
2016-04-08,SKU-048,WH-WI1,SmartStock Optimized,9,0,0,0,9,456,0,0,0.003,0.0,0.0,0.0,0,0.54
2016-04-09,SKU-048,WH-WI1,SmartStock Optimized,9,0,0,0,9,456,0,0,0.003,0.0,0.0,0.0,0,0.54
2016-04-10,SKU-048,WH-WI1,SmartStock Optimized,9,0,0,0,9,456,0,0,0.003,0.0,0.0,0.0,0,0.54
2016-04-11,SKU-048,WH-WI1,SmartStock Optimized,9,0,0,0,9,456,0,0,0.003,0.0,0.0,0.0,0,0.54
2016-04-12,SKU-048,WH-WI1,SmartStock Optimized,9,1,1,0,8,456,0,0,0.003,0.0,0.0,0.0,0,0.54
2016-04-13,SKU-048,WH-WI1,SmartStock Optimized,8,1,1,0,7,456,0,0,0.002,0.0,0.0,0.0,0,0.54
2016-04-14,SKU-048,WH-WI1,SmartStock Optimized,7,1,1,0,6,456,0,0,0.002,0.0,0.0,0.0,0,0.54
2016-04-15,SKU-048,WH-WI1,SmartStock Optimized,6,1,1,0,5,456,0,0,0.002,0.0,0.0,0.0,0,0.54
2016-04-16,SKU-048,WH-WI1,SmartStock Optimized,5,3,3,0,2,456,0,0,0.001,0.0,0.0,0.0,0,0.54
2016-04-17,SKU-048,WH-WI1,SmartStock Optimized,2,0,0,0,2,456,0,0,0.001,0.0,0.0,0.0,0,0.54
2016-04-18,SKU-048,WH-WI1,SmartStock Optimized,2,0,0,0,2,456,0,0,0.001,0.0,0.0,0.0,0,0.54
2016-04-19,SKU-048,WH-WI1,SmartStock Optimized,2,0,0,0,2,456,0,0,0.001,0.0,0.0,0.0,0,0.54
2016-04-20,SKU-048,WH-WI1,SmartStock Optimized,2,0,0,0,2,456,0,0,0.001,0.0,0.0,0.0,0,0.54
2016-04-21,SKU-048,WH-WI1,SmartStock Optimized,458,0,0,0,458,0,0,456,0.149,0.0,0.0,0.15,0,0.54
2016-04-22,SKU-048,WH-WI1,SmartStock Optimized,458,1,1,0,457,0,0,0,0.149,0.0,0.0,0.15,0,0.54
2016-04-23,SKU-048,WH-WI1,SmartStock Optimized,457,0,0,0,457,0,0,0,0.149,0.0,0.0,0.15,0,0.54
2016-04-24,SKU-048,WH-WI1,SmartStock Optimized,457,0,0,0,457,0,0,0,0.149,0.0,0.0,0.15,0,0.54
2016-03-28,SKU-049,WH-CA1,SmartStock Optimized,5,0,0,0,5,144,144,0,0.009,110.0,0.0,110.01,0,2.51
2016-03-29,SKU-049,WH-CA1,SmartStock Optimized,5,0,0,0,5,144,0,0,0.009,0.0,0.0,0.01,0,2.51
2016-03-30,SKU-049,WH-CA1,SmartStock Optimized,5,0,0,0,5,144,0,0,0.009,0.0,0.0,0.01,0,2.51
2016-03-31,SKU-049,WH-CA1,SmartStock Optimized,5,0,0,0,5,144,0,0,0.009,0.0,0.0,0.01,0,2.51
2016-04-01,SKU-049,WH-CA1,SmartStock Optimized,5,0,0,0,5,144,0,0,0.009,0.0,0.0,0.01,0,2.51
2016-04-02,SKU-049,WH-CA1,SmartStock Optimized,5,0,0,0,5,144,0,0,0.009,0.0,0.0,0.01,0,2.51
2016-04-03,SKU-049,WH-CA1,SmartStock Optimized,5,0,0,0,5,144,0,0,0.009,0.0,0.0,0.01,0,2.51
2016-04-04,SKU-049,WH-CA1,SmartStock Optimized,5,0,0,0,5,144,0,0,0.009,0.0,0.0,0.01,0,2.51
2016-04-05,SKU-049,WH-CA1,SmartStock Optimized,5,0,0,0,5,144,0,0,0.009,0.0,0.0,0.01,0,2.51
2016-04-06,SKU-049,WH-CA1,SmartStock Optimized,5,0,0,0,5,144,0,0,0.009,0.0,0.0,0.01,0,2.51
2016-04-07,SKU-049,WH-CA1,SmartStock Optimized,5,0,0,0,5,144,0,0,0.009,0.0,0.0,0.01,0,2.51
2016-04-08,SKU-049,WH-CA1,SmartStock Optimized,5,0,0,0,5,144,0,0,0.009,0.0,0.0,0.01,0,2.51
2016-04-09,SKU-049,WH-CA1,SmartStock Optimized,5,0,0,0,5,144,0,0,0.009,0.0,0.0,0.01,0,2.51
2016-04-10,SKU-049,WH-CA1,SmartStock Optimized,5,0,0,0,5,144,0,0,0.009,0.0,0.0,0.01,0,2.51
2016-04-11,SKU-049,WH-CA1,SmartStock Optimized,5,0,0,0,5,144,0,0,0.009,0.0,0.0,0.01,0,2.51
2016-04-12,SKU-049,WH-CA1,SmartStock Optimized,5,0,0,0,5,144,0,0,0.009,0.0,0.0,0.01,0,2.51
2016-04-13,SKU-049,WH-CA1,SmartStock Optimized,5,0,0,0,5,144,0,0,0.009,0.0,0.0,0.01,0,2.51
2016-04-14,SKU-049,WH-CA1,SmartStock Optimized,5,1,1,0,4,144,0,0,0.007,0.0,0.0,0.01,0,2.51
2016-04-15,SKU-049,WH-CA1,SmartStock Optimized,4,0,0,0,4,144,0,0,0.007,0.0,0.0,0.01,0,2.51
2016-04-16,SKU-049,WH-CA1,SmartStock Optimized,4,0,0,0,4,144,0,0,0.007,0.0,0.0,0.01,0,2.51
2016-04-17,SKU-049,WH-CA1,SmartStock Optimized,4,0,0,0,4,144,0,0,0.007,0.0,0.0,0.01,0,2.51
2016-04-18,SKU-049,WH-CA1,SmartStock Optimized,4,0,0,0,4,144,0,0,0.007,0.0,0.0,0.01,0,2.51
2016-04-19,SKU-049,WH-CA1,SmartStock Optimized,4,0,0,0,4,144,0,0,0.007,0.0,0.0,0.01,0,2.51
2016-04-20,SKU-049,WH-CA1,SmartStock Optimized,4,0,0,0,4,144,0,0,0.007,0.0,0.0,0.01,0,2.51
2016-04-21,SKU-049,WH-CA1,SmartStock Optimized,4,0,0,0,4,144,0,0,0.007,0.0,0.0,0.01,0,2.51
2016-04-22,SKU-049,WH-CA1,SmartStock Optimized,4,0,0,0,4,144,0,0,0.007,0.0,0.0,0.01,0,2.51
2016-04-23,SKU-049,WH-CA1,SmartStock Optimized,4,0,0,0,4,144,0,0,0.007,0.0,0.0,0.01,0,2.51
2016-04-24,SKU-049,WH-CA1,SmartStock Optimized,4,0,0,0,4,144,0,0,0.007,0.0,0.0,0.01,0,2.51
2016-03-28,SKU-049,WH-TX1,SmartStock Optimized,5,0,0,0,5,144,144,0,0.007,110.0,0.0,110.01,0,2.51
2016-03-29,SKU-049,WH-TX1,SmartStock Optimized,5,0,0,0,5,144,0,0,0.007,0.0,0.0,0.01,0,2.51
2016-03-30,SKU-049,WH-TX1,SmartStock Optimized,5,0,0,0,5,144,0,0,0.007,0.0,0.0,0.01,0,2.51
2016-03-31,SKU-049,WH-TX1,SmartStock Optimized,5,1,1,0,4,144,0,0,0.006,0.0,0.0,0.01,0,2.51
2016-04-01,SKU-049,WH-TX1,SmartStock Optimized,4,0,0,0,4,144,0,0,0.006,0.0,0.0,0.01,0,2.51
2016-04-02,SKU-049,WH-TX1,SmartStock Optimized,4,0,0,0,4,144,0,0,0.006,0.0,0.0,0.01,0,2.51
2016-04-03,SKU-049,WH-TX1,SmartStock Optimized,4,1,1,0,3,144,0,0,0.004,0.0,0.0,0.0,0,2.51
2016-04-04,SKU-049,WH-TX1,SmartStock Optimized,3,0,0,0,3,144,0,0,0.004,0.0,0.0,0.0,0,2.51
2016-04-05,SKU-049,WH-TX1,SmartStock Optimized,3,0,0,0,3,144,0,0,0.004,0.0,0.0,0.0,0,2.51
2016-04-06,SKU-049,WH-TX1,SmartStock Optimized,3,0,0,0,3,144,0,0,0.004,0.0,0.0,0.0,0,2.51
2016-04-07,SKU-049,WH-TX1,SmartStock Optimized,3,0,0,0,3,144,0,0,0.004,0.0,0.0,0.0,0,2.51
2016-04-08,SKU-049,WH-TX1,SmartStock Optimized,3,0,0,0,3,144,0,0,0.004,0.0,0.0,0.0,0,2.51
2016-04-09,SKU-049,WH-TX1,SmartStock Optimized,3,0,0,0,3,144,0,0,0.004,0.0,0.0,0.0,0,2.51
2016-04-10,SKU-049,WH-TX1,SmartStock Optimized,3,0,0,0,3,144,0,0,0.004,0.0,0.0,0.0,0,2.51
2016-04-11,SKU-049,WH-TX1,SmartStock Optimized,3,0,0,0,3,144,0,0,0.004,0.0,0.0,0.0,0,2.51
2016-04-12,SKU-049,WH-TX1,SmartStock Optimized,3,0,0,0,3,144,0,0,0.004,0.0,0.0,0.0,0,2.51
2016-04-13,SKU-049,WH-TX1,SmartStock Optimized,3,0,0,0,3,144,0,0,0.004,0.0,0.0,0.0,0,2.51
2016-04-14,SKU-049,WH-TX1,SmartStock Optimized,3,0,0,0,3,144,0,0,0.004,0.0,0.0,0.0,0,2.51
2016-04-15,SKU-049,WH-TX1,SmartStock Optimized,3,0,0,0,3,144,0,0,0.004,0.0,0.0,0.0,0,2.51
2016-04-16,SKU-049,WH-TX1,SmartStock Optimized,3,0,0,0,3,144,0,0,0.004,0.0,0.0,0.0,0,2.51
2016-04-17,SKU-049,WH-TX1,SmartStock Optimized,3,0,0,0,3,144,0,0,0.004,0.0,0.0,0.0,0,2.51
2016-04-18,SKU-049,WH-TX1,SmartStock Optimized,3,0,0,0,3,144,0,0,0.004,0.0,0.0,0.0,0,2.51
2016-04-19,SKU-049,WH-TX1,SmartStock Optimized,3,0,0,0,3,144,0,0,0.004,0.0,0.0,0.0,0,2.51
2016-04-20,SKU-049,WH-TX1,SmartStock Optimized,3,0,0,0,3,144,0,0,0.004,0.0,0.0,0.0,0,2.51
2016-04-21,SKU-049,WH-TX1,SmartStock Optimized,3,0,0,0,3,144,0,0,0.004,0.0,0.0,0.0,0,2.51
2016-04-22,SKU-049,WH-TX1,SmartStock Optimized,3,0,0,0,3,144,0,0,0.004,0.0,0.0,0.0,0,2.51
2016-04-23,SKU-049,WH-TX1,SmartStock Optimized,3,0,0,0,3,144,0,0,0.004,0.0,0.0,0.0,0,2.51
2016-04-24,SKU-049,WH-TX1,SmartStock Optimized,3,2,2,0,1,144,0,0,0.001,0.0,0.0,0.0,0,2.51
2016-03-28,SKU-049,WH-WI1,SmartStock Optimized,5,0,0,0,5,144,144,0,0.008,110.0,0.0,110.01,0,2.51
2016-03-29,SKU-049,WH-WI1,SmartStock Optimized,5,0,0,0,5,144,0,0,0.008,0.0,0.0,0.01,0,2.51
2016-03-30,SKU-049,WH-WI1,SmartStock Optimized,5,0,0,0,5,144,0,0,0.008,0.0,0.0,0.01,0,2.51
2016-03-31,SKU-049,WH-WI1,SmartStock Optimized,5,0,0,0,5,144,0,0,0.008,0.0,0.0,0.01,0,2.51
2016-04-01,SKU-049,WH-WI1,SmartStock Optimized,5,0,0,0,5,144,0,0,0.008,0.0,0.0,0.01,0,2.51
2016-04-02,SKU-049,WH-WI1,SmartStock Optimized,5,0,0,0,5,144,0,0,0.008,0.0,0.0,0.01,0,2.51
2016-04-03,SKU-049,WH-WI1,SmartStock Optimized,5,0,0,0,5,144,0,0,0.008,0.0,0.0,0.01,0,2.51
2016-04-04,SKU-049,WH-WI1,SmartStock Optimized,5,0,0,0,5,144,0,0,0.008,0.0,0.0,0.01,0,2.51
2016-04-05,SKU-049,WH-WI1,SmartStock Optimized,5,0,0,0,5,144,0,0,0.008,0.0,0.0,0.01,0,2.51
2016-04-06,SKU-049,WH-WI1,SmartStock Optimized,5,0,0,0,5,144,0,0,0.008,0.0,0.0,0.01,0,2.51
2016-04-07,SKU-049,WH-WI1,SmartStock Optimized,5,0,0,0,5,144,0,0,0.008,0.0,0.0,0.01,0,2.51
2016-04-08,SKU-049,WH-WI1,SmartStock Optimized,5,1,1,0,4,144,0,0,0.006,0.0,0.0,0.01,0,2.51
2016-04-09,SKU-049,WH-WI1,SmartStock Optimized,4,0,0,0,4,144,0,0,0.006,0.0,0.0,0.01,0,2.51
2016-04-10,SKU-049,WH-WI1,SmartStock Optimized,4,0,0,0,4,144,0,0,0.006,0.0,0.0,0.01,0,2.51
2016-04-11,SKU-049,WH-WI1,SmartStock Optimized,4,0,0,0,4,144,0,0,0.006,0.0,0.0,0.01,0,2.51
2016-04-12,SKU-049,WH-WI1,SmartStock Optimized,4,0,0,0,4,144,0,0,0.006,0.0,0.0,0.01,0,2.51
2016-04-13,SKU-049,WH-WI1,SmartStock Optimized,4,0,0,0,4,144,0,0,0.006,0.0,0.0,0.01,0,2.51
2016-04-14,SKU-049,WH-WI1,SmartStock Optimized,4,0,0,0,4,144,0,0,0.006,0.0,0.0,0.01,0,2.51
2016-04-15,SKU-049,WH-WI1,SmartStock Optimized,4,0,0,0,4,144,0,0,0.006,0.0,0.0,0.01,0,2.51
2016-04-16,SKU-049,WH-WI1,SmartStock Optimized,4,0,0,0,4,144,0,0,0.006,0.0,0.0,0.01,0,2.51
2016-04-17,SKU-049,WH-WI1,SmartStock Optimized,4,0,0,0,4,144,0,0,0.006,0.0,0.0,0.01,0,2.51
2016-04-18,SKU-049,WH-WI1,SmartStock Optimized,4,0,0,0,4,144,0,0,0.006,0.0,0.0,0.01,0,2.51
2016-04-19,SKU-049,WH-WI1,SmartStock Optimized,4,0,0,0,4,144,0,0,0.006,0.0,0.0,0.01,0,2.51
2016-04-20,SKU-049,WH-WI1,SmartStock Optimized,4,0,0,0,4,144,0,0,0.006,0.0,0.0,0.01,0,2.51
2016-04-21,SKU-049,WH-WI1,SmartStock Optimized,4,0,0,0,4,144,0,0,0.006,0.0,0.0,0.01,0,2.51
2016-04-22,SKU-049,WH-WI1,SmartStock Optimized,4,0,0,0,4,144,0,0,0.006,0.0,0.0,0.01,0,2.51
2016-04-23,SKU-049,WH-WI1,SmartStock Optimized,4,0,0,0,4,144,0,0,0.006,0.0,0.0,0.01,0,2.51
2016-04-24,SKU-049,WH-WI1,SmartStock Optimized,4,0,0,0,4,144,0,0,0.006,0.0,0.0,0.01,0,2.51
2016-03-28,SKU-050,WH-CA1,SmartStock Optimized,5,0,0,0,5,108,108,0,0.012,110.0,0.0,110.01,0,3.53
2016-03-29,SKU-050,WH-CA1,SmartStock Optimized,5,0,0,0,5,108,0,0,0.012,0.0,0.0,0.01,0,3.53
2016-03-30,SKU-050,WH-CA1,SmartStock Optimized,5,0,0,0,5,108,0,0,0.012,0.0,0.0,0.01,0,3.53
2016-03-31,SKU-050,WH-CA1,SmartStock Optimized,5,0,0,0,5,108,0,0,0.012,0.0,0.0,0.01,0,3.53
2016-04-01,SKU-050,WH-CA1,SmartStock Optimized,5,0,0,0,5,108,0,0,0.012,0.0,0.0,0.01,0,3.53
2016-04-02,SKU-050,WH-CA1,SmartStock Optimized,5,0,0,0,5,108,0,0,0.012,0.0,0.0,0.01,0,3.53
2016-04-03,SKU-050,WH-CA1,SmartStock Optimized,5,0,0,0,5,108,0,0,0.012,0.0,0.0,0.01,0,3.53
2016-04-04,SKU-050,WH-CA1,SmartStock Optimized,5,0,0,0,5,108,0,0,0.012,0.0,0.0,0.01,0,3.53
2016-04-05,SKU-050,WH-CA1,SmartStock Optimized,5,0,0,0,5,108,0,0,0.012,0.0,0.0,0.01,0,3.53
2016-04-06,SKU-050,WH-CA1,SmartStock Optimized,5,0,0,0,5,108,0,0,0.012,0.0,0.0,0.01,0,3.53
2016-04-07,SKU-050,WH-CA1,SmartStock Optimized,5,0,0,0,5,108,0,0,0.012,0.0,0.0,0.01,0,3.53
2016-04-08,SKU-050,WH-CA1,SmartStock Optimized,5,0,0,0,5,108,0,0,0.012,0.0,0.0,0.01,0,3.53
2016-04-09,SKU-050,WH-CA1,SmartStock Optimized,5,0,0,0,5,108,0,0,0.012,0.0,0.0,0.01,0,3.53
2016-04-10,SKU-050,WH-CA1,SmartStock Optimized,5,0,0,0,5,108,0,0,0.012,0.0,0.0,0.01,0,3.53
2016-04-11,SKU-050,WH-CA1,SmartStock Optimized,5,0,0,0,5,108,0,0,0.012,0.0,0.0,0.01,0,3.53
2016-04-12,SKU-050,WH-CA1,SmartStock Optimized,5,0,0,0,5,108,0,0,0.012,0.0,0.0,0.01,0,3.53
2016-04-13,SKU-050,WH-CA1,SmartStock Optimized,5,1,1,0,4,108,0,0,0.01,0.0,0.0,0.01,0,3.53
2016-04-14,SKU-050,WH-CA1,SmartStock Optimized,4,0,0,0,4,108,0,0,0.01,0.0,0.0,0.01,0,3.53
2016-04-15,SKU-050,WH-CA1,SmartStock Optimized,112,0,0,0,112,0,0,108,0.271,0.0,0.0,0.27,0,3.53
2016-04-16,SKU-050,WH-CA1,SmartStock Optimized,112,0,0,0,112,0,0,0,0.271,0.0,0.0,0.27,0,3.53
2016-04-17,SKU-050,WH-CA1,SmartStock Optimized,112,1,1,0,111,0,0,0,0.268,0.0,0.0,0.27,0,3.53
2016-04-18,SKU-050,WH-CA1,SmartStock Optimized,111,0,0,0,111,0,0,0,0.268,0.0,0.0,0.27,0,3.53
2016-04-19,SKU-050,WH-CA1,SmartStock Optimized,111,0,0,0,111,0,0,0,0.268,0.0,0.0,0.27,0,3.53
2016-04-20,SKU-050,WH-CA1,SmartStock Optimized,111,0,0,0,111,0,0,0,0.268,0.0,0.0,0.27,0,3.53
2016-04-21,SKU-050,WH-CA1,SmartStock Optimized,111,0,0,0,111,0,0,0,0.268,0.0,0.0,0.27,0,3.53
2016-04-22,SKU-050,WH-CA1,SmartStock Optimized,111,1,1,0,110,0,0,0,0.266,0.0,0.0,0.27,0,3.53
2016-04-23,SKU-050,WH-CA1,SmartStock Optimized,110,0,0,0,110,0,0,0,0.266,0.0,0.0,0.27,0,3.53
2016-04-24,SKU-050,WH-CA1,SmartStock Optimized,110,0,0,0,110,0,0,0,0.266,0.0,0.0,0.27,0,3.53
2016-03-28,SKU-050,WH-TX1,SmartStock Optimized,5,0,0,0,5,96,96,0,0.01,110.0,0.0,110.01,0,3.53
2016-03-29,SKU-050,WH-TX1,SmartStock Optimized,5,0,0,0,5,96,0,0,0.01,0.0,0.0,0.01,0,3.53
2016-03-30,SKU-050,WH-TX1,SmartStock Optimized,5,0,0,0,5,96,0,0,0.01,0.0,0.0,0.01,0,3.53
2016-03-31,SKU-050,WH-TX1,SmartStock Optimized,5,0,0,0,5,96,0,0,0.01,0.0,0.0,0.01,0,3.53
2016-04-01,SKU-050,WH-TX1,SmartStock Optimized,5,0,0,0,5,96,0,0,0.01,0.0,0.0,0.01,0,3.53
2016-04-02,SKU-050,WH-TX1,SmartStock Optimized,5,0,0,0,5,96,0,0,0.01,0.0,0.0,0.01,0,3.53
2016-04-03,SKU-050,WH-TX1,SmartStock Optimized,5,0,0,0,5,96,0,0,0.01,0.0,0.0,0.01,0,3.53
2016-04-04,SKU-050,WH-TX1,SmartStock Optimized,5,0,0,0,5,96,0,0,0.01,0.0,0.0,0.01,0,3.53
2016-04-05,SKU-050,WH-TX1,SmartStock Optimized,5,0,0,0,5,96,0,0,0.01,0.0,0.0,0.01,0,3.53
2016-04-06,SKU-050,WH-TX1,SmartStock Optimized,5,0,0,0,5,96,0,0,0.01,0.0,0.0,0.01,0,3.53
2016-04-07,SKU-050,WH-TX1,SmartStock Optimized,5,0,0,0,5,96,0,0,0.01,0.0,0.0,0.01,0,3.53
2016-04-08,SKU-050,WH-TX1,SmartStock Optimized,5,0,0,0,5,96,0,0,0.01,0.0,0.0,0.01,0,3.53
2016-04-09,SKU-050,WH-TX1,SmartStock Optimized,5,0,0,0,5,96,0,0,0.01,0.0,0.0,0.01,0,3.53
2016-04-10,SKU-050,WH-TX1,SmartStock Optimized,5,1,1,0,4,96,0,0,0.008,0.0,0.0,0.01,0,3.53
2016-04-11,SKU-050,WH-TX1,SmartStock Optimized,4,0,0,0,4,96,0,0,0.008,0.0,0.0,0.01,0,3.53
2016-04-12,SKU-050,WH-TX1,SmartStock Optimized,4,0,0,0,4,96,0,0,0.008,0.0,0.0,0.01,0,3.53
2016-04-13,SKU-050,WH-TX1,SmartStock Optimized,4,0,0,0,4,96,0,0,0.008,0.0,0.0,0.01,0,3.53
2016-04-14,SKU-050,WH-TX1,SmartStock Optimized,4,0,0,0,4,96,0,0,0.008,0.0,0.0,0.01,0,3.53
2016-04-15,SKU-050,WH-TX1,SmartStock Optimized,4,0,0,0,4,96,0,0,0.008,0.0,0.0,0.01,0,3.53
2016-04-16,SKU-050,WH-TX1,SmartStock Optimized,100,0,0,0,100,0,0,96,0.193,0.0,0.0,0.19,0,3.53
2016-04-17,SKU-050,WH-TX1,SmartStock Optimized,100,0,0,0,100,0,0,0,0.193,0.0,0.0,0.19,0,3.53
2016-04-18,SKU-050,WH-TX1,SmartStock Optimized,100,0,0,0,100,0,0,0,0.193,0.0,0.0,0.19,0,3.53
2016-04-19,SKU-050,WH-TX1,SmartStock Optimized,100,0,0,0,100,0,0,0,0.193,0.0,0.0,0.19,0,3.53
2016-04-20,SKU-050,WH-TX1,SmartStock Optimized,100,0,0,0,100,0,0,0,0.193,0.0,0.0,0.19,0,3.53
2016-04-21,SKU-050,WH-TX1,SmartStock Optimized,100,0,0,0,100,0,0,0,0.193,0.0,0.0,0.19,0,3.53
2016-04-22,SKU-050,WH-TX1,SmartStock Optimized,100,0,0,0,100,0,0,0,0.193,0.0,0.0,0.19,0,3.53
2016-04-23,SKU-050,WH-TX1,SmartStock Optimized,100,0,0,0,100,0,0,0,0.193,0.0,0.0,0.19,0,3.53
2016-04-24,SKU-050,WH-TX1,SmartStock Optimized,100,0,0,0,100,0,0,0,0.193,0.0,0.0,0.19,0,3.53
2016-03-28,SKU-050,WH-WI1,SmartStock Optimized,5,0,0,0,5,120,120,0,0.011,110.0,0.0,110.01,0,3.53
2016-03-29,SKU-050,WH-WI1,SmartStock Optimized,5,0,0,0,5,120,0,0,0.011,0.0,0.0,0.01,0,3.53
2016-03-30,SKU-050,WH-WI1,SmartStock Optimized,5,0,0,0,5,120,0,0,0.011,0.0,0.0,0.01,0,3.53
2016-03-31,SKU-050,WH-WI1,SmartStock Optimized,5,0,0,0,5,120,0,0,0.011,0.0,0.0,0.01,0,3.53
2016-04-01,SKU-050,WH-WI1,SmartStock Optimized,5,0,0,0,5,120,0,0,0.011,0.0,0.0,0.01,0,3.53
2016-04-02,SKU-050,WH-WI1,SmartStock Optimized,5,0,0,0,5,120,0,0,0.011,0.0,0.0,0.01,0,3.53
2016-04-03,SKU-050,WH-WI1,SmartStock Optimized,5,0,0,0,5,120,0,0,0.011,0.0,0.0,0.01,0,3.53
2016-04-04,SKU-050,WH-WI1,SmartStock Optimized,5,0,0,0,5,120,0,0,0.011,0.0,0.0,0.01,0,3.53
2016-04-05,SKU-050,WH-WI1,SmartStock Optimized,5,1,1,0,4,120,0,0,0.009,0.0,0.0,0.01,0,3.53
2016-04-06,SKU-050,WH-WI1,SmartStock Optimized,4,0,0,0,4,120,0,0,0.009,0.0,0.0,0.01,0,3.53
2016-04-07,SKU-050,WH-WI1,SmartStock Optimized,4,0,0,0,4,120,0,0,0.009,0.0,0.0,0.01,0,3.53
2016-04-08,SKU-050,WH-WI1,SmartStock Optimized,4,0,0,0,4,120,0,0,0.009,0.0,0.0,0.01,0,3.53
2016-04-09,SKU-050,WH-WI1,SmartStock Optimized,4,2,2,0,2,120,0,0,0.004,0.0,0.0,0.0,0,3.53
2016-04-10,SKU-050,WH-WI1,SmartStock Optimized,2,1,1,0,1,120,0,0,0.002,0.0,0.0,0.0,0,3.53
2016-04-11,SKU-050,WH-WI1,SmartStock Optimized,1,0,0,0,1,120,0,0,0.002,0.0,0.0,0.0,0,3.53
2016-04-12,SKU-050,WH-WI1,SmartStock Optimized,1,0,0,0,1,120,0,0,0.002,0.0,0.0,0.0,0,3.53
2016-04-13,SKU-050,WH-WI1,SmartStock Optimized,1,0,0,0,1,120,0,0,0.002,0.0,0.0,0.0,0,3.53
2016-04-14,SKU-050,WH-WI1,SmartStock Optimized,1,0,0,0,1,120,0,0,0.002,0.0,0.0,0.0,0,3.53
2016-04-15,SKU-050,WH-WI1,SmartStock Optimized,1,0,0,0,1,120,0,0,0.002,0.0,0.0,0.0,0,3.53
2016-04-16,SKU-050,WH-WI1,SmartStock Optimized,1,0,0,0,1,120,0,0,0.002,0.0,0.0,0.0,0,3.53
2016-04-17,SKU-050,WH-WI1,SmartStock Optimized,1,0,0,0,1,120,0,0,0.002,0.0,0.0,0.0,0,3.53
2016-04-18,SKU-050,WH-WI1,SmartStock Optimized,1,0,0,0,1,120,0,0,0.002,0.0,0.0,0.0,0,3.53
2016-04-19,SKU-050,WH-WI1,SmartStock Optimized,1,0,0,0,1,120,0,0,0.002,0.0,0.0,0.0,0,3.53
2016-04-20,SKU-050,WH-WI1,SmartStock Optimized,1,0,0,0,1,120,0,0,0.002,0.0,0.0,0.0,0,3.53
2016-04-21,SKU-050,WH-WI1,SmartStock Optimized,121,0,0,0,121,0,0,120,0.257,0.0,0.0,0.26,0,3.53
2016-04-22,SKU-050,WH-WI1,SmartStock Optimized,121,0,0,0,121,0,0,0,0.257,0.0,0.0,0.26,0,3.53
2016-04-23,SKU-050,WH-WI1,SmartStock Optimized,121,0,0,0,121,0,0,0,0.257,0.0,0.0,0.26,0,3.53
2016-04-24,SKU-050,WH-WI1,SmartStock Optimized,121,1,1,0,120,0,0,0,0.255,0.0,0.0,0.26,0,3.53
