po_id,sku_id,warehouse_id,supplier_id,order_date,expected_delivery_date,actual_delivery_date,order_quantity,received_quantity,contracted_lead_time_days,actual_lead_time_days,lead_time_variance_days,is_on_time,unit_cost,total_po_cost,status
PO-10001,SKU-001,WH-EAST,SUP-002,2024-01-03,2024-01-24,2024-01-24,20,20,21,21,0,1,145.0,2900.0,Delivered
PO-10002,SKU-001,WH-EAST,SUP-002,2024-01-21,2024-02-11,2024-02-13,50,50,21,23,2,0,145.0,7250.0,Delivered
PO-10003,SKU-001,WH-EAST,SUP-002,2024-02-05,2024-02-26,2024-02-26,30,30,21,21,0,1,145.0,4350.0,Delivered
PO-10004,SKU-001,WH-EAST,SUP-002,2024-02-29,2024-03-21,2024-03-18,60,60,21,18,-3,1,145.0,8700.0,Delivered
PO-10005,SKU-001,WH-EAST,SUP-002,2024-03-18,2024-04-08,2024-04-08,50,50,21,21,0,1,145.0,7250.0,Delivered
PO-10006,SKU-001,WH-EAST,SUP-002,2024-04-05,2024-04-26,2024-04-26,60,60,21,21,0,1,145.0,8700.0,Delivered
PO-10007,SKU-001,WH-EAST,SUP-002,2024-04-22,2024-05-13,2024-05-23,30,30,21,31,10,0,145.0,4350.0,Delivered
PO-10008,SKU-001,WH-EAST,SUP-002,2024-05-13,2024-06-03,2024-06-03,30,30,21,21,0,1,145.0,4350.0,Delivered
PO-10009,SKU-001,WH-EAST,SUP-002,2024-06-05,2024-06-26,2024-06-25,50,50,21,20,-1,1,145.0,7250.0,Delivered
PO-10010,SKU-001,WH-EAST,SUP-002,2024-07-01,2024-07-22,2024-07-22,30,30,21,21,0,1,145.0,4350.0,Delivered
PO-10011,SKU-001,WH-EAST,SUP-002,2024-07-17,2024-08-07,2024-08-05,20,20,21,19,-2,1,145.0,2900.0,Delivered
PO-10012,SKU-001,WH-EAST,SUP-002,2024-08-10,2024-08-31,2024-08-29,60,60,21,19,-2,1,145.0,8700.0,Delivered
PO-10013,SKU-001,WH-EAST,SUP-002,2024-09-07,2024-09-28,2024-10-11,40,40,21,34,13,0,145.0,5800.0,Delivered
PO-10014,SKU-001,WH-EAST,SUP-002,2024-09-27,2024-10-18,2024-10-16,60,60,21,19,-2,1,145.0,8700.0,Delivered
PO-10015,SKU-001,WH-EAST,SUP-002,2024-10-26,2024-11-16,2024-12-01,40,40,21,36,15,0,145.0,5800.0,Delivered
PO-10016,SKU-001,WH-EAST,SUP-002,2024-11-13,2024-12-04,2024-12-03,20,20,21,20,-1,1,145.0,2900.0,Delivered
PO-10017,SKU-001,WH-EAST,SUP-002,2024-12-12,2025-01-02,2025-01-02,50,50,21,21,0,1,145.0,7250.0,Delivered
PO-10018,SKU-001,WH-EAST,SUP-002,2024-12-28,2025-01-18,2025-01-18,40,40,21,21,0,1,145.0,5800.0,Delivered
PO-10019,SKU-001,WH-EAST,SUP-002,2025-01-24,2025-02-14,2025-02-13,30,30,21,20,-1,1,145.0,4350.0,Delivered
PO-10020,SKU-001,WH-EAST,SUP-002,2025-02-17,2025-03-10,2025-03-07,40,40,21,18,-3,1,145.0,5800.0,Delivered
PO-10021,SKU-001,WH-EAST,SUP-002,2025-03-12,2025-04-02,2025-04-02,30,30,21,21,0,1,145.0,4350.0,Delivered
PO-10022,SKU-001,WH-EAST,SUP-002,2025-04-05,2025-04-26,2025-04-25,20,20,21,20,-1,1,145.0,2900.0,Delivered
PO-10023,SKU-001,WH-EAST,SUP-002,2025-04-22,2025-05-13,2025-06-01,40,40,21,40,19,0,145.0,5800.0,Delivered
PO-10024,SKU-001,WH-EAST,SUP-002,2025-05-21,2025-06-11,2025-06-12,20,20,21,22,1,0,145.0,2900.0,Delivered
PO-10025,SKU-001,WH-EAST,SUP-002,2025-06-09,2025-06-30,2025-07-03,20,20,21,24,3,0,145.0,2900.0,Delivered
PO-10026,SKU-001,WH-EAST,SUP-002,2025-07-02,2025-07-23,2025-07-23,30,30,21,21,0,1,145.0,4350.0,Delivered
PO-10027,SKU-001,WH-EAST,SUP-002,2025-07-24,2025-08-14,2025-08-14,50,50,21,21,0,1,145.0,7250.0,Delivered
PO-10028,SKU-001,WH-EAST,SUP-002,2025-08-18,2025-09-08,2025-09-06,60,60,21,19,-2,1,145.0,8700.0,Delivered
PO-10029,SKU-001,WH-EAST,SUP-002,2025-09-04,2025-09-25,2025-09-25,20,20,21,21,0,1,145.0,2900.0,Delivered
PO-10030,SKU-001,WH-EAST,SUP-002,2025-09-24,2025-10-15,2025-10-27,60,60,21,33,12,0,145.0,8700.0,Delivered
PO-10031,SKU-001,WH-EAST,SUP-002,2025-10-20,2025-11-10,2025-11-10,20,20,21,21,0,1,145.0,2900.0,Delivered
PO-10032,SKU-001,WH-EAST,SUP-002,2025-11-16,2025-12-07,2025-12-06,20,20,21,20,-1,1,145.0,2900.0,Delivered
PO-10033,SKU-001,WH-CENTRAL,SUP-002,2024-01-12,2024-02-02,2024-02-02,40,40,21,21,0,1,145.0,5800.0,Delivered
PO-10034,SKU-001,WH-CENTRAL,SUP-002,2024-02-10,2024-03-02,2024-03-02,50,50,21,21,0,1,145.0,7250.0,Delivered
PO-10035,SKU-001,WH-CENTRAL,SUP-002,2024-02-27,2024-03-19,2024-03-26,50,50,21,28,7,0,145.0,7250.0,Delivered
PO-10036,SKU-001,WH-CENTRAL,SUP-002,2024-03-27,2024-04-17,2024-04-17,20,20,21,21,0,1,145.0,2900.0,Delivered
PO-10037,SKU-001,WH-CENTRAL,SUP-002,2024-04-18,2024-05-09,2024-05-09,50,50,21,21,0,1,145.0,7250.0,Delivered
PO-10038,SKU-001,WH-CENTRAL,SUP-002,2024-05-06,2024-05-27,2024-05-25,60,60,21,19,-2,1,145.0,8700.0,Delivered
PO-10039,SKU-001,WH-CENTRAL,SUP-002,2024-05-24,2024-06-14,2024-06-14,30,30,21,21,0,1,145.0,4350.0,Delivered
PO-10040,SKU-001,WH-CENTRAL,SUP-002,2024-06-17,2024-07-08,2024-07-04,30,30,21,17,-4,1,145.0,4350.0,Delivered
PO-10041,SKU-001,WH-CENTRAL,SUP-002,2024-07-14,2024-08-04,2024-08-04,60,60,21,21,0,1,145.0,8700.0,Delivered
PO-10042,SKU-001,WH-CENTRAL,SUP-002,2024-08-03,2024-08-24,2024-08-24,30,30,21,21,0,1,145.0,4350.0,Delivered
PO-10043,SKU-001,WH-CENTRAL,SUP-002,2024-08-29,2024-09-19,2024-09-19,20,20,21,21,0,1,145.0,2900.0,Delivered
PO-10044,SKU-001,WH-CENTRAL,SUP-002,2024-09-19,2024-10-10,2024-10-06,30,30,21,17,-4,1,145.0,4350.0,Delivered
PO-10045,SKU-001,WH-CENTRAL,SUP-002,2024-10-08,2024-10-29,2024-10-27,50,50,21,19,-2,1,145.0,7250.0,Delivered
PO-10046,SKU-001,WH-CENTRAL,SUP-002,2024-11-03,2024-11-24,2024-11-24,20,20,21,21,0,1,145.0,2900.0,Delivered
PO-10047,SKU-001,WH-CENTRAL,SUP-002,2024-11-19,2024-12-10,2024-12-10,40,40,21,21,0,1,145.0,5800.0,Delivered
PO-10048,SKU-001,WH-CENTRAL,SUP-002,2024-12-06,2024-12-27,2024-12-21,40,40,21,15,-6,1,145.0,5800.0,Delivered
PO-10049,SKU-001,WH-CENTRAL,SUP-002,2025-01-01,2025-01-22,2025-01-23,40,40,21,22,1,0,145.0,5800.0,Delivered
PO-10050,SKU-001,WH-CENTRAL,SUP-002,2025-01-29,2025-02-19,2025-02-19,60,60,21,21,0,1,145.0,8700.0,Delivered
PO-10051,SKU-001,WH-CENTRAL,SUP-002,2025-02-13,2025-03-06,2025-03-04,40,40,21,19,-2,1,145.0,5800.0,Delivered
PO-10052,SKU-001,WH-CENTRAL,SUP-002,2025-03-12,2025-04-02,2025-04-02,20,20,21,21,0,1,145.0,2900.0,Delivered
PO-10053,SKU-001,WH-CENTRAL,SUP-002,2025-04-04,2025-04-25,2025-04-24,20,20,21,20,-1,1,145.0,2900.0,Delivered
PO-10054,SKU-001,WH-CENTRAL,SUP-002,2025-04-29,2025-05-20,2025-05-15,40,40,21,16,-5,1,145.0,5800.0,Delivered
PO-10055,SKU-001,WH-CENTRAL,SUP-002,2025-05-24,2025-06-14,2025-06-12,30,30,21,19,-2,1,145.0,4350.0,Delivered
PO-10056,SKU-001,WH-CENTRAL,SUP-002,2025-06-07,2025-06-28,2025-06-30,50,50,21,23,2,0,145.0,7250.0,Delivered
PO-10057,SKU-001,WH-CENTRAL,SUP-002,2025-06-29,2025-07-20,2025-07-17,40,40,21,18,-3,1,145.0,5800.0,Delivered
PO-10058,SKU-001,WH-CENTRAL,SUP-002,2025-07-25,2025-08-15,2025-08-15,40,40,21,21,0,1,145.0,5800.0,Delivered
PO-10059,SKU-001,WH-CENTRAL,SUP-002,2025-08-11,2025-09-01,2025-09-01,20,20,21,21,0,1,145.0,2900.0,Delivered
PO-10060,SKU-001,WH-CENTRAL,SUP-002,2025-08-31,2025-09-21,2025-09-21,40,40,21,21,0,1,145.0,5800.0,Delivered
PO-10061,SKU-001,WH-CENTRAL,SUP-002,2025-09-19,2025-10-10,2025-10-10,20,20,21,21,0,1,145.0,2900.0,Delivered
PO-10062,SKU-001,WH-CENTRAL,SUP-002,2025-10-08,2025-10-29,2025-10-29,20,20,21,21,0,1,145.0,2900.0,Delivered
PO-10063,SKU-001,WH-CENTRAL,SUP-002,2025-11-06,2025-11-27,2025-11-27,50,50,21,21,0,1,145.0,7250.0,Delivered
PO-10064,SKU-001,WH-CENTRAL,SUP-002,2025-11-21,2025-12-12,2025-12-12,30,30,21,21,0,1,145.0,4350.0,Delivered
PO-10065,SKU-001,WH-WEST,SUP-002,2024-01-02,2024-01-23,2024-01-22,40,40,21,20,-1,1,145.0,5800.0,Delivered
PO-10066,SKU-001,WH-WEST,SUP-002,2024-01-31,2024-02-21,2024-02-17,30,30,21,17,-4,1,145.0,4350.0,Delivered
PO-10067,SKU-001,WH-WEST,SUP-002,2024-02-26,2024-03-18,2024-03-18,50,50,21,21,0,1,145.0,7250.0,Delivered
PO-10068,SKU-001,WH-WEST,SUP-002,2024-03-19,2024-04-09,2024-04-09,50,50,21,21,0,1,145.0,7250.0,Delivered
PO-10069,SKU-001,WH-WEST,SUP-002,2024-04-16,2024-05-07,2024-05-10,30,30,21,24,3,0,145.0,4350.0,Delivered
PO-10070,SKU-001,WH-WEST,SUP-002,2024-05-05,2024-05-26,2024-05-25,20,20,21,20,-1,1,145.0,2900.0,Delivered
PO-10071,SKU-001,WH-WEST,SUP-002,2024-05-25,2024-06-15,2024-06-15,30,30,21,21,0,1,145.0,4350.0,Delivered
PO-10072,SKU-001,WH-WEST,SUP-002,2024-06-21,2024-07-12,2024-07-11,60,60,21,20,-1,1,145.0,8700.0,Delivered
PO-10073,SKU-001,WH-WEST,SUP-002,2024-07-11,2024-08-01,2024-07-28,40,40,21,17,-4,1,145.0,5800.0,Delivered
PO-10074,SKU-001,WH-WEST,SUP-002,2024-07-26,2024-08-16,2024-08-13,30,30,21,18,-3,1,145.0,4350.0,Delivered
PO-10075,SKU-001,WH-WEST,SUP-002,2024-08-15,2024-09-05,2024-09-02,60,60,21,18,-3,1,145.0,8700.0,Delivered
PO-10076,SKU-001,WH-WEST,SUP-002,2024-09-10,2024-10-01,2024-10-01,30,30,21,21,0,1,145.0,4350.0,Delivered
PO-10077,SKU-001,WH-WEST,SUP-002,2024-09-29,2024-10-20,2024-10-22,50,50,21,23,2,0,145.0,7250.0,Delivered
PO-10078,SKU-001,WH-WEST,SUP-002,2024-10-15,2024-11-05,2024-10-31,60,60,21,16,-5,1,145.0,8700.0,Delivered
PO-10079,SKU-001,WH-WEST,SUP-002,2024-11-08,2024-11-29,2024-11-25,20,20,21,17,-4,1,145.0,2900.0,Delivered
PO-10080,SKU-001,WH-WEST,SUP-002,2024-11-22,2024-12-13,2024-12-15,50,50,21,23,2,0,145.0,7250.0,Delivered
PO-10081,SKU-001,WH-WEST,SUP-002,2024-12-11,2025-01-01,2025-01-01,50,50,21,21,0,1,145.0,7250.0,Delivered
PO-10082,SKU-001,WH-WEST,SUP-002,2025-01-03,2025-01-24,2025-01-21,30,30,21,18,-3,1,145.0,4350.0,Delivered
PO-10083,SKU-001,WH-WEST,SUP-002,2025-01-23,2025-02-13,2025-02-13,60,60,21,21,0,1,145.0,8700.0,Delivered
PO-10084,SKU-001,WH-WEST,SUP-002,2025-02-18,2025-03-11,2025-03-11,20,20,21,21,0,1,145.0,2900.0,Delivered
PO-10085,SKU-001,WH-WEST,SUP-002,2025-03-07,2025-03-28,2025-03-25,60,60,21,18,-3,1,145.0,8700.0,Delivered
PO-10086,SKU-001,WH-WEST,SUP-002,2025-03-24,2025-04-14,2025-04-11,20,20,21,18,-3,1,145.0,2900.0,Delivered
PO-10087,SKU-001,WH-WEST,SUP-002,2025-04-07,2025-04-28,2025-04-26,40,40,21,19,-2,1,145.0,5800.0,Delivered
PO-10088,SKU-001,WH-WEST,SUP-002,2025-05-05,2025-05-26,2025-05-26,40,40,21,21,0,1,145.0,5800.0,Delivered
PO-10089,SKU-001,WH-WEST,SUP-002,2025-05-20,2025-06-10,2025-06-10,50,50,21,21,0,1,145.0,7250.0,Delivered
PO-10090,SKU-001,WH-WEST,SUP-002,2025-06-17,2025-07-08,2025-07-06,60,60,21,19,-2,1,145.0,8700.0,Delivered
PO-10091,SKU-001,WH-WEST,SUP-002,2025-07-14,2025-08-04,2025-08-03,30,30,21,20,-1,1,145.0,4350.0,Delivered
PO-10092,SKU-001,WH-WEST,SUP-002,2025-07-28,2025-08-18,2025-08-15,30,30,21,18,-3,1,145.0,4350.0,Delivered
PO-10093,SKU-001,WH-WEST,SUP-002,2025-08-16,2025-09-06,2025-09-06,30,30,21,21,0,1,145.0,4350.0,Delivered
PO-10094,SKU-001,WH-WEST,SUP-002,2025-08-31,2025-09-21,2025-09-21,40,40,21,21,0,1,145.0,5800.0,Delivered
PO-10095,SKU-001,WH-WEST,SUP-002,2025-09-21,2025-10-12,2025-10-18,50,50,21,27,6,0,145.0,7250.0,Delivered
PO-10096,SKU-001,WH-WEST,SUP-002,2025-10-17,2025-11-07,2025-11-07,60,60,21,21,0,1,145.0,8700.0,Delivered
PO-10097,SKU-001,WH-WEST,SUP-002,2025-11-01,2025-11-22,2025-11-21,40,40,21,20,-1,1,145.0,5800.0,Delivered
PO-10098,SKU-001,WH-WEST,SUP-002,2025-11-22,2025-12-13,2025-12-13,30,30,21,21,0,1,145.0,4350.0,Delivered
PO-10099,SKU-002,WH-EAST,SUP-002,2024-01-11,2024-02-01,2024-01-31,20,20,21,20,-1,1,310.0,6200.0,Delivered
PO-10100,SKU-002,WH-EAST,SUP-002,2024-01-25,2024-02-15,2024-02-13,10,10,21,19,-2,1,310.0,3100.0,Delivered
PO-10101,SKU-002,WH-EAST,SUP-002,2024-02-11,2024-03-03,2024-03-03,10,10,21,21,0,1,310.0,3100.0,Delivered
PO-10102,SKU-002,WH-EAST,SUP-002,2024-03-10,2024-03-31,2024-03-31,15,15,21,21,0,1,310.0,4650.0,Delivered
PO-10103,SKU-002,WH-EAST,SUP-002,2024-04-07,2024-04-28,2024-04-25,20,20,21,18,-3,1,310.0,6200.0,Delivered
PO-10104,SKU-002,WH-EAST,SUP-002,2024-05-04,2024-05-25,2024-05-25,30,30,21,21,0,1,310.0,9300.0,Delivered
PO-10105,SKU-002,WH-EAST,SUP-002,2024-05-24,2024-06-14,2024-06-14,10,10,21,21,0,1,310.0,3100.0,Delivered
PO-10106,SKU-002,WH-EAST,SUP-002,2024-06-13,2024-07-04,2024-07-04,20,20,21,21,0,1,310.0,6200.0,Delivered
PO-10107,SKU-002,WH-EAST,SUP-002,2024-07-11,2024-08-01,2024-07-30,25,25,21,19,-2,1,310.0,7750.0,Delivered
PO-10108,SKU-002,WH-EAST,SUP-002,2024-07-28,2024-08-18,2024-08-17,10,10,21,20,-1,1,310.0,3100.0,Delivered
PO-10109,SKU-002,WH-EAST,SUP-002,2024-08-20,2024-09-10,2024-09-10,15,15,21,21,0,1,310.0,4650.0,Delivered
PO-10110,SKU-002,WH-EAST,SUP-002,2024-09-10,2024-10-01,2024-09-26,25,25,21,16,-5,1,310.0,7750.0,Delivered
PO-10111,SKU-002,WH-EAST,SUP-002,2024-10-02,2024-10-23,2024-10-23,10,10,21,21,0,1,310.0,3100.0,Delivered
PO-10112,SKU-002,WH-EAST,SUP-002,2024-10-30,2024-11-20,2024-11-18,25,25,21,19,-2,1,310.0,7750.0,Delivered
PO-10113,SKU-002,WH-EAST,SUP-002,2024-11-16,2024-12-07,2024-12-06,20,20,21,20,-1,1,310.0,6200.0,Delivered
PO-10114,SKU-002,WH-EAST,SUP-002,2024-12-13,2025-01-03,2024-12-30,30,30,21,17,-4,1,310.0,9300.0,Delivered
PO-10115,SKU-002,WH-EAST,SUP-002,2025-01-06,2025-01-27,2025-01-23,15,15,21,17,-4,1,310.0,4650.0,Delivered
PO-10116,SKU-002,WH-EAST,SUP-002,2025-01-30,2025-02-20,2025-02-20,10,10,21,21,0,1,310.0,3100.0,Delivered
PO-10117,SKU-002,WH-EAST,SUP-002,2025-02-23,2025-03-16,2025-03-10,25,25,21,15,-6,1,310.0,7750.0,Delivered
PO-10118,SKU-002,WH-EAST,SUP-002,2025-03-15,2025-04-05,2025-04-04,15,15,21,20,-1,1,310.0,4650.0,Delivered
PO-10119,SKU-002,WH-EAST,SUP-002,2025-04-07,2025-04-28,2025-04-25,15,15,21,18,-3,1,310.0,4650.0,Delivered
PO-10120,SKU-002,WH-EAST,SUP-002,2025-05-06,2025-05-27,2025-05-27,15,15,21,21,0,1,310.0,4650.0,Delivered
PO-10121,SKU-002,WH-EAST,SUP-002,2025-05-21,2025-06-11,2025-06-09,20,20,21,19,-2,1,310.0,6200.0,Delivered
PO-10122,SKU-002,WH-EAST,SUP-002,2025-06-11,2025-07-02,2025-07-04,20,20,21,23,2,0,310.0,6200.0,Delivered
PO-10123,SKU-002,WH-EAST,SUP-002,2025-07-06,2025-07-27,2025-07-25,15,15,21,19,-2,1,310.0,4650.0,Delivered
PO-10124,SKU-002,WH-EAST,SUP-002,2025-07-27,2025-08-17,2025-08-13,10,10,21,17,-4,1,310.0,3100.0,Delivered
PO-10125,SKU-002,WH-EAST,SUP-002,2025-08-20,2025-09-10,2025-09-11,10,10,21,22,1,0,310.0,3100.0,Delivered
PO-10126,SKU-002,WH-EAST,SUP-002,2025-09-16,2025-10-07,2025-10-07,20,20,21,21,0,1,310.0,6200.0,Delivered
PO-10127,SKU-002,WH-EAST,SUP-002,2025-09-30,2025-10-21,2025-10-21,10,10,21,21,0,1,310.0,3100.0,Delivered
PO-10128,SKU-002,WH-EAST,SUP-002,2025-10-29,2025-11-19,2025-11-19,25,25,21,21,0,1,310.0,7750.0,Delivered
PO-10129,SKU-002,WH-EAST,SUP-002,2025-11-26,2025-12-17,2025-12-17,10,10,21,21,0,1,310.0,3100.0,Delivered
PO-10130,SKU-002,WH-CENTRAL,SUP-002,2024-01-04,2024-01-25,2024-01-23,15,15,21,19,-2,1,310.0,4650.0,Delivered
PO-10131,SKU-002,WH-CENTRAL,SUP-002,2024-02-02,2024-02-23,2024-02-23,20,20,21,21,0,1,310.0,6200.0,Delivered
PO-10132,SKU-002,WH-CENTRAL,SUP-002,2024-02-22,2024-03-14,2024-03-14,15,15,21,21,0,1,310.0,4650.0,Delivered
PO-10133,SKU-002,WH-CENTRAL,SUP-002,2024-03-07,2024-03-28,2024-03-30,10,10,21,23,2,0,310.0,3100.0,Delivered
PO-10134,SKU-002,WH-CENTRAL,SUP-002,2024-03-27,2024-04-17,2024-04-14,25,25,21,18,-3,1,310.0,7750.0,Delivered
PO-10135,SKU-002,WH-CENTRAL,SUP-002,2024-04-15,2024-05-06,2024-05-06,20,20,21,21,0,1,310.0,6200.0,Delivered
PO-10136,SKU-002,WH-CENTRAL,SUP-002,2024-05-01,2024-05-22,2024-05-21,10,10,21,20,-1,1,310.0,3100.0,Delivered
PO-10137,SKU-002,WH-CENTRAL,SUP-002,2024-05-24,2024-06-14,2024-06-12,25,25,21,19,-2,1,310.0,7750.0,Delivered
PO-10138,SKU-002,WH-CENTRAL,SUP-002,2024-06-07,2024-06-28,2024-06-28,25,25,21,21,0,1,310.0,7750.0,Delivered
PO-10139,SKU-002,WH-CENTRAL,SUP-002,2024-07-01,2024-07-22,2024-07-20,30,30,21,19,-2,1,310.0,9300.0,Delivered
PO-10140,SKU-002,WH-CENTRAL,SUP-002,2024-07-18,2024-08-08,2024-08-05,30,30,21,18,-3,1,310.0,9300.0,Delivered
PO-10141,SKU-002,WH-CENTRAL,SUP-002,2024-08-03,2024-08-24,2024-08-20,15,15,21,17,-4,1,310.0,4650.0,Delivered
PO-10142,SKU-002,WH-CENTRAL,SUP-002,2024-08-22,2024-09-12,2024-09-12,20,20,21,21,0,1,310.0,6200.0,Delivered
PO-10143,SKU-002,WH-CENTRAL,SUP-002,2024-09-20,2024-10-11,2024-10-10,10,10,21,20,-1,1,310.0,3100.0,Delivered
PO-10144,SKU-002,WH-CENTRAL,SUP-002,2024-10-14,2024-11-04,2024-11-04,20,20,21,21,0,1,310.0,6200.0,Delivered
PO-10145,SKU-002,WH-CENTRAL,SUP-002,2024-11-12,2024-12-03,2024-11-29,20,20,21,17,-4,1,310.0,6200.0,Delivered
PO-10146,SKU-002,WH-CENTRAL,SUP-002,2024-11-30,2024-12-21,2024-12-21,10,10,21,21,0,1,310.0,3100.0,Delivered
PO-10147,SKU-002,WH-CENTRAL,SUP-002,2024-12-17,2025-01-07,2025-01-02,30,30,21,16,-5,1,310.0,9300.0,Delivered
PO-10148,SKU-002,WH-CENTRAL,SUP-002,2025-01-11,2025-02-01,2025-02-01,25,25,21,21,0,1,310.0,7750.0,Delivered
PO-10149,SKU-002,WH-CENTRAL,SUP-002,2025-01-31,2025-02-21,2025-02-21,25,25,21,21,0,1,310.0,7750.0,Delivered
PO-10150,SKU-002,WH-CENTRAL,SUP-002,2025-02-28,2025-03-21,2025-03-21,20,20,21,21,0,1,310.0,6200.0,Delivered
PO-10151,SKU-002,WH-CENTRAL,SUP-002,2025-03-16,2025-04-06,2025-04-06,10,10,21,21,0,1,310.0,3100.0,Delivered
PO-10152,SKU-002,WH-CENTRAL,SUP-002,2025-04-03,2025-04-24,2025-04-24,25,25,21,21,0,1,310.0,7750.0,Delivered
PO-10153,SKU-002,WH-CENTRAL,SUP-002,2025-04-23,2025-05-14,2025-05-14,20,20,21,21,0,1,310.0,6200.0,Delivered
PO-10154,SKU-002,WH-CENTRAL,SUP-002,2025-05-07,2025-05-28,2025-05-28,20,20,21,21,0,1,310.0,6200.0,Delivered
PO-10155,SKU-002,WH-CENTRAL,SUP-002,2025-05-22,2025-06-12,2025-06-12,10,10,21,21,0,1,310.0,3100.0,Delivered
PO-10156,SKU-002,WH-CENTRAL,SUP-002,2025-06-08,2025-06-29,2025-06-29,30,30,21,21,0,1,310.0,9300.0,Delivered
PO-10157,SKU-002,WH-CENTRAL,SUP-002,2025-06-26,2025-07-17,2025-07-17,25,25,21,21,0,1,310.0,7750.0,Delivered
PO-10158,SKU-002,WH-CENTRAL,SUP-002,2025-07-15,2025-08-05,2025-08-05,15,15,21,21,0,1,310.0,4650.0,Delivered
PO-10159,SKU-002,WH-CENTRAL,SUP-002,2025-08-07,2025-08-28,2025-08-24,25,25,21,17,-4,1,310.0,7750.0,Delivered
PO-10160,SKU-002,WH-CENTRAL,SUP-002,2025-09-03,2025-09-24,2025-09-18,20,20,21,15,-6,1,310.0,6200.0,Delivered
PO-10161,SKU-002,WH-CENTRAL,SUP-002,2025-09-19,2025-10-10,2025-10-10,10,10,21,21,0,1,310.0,3100.0,Delivered
PO-10162,SKU-002,WH-CENTRAL,SUP-002,2025-10-10,2025-10-31,2025-10-31,30,30,21,21,0,1,310.0,9300.0,Delivered
PO-10163,SKU-002,WH-CENTRAL,SUP-002,2025-11-06,2025-11-27,2025-11-26,30,30,21,20,-1,1,310.0,9300.0,Delivered
PO-10164,SKU-002,WH-CENTRAL,SUP-002,2025-11-20,2025-12-11,2025-12-11,10,10,21,21,0,1,310.0,3100.0,Delivered
PO-10165,SKU-002,WH-WEST,SUP-002,2024-01-13,2024-02-03,2024-02-06,20,20,21,24,3,0,310.0,6200.0,Delivered
PO-10166,SKU-002,WH-WEST,SUP-002,2024-02-05,2024-02-26,2024-02-26,15,15,21,21,0,1,310.0,4650.0,Delivered
PO-10167,SKU-002,WH-WEST,SUP-002,2024-02-22,2024-03-14,2024-03-13,30,30,21,20,-1,1,310.0,9300.0,Delivered
PO-10168,SKU-002,WH-WEST,SUP-002,2024-03-10,2024-03-31,2024-03-31,15,15,21,21,0,1,310.0,4650.0,Delivered
PO-10169,SKU-002,WH-WEST,SUP-002,2024-03-29,2024-04-19,2024-04-19,25,25,21,21,0,1,310.0,7750.0,Delivered
PO-10170,SKU-002,WH-WEST,SUP-002,2024-04-27,2024-05-18,2024-05-18,15,15,21,21,0,1,310.0,4650.0,Delivered
PO-10171,SKU-002,WH-WEST,SUP-002,2024-05-11,2024-06-01,2024-06-01,25,25,21,21,0,1,310.0,7750.0,Delivered
PO-10172,SKU-002,WH-WEST,SUP-002,2024-05-27,2024-06-17,2024-06-24,30,30,21,28,7,0,310.0,9300.0,Delivered
PO-10173,SKU-002,WH-WEST,SUP-002,2024-06-15,2024-07-06,2024-07-04,10,10,21,19,-2,1,310.0,3100.0,Delivered
PO-10174,SKU-002,WH-WEST,SUP-002,2024-07-14,2024-08-04,2024-08-04,25,25,21,21,0,1,310.0,7750.0,Delivered
PO-10175,SKU-002,WH-WEST,SUP-002,2024-08-01,2024-08-22,2024-08-22,10,10,21,21,0,1,310.0,3100.0,Delivered
PO-10176,SKU-002,WH-WEST,SUP-002,2024-08-30,2024-09-20,2024-09-20,30,30,21,21,0,1,310.0,9300.0,Delivered
PO-10177,SKU-002,WH-WEST,SUP-002,2024-09-27,2024-10-18,2024-11-01,10,10,21,35,14,0,310.0,3100.0,Delivered
PO-10178,SKU-002,WH-WEST,SUP-002,2024-10-11,2024-11-01,2024-10-30,15,15,21,19,-2,1,310.0,4650.0,Delivered
PO-10179,SKU-002,WH-WEST,SUP-002,2024-11-09,2024-11-30,2024-11-30,15,15,21,21,0,1,310.0,4650.0,Delivered
PO-10180,SKU-002,WH-WEST,SUP-002,2024-12-07,2024-12-28,2024-12-28,15,15,21,21,0,1,310.0,4650.0,Delivered
PO-10181,SKU-002,WH-WEST,SUP-002,2025-01-03,2025-01-24,2025-01-24,25,25,21,21,0,1,310.0,7750.0,Delivered
PO-10182,SKU-002,WH-WEST,SUP-002,2025-01-29,2025-02-19,2025-02-19,25,25,21,21,0,1,310.0,7750.0,Delivered
PO-10183,SKU-002,WH-WEST,SUP-002,2025-02-14,2025-03-07,2025-03-07,25,25,21,21,0,1,310.0,7750.0,Delivered
PO-10184,SKU-002,WH-WEST,SUP-002,2025-03-11,2025-04-01,2025-04-01,25,25,21,21,0,1,310.0,7750.0,Delivered
PO-10185,SKU-002,WH-WEST,SUP-002,2025-03-31,2025-04-21,2025-04-21,20,20,21,21,0,1,310.0,6200.0,Delivered
PO-10186,SKU-002,WH-WEST,SUP-002,2025-04-16,2025-05-07,2025-05-02,25,25,21,16,-5,1,310.0,7750.0,Delivered
PO-10187,SKU-002,WH-WEST,SUP-002,2025-05-06,2025-05-27,2025-05-27,15,15,21,21,0,1,310.0,4650.0,Delivered
PO-10188,SKU-002,WH-WEST,SUP-002,2025-05-30,2025-06-20,2025-06-18,25,25,21,19,-2,1,310.0,7750.0,Delivered
PO-10189,SKU-002,WH-WEST,SUP-002,2025-06-23,2025-07-14,2025-07-07,10,10,21,14,-7,1,310.0,3100.0,Delivered
PO-10190,SKU-002,WH-WEST,SUP-002,2025-07-12,2025-08-02,2025-08-02,10,10,21,21,0,1,310.0,3100.0,Delivered
PO-10191,SKU-002,WH-WEST,SUP-002,2025-08-03,2025-08-24,2025-08-17,20,20,21,14,-7,1,310.0,6200.0,Delivered
PO-10192,SKU-002,WH-WEST,SUP-002,2025-08-22,2025-09-12,2025-09-12,20,20,21,21,0,1,310.0,6200.0,Delivered
PO-10193,SKU-002,WH-WEST,SUP-002,2025-09-11,2025-10-02,2025-10-02,20,20,21,21,0,1,310.0,6200.0,Delivered
PO-10194,SKU-002,WH-WEST,SUP-002,2025-09-27,2025-10-18,2025-10-14,20,20,21,17,-4,1,310.0,6200.0,Delivered
PO-10195,SKU-002,WH-WEST,SUP-002,2025-10-23,2025-11-13,2025-11-13,25,25,21,21,0,1,310.0,7750.0,Delivered
PO-10196,SKU-002,WH-WEST,SUP-002,2025-11-13,2025-12-04,2025-12-04,25,25,21,21,0,1,310.0,7750.0,Delivered
PO-10197,SKU-002,WH-WEST,SUP-002,2025-11-30,2025-12-21,2025-12-21,15,15,21,21,0,1,310.0,4650.0,Delivered
PO-10198,SKU-003,WH-EAST,SUP-008,2024-01-06,2024-01-31,2024-02-05,32,32,25,30,5,0,185.0,5920.0,Delivered
PO-10199,SKU-003,WH-EAST,SUP-008,2024-02-02,2024-02-27,2024-02-27,48,48,25,25,0,1,185.0,8880.0,Delivered
PO-10200,SKU-003,WH-EAST,SUP-008,2024-02-25,2024-03-21,2024-03-16,32,32,25,20,-5,1,185.0,5920.0,Delivered
PO-10201,SKU-003,WH-EAST,SUP-008,2024-03-22,2024-04-16,2024-04-13,40,40,25,22,-3,1,185.0,7400.0,Delivered
PO-10202,SKU-003,WH-EAST,SUP-008,2024-04-13,2024-05-08,2024-05-06,48,48,25,23,-2,1,185.0,8880.0,Delivered
PO-10203,SKU-003,WH-EAST,SUP-008,2024-04-28,2024-05-23,2024-05-23,32,32,25,25,0,1,185.0,5920.0,Delivered
PO-10204,SKU-003,WH-EAST,SUP-008,2024-05-25,2024-06-19,2024-06-19,16,16,25,25,0,1,185.0,2960.0,Delivered
PO-10205,SKU-003,WH-EAST,SUP-008,2024-06-15,2024-07-10,2024-07-10,16,16,25,25,0,1,185.0,2960.0,Delivered
PO-10206,SKU-003,WH-EAST,SUP-008,2024-07-08,2024-08-02,2024-08-01,40,40,25,24,-1,1,185.0,7400.0,Delivered
PO-10207,SKU-003,WH-EAST,SUP-008,2024-08-05,2024-08-30,2024-08-25,16,16,25,20,-5,1,185.0,2960.0,Delivered
PO-10208,SKU-003,WH-EAST,SUP-008,2024-08-20,2024-09-14,2024-09-14,16,16,25,25,0,1,185.0,2960.0,Delivered
PO-10209,SKU-003,WH-EAST,SUP-008,2024-09-09,2024-10-04,2024-10-11,32,32,25,32,7,0,185.0,5920.0,Delivered
PO-10210,SKU-003,WH-EAST,SUP-008,2024-10-04,2024-10-29,2024-10-26,48,48,25,22,-3,1,185.0,8880.0,Delivered
PO-10211,SKU-003,WH-EAST,SUP-008,2024-10-20,2024-11-14,2024-11-13,24,24,25,24,-1,1,185.0,4440.0,Delivered
PO-10212,SKU-003,WH-EAST,SUP-008,2024-11-05,2024-11-30,2024-11-30,32,32,25,25,0,1,185.0,5920.0,Delivered
PO-10213,SKU-003,WH-EAST,SUP-008,2024-11-25,2024-12-20,2024-12-20,48,48,25,25,0,1,185.0,8880.0,Delivered
PO-10214,SKU-003,WH-EAST,SUP-008,2024-12-15,2025-01-09,2025-01-09,48,48,25,25,0,1,185.0,8880.0,Delivered
PO-10215,SKU-003,WH-EAST,SUP-008,2025-01-07,2025-02-01,2025-02-01,16,16,25,25,0,1,185.0,2960.0,Delivered
PO-10216,SKU-003,WH-EAST,SUP-008,2025-01-22,2025-02-16,2025-02-16,48,48,25,25,0,1,185.0,8880.0,Delivered
PO-10217,SKU-003,WH-EAST,SUP-008,2025-02-05,2025-03-02,2025-03-02,16,16,25,25,0,1,185.0,2960.0,Delivered
PO-10218,SKU-003,WH-EAST,SUP-008,2025-02-22,2025-03-19,2025-03-25,24,24,25,31,6,0,185.0,4440.0,Delivered
PO-10219,SKU-003,WH-EAST,SUP-008,2025-03-20,2025-04-14,2025-04-10,16,16,25,21,-4,1,185.0,2960.0,Delivered
PO-10220,SKU-003,WH-EAST,SUP-008,2025-04-10,2025-05-05,2025-04-29,40,40,25,19,-6,1,185.0,7400.0,Delivered
PO-10221,SKU-003,WH-EAST,SUP-008,2025-04-29,2025-05-24,2025-06-09,24,24,25,41,16,0,185.0,4440.0,Delivered
PO-10222,SKU-003,WH-EAST,SUP-008,2025-05-17,2025-06-11,2025-06-07,16,16,25,21,-4,1,185.0,2960.0,Delivered
PO-10223,SKU-003,WH-EAST,SUP-008,2025-06-14,2025-07-09,2025-07-07,48,48,25,23,-2,1,185.0,8880.0,Delivered
PO-10224,SKU-003,WH-EAST,SUP-008,2025-07-13,2025-08-07,2025-08-07,48,48,25,25,0,1,185.0,8880.0,Delivered
PO-10225,SKU-003,WH-EAST,SUP-008,2025-08-04,2025-08-29,2025-08-25,16,16,25,21,-4,1,185.0,2960.0,Delivered
PO-10226,SKU-003,WH-EAST,SUP-008,2025-09-01,2025-09-26,2025-09-26,48,48,25,25,0,1,185.0,8880.0,Delivered
PO-10227,SKU-003,WH-EAST,SUP-008,2025-09-18,2025-10-13,2025-10-17,48,48,25,29,4,0,185.0,8880.0,Delivered
PO-10228,SKU-003,WH-EAST,SUP-008,2025-10-02,2025-10-27,2025-10-26,24,24,25,24,-1,1,185.0,4440.0,Delivered
PO-10229,SKU-003,WH-EAST,SUP-008,2025-10-18,2025-11-12,2025-11-10,16,16,25,23,-2,1,185.0,2960.0,Delivered
PO-10230,SKU-003,WH-EAST,SUP-008,2025-11-04,2025-11-29,2025-11-29,32,32,25,25,0,1,185.0,5920.0,Delivered
PO-10231,SKU-003,WH-EAST,SUP-008,2025-11-18,2025-12-13,2025-12-13,16,16,25,25,0,1,185.0,2960.0,Delivered
PO-10232,SKU-003,WH-CENTRAL,SUP-008,2024-01-05,2024-01-30,2024-01-30,32,32,25,25,0,1,185.0,5920.0,Delivered
PO-10233,SKU-003,WH-CENTRAL,SUP-008,2024-01-28,2024-02-22,2024-02-19,16,16,25,22,-3,1,185.0,2960.0,Delivered
PO-10234,SKU-003,WH-CENTRAL,SUP-008,2024-02-18,2024-03-14,2024-03-14,48,48,25,25,0,1,185.0,8880.0,Delivered
PO-10235,SKU-003,WH-CENTRAL,SUP-008,2024-03-03,2024-03-28,2024-03-28,48,48,25,25,0,1,185.0,8880.0,Delivered
PO-10236,SKU-003,WH-CENTRAL,SUP-008,2024-03-29,2024-04-23,2024-04-23,40,40,25,25,0,1,185.0,7400.0,Delivered
PO-10237,SKU-003,WH-CENTRAL,SUP-008,2024-04-24,2024-05-19,2024-05-19,40,40,25,25,0,1,185.0,7400.0,Delivered
PO-10238,SKU-003,WH-CENTRAL,SUP-008,2024-05-09,2024-06-03,2024-06-02,40,40,25,24,-1,1,185.0,7400.0,Delivered
PO-10239,SKU-003,WH-CENTRAL,SUP-008,2024-06-02,2024-06-27,2024-06-26,24,24,25,24,-1,1,185.0,4440.0,Delivered
PO-10240,SKU-003,WH-CENTRAL,SUP-008,2024-06-23,2024-07-18,2024-07-18,40,40,25,25,0,1,185.0,7400.0,Delivered
PO-10241,SKU-003,WH-CENTRAL,SUP-008,2024-07-08,2024-08-02,2024-07-28,40,40,25,20,-5,1,185.0,7400.0,Delivered
PO-10242,SKU-003,WH-CENTRAL,SUP-008,2024-07-29,2024-08-23,2024-08-22,48,48,25,24,-1,1,185.0,8880.0,Delivered
PO-10243,SKU-003,WH-CENTRAL,SUP-008,2024-08-22,2024-09-16,2024-09-16,48,48,25,25,0,1,185.0,8880.0,Delivered
PO-10244,SKU-003,WH-CENTRAL,SUP-008,2024-09-13,2024-10-08,2024-10-08,40,40,25,25,0,1,185.0,7400.0,Delivered
PO-10245,SKU-003,WH-CENTRAL,SUP-008,2024-09-30,2024-10-25,2024-10-25,24,24,25,25,0,1,185.0,4440.0,Delivered
PO-10246,SKU-003,WH-CENTRAL,SUP-008,2024-10-29,2024-11-23,2024-11-23,16,16,25,25,0,1,185.0,2960.0,Delivered
PO-10247,SKU-003,WH-CENTRAL,SUP-008,2024-11-19,2024-12-14,2024-12-14,40,40,25,25,0,1,185.0,7400.0,Delivered
PO-10248,SKU-003,WH-CENTRAL,SUP-008,2024-12-07,2025-01-01,2024-12-28,40,40,25,21,-4,1,185.0,7400.0,Delivered
PO-10249,SKU-003,WH-CENTRAL,SUP-008,2024-12-31,2025-01-25,2025-01-25,40,40,25,25,0,1,185.0,7400.0,Delivered
PO-10250,SKU-003,WH-CENTRAL,SUP-008,2025-01-23,2025-02-17,2025-02-14,16,16,25,22,-3,1,185.0,2960.0,Delivered
PO-10251,SKU-003,WH-CENTRAL,SUP-008,2025-02-06,2025-03-03,2025-03-02,16,16,25,24,-1,1,185.0,2960.0,Delivered
PO-10252,SKU-003,WH-CENTRAL,SUP-008,2025-03-05,2025-03-30,2025-04-14,24,24,25,40,15,0,185.0,4440.0,Delivered
PO-10253,SKU-003,WH-CENTRAL,SUP-008,2025-03-29,2025-04-23,2025-04-22,40,40,25,24,-1,1,185.0,7400.0,Delivered
PO-10254,SKU-003,WH-CENTRAL,SUP-008,2025-04-14,2025-05-09,2025-05-17,40,40,25,33,8,0,185.0,7400.0,Delivered
PO-10255,SKU-003,WH-CENTRAL,SUP-008,2025-05-05,2025-05-30,2025-05-30,16,16,25,25,0,1,185.0,2960.0,Delivered
PO-10256,SKU-003,WH-CENTRAL,SUP-008,2025-05-19,2025-06-13,2025-06-13,16,16,25,25,0,1,185.0,2960.0,Delivered
PO-10257,SKU-003,WH-CENTRAL,SUP-008,2025-06-16,2025-07-11,2025-07-11,40,40,25,25,0,1,185.0,7400.0,Delivered
PO-10258,SKU-003,WH-CENTRAL,SUP-008,2025-07-14,2025-08-08,2025-08-09,48,48,25,26,1,0,185.0,8880.0,Delivered
PO-10259,SKU-003,WH-CENTRAL,SUP-008,2025-08-02,2025-08-27,2025-09-04,48,48,25,33,8,0,185.0,8880.0,Delivered
PO-10260,SKU-003,WH-CENTRAL,SUP-008,2025-08-31,2025-09-25,2025-09-23,24,24,25,23,-2,1,185.0,4440.0,Delivered
PO-10261,SKU-003,WH-CENTRAL,SUP-008,2025-09-23,2025-10-18,2025-10-18,48,48,25,25,0,1,185.0,8880.0,Delivered
PO-10262,SKU-003,WH-CENTRAL,SUP-008,2025-10-08,2025-11-02,2025-11-13,16,16,25,36,11,0,185.0,2960.0,Delivered
PO-10263,SKU-003,WH-CENTRAL,SUP-008,2025-10-31,2025-11-25,2025-11-30,32,32,25,30,5,0,185.0,5920.0,Delivered
PO-10264,SKU-003,WH-CENTRAL,SUP-008,2025-11-24,2025-12-19,2025-12-19,48,48,25,25,0,1,185.0,8880.0,Delivered
PO-10265,SKU-003,WH-WEST,SUP-008,2024-01-04,2024-01-29,2024-01-29,16,16,25,25,0,1,185.0,2960.0,Delivered
PO-10266,SKU-003,WH-WEST,SUP-008,2024-01-31,2024-02-25,2024-02-29,16,16,25,29,4,0,185.0,2960.0,Delivered
PO-10267,SKU-003,WH-WEST,SUP-008,2024-02-28,2024-03-24,2024-03-24,48,48,25,25,0,1,185.0,8880.0,Delivered
PO-10268,SKU-003,WH-WEST,SUP-008,2024-03-22,2024-04-16,2024-04-19,48,48,25,28,3,0,185.0,8880.0,Delivered
PO-10269,SKU-003,WH-WEST,SUP-008,2024-04-05,2024-04-30,2024-04-30,16,16,25,25,0,1,185.0,2960.0,Delivered
PO-10270,SKU-003,WH-WEST,SUP-008,2024-04-19,2024-05-14,2024-05-14,16,16,25,25,0,1,185.0,2960.0,Delivered
PO-10271,SKU-003,WH-WEST,SUP-008,2024-05-11,2024-06-05,2024-06-06,16,16,25,26,1,0,185.0,2960.0,Delivered
PO-10272,SKU-003,WH-WEST,SUP-008,2024-05-27,2024-06-21,2024-06-21,24,24,25,25,0,1,185.0,4440.0,Delivered
PO-10273,SKU-003,WH-WEST,SUP-008,2024-06-20,2024-07-15,2024-07-15,24,24,25,25,0,1,185.0,4440.0,Delivered
PO-10274,SKU-003,WH-WEST,SUP-008,2024-07-08,2024-08-02,2024-08-02,24,24,25,25,0,1,185.0,4440.0,Delivered
PO-10275,SKU-003,WH-WEST,SUP-008,2024-07-31,2024-08-25,2024-08-25,24,24,25,25,0,1,185.0,4440.0,Delivered
PO-10276,SKU-003,WH-WEST,SUP-008,2024-08-28,2024-09-22,2024-09-21,24,24,25,24,-1,1,185.0,4440.0,Delivered
PO-10277,SKU-003,WH-WEST,SUP-008,2024-09-16,2024-10-11,2024-10-11,40,40,25,25,0,1,185.0,7400.0,Delivered
PO-10278,SKU-003,WH-WEST,SUP-008,2024-10-01,2024-10-26,2024-10-21,32,32,25,20,-5,1,185.0,5920.0,Delivered
PO-10279,SKU-003,WH-WEST,SUP-008,2024-10-15,2024-11-09,2024-11-07,40,40,25,23,-2,1,185.0,7400.0,Delivered
PO-10280,SKU-003,WH-WEST,SUP-008,2024-11-03,2024-11-28,2024-11-28,40,40,25,25,0,1,185.0,7400.0,Delivered
PO-10281,SKU-003,WH-WEST,SUP-008,2024-11-29,2024-12-24,2025-01-19,16,16,25,51,26,0,185.0,2960.0,Delivered
PO-10282,SKU-003,WH-WEST,SUP-008,2024-12-17,2025-01-11,2025-01-09,16,16,25,23,-2,1,185.0,2960.0,Delivered
PO-10283,SKU-003,WH-WEST,SUP-008,2025-01-06,2025-01-31,2025-01-31,16,16,25,25,0,1,185.0,2960.0,Delivered
PO-10284,SKU-003,WH-WEST,SUP-008,2025-01-31,2025-02-25,2025-02-20,48,48,25,20,-5,1,185.0,8880.0,Delivered
PO-10285,SKU-003,WH-WEST,SUP-008,2025-02-20,2025-03-17,2025-03-17,40,40,25,25,0,1,185.0,7400.0,Delivered
PO-10286,SKU-003,WH-WEST,SUP-008,2025-03-17,2025-04-11,2025-04-13,24,24,25,27,2,0,185.0,4440.0,Delivered
PO-10287,SKU-003,WH-WEST,SUP-008,2025-04-03,2025-04-28,2025-04-26,32,32,25,23,-2,1,185.0,5920.0,Delivered
PO-10288,SKU-003,WH-WEST,SUP-008,2025-05-01,2025-05-26,2025-06-08,48,48,25,38,13,0,185.0,8880.0,Delivered
PO-10289,SKU-003,WH-WEST,SUP-008,2025-05-29,2025-06-23,2025-06-25,24,24,25,27,2,0,185.0,4440.0,Delivered
PO-10290,SKU-003,WH-WEST,SUP-008,2025-06-23,2025-07-18,2025-08-01,24,24,25,39,14,0,185.0,4440.0,Delivered
PO-10291,SKU-003,WH-WEST,SUP-008,2025-07-17,2025-08-11,2025-08-11,40,40,25,25,0,1,185.0,7400.0,Delivered
PO-10292,SKU-003,WH-WEST,SUP-008,2025-08-14,2025-09-08,2025-09-08,16,16,25,25,0,1,185.0,2960.0,Delivered
PO-10293,SKU-003,WH-WEST,SUP-008,2025-08-28,2025-09-22,2025-09-21,32,32,25,24,-1,1,185.0,5920.0,Delivered
PO-10294,SKU-003,WH-WEST,SUP-008,2025-09-26,2025-10-21,2025-10-24,24,24,25,28,3,0,185.0,4440.0,Delivered
PO-10295,SKU-003,WH-WEST,SUP-008,2025-10-10,2025-11-04,2025-11-04,40,40,25,25,0,1,185.0,7400.0,Delivered
PO-10296,SKU-003,WH-WEST,SUP-008,2025-11-07,2025-12-02,2025-12-02,32,32,25,25,0,1,185.0,5920.0,Delivered
PO-10297,SKU-003,WH-WEST,SUP-008,2025-11-21,2025-12-16,2025-12-16,40,40,25,25,0,1,185.0,7400.0,Delivered
PO-10298,SKU-004,WH-EAST,SUP-001,2024-01-13,2024-01-20,2024-01-19,150,150,7,6,-1,1,24.0,3600.0,Delivered
PO-10299,SKU-004,WH-EAST,SUP-001,2024-02-06,2024-02-13,2024-02-12,100,100,7,6,-1,1,24.0,2400.0,Delivered
PO-10300,SKU-004,WH-EAST,SUP-001,2024-02-22,2024-02-29,2024-02-29,150,150,7,7,0,1,24.0,3600.0,Delivered
PO-10301,SKU-004,WH-EAST,SUP-001,2024-03-10,2024-03-17,2024-03-17,200,200,7,7,0,1,24.0,4800.0,Delivered
PO-10302,SKU-004,WH-EAST,SUP-001,2024-03-25,2024-04-01,2024-04-01,150,150,7,7,0,1,24.0,3600.0,Delivered
PO-10303,SKU-004,WH-EAST,SUP-001,2024-04-14,2024-04-21,2024-04-21,300,300,7,7,0,1,24.0,7200.0,Delivered
PO-10304,SKU-004,WH-EAST,SUP-001,2024-05-09,2024-05-16,2024-05-16,100,100,7,7,0,1,24.0,2400.0,Delivered
PO-10305,SKU-004,WH-EAST,SUP-001,2024-05-25,2024-06-01,2024-05-31,300,300,7,6,-1,1,24.0,7200.0,Delivered
PO-10306,SKU-004,WH-EAST,SUP-001,2024-06-15,2024-06-22,2024-06-22,200,200,7,7,0,1,24.0,4800.0,Delivered
PO-10307,SKU-004,WH-EAST,SUP-001,2024-07-14,2024-07-21,2024-07-21,250,250,7,7,0,1,24.0,6000.0,Delivered
PO-10308,SKU-004,WH-EAST,SUP-001,2024-08-06,2024-08-13,2024-08-12,100,100,7,6,-1,1,24.0,2400.0,Delivered
PO-10309,SKU-004,WH-EAST,SUP-001,2024-08-26,2024-09-02,2024-09-01,100,100,7,6,-1,1,24.0,2400.0,Delivered
PO-10310,SKU-004,WH-EAST,SUP-001,2024-09-17,2024-09-24,2024-09-24,300,300,7,7,0,1,24.0,7200.0,Delivered
PO-10311,SKU-004,WH-EAST,SUP-001,2024-10-15,2024-10-22,2024-10-22,300,300,7,7,0,1,24.0,7200.0,Delivered
PO-10312,SKU-004,WH-EAST,SUP-001,2024-11-04,2024-11-11,2024-11-11,150,150,7,7,0,1,24.0,3600.0,Delivered
PO-10313,SKU-004,WH-EAST,SUP-001,2024-11-27,2024-12-04,2024-12-04,300,300,7,7,0,1,24.0,7200.0,Delivered
PO-10314,SKU-004,WH-EAST,SUP-001,2024-12-20,2024-12-27,2024-12-27,150,150,7,7,0,1,24.0,3600.0,Delivered
PO-10315,SKU-004,WH-EAST,SUP-001,2025-01-16,2025-01-23,2025-01-23,300,300,7,7,0,1,24.0,7200.0,Delivered
PO-10316,SKU-004,WH-EAST,SUP-001,2025-02-09,2025-02-16,2025-02-16,150,150,7,7,0,1,24.0,3600.0,Delivered
PO-10317,SKU-004,WH-EAST,SUP-001,2025-02-25,2025-03-04,2025-03-04,100,100,7,7,0,1,24.0,2400.0,Delivered
PO-10318,SKU-004,WH-EAST,SUP-001,2025-03-12,2025-03-19,2025-03-19,250,250,7,7,0,1,24.0,6000.0,Delivered
PO-10319,SKU-004,WH-EAST,SUP-001,2025-04-07,2025-04-14,2025-04-14,250,250,7,7,0,1,24.0,6000.0,Delivered
PO-10320,SKU-004,WH-EAST,SUP-001,2025-04-22,2025-04-29,2025-04-28,300,300,7,6,-1,1,24.0,7200.0,Delivered
PO-10321,SKU-004,WH-EAST,SUP-001,2025-05-18,2025-05-25,2025-05-25,200,200,7,7,0,1,24.0,4800.0,Delivered
PO-10322,SKU-004,WH-EAST,SUP-001,2025-06-11,2025-06-18,2025-06-17,250,250,7,6,-1,1,24.0,6000.0,Delivered
PO-10323,SKU-004,WH-EAST,SUP-001,2025-07-01,2025-07-08,2025-07-07,250,250,7,6,-1,1,24.0,6000.0,Delivered
PO-10324,SKU-004,WH-EAST,SUP-001,2025-07-19,2025-07-26,2025-07-26,250,250,7,7,0,1,24.0,6000.0,Delivered
PO-10325,SKU-004,WH-EAST,SUP-001,2025-08-13,2025-08-20,2025-08-20,100,100,7,7,0,1,24.0,2400.0,Delivered
PO-10326,SKU-004,WH-EAST,SUP-001,2025-09-08,2025-09-15,2025-09-14,250,250,7,6,-1,1,24.0,6000.0,Delivered
PO-10327,SKU-004,WH-EAST,SUP-001,2025-09-28,2025-10-05,2025-10-05,150,150,7,7,0,1,24.0,3600.0,Delivered
PO-10328,SKU-004,WH-EAST,SUP-001,2025-10-23,2025-10-30,2025-10-30,100,100,7,7,0,1,24.0,2400.0,Delivered
PO-10329,SKU-004,WH-EAST,SUP-001,2025-11-14,2025-11-21,2025-11-19,100,100,7,5,-2,1,24.0,2400.0,Delivered
PO-10330,SKU-004,WH-EAST,SUP-001,2025-12-01,2025-12-08,2025-12-18,100,100,7,17,10,0,24.0,2400.0,Delivered
PO-10331,SKU-004,WH-CENTRAL,SUP-001,2024-01-08,2024-01-15,2024-01-14,150,150,7,6,-1,1,24.0,3600.0,Delivered
PO-10332,SKU-004,WH-CENTRAL,SUP-001,2024-01-22,2024-01-29,2024-01-28,250,250,7,6,-1,1,24.0,6000.0,Delivered
PO-10333,SKU-004,WH-CENTRAL,SUP-001,2024-02-10,2024-02-17,2024-02-17,300,300,7,7,0,1,24.0,7200.0,Delivered
PO-10334,SKU-004,WH-CENTRAL,SUP-001,2024-03-03,2024-03-10,2024-03-08,100,100,7,5,-2,1,24.0,2400.0,Delivered
PO-10335,SKU-004,WH-CENTRAL,SUP-001,2024-03-17,2024-03-24,2024-03-25,100,100,7,8,1,0,24.0,2400.0,Delivered
PO-10336,SKU-004,WH-CENTRAL,SUP-001,2024-04-10,2024-04-17,2024-04-16,200,200,7,6,-1,1,24.0,4800.0,Delivered
PO-10337,SKU-004,WH-CENTRAL,SUP-001,2024-04-28,2024-05-05,2024-05-05,200,200,7,7,0,1,24.0,4800.0,Delivered
PO-10338,SKU-004,WH-CENTRAL,SUP-001,2024-05-26,2024-06-02,2024-06-01,100,100,7,6,-1,1,24.0,2400.0,Delivered
PO-10339,SKU-004,WH-CENTRAL,SUP-001,2024-06-20,2024-06-27,2024-06-27,200,200,7,7,0,1,24.0,4800.0,Delivered
PO-10340,SKU-004,WH-CENTRAL,SUP-001,2024-07-15,2024-07-22,2024-07-22,300,300,7,7,0,1,24.0,7200.0,Delivered
PO-10341,SKU-004,WH-CENTRAL,SUP-001,2024-08-11,2024-08-18,2024-08-18,300,300,7,7,0,1,24.0,7200.0,Delivered
PO-10342,SKU-004,WH-CENTRAL,SUP-001,2024-09-06,2024-09-13,2024-09-13,150,150,7,7,0,1,24.0,3600.0,Delivered
PO-10343,SKU-004,WH-CENTRAL,SUP-001,2024-09-30,2024-10-07,2024-10-06,200,200,7,6,-1,1,24.0,4800.0,Delivered
PO-10344,SKU-004,WH-CENTRAL,SUP-001,2024-10-25,2024-11-01,2024-11-01,200,200,7,7,0,1,24.0,4800.0,Delivered
PO-10345,SKU-004,WH-CENTRAL,SUP-001,2024-11-20,2024-11-27,2024-11-27,200,200,7,7,0,1,24.0,4800.0,Delivered
PO-10346,SKU-004,WH-CENTRAL,SUP-001,2024-12-12,2024-12-19,2024-12-18,150,150,7,6,-1,1,24.0,3600.0,Delivered
PO-10347,SKU-004,WH-CENTRAL,SUP-001,2024-12-29,2025-01-05,2025-01-05,100,100,7,7,0,1,24.0,2400.0,Delivered
PO-10348,SKU-004,WH-CENTRAL,SUP-001,2025-01-20,2025-01-27,2025-01-27,200,200,7,7,0,1,24.0,4800.0,Delivered
PO-10349,SKU-004,WH-CENTRAL,SUP-001,2025-02-14,2025-02-21,2025-02-21,200,200,7,7,0,1,24.0,4800.0,Delivered
PO-10350,SKU-004,WH-CENTRAL,SUP-001,2025-03-10,2025-03-17,2025-03-17,100,100,7,7,0,1,24.0,2400.0,Delivered
PO-10351,SKU-004,WH-CENTRAL,SUP-001,2025-04-05,2025-04-12,2025-04-12,200,200,7,7,0,1,24.0,4800.0,Delivered
PO-10352,SKU-004,WH-CENTRAL,SUP-001,2025-04-24,2025-05-01,2025-04-30,300,300,7,6,-1,1,24.0,7200.0,Delivered
PO-10353,SKU-004,WH-CENTRAL,SUP-001,2025-05-13,2025-05-20,2025-05-20,100,100,7,7,0,1,24.0,2400.0,Delivered
PO-10354,SKU-004,WH-CENTRAL,SUP-001,2025-06-06,2025-06-13,2025-06-13,250,250,7,7,0,1,24.0,6000.0,Delivered
PO-10355,SKU-004,WH-CENTRAL,SUP-001,2025-06-23,2025-06-30,2025-06-29,100,100,7,6,-1,1,24.0,2400.0,Delivered
PO-10356,SKU-004,WH-CENTRAL,SUP-001,2025-07-14,2025-07-21,2025-07-21,100,100,7,7,0,1,24.0,2400.0,Delivered
PO-10357,SKU-004,WH-CENTRAL,SUP-001,2025-08-08,2025-08-15,2025-08-15,200,200,7,7,0,1,24.0,4800.0,Delivered
PO-10358,SKU-004,WH-CENTRAL,SUP-001,2025-09-04,2025-09-11,2025-09-11,100,100,7,7,0,1,24.0,2400.0,Delivered
PO-10359,SKU-004,WH-CENTRAL,SUP-001,2025-09-29,2025-10-06,2025-10-06,300,300,7,7,0,1,24.0,7200.0,Delivered
PO-10360,SKU-004,WH-CENTRAL,SUP-001,2025-10-23,2025-10-30,2025-10-30,150,150,7,7,0,1,24.0,3600.0,Delivered
PO-10361,SKU-004,WH-CENTRAL,SUP-001,2025-11-15,2025-11-22,2025-11-22,150,150,7,7,0,1,24.0,3600.0,Delivered
PO-10362,SKU-004,WH-WEST,SUP-001,2024-01-12,2024-01-19,2024-01-18,300,300,7,6,-1,1,24.0,7200.0,Delivered
PO-10363,SKU-004,WH-WEST,SUP-001,2024-02-07,2024-02-14,2024-02-14,250,250,7,7,0,1,24.0,6000.0,Delivered
PO-10364,SKU-004,WH-WEST,SUP-001,2024-03-03,2024-03-10,2024-03-10,200,200,7,7,0,1,24.0,4800.0,Delivered
PO-10365,SKU-004,WH-WEST,SUP-001,2024-03-31,2024-04-07,2024-04-07,300,300,7,7,0,1,24.0,7200.0,Delivered
PO-10366,SKU-004,WH-WEST,SUP-001,2024-04-20,2024-04-27,2024-04-27,250,250,7,7,0,1,24.0,6000.0,Delivered
PO-10367,SKU-004,WH-WEST,SUP-001,2024-05-13,2024-05-20,2024-05-20,250,250,7,7,0,1,24.0,6000.0,Delivered
PO-10368,SKU-004,WH-WEST,SUP-001,2024-06-11,2024-06-18,2024-06-18,300,300,7,7,0,1,24.0,7200.0,Delivered
PO-10369,SKU-004,WH-WEST,SUP-001,2024-06-26,2024-07-03,2024-07-03,150,150,7,7,0,1,24.0,3600.0,Delivered
PO-10370,SKU-004,WH-WEST,SUP-001,2024-07-24,2024-07-31,2024-07-31,200,200,7,7,0,1,24.0,4800.0,Delivered
PO-10371,SKU-004,WH-WEST,SUP-001,2024-08-08,2024-08-15,2024-08-15,100,100,7,7,0,1,24.0,2400.0,Delivered
PO-10372,SKU-004,WH-WEST,SUP-001,2024-09-06,2024-09-13,2024-09-13,150,150,7,7,0,1,24.0,3600.0,Delivered
PO-10373,SKU-004,WH-WEST,SUP-001,2024-10-01,2024-10-08,2024-10-08,300,300,7,7,0,1,24.0,7200.0,Delivered
PO-10374,SKU-004,WH-WEST,SUP-001,2024-10-18,2024-10-25,2024-10-25,250,250,7,7,0,1,24.0,6000.0,Delivered
PO-10375,SKU-004,WH-WEST,SUP-001,2024-11-04,2024-11-11,2024-11-11,200,200,7,7,0,1,24.0,4800.0,Delivered
PO-10376,SKU-004,WH-WEST,SUP-001,2024-11-24,2024-12-01,2024-12-01,150,150,7,7,0,1,24.0,3600.0,Delivered
PO-10377,SKU-004,WH-WEST,SUP-001,2024-12-09,2024-12-16,2024-12-15,250,250,7,6,-1,1,24.0,6000.0,Delivered
PO-10378,SKU-004,WH-WEST,SUP-001,2025-01-05,2025-01-12,2025-01-11,200,200,7,6,-1,1,24.0,4800.0,Delivered
PO-10379,SKU-004,WH-WEST,SUP-001,2025-02-01,2025-02-08,2025-02-08,100,100,7,7,0,1,24.0,2400.0,Delivered
PO-10380,SKU-004,WH-WEST,SUP-001,2025-02-25,2025-03-04,2025-03-12,100,100,7,15,8,0,24.0,2400.0,Delivered
PO-10381,SKU-004,WH-WEST,SUP-001,2025-03-17,2025-03-24,2025-03-24,150,150,7,7,0,1,24.0,3600.0,Delivered
PO-10382,SKU-004,WH-WEST,SUP-001,2025-04-08,2025-04-15,2025-04-15,300,300,7,7,0,1,24.0,7200.0,Delivered
PO-10383,SKU-004,WH-WEST,SUP-001,2025-04-30,2025-05-07,2025-05-07,150,150,7,7,0,1,24.0,3600.0,Delivered
PO-10384,SKU-004,WH-WEST,SUP-001,2025-05-22,2025-05-29,2025-05-30,150,150,7,8,1,0,24.0,3600.0,Delivered
PO-10385,SKU-004,WH-WEST,SUP-001,2025-06-08,2025-06-15,2025-06-15,200,200,7,7,0,1,24.0,4800.0,Delivered
PO-10386,SKU-004,WH-WEST,SUP-001,2025-07-04,2025-07-11,2025-07-10,100,100,7,6,-1,1,24.0,2400.0,Delivered
PO-10387,SKU-004,WH-WEST,SUP-001,2025-07-19,2025-07-26,2025-07-26,200,200,7,7,0,1,24.0,4800.0,Delivered
PO-10388,SKU-004,WH-WEST,SUP-001,2025-08-06,2025-08-13,2025-08-12,300,300,7,6,-1,1,24.0,7200.0,Delivered
PO-10389,SKU-004,WH-WEST,SUP-001,2025-08-23,2025-08-30,2025-08-30,100,100,7,7,0,1,24.0,2400.0,Delivered
PO-10390,SKU-004,WH-WEST,SUP-001,2025-09-19,2025-09-26,2025-09-26,300,300,7,7,0,1,24.0,7200.0,Delivered
PO-10391,SKU-004,WH-WEST,SUP-001,2025-10-11,2025-10-18,2025-10-17,300,300,7,6,-1,1,24.0,7200.0,Delivered
PO-10392,SKU-004,WH-WEST,SUP-001,2025-10-27,2025-11-03,2025-11-03,150,150,7,7,0,1,24.0,3600.0,Delivered
PO-10393,SKU-004,WH-WEST,SUP-001,2025-11-14,2025-11-21,2025-11-20,100,100,7,6,-1,1,24.0,2400.0,Delivered
PO-10394,SKU-005,WH-EAST,SUP-002,2024-01-02,2024-01-23,2024-01-18,120,120,21,16,-5,1,68.0,8160.0,Delivered
PO-10395,SKU-005,WH-EAST,SUP-002,2024-01-25,2024-02-15,2024-02-15,80,80,21,21,0,1,68.0,5440.0,Delivered
PO-10396,SKU-005,WH-EAST,SUP-002,2024-02-20,2024-03-12,2024-03-12,80,80,21,21,0,1,68.0,5440.0,Delivered
PO-10397,SKU-005,WH-EAST,SUP-002,2024-03-18,2024-04-08,2024-05-04,60,60,21,47,26,0,68.0,4080.0,Delivered
PO-10398,SKU-005,WH-EAST,SUP-002,2024-04-16,2024-05-07,2024-05-04,60,60,21,18,-3,1,68.0,4080.0,Delivered
PO-10399,SKU-005,WH-EAST,SUP-002,2024-05-07,2024-05-28,2024-05-26,60,60,21,19,-2,1,68.0,4080.0,Delivered
PO-10400,SKU-005,WH-EAST,SUP-002,2024-05-23,2024-06-13,2024-06-11,40,40,21,19,-2,1,68.0,2720.0,Delivered
PO-10401,SKU-005,WH-EAST,SUP-002,2024-06-11,2024-07-02,2024-06-30,60,60,21,19,-2,1,68.0,4080.0,Delivered
PO-10402,SKU-005,WH-EAST,SUP-002,2024-07-03,2024-07-24,2024-07-21,60,60,21,18,-3,1,68.0,4080.0,Delivered
PO-10403,SKU-005,WH-EAST,SUP-002,2024-08-01,2024-08-22,2024-08-22,100,100,21,21,0,1,68.0,6800.0,Delivered
PO-10404,SKU-005,WH-EAST,SUP-002,2024-08-30,2024-09-20,2024-09-15,120,120,21,16,-5,1,68.0,8160.0,Delivered
PO-10405,SKU-005,WH-EAST,SUP-002,2024-09-24,2024-10-15,2024-10-26,80,80,21,32,11,0,68.0,5440.0,Delivered
PO-10406,SKU-005,WH-EAST,SUP-002,2024-10-21,2024-11-11,2024-11-11,100,100,21,21,0,1,68.0,6800.0,Delivered
PO-10407,SKU-005,WH-EAST,SUP-002,2024-11-19,2024-12-10,2024-12-08,60,60,21,19,-2,1,68.0,4080.0,Delivered
PO-10408,SKU-005,WH-EAST,SUP-002,2024-12-13,2025-01-03,2025-01-08,120,120,21,26,5,0,68.0,8160.0,Delivered
PO-10409,SKU-005,WH-EAST,SUP-002,2024-12-30,2025-01-20,2025-01-19,40,40,21,20,-1,1,68.0,2720.0,Delivered
PO-10410,SKU-005,WH-EAST,SUP-002,2025-01-21,2025-02-11,2025-02-11,60,60,21,21,0,1,68.0,4080.0,Delivered
PO-10411,SKU-005,WH-EAST,SUP-002,2025-02-09,2025-03-02,2025-03-21,100,100,21,40,19,0,68.0,6800.0,Delivered
PO-10412,SKU-005,WH-EAST,SUP-002,2025-03-06,2025-03-27,2025-03-25,80,80,21,19,-2,1,68.0,5440.0,Delivered
PO-10413,SKU-005,WH-EAST,SUP-002,2025-03-31,2025-04-21,2025-04-21,60,60,21,21,0,1,68.0,4080.0,Delivered
PO-10414,SKU-005,WH-EAST,SUP-002,2025-04-16,2025-05-07,2025-05-07,100,100,21,21,0,1,68.0,6800.0,Delivered
PO-10415,SKU-005,WH-EAST,SUP-002,2025-05-04,2025-05-25,2025-05-22,80,80,21,18,-3,1,68.0,5440.0,Delivered
PO-10416,SKU-005,WH-EAST,SUP-002,2025-05-18,2025-06-08,2025-06-07,120,120,21,20,-1,1,68.0,8160.0,Delivered
PO-10417,SKU-005,WH-EAST,SUP-002,2025-06-06,2025-06-27,2025-06-23,40,40,21,17,-4,1,68.0,2720.0,Delivered
PO-10418,SKU-005,WH-EAST,SUP-002,2025-06-25,2025-07-16,2025-07-16,60,60,21,21,0,1,68.0,4080.0,Delivered
PO-10419,SKU-005,WH-EAST,SUP-002,2025-07-20,2025-08-10,2025-08-09,80,80,21,20,-1,1,68.0,5440.0,Delivered
PO-10420,SKU-005,WH-EAST,SUP-002,2025-08-10,2025-08-31,2025-08-31,100,100,21,21,0,1,68.0,6800.0,Delivered
PO-10421,SKU-005,WH-EAST,SUP-002,2025-08-27,2025-09-17,2025-09-16,80,80,21,20,-1,1,68.0,5440.0,Delivered
PO-10422,SKU-005,WH-EAST,SUP-002,2025-09-20,2025-10-11,2025-10-10,80,80,21,20,-1,1,68.0,5440.0,Delivered
PO-10423,SKU-005,WH-EAST,SUP-002,2025-10-13,2025-11-03,2025-11-01,100,100,21,19,-2,1,68.0,6800.0,Delivered
PO-10424,SKU-005,WH-EAST,SUP-002,2025-10-28,2025-11-18,2025-11-18,40,40,21,21,0,1,68.0,2720.0,Delivered
PO-10425,SKU-005,WH-EAST,SUP-002,2025-11-11,2025-12-02,2025-12-01,80,80,21,20,-1,1,68.0,5440.0,Delivered
PO-10426,SKU-005,WH-CENTRAL,SUP-002,2024-01-02,2024-01-23,2024-01-23,40,40,21,21,0,1,68.0,2720.0,Delivered
PO-10427,SKU-005,WH-CENTRAL,SUP-002,2024-01-27,2024-02-17,2024-02-17,100,100,21,21,0,1,68.0,6800.0,Delivered
PO-10428,SKU-005,WH-CENTRAL,SUP-002,2024-02-10,2024-03-02,2024-03-02,120,120,21,21,0,1,68.0,8160.0,Delivered
PO-10429,SKU-005,WH-CENTRAL,SUP-002,2024-02-24,2024-03-16,2024-03-15,120,120,21,20,-1,1,68.0,8160.0,Delivered
PO-10430,SKU-005,WH-CENTRAL,SUP-002,2024-03-13,2024-04-03,2024-04-01,120,120,21,19,-2,1,68.0,8160.0,Delivered
PO-10431,SKU-005,WH-CENTRAL,SUP-002,2024-03-28,2024-04-18,2024-04-17,120,120,21,20,-1,1,68.0,8160.0,Delivered
PO-10432,SKU-005,WH-CENTRAL,SUP-002,2024-04-24,2024-05-15,2024-05-16,120,120,21,22,1,0,68.0,8160.0,Delivered
PO-10433,SKU-005,WH-CENTRAL,SUP-002,2024-05-13,2024-06-03,2024-06-01,80,80,21,19,-2,1,68.0,5440.0,Delivered
PO-10434,SKU-005,WH-CENTRAL,SUP-002,2024-06-08,2024-06-29,2024-06-28,120,120,21,20,-1,1,68.0,8160.0,Delivered
PO-10435,SKU-005,WH-CENTRAL,SUP-002,2024-06-22,2024-07-13,2024-07-13,40,40,21,21,0,1,68.0,2720.0,Delivered
PO-10436,SKU-005,WH-CENTRAL,SUP-002,2024-07-11,2024-08-01,2024-08-01,80,80,21,21,0,1,68.0,5440.0,Delivered
PO-10437,SKU-005,WH-CENTRAL,SUP-002,2024-08-09,2024-08-30,2024-08-30,100,100,21,21,0,1,68.0,6800.0,Delivered
PO-10438,SKU-005,WH-CENTRAL,SUP-002,2024-08-26,2024-09-16,2024-09-16,40,40,21,21,0,1,68.0,2720.0,Delivered
PO-10439,SKU-005,WH-CENTRAL,SUP-002,2024-09-15,2024-10-06,2024-10-03,60,60,21,18,-3,1,68.0,4080.0,Delivered
PO-10440,SKU-005,WH-CENTRAL,SUP-002,2024-10-13,2024-11-03,2024-11-11,80,80,21,29,8,0,68.0,5440.0,Delivered
PO-10441,SKU-005,WH-CENTRAL,SUP-002,2024-10-31,2024-11-21,2024-11-18,40,40,21,18,-3,1,68.0,2720.0,Delivered
PO-10442,SKU-005,WH-CENTRAL,SUP-002,2024-11-22,2024-12-13,2024-12-13,40,40,21,21,0,1,68.0,2720.0,Delivered
PO-10443,SKU-005,WH-CENTRAL,SUP-002,2024-12-07,2024-12-28,2024-12-28,80,80,21,21,0,1,68.0,5440.0,Delivered
PO-10444,SKU-005,WH-CENTRAL,SUP-002,2024-12-24,2025-01-14,2025-01-14,120,120,21,21,0,1,68.0,8160.0,Delivered
PO-10445,SKU-005,WH-CENTRAL,SUP-002,2025-01-14,2025-02-04,2025-02-03,80,80,21,20,-1,1,68.0,5440.0,Delivered
PO-10446,SKU-005,WH-CENTRAL,SUP-002,2025-02-08,2025-03-01,2025-02-25,40,40,21,17,-4,1,68.0,2720.0,Delivered
PO-10447,SKU-005,WH-CENTRAL,SUP-002,2025-03-01,2025-03-22,2025-03-22,40,40,21,21,0,1,68.0,2720.0,Delivered
PO-10448,SKU-005,WH-CENTRAL,SUP-002,2025-03-29,2025-04-19,2025-04-15,100,100,21,17,-4,1,68.0,6800.0,Delivered
PO-10449,SKU-005,WH-CENTRAL,SUP-002,2025-04-17,2025-05-08,2025-05-08,100,100,21,21,0,1,68.0,6800.0,Delivered
PO-10450,SKU-005,WH-CENTRAL,SUP-002,2025-05-08,2025-05-29,2025-05-29,80,80,21,21,0,1,68.0,5440.0,Delivered
PO-10451,SKU-005,WH-CENTRAL,SUP-002,2025-06-05,2025-06-26,2025-06-22,100,100,21,17,-4,1,68.0,6800.0,Delivered
PO-10452,SKU-005,WH-CENTRAL,SUP-002,2025-07-04,2025-07-25,2025-07-22,40,40,21,18,-3,1,68.0,2720.0,Delivered
PO-10453,SKU-005,WH-CENTRAL,SUP-002,2025-08-01,2025-08-22,2025-08-21,120,120,21,20,-1,1,68.0,8160.0,Delivered
PO-10454,SKU-005,WH-CENTRAL,SUP-002,2025-08-21,2025-09-11,2025-09-08,120,120,21,18,-3,1,68.0,8160.0,Delivered
PO-10455,SKU-005,WH-CENTRAL,SUP-002,2025-09-13,2025-10-04,2025-10-04,100,100,21,21,0,1,68.0,6800.0,Delivered
PO-10456,SKU-005,WH-CENTRAL,SUP-002,2025-10-01,2025-10-22,2025-10-21,60,60,21,20,-1,1,68.0,4080.0,Delivered
PO-10457,SKU-005,WH-CENTRAL,SUP-002,2025-10-28,2025-11-18,2025-11-16,100,100,21,19,-2,1,68.0,6800.0,Delivered
PO-10458,SKU-005,WH-CENTRAL,SUP-002,2025-11-16,2025-12-07,2025-12-07,80,80,21,21,0,1,68.0,5440.0,Delivered
PO-10459,SKU-005,WH-WEST,SUP-002,2024-01-02,2024-01-23,2024-01-18,100,100,21,16,-5,1,68.0,6800.0,Delivered
PO-10460,SKU-005,WH-WEST,SUP-002,2024-01-30,2024-02-20,2024-02-20,80,80,21,21,0,1,68.0,5440.0,Delivered
PO-10461,SKU-005,WH-WEST,SUP-002,2024-02-16,2024-03-08,2024-03-17,80,80,21,30,9,0,68.0,5440.0,Delivered
PO-10462,SKU-005,WH-WEST,SUP-002,2024-03-05,2024-03-26,2024-03-26,60,60,21,21,0,1,68.0,4080.0,Delivered
PO-10463,SKU-005,WH-WEST,SUP-002,2024-03-25,2024-04-15,2024-04-15,80,80,21,21,0,1,68.0,5440.0,Delivered
PO-10464,SKU-005,WH-WEST,SUP-002,2024-04-17,2024-05-08,2024-05-08,100,100,21,21,0,1,68.0,6800.0,Delivered
PO-10465,SKU-005,WH-WEST,SUP-002,2024-05-15,2024-06-05,2024-06-05,40,40,21,21,0,1,68.0,2720.0,Delivered
PO-10466,SKU-005,WH-WEST,SUP-002,2024-06-02,2024-06-23,2024-06-23,80,80,21,21,0,1,68.0,5440.0,Delivered
PO-10467,SKU-005,WH-WEST,SUP-002,2024-06-26,2024-07-17,2024-07-17,120,120,21,21,0,1,68.0,8160.0,Delivered
PO-10468,SKU-005,WH-WEST,SUP-002,2024-07-10,2024-07-31,2024-07-28,80,80,21,18,-3,1,68.0,5440.0,Delivered
PO-10469,SKU-005,WH-WEST,SUP-002,2024-08-03,2024-08-24,2024-08-23,100,100,21,20,-1,1,68.0,6800.0,Delivered
PO-10470,SKU-005,WH-WEST,SUP-002,2024-08-28,2024-09-18,2024-09-18,40,40,21,21,0,1,68.0,2720.0,Delivered
PO-10471,SKU-005,WH-WEST,SUP-002,2024-09-20,2024-10-11,2024-10-14,120,120,21,24,3,0,68.0,8160.0,Delivered
PO-10472,SKU-005,WH-WEST,SUP-002,2024-10-17,2024-11-07,2024-11-07,60,60,21,21,0,1,68.0,4080.0,Delivered
PO-10473,SKU-005,WH-WEST,SUP-002,2024-11-11,2024-12-02,2024-12-02,100,100,21,21,0,1,68.0,6800.0,Delivered
PO-10474,SKU-005,WH-WEST,SUP-002,2024-11-29,2024-12-20,2024-12-21,100,100,21,22,1,0,68.0,6800.0,Delivered
PO-10475,SKU-005,WH-WEST,SUP-002,2024-12-25,2025-01-15,2025-01-15,80,80,21,21,0,1,68.0,5440.0,Delivered
PO-10476,SKU-005,WH-WEST,SUP-002,2025-01-20,2025-02-10,2025-02-08,100,100,21,19,-2,1,68.0,6800.0,Delivered
PO-10477,SKU-005,WH-WEST,SUP-002,2025-02-16,2025-03-09,2025-03-09,120,120,21,21,0,1,68.0,8160.0,Delivered
PO-10478,SKU-005,WH-WEST,SUP-002,2025-03-14,2025-04-04,2025-04-22,80,80,21,39,18,0,68.0,5440.0,Delivered
PO-10479,SKU-005,WH-WEST,SUP-002,2025-04-06,2025-04-27,2025-04-27,60,60,21,21,0,1,68.0,4080.0,Delivered
PO-10480,SKU-005,WH-WEST,SUP-002,2025-05-05,2025-05-26,2025-05-26,100,100,21,21,0,1,68.0,6800.0,Delivered
PO-10481,SKU-005,WH-WEST,SUP-002,2025-05-23,2025-06-13,2025-06-13,60,60,21,21,0,1,68.0,4080.0,Delivered
PO-10482,SKU-005,WH-WEST,SUP-002,2025-06-10,2025-07-01,2025-07-01,80,80,21,21,0,1,68.0,5440.0,Delivered
PO-10483,SKU-005,WH-WEST,SUP-002,2025-07-05,2025-07-26,2025-07-20,80,80,21,15,-6,1,68.0,5440.0,Delivered
PO-10484,SKU-005,WH-WEST,SUP-002,2025-07-27,2025-08-17,2025-08-17,120,120,21,21,0,1,68.0,8160.0,Delivered
PO-10485,SKU-005,WH-WEST,SUP-002,2025-08-12,2025-09-02,2025-09-02,80,80,21,21,0,1,68.0,5440.0,Delivered
PO-10486,SKU-005,WH-WEST,SUP-002,2025-08-29,2025-09-19,2025-09-19,100,100,21,21,0,1,68.0,6800.0,Delivered
PO-10487,SKU-005,WH-WEST,SUP-002,2025-09-12,2025-10-03,2025-10-01,40,40,21,19,-2,1,68.0,2720.0,Delivered
PO-10488,SKU-005,WH-WEST,SUP-002,2025-10-05,2025-10-26,2025-10-26,60,60,21,21,0,1,68.0,4080.0,Delivered
PO-10489,SKU-005,WH-WEST,SUP-002,2025-10-26,2025-11-16,2025-11-16,80,80,21,21,0,1,68.0,5440.0,Delivered
PO-10490,SKU-005,WH-WEST,SUP-002,2025-11-10,2025-12-01,2025-12-01,100,100,21,21,0,1,68.0,6800.0,Delivered
PO-10491,SKU-006,WH-EAST,SUP-003,2024-01-07,2024-01-12,2024-01-12,120,120,5,5,0,1,18.5,2220.0,Delivered
PO-10492,SKU-006,WH-EAST,SUP-003,2024-01-28,2024-02-02,2024-02-02,120,120,5,5,0,1,18.5,2220.0,Delivered
PO-10493,SKU-006,WH-EAST,SUP-003,2024-02-15,2024-02-20,2024-02-20,240,240,5,5,0,1,18.5,4440.0,Delivered
PO-10494,SKU-006,WH-EAST,SUP-003,2024-03-01,2024-03-06,2024-03-06,240,240,5,5,0,1,18.5,4440.0,Delivered
PO-10495,SKU-006,WH-EAST,SUP-003,2024-03-29,2024-04-03,2024-04-03,120,120,5,5,0,1,18.5,2220.0,Delivered
PO-10496,SKU-006,WH-EAST,SUP-003,2024-04-17,2024-04-22,2024-04-22,240,240,5,5,0,1,18.5,4440.0,Delivered
PO-10497,SKU-006,WH-EAST,SUP-003,2024-05-12,2024-05-17,2024-05-17,120,120,5,5,0,1,18.5,2220.0,Delivered
PO-10498,SKU-006,WH-EAST,SUP-003,2024-05-29,2024-06-03,2024-06-03,120,120,5,5,0,1,18.5,2220.0,Delivered
PO-10499,SKU-006,WH-EAST,SUP-003,2024-06-25,2024-06-30,2024-06-29,160,160,5,4,-1,1,18.5,2960.0,Delivered
PO-10500,SKU-006,WH-EAST,SUP-003,2024-07-22,2024-07-27,2024-07-26,160,160,5,4,-1,1,18.5,2960.0,Delivered
PO-10501,SKU-006,WH-EAST,SUP-003,2024-08-19,2024-08-24,2024-08-24,80,80,5,5,0,1,18.5,1480.0,Delivered
PO-10502,SKU-006,WH-EAST,SUP-003,2024-09-02,2024-09-07,2024-09-07,240,240,5,5,0,1,18.5,4440.0,Delivered
PO-10503,SKU-006,WH-EAST,SUP-003,2024-09-16,2024-09-21,2024-09-21,80,80,5,5,0,1,18.5,1480.0,Delivered
PO-10504,SKU-006,WH-EAST,SUP-003,2024-09-30,2024-10-05,2024-10-05,160,160,5,5,0,1,18.5,2960.0,Delivered
PO-10505,SKU-006,WH-EAST,SUP-003,2024-10-18,2024-10-23,2024-10-22,160,160,5,4,-1,1,18.5,2960.0,Delivered
PO-10506,SKU-006,WH-EAST,SUP-003,2024-11-07,2024-11-12,2024-11-12,200,200,5,5,0,1,18.5,3700.0,Delivered
PO-10507,SKU-006,WH-EAST,SUP-003,2024-11-27,2024-12-02,2024-12-01,200,200,5,4,-1,1,18.5,3700.0,Delivered
PO-10508,SKU-006,WH-EAST,SUP-003,2024-12-26,2024-12-31,2025-01-02,120,120,5,7,2,0,18.5,2220.0,Delivered
PO-10509,SKU-006,WH-EAST,SUP-003,2025-01-22,2025-01-27,2025-01-27,240,240,5,5,0,1,18.5,4440.0,Delivered
PO-10510,SKU-006,WH-EAST,SUP-003,2025-02-11,2025-02-16,2025-02-16,200,200,5,5,0,1,18.5,3700.0,Delivered
PO-10511,SKU-006,WH-EAST,SUP-003,2025-03-03,2025-03-08,2025-03-08,80,80,5,5,0,1,18.5,1480.0,Delivered
PO-10512,SKU-006,WH-EAST,SUP-003,2025-03-20,2025-03-25,2025-03-25,200,200,5,5,0,1,18.5,3700.0,Delivered
PO-10513,SKU-006,WH-EAST,SUP-003,2025-04-17,2025-04-22,2025-04-22,120,120,5,5,0,1,18.5,2220.0,Delivered
PO-10514,SKU-006,WH-EAST,SUP-003,2025-05-15,2025-05-20,2025-05-20,240,240,5,5,0,1,18.5,4440.0,Delivered
PO-10515,SKU-006,WH-EAST,SUP-003,2025-05-31,2025-06-05,2025-06-17,80,80,5,17,12,0,18.5,1480.0,Delivered
PO-10516,SKU-006,WH-EAST,SUP-003,2025-06-26,2025-07-01,2025-07-01,80,80,5,5,0,1,18.5,1480.0,Delivered
PO-10517,SKU-006,WH-EAST,SUP-003,2025-07-18,2025-07-23,2025-07-22,80,80,5,4,-1,1,18.5,1480.0,Delivered
PO-10518,SKU-006,WH-EAST,SUP-003,2025-08-07,2025-08-12,2025-08-12,240,240,5,5,0,1,18.5,4440.0,Delivered
PO-10519,SKU-006,WH-EAST,SUP-003,2025-09-04,2025-09-09,2025-09-08,240,240,5,4,-1,1,18.5,4440.0,Delivered
PO-10520,SKU-006,WH-EAST,SUP-003,2025-09-30,2025-10-05,2025-10-05,80,80,5,5,0,1,18.5,1480.0,Delivered
PO-10521,SKU-006,WH-EAST,SUP-003,2025-10-28,2025-11-02,2025-11-02,120,120,5,5,0,1,18.5,2220.0,Delivered
PO-10522,SKU-006,WH-EAST,SUP-003,2025-11-16,2025-11-21,2025-11-21,80,80,5,5,0,1,18.5,1480.0,Delivered
PO-10523,SKU-006,WH-CENTRAL,SUP-003,2024-01-09,2024-01-14,2024-01-13,240,240,5,4,-1,1,18.5,4440.0,Delivered
PO-10524,SKU-006,WH-CENTRAL,SUP-003,2024-01-30,2024-02-04,2024-02-04,80,80,5,5,0,1,18.5,1480.0,Delivered
PO-10525,SKU-006,WH-CENTRAL,SUP-003,2024-02-17,2024-02-22,2024-02-21,80,80,5,4,-1,1,18.5,1480.0,Delivered
PO-10526,SKU-006,WH-CENTRAL,SUP-003,2024-03-07,2024-03-12,2024-03-12,80,80,5,5,0,1,18.5,1480.0,Delivered
PO-10527,SKU-006,WH-CENTRAL,SUP-003,2024-03-22,2024-03-27,2024-03-27,160,160,5,5,0,1,18.5,2960.0,Delivered
PO-10528,SKU-006,WH-CENTRAL,SUP-003,2024-04-20,2024-04-25,2024-04-24,120,120,5,4,-1,1,18.5,2220.0,Delivered
PO-10529,SKU-006,WH-CENTRAL,SUP-003,2024-05-04,2024-05-09,2024-05-09,160,160,5,5,0,1,18.5,2960.0,Delivered
PO-10530,SKU-006,WH-CENTRAL,SUP-003,2024-05-26,2024-05-31,2024-05-31,120,120,5,5,0,1,18.5,2220.0,Delivered
PO-10531,SKU-006,WH-CENTRAL,SUP-003,2024-06-22,2024-06-27,2024-06-27,80,80,5,5,0,1,18.5,1480.0,Delivered
PO-10532,SKU-006,WH-CENTRAL,SUP-003,2024-07-12,2024-07-17,2024-07-17,120,120,5,5,0,1,18.5,2220.0,Delivered
PO-10533,SKU-006,WH-CENTRAL,SUP-003,2024-08-10,2024-08-15,2024-08-15,120,120,5,5,0,1,18.5,2220.0,Delivered
PO-10534,SKU-006,WH-CENTRAL,SUP-003,2024-08-28,2024-09-02,2024-09-02,120,120,5,5,0,1,18.5,2220.0,Delivered
PO-10535,SKU-006,WH-CENTRAL,SUP-003,2024-09-14,2024-09-19,2024-09-19,160,160,5,5,0,1,18.5,2960.0,Delivered
PO-10536,SKU-006,WH-CENTRAL,SUP-003,2024-09-29,2024-10-04,2024-10-03,120,120,5,4,-1,1,18.5,2220.0,Delivered
PO-10537,SKU-006,WH-CENTRAL,SUP-003,2024-10-20,2024-10-25,2024-10-25,240,240,5,5,0,1,18.5,4440.0,Delivered
PO-10538,SKU-006,WH-CENTRAL,SUP-003,2024-11-16,2024-11-21,2024-11-20,240,240,5,4,-1,1,18.5,4440.0,Delivered
PO-10539,SKU-006,WH-CENTRAL,SUP-003,2024-12-12,2024-12-17,2024-12-17,200,200,5,5,0,1,18.5,3700.0,Delivered
PO-10540,SKU-006,WH-CENTRAL,SUP-003,2024-12-26,2024-12-31,2024-12-30,160,160,5,4,-1,1,18.5,2960.0,Delivered
PO-10541,SKU-006,WH-CENTRAL,SUP-003,2025-01-11,2025-01-16,2025-01-16,120,120,5,5,0,1,18.5,2220.0,Delivered
PO-10542,SKU-006,WH-CENTRAL,SUP-003,2025-01-26,2025-01-31,2025-01-31,120,120,5,5,0,1,18.5,2220.0,Delivered
PO-10543,SKU-006,WH-CENTRAL,SUP-003,2025-02-16,2025-02-21,2025-02-21,240,240,5,5,0,1,18.5,4440.0,Delivered
PO-10544,SKU-006,WH-CENTRAL,SUP-003,2025-03-13,2025-03-18,2025-03-18,80,80,5,5,0,1,18.5,1480.0,Delivered
PO-10545,SKU-006,WH-CENTRAL,SUP-003,2025-03-27,2025-04-01,2025-04-01,240,240,5,5,0,1,18.5,4440.0,Delivered
PO-10546,SKU-006,WH-CENTRAL,SUP-003,2025-04-20,2025-04-25,2025-04-24,80,80,5,4,-1,1,18.5,1480.0,Delivered
PO-10547,SKU-006,WH-CENTRAL,SUP-003,2025-05-11,2025-05-16,2025-05-16,160,160,5,5,0,1,18.5,2960.0,Delivered
PO-10548,SKU-006,WH-CENTRAL,SUP-003,2025-05-31,2025-06-05,2025-06-04,200,200,5,4,-1,1,18.5,3700.0,Delivered
PO-10549,SKU-006,WH-CENTRAL,SUP-003,2025-06-22,2025-06-27,2025-06-27,160,160,5,5,0,1,18.5,2960.0,Delivered
PO-10550,SKU-006,WH-CENTRAL,SUP-003,2025-07-07,2025-07-12,2025-07-12,120,120,5,5,0,1,18.5,2220.0,Delivered
PO-10551,SKU-006,WH-CENTRAL,SUP-003,2025-07-29,2025-08-03,2025-08-03,160,160,5,5,0,1,18.5,2960.0,Delivered
PO-10552,SKU-006,WH-CENTRAL,SUP-003,2025-08-19,2025-08-24,2025-08-24,80,80,5,5,0,1,18.5,1480.0,Delivered
PO-10553,SKU-006,WH-CENTRAL,SUP-003,2025-09-07,2025-09-12,2025-09-12,200,200,5,5,0,1,18.5,3700.0,Delivered
PO-10554,SKU-006,WH-CENTRAL,SUP-003,2025-09-24,2025-09-29,2025-09-29,80,80,5,5,0,1,18.5,1480.0,Delivered
PO-10555,SKU-006,WH-CENTRAL,SUP-003,2025-10-18,2025-10-23,2025-10-22,240,240,5,4,-1,1,18.5,4440.0,Delivered
PO-10556,SKU-006,WH-CENTRAL,SUP-003,2025-11-01,2025-11-06,2025-11-06,240,240,5,5,0,1,18.5,4440.0,Delivered
PO-10557,SKU-006,WH-CENTRAL,SUP-003,2025-11-21,2025-11-26,2025-11-25,80,80,5,4,-1,1,18.5,1480.0,Delivered
PO-10558,SKU-006,WH-WEST,SUP-003,2024-01-02,2024-01-07,2024-01-07,200,200,5,5,0,1,18.5,3700.0,Delivered
PO-10559,SKU-006,WH-WEST,SUP-003,2024-01-18,2024-01-23,2024-01-23,160,160,5,5,0,1,18.5,2960.0,Delivered
PO-10560,SKU-006,WH-WEST,SUP-003,2024-02-06,2024-02-11,2024-02-11,160,160,5,5,0,1,18.5,2960.0,Delivered
PO-10561,SKU-006,WH-WEST,SUP-003,2024-03-03,2024-03-08,2024-03-07,120,120,5,4,-1,1,18.5,2220.0,Delivered
PO-10562,SKU-006,WH-WEST,SUP-003,2024-03-17,2024-03-22,2024-03-22,120,120,5,5,0,1,18.5,2220.0,Delivered
PO-10563,SKU-006,WH-WEST,SUP-003,2024-04-14,2024-04-19,2024-04-19,240,240,5,5,0,1,18.5,4440.0,Delivered
PO-10564,SKU-006,WH-WEST,SUP-003,2024-05-10,2024-05-15,2024-05-15,120,120,5,5,0,1,18.5,2220.0,Delivered
PO-10565,SKU-006,WH-WEST,SUP-003,2024-05-28,2024-06-02,2024-06-02,200,200,5,5,0,1,18.5,3700.0,Delivered
PO-10566,SKU-006,WH-WEST,SUP-003,2024-06-12,2024-06-17,2024-06-17,80,80,5,5,0,1,18.5,1480.0,Delivered
PO-10567,SKU-006,WH-WEST,SUP-003,2024-07-01,2024-07-06,2024-07-06,160,160,5,5,0,1,18.5,2960.0,Delivered
PO-10568,SKU-006,WH-WEST,SUP-003,2024-07-20,2024-07-25,2024-07-25,120,120,5,5,0,1,18.5,2220.0,Delivered
PO-10569,SKU-006,WH-WEST,SUP-003,2024-08-03,2024-08-08,2024-08-08,240,240,5,5,0,1,18.5,4440.0,Delivered
PO-10570,SKU-006,WH-WEST,SUP-003,2024-08-28,2024-09-02,2024-09-02,120,120,5,5,0,1,18.5,2220.0,Delivered
PO-10571,SKU-006,WH-WEST,SUP-003,2024-09-21,2024-09-26,2024-09-26,160,160,5,5,0,1,18.5,2960.0,Delivered
PO-10572,SKU-006,WH-WEST,SUP-003,2024-10-08,2024-10-13,2024-10-13,200,200,5,5,0,1,18.5,3700.0,Delivered
PO-10573,SKU-006,WH-WEST,SUP-003,2024-11-02,2024-11-07,2024-11-07,120,120,5,5,0,1,18.5,2220.0,Delivered
PO-10574,SKU-006,WH-WEST,SUP-003,2024-11-20,2024-11-25,2024-11-25,240,240,5,5,0,1,18.5,4440.0,Delivered
PO-10575,SKU-006,WH-WEST,SUP-003,2024-12-12,2024-12-17,2024-12-17,240,240,5,5,0,1,18.5,4440.0,Delivered
PO-10576,SKU-006,WH-WEST,SUP-003,2024-12-31,2025-01-05,2025-01-05,160,160,5,5,0,1,18.5,2960.0,Delivered
PO-10577,SKU-006,WH-WEST,SUP-003,2025-01-22,2025-01-27,2025-01-27,240,240,5,5,0,1,18.5,4440.0,Delivered
PO-10578,SKU-006,WH-WEST,SUP-003,2025-02-19,2025-02-24,2025-02-24,120,120,5,5,0,1,18.5,2220.0,Delivered
PO-10579,SKU-006,WH-WEST,SUP-003,2025-03-19,2025-03-24,2025-03-23,120,120,5,4,-1,1,18.5,2220.0,Delivered
PO-10580,SKU-006,WH-WEST,SUP-003,2025-04-14,2025-04-19,2025-04-19,240,240,5,5,0,1,18.5,4440.0,Delivered
PO-10581,SKU-006,WH-WEST,SUP-003,2025-04-30,2025-05-05,2025-05-05,200,200,5,5,0,1,18.5,3700.0,Delivered
PO-10582,SKU-006,WH-WEST,SUP-003,2025-05-29,2025-06-03,2025-06-03,120,120,5,5,0,1,18.5,2220.0,Delivered
PO-10583,SKU-006,WH-WEST,SUP-003,2025-06-20,2025-06-25,2025-06-25,200,200,5,5,0,1,18.5,3700.0,Delivered
PO-10584,SKU-006,WH-WEST,SUP-003,2025-07-17,2025-07-22,2025-07-22,200,200,5,5,0,1,18.5,3700.0,Delivered
PO-10585,SKU-006,WH-WEST,SUP-003,2025-08-12,2025-08-17,2025-08-17,160,160,5,5,0,1,18.5,2960.0,Delivered
PO-10586,SKU-006,WH-WEST,SUP-003,2025-09-04,2025-09-09,2025-09-09,200,200,5,5,0,1,18.5,3700.0,Delivered
PO-10587,SKU-006,WH-WEST,SUP-003,2025-09-29,2025-10-04,2025-10-03,80,80,5,4,-1,1,18.5,1480.0,Delivered
PO-10588,SKU-006,WH-WEST,SUP-003,2025-10-15,2025-10-20,2025-10-20,200,200,5,5,0,1,18.5,3700.0,Delivered
PO-10589,SKU-006,WH-WEST,SUP-003,2025-11-01,2025-11-06,2025-11-06,240,240,5,5,0,1,18.5,4440.0,Delivered
PO-10590,SKU-006,WH-WEST,SUP-003,2025-11-26,2025-12-01,2025-11-30,160,160,5,4,-1,1,18.5,2960.0,Delivered
PO-10591,SKU-007,WH-EAST,SUP-002,2024-01-02,2024-01-23,2024-01-20,36,36,21,18,-3,1,220.0,7920.0,Delivered
PO-10592,SKU-007,WH-EAST,SUP-002,2024-01-16,2024-02-06,2024-02-06,12,12,21,21,0,1,220.0,2640.0,Delivered
PO-10593,SKU-007,WH-EAST,SUP-002,2024-02-14,2024-03-06,2024-03-05,36,36,21,20,-1,1,220.0,7920.0,Delivered
PO-10594,SKU-007,WH-EAST,SUP-002,2024-03-05,2024-03-26,2024-03-26,30,30,21,21,0,1,220.0,6600.0,Delivered
PO-10595,SKU-007,WH-EAST,SUP-002,2024-04-01,2024-04-22,2024-04-22,12,12,21,21,0,1,220.0,2640.0,Delivered
PO-10596,SKU-007,WH-EAST,SUP-002,2024-04-20,2024-05-11,2024-05-11,12,12,21,21,0,1,220.0,2640.0,Delivered
PO-10597,SKU-007,WH-EAST,SUP-002,2024-05-17,2024-06-07,2024-06-07,30,30,21,21,0,1,220.0,6600.0,Delivered
PO-10598,SKU-007,WH-EAST,SUP-002,2024-06-01,2024-06-22,2024-06-19,24,24,21,18,-3,1,220.0,5280.0,Delivered
PO-10599,SKU-007,WH-EAST,SUP-002,2024-06-18,2024-07-09,2024-07-09,18,18,21,21,0,1,220.0,3960.0,Delivered
PO-10600,SKU-007,WH-EAST,SUP-002,2024-07-08,2024-07-29,2024-07-29,24,24,21,21,0,1,220.0,5280.0,Delivered
PO-10601,SKU-007,WH-EAST,SUP-002,2024-07-29,2024-08-19,2024-08-18,18,18,21,20,-1,1,220.0,3960.0,Delivered
PO-10602,SKU-007,WH-EAST,SUP-002,2024-08-26,2024-09-16,2024-09-12,36,36,21,17,-4,1,220.0,7920.0,Delivered
PO-10603,SKU-007,WH-EAST,SUP-002,2024-09-12,2024-10-03,2024-10-03,36,36,21,21,0,1,220.0,7920.0,Delivered
PO-10604,SKU-007,WH-EAST,SUP-002,2024-10-09,2024-10-30,2024-10-30,18,18,21,21,0,1,220.0,3960.0,Delivered
PO-10605,SKU-007,WH-EAST,SUP-002,2024-10-29,2024-11-19,2024-11-19,36,36,21,21,0,1,220.0,7920.0,Delivered
PO-10606,SKU-007,WH-EAST,SUP-002,2024-11-25,2024-12-16,2024-12-16,12,12,21,21,0,1,220.0,2640.0,Delivered
PO-10607,SKU-007,WH-EAST,SUP-002,2024-12-11,2025-01-01,2024-12-27,18,18,21,16,-5,1,220.0,3960.0,Delivered
PO-10608,SKU-007,WH-EAST,SUP-002,2024-12-27,2025-01-17,2025-01-17,30,30,21,21,0,1,220.0,6600.0,Delivered
PO-10609,SKU-007,WH-EAST,SUP-002,2025-01-17,2025-02-07,2025-02-07,36,36,21,21,0,1,220.0,7920.0,Delivered
PO-10610,SKU-007,WH-EAST,SUP-002,2025-02-02,2025-02-23,2025-02-23,12,12,21,21,0,1,220.0,2640.0,Delivered
PO-10611,SKU-007,WH-EAST,SUP-002,2025-02-25,2025-03-18,2025-03-18,24,24,21,21,0,1,220.0,5280.0,Delivered
PO-10612,SKU-007,WH-EAST,SUP-002,2025-03-17,2025-04-07,2025-04-06,30,30,21,20,-1,1,220.0,6600.0,Delivered
PO-10613,SKU-007,WH-EAST,SUP-002,2025-04-03,2025-04-24,2025-04-22,18,18,21,19,-2,1,220.0,3960.0,Delivered
PO-10614,SKU-007,WH-EAST,SUP-002,2025-04-28,2025-05-19,2025-05-19,24,24,21,21,0,1,220.0,5280.0,Delivered
PO-10615,SKU-007,WH-EAST,SUP-002,2025-05-13,2025-06-03,2025-06-03,24,24,21,21,0,1,220.0,5280.0,Delivered
PO-10616,SKU-007,WH-EAST,SUP-002,2025-06-04,2025-06-25,2025-06-25,12,12,21,21,0,1,220.0,2640.0,Delivered
PO-10617,SKU-007,WH-EAST,SUP-002,2025-06-28,2025-07-19,2025-07-16,30,30,21,18,-3,1,220.0,6600.0,Delivered
PO-10618,SKU-007,WH-EAST,SUP-002,2025-07-24,2025-08-14,2025-08-08,24,24,21,15,-6,1,220.0,5280.0,Delivered
PO-10619,SKU-007,WH-EAST,SUP-002,2025-08-11,2025-09-01,2025-08-29,24,24,21,18,-3,1,220.0,5280.0,Delivered
PO-10620,SKU-007,WH-EAST,SUP-002,2025-09-07,2025-09-28,2025-09-26,24,24,21,19,-2,1,220.0,5280.0,Delivered
PO-10621,SKU-007,WH-EAST,SUP-002,2025-10-04,2025-10-25,2025-10-21,30,30,21,17,-4,1,220.0,6600.0,Delivered
PO-10622,SKU-007,WH-EAST,SUP-002,2025-10-18,2025-11-08,2025-11-05,18,18,21,18,-3,1,220.0,3960.0,Delivered
PO-10623,SKU-007,WH-EAST,SUP-002,2025-11-01,2025-11-22,2025-11-22,12,12,21,21,0,1,220.0,2640.0,Delivered
PO-10624,SKU-007,WH-EAST,SUP-002,2025-11-21,2025-12-12,2025-12-10,24,24,21,19,-2,1,220.0,5280.0,Delivered
PO-10625,SKU-007,WH-CENTRAL,SUP-002,2024-01-04,2024-01-25,2024-01-20,24,24,21,16,-5,1,220.0,5280.0,Delivered
PO-10626,SKU-007,WH-CENTRAL,SUP-002,2024-01-26,2024-02-16,2024-02-16,12,12,21,21,0,1,220.0,2640.0,Delivered
PO-10627,SKU-007,WH-CENTRAL,SUP-002,2024-02-21,2024-03-13,2024-03-11,12,12,21,19,-2,1,220.0,2640.0,Delivered
PO-10628,SKU-007,WH-CENTRAL,SUP-002,2024-03-12,2024-04-02,2024-04-01,18,18,21,20,-1,1,220.0,3960.0,Delivered
PO-10629,SKU-007,WH-CENTRAL,SUP-002,2024-04-04,2024-04-25,2024-04-23,12,12,21,19,-2,1,220.0,2640.0,Delivered
PO-10630,SKU-007,WH-CENTRAL,SUP-002,2024-05-03,2024-05-24,2024-05-24,30,30,21,21,0,1,220.0,6600.0,Delivered
PO-10631,SKU-007,WH-CENTRAL,SUP-002,2024-05-28,2024-06-18,2024-06-16,30,30,21,19,-2,1,220.0,6600.0,Delivered
PO-10632,SKU-007,WH-CENTRAL,SUP-002,2024-06-20,2024-07-11,2024-07-09,36,36,21,19,-2,1,220.0,7920.0,Delivered
PO-10633,SKU-007,WH-CENTRAL,SUP-002,2024-07-08,2024-07-29,2024-08-05,12,12,21,28,7,0,220.0,2640.0,Delivered
PO-10634,SKU-007,WH-CENTRAL,SUP-002,2024-08-02,2024-08-23,2024-08-21,24,24,21,19,-2,1,220.0,5280.0,Delivered
PO-10635,SKU-007,WH-CENTRAL,SUP-002,2024-08-19,2024-09-09,2024-10-03,24,24,21,45,24,0,220.0,5280.0,Delivered
PO-10636,SKU-007,WH-CENTRAL,SUP-002,2024-09-10,2024-10-01,2024-10-01,18,18,21,21,0,1,220.0,3960.0,Delivered
PO-10637,SKU-007,WH-CENTRAL,SUP-002,2024-10-02,2024-10-23,2024-10-23,12,12,21,21,0,1,220.0,2640.0,Delivered
PO-10638,SKU-007,WH-CENTRAL,SUP-002,2024-10-23,2024-11-13,2024-11-12,30,30,21,20,-1,1,220.0,6600.0,Delivered
PO-10639,SKU-007,WH-CENTRAL,SUP-002,2024-11-15,2024-12-06,2024-12-02,30,30,21,17,-4,1,220.0,6600.0,Delivered
PO-10640,SKU-007,WH-CENTRAL,SUP-002,2024-12-14,2025-01-04,2025-01-04,24,24,21,21,0,1,220.0,5280.0,Delivered
PO-10641,SKU-007,WH-CENTRAL,SUP-002,2025-01-04,2025-01-25,2025-01-25,30,30,21,21,0,1,220.0,6600.0,Delivered
PO-10642,SKU-007,WH-CENTRAL,SUP-002,2025-01-25,2025-02-15,2025-02-16,12,12,21,22,1,0,220.0,2640.0,Delivered
PO-10643,SKU-007,WH-CENTRAL,SUP-002,2025-02-14,2025-03-07,2025-03-06,12,12,21,20,-1,1,220.0,2640.0,Delivered
PO-10644,SKU-007,WH-CENTRAL,SUP-002,2025-03-15,2025-04-05,2025-04-03,18,18,21,19,-2,1,220.0,3960.0,Delivered
PO-10645,SKU-007,WH-CENTRAL,SUP-002,2025-04-01,2025-04-22,2025-04-21,18,18,21,20,-1,1,220.0,3960.0,Delivered
PO-10646,SKU-007,WH-CENTRAL,SUP-002,2025-04-15,2025-05-06,2025-05-05,12,12,21,20,-1,1,220.0,2640.0,Delivered
PO-10647,SKU-007,WH-CENTRAL,SUP-002,2025-05-04,2025-05-25,2025-05-25,30,30,21,21,0,1,220.0,6600.0,Delivered
PO-10648,SKU-007,WH-CENTRAL,SUP-002,2025-05-24,2025-06-14,2025-06-18,12,12,21,25,4,0,220.0,2640.0,Delivered
PO-10649,SKU-007,WH-CENTRAL,SUP-002,2025-06-15,2025-07-06,2025-07-06,30,30,21,21,0,1,220.0,6600.0,Delivered
PO-10650,SKU-007,WH-CENTRAL,SUP-002,2025-07-02,2025-07-23,2025-07-21,12,12,21,19,-2,1,220.0,2640.0,Delivered
PO-10651,SKU-007,WH-CENTRAL,SUP-002,2025-07-31,2025-08-21,2025-08-19,36,36,21,19,-2,1,220.0,7920.0,Delivered
PO-10652,SKU-007,WH-CENTRAL,SUP-002,2025-08-26,2025-09-16,2025-09-16,12,12,21,21,0,1,220.0,2640.0,Delivered
PO-10653,SKU-007,WH-CENTRAL,SUP-002,2025-09-19,2025-10-10,2025-10-10,18,18,21,21,0,1,220.0,3960.0,Delivered
PO-10654,SKU-007,WH-CENTRAL,SUP-002,2025-10-04,2025-10-25,2025-10-22,36,36,21,18,-3,1,220.0,7920.0,Delivered
PO-10655,SKU-007,WH-CENTRAL,SUP-002,2025-10-26,2025-11-16,2025-11-08,36,36,21,13,-8,1,220.0,7920.0,Delivered
PO-10656,SKU-007,WH-CENTRAL,SUP-002,2025-11-11,2025-12-02,2025-12-02,24,24,21,21,0,1,220.0,5280.0,Delivered
PO-10657,SKU-007,WH-CENTRAL,SUP-002,2025-11-28,2025-12-19,2025-12-18,36,36,21,20,-1,1,220.0,7920.0,Delivered
PO-10658,SKU-007,WH-WEST,SUP-002,2024-01-09,2024-01-30,2024-01-28,18,18,21,19,-2,1,220.0,3960.0,Delivered
PO-10659,SKU-007,WH-WEST,SUP-002,2024-01-25,2024-02-15,2024-02-23,36,36,21,29,8,0,220.0,7920.0,Delivered
PO-10660,SKU-007,WH-WEST,SUP-002,2024-02-12,2024-03-04,2024-03-04,12,12,21,21,0,1,220.0,2640.0,Delivered
PO-10661,SKU-007,WH-WEST,SUP-002,2024-02-29,2024-03-21,2024-03-19,36,36,21,19,-2,1,220.0,7920.0,Delivered
PO-10662,SKU-007,WH-WEST,SUP-002,2024-03-18,2024-04-08,2024-04-08,18,18,21,21,0,1,220.0,3960.0,Delivered
PO-10663,SKU-007,WH-WEST,SUP-002,2024-04-07,2024-04-28,2024-04-28,24,24,21,21,0,1,220.0,5280.0,Delivered
PO-10664,SKU-007,WH-WEST,SUP-002,2024-04-24,2024-05-15,2024-05-15,30,30,21,21,0,1,220.0,6600.0,Delivered
PO-10665,SKU-007,WH-WEST,SUP-002,2024-05-22,2024-06-12,2024-06-11,12,12,21,20,-1,1,220.0,2640.0,Delivered
PO-10666,SKU-007,WH-WEST,SUP-002,2024-06-20,2024-07-11,2024-07-11,30,30,21,21,0,1,220.0,6600.0,Delivered
PO-10667,SKU-007,WH-WEST,SUP-002,2024-07-13,2024-08-03,2024-07-30,18,18,21,17,-4,1,220.0,3960.0,Delivered
PO-10668,SKU-007,WH-WEST,SUP-002,2024-08-01,2024-08-22,2024-08-20,12,12,21,19,-2,1,220.0,2640.0,Delivered
PO-10669,SKU-007,WH-WEST,SUP-002,2024-08-16,2024-09-06,2024-09-06,18,18,21,21,0,1,220.0,3960.0,Delivered
PO-10670,SKU-007,WH-WEST,SUP-002,2024-09-10,2024-10-01,2024-09-28,24,24,21,18,-3,1,220.0,5280.0,Delivered
PO-10671,SKU-007,WH-WEST,SUP-002,2024-09-29,2024-10-20,2024-10-18,24,24,21,19,-2,1,220.0,5280.0,Delivered
PO-10672,SKU-007,WH-WEST,SUP-002,2024-10-28,2024-11-18,2024-11-18,12,12,21,21,0,1,220.0,2640.0,Delivered
PO-10673,SKU-007,WH-WEST,SUP-002,2024-11-18,2024-12-09,2024-12-05,18,18,21,17,-4,1,220.0,3960.0,Delivered
PO-10674,SKU-007,WH-WEST,SUP-002,2024-12-04,2024-12-25,2024-12-25,12,12,21,21,0,1,220.0,2640.0,Delivered
PO-10675,SKU-007,WH-WEST,SUP-002,2024-12-21,2025-01-11,2025-01-17,12,12,21,27,6,0,220.0,2640.0,Delivered
PO-10676,SKU-007,WH-WEST,SUP-002,2025-01-11,2025-02-01,2025-02-01,36,36,21,21,0,1,220.0,7920.0,Delivered
PO-10677,SKU-007,WH-WEST,SUP-002,2025-01-29,2025-02-19,2025-02-19,12,12,21,21,0,1,220.0,2640.0,Delivered
PO-10678,SKU-007,WH-WEST,SUP-002,2025-02-25,2025-03-18,2025-03-18,18,18,21,21,0,1,220.0,3960.0,Delivered
PO-10679,SKU-007,WH-WEST,SUP-002,2025-03-13,2025-04-03,2025-04-03,30,30,21,21,0,1,220.0,6600.0,Delivered
PO-10680,SKU-007,WH-WEST,SUP-002,2025-03-30,2025-04-20,2025-04-18,12,12,21,19,-2,1,220.0,2640.0,Delivered
PO-10681,SKU-007,WH-WEST,SUP-002,2025-04-13,2025-05-04,2025-05-04,18,18,21,21,0,1,220.0,3960.0,Delivered
PO-10682,SKU-007,WH-WEST,SUP-002,2025-05-12,2025-06-02,2025-06-02,36,36,21,21,0,1,220.0,7920.0,Delivered
PO-10683,SKU-007,WH-WEST,SUP-002,2025-06-04,2025-06-25,2025-06-23,24,24,21,19,-2,1,220.0,5280.0,Delivered
PO-10684,SKU-007,WH-WEST,SUP-002,2025-06-20,2025-07-11,2025-07-18,18,18,21,28,7,0,220.0,3960.0,Delivered
PO-10685,SKU-007,WH-WEST,SUP-002,2025-07-04,2025-07-25,2025-07-25,12,12,21,21,0,1,220.0,2640.0,Delivered
PO-10686,SKU-007,WH-WEST,SUP-002,2025-07-28,2025-08-18,2025-08-18,18,18,21,21,0,1,220.0,3960.0,Delivered
PO-10687,SKU-007,WH-WEST,SUP-002,2025-08-26,2025-09-16,2025-09-13,18,18,21,18,-3,1,220.0,3960.0,Delivered
PO-10688,SKU-007,WH-WEST,SUP-002,2025-09-23,2025-10-14,2025-10-23,30,30,21,30,9,0,220.0,6600.0,Delivered
PO-10689,SKU-007,WH-WEST,SUP-002,2025-10-20,2025-11-10,2025-12-08,36,36,21,49,28,0,220.0,7920.0,Delivered
PO-10690,SKU-007,WH-WEST,SUP-002,2025-11-15,2025-12-06,2025-12-03,30,30,21,18,-3,1,220.0,6600.0,Delivered
PO-10691,SKU-008,WH-EAST,SUP-008,2024-01-15,2024-02-09,2024-02-09,100,100,25,25,0,1,54.0,5400.0,Delivered
PO-10692,SKU-008,WH-EAST,SUP-008,2024-01-31,2024-02-25,2024-03-07,50,50,25,36,11,0,54.0,2700.0,Delivered
PO-10693,SKU-008,WH-EAST,SUP-008,2024-02-19,2024-03-15,2024-03-14,75,75,25,24,-1,1,54.0,4050.0,Delivered
PO-10694,SKU-008,WH-EAST,SUP-008,2024-03-15,2024-04-09,2024-04-09,50,50,25,25,0,1,54.0,2700.0,Delivered
PO-10695,SKU-008,WH-EAST,SUP-008,2024-03-31,2024-04-25,2024-05-03,100,100,25,33,8,0,54.0,5400.0,Delivered
PO-10696,SKU-008,WH-EAST,SUP-008,2024-04-22,2024-05-17,2024-05-22,50,50,25,30,5,0,54.0,2700.0,Delivered
PO-10697,SKU-008,WH-EAST,SUP-008,2024-05-18,2024-06-12,2024-06-12,75,75,25,25,0,1,54.0,4050.0,Delivered
PO-10698,SKU-008,WH-EAST,SUP-008,2024-06-15,2024-07-10,2024-07-09,150,150,25,24,-1,1,54.0,8100.0,Delivered
PO-10699,SKU-008,WH-EAST,SUP-008,2024-07-02,2024-07-27,2024-07-27,75,75,25,25,0,1,54.0,4050.0,Delivered
PO-10700,SKU-008,WH-EAST,SUP-008,2024-07-18,2024-08-12,2024-08-12,50,50,25,25,0,1,54.0,2700.0,Delivered
PO-10701,SKU-008,WH-EAST,SUP-008,2024-08-07,2024-09-01,2024-09-01,125,125,25,25,0,1,54.0,6750.0,Delivered
PO-10702,SKU-008,WH-EAST,SUP-008,2024-08-22,2024-09-16,2024-09-16,50,50,25,25,0,1,54.0,2700.0,Delivered
PO-10703,SKU-008,WH-EAST,SUP-008,2024-09-10,2024-10-05,2024-10-03,125,125,25,23,-2,1,54.0,6750.0,Delivered
PO-10704,SKU-008,WH-EAST,SUP-008,2024-10-08,2024-11-02,2024-12-18,150,150,25,71,46,0,54.0,8100.0,Delivered
PO-10705,SKU-008,WH-EAST,SUP-008,2024-10-31,2024-11-25,2024-11-25,125,125,25,25,0,1,54.0,6750.0,Delivered
PO-10706,SKU-008,WH-EAST,SUP-008,2024-11-14,2024-12-09,2024-12-09,100,100,25,25,0,1,54.0,5400.0,Delivered
PO-10707,SKU-008,WH-EAST,SUP-008,2024-12-06,2024-12-31,2025-01-25,125,125,25,50,25,0,54.0,6750.0,Delivered
PO-10708,SKU-008,WH-EAST,SUP-008,2024-12-24,2025-01-18,2025-01-12,50,50,25,19,-6,1,54.0,2700.0,Delivered
PO-10709,SKU-008,WH-EAST,SUP-008,2025-01-08,2025-02-02,2025-01-31,100,100,25,23,-2,1,54.0,5400.0,Delivered
PO-10710,SKU-008,WH-EAST,SUP-008,2025-01-29,2025-02-23,2025-02-23,100,100,25,25,0,1,54.0,5400.0,Delivered
PO-10711,SKU-008,WH-EAST,SUP-008,2025-02-13,2025-03-10,2025-03-10,100,100,25,25,0,1,54.0,5400.0,Delivered
PO-10712,SKU-008,WH-EAST,SUP-008,2025-03-13,2025-04-07,2025-04-13,125,125,25,31,6,0,54.0,6750.0,Delivered
PO-10713,SKU-008,WH-EAST,SUP-008,2025-04-11,2025-05-06,2025-05-02,50,50,25,21,-4,1,54.0,2700.0,Delivered
PO-10714,SKU-008,WH-EAST,SUP-008,2025-05-05,2025-05-30,2025-05-29,100,100,25,24,-1,1,54.0,5400.0,Delivered
PO-10715,SKU-008,WH-EAST,SUP-008,2025-05-26,2025-06-20,2025-06-20,50,50,25,25,0,1,54.0,2700.0,Delivered
PO-10716,SKU-008,WH-EAST,SUP-008,2025-06-19,2025-07-14,2025-07-14,150,150,25,25,0,1,54.0,8100.0,Delivered
PO-10717,SKU-008,WH-EAST,SUP-008,2025-07-06,2025-07-31,2025-08-02,50,50,25,27,2,0,54.0,2700.0,Delivered
PO-10718,SKU-008,WH-EAST,SUP-008,2025-07-26,2025-08-20,2025-08-20,50,50,25,25,0,1,54.0,2700.0,Delivered
PO-10719,SKU-008,WH-EAST,SUP-008,2025-08-14,2025-09-08,2025-09-07,150,150,25,24,-1,1,54.0,8100.0,Delivered
PO-10720,SKU-008,WH-EAST,SUP-008,2025-08-28,2025-09-22,2025-09-19,125,125,25,22,-3,1,54.0,6750.0,Delivered
PO-10721,SKU-008,WH-EAST,SUP-008,2025-09-16,2025-10-11,2025-10-07,125,125,25,21,-4,1,54.0,6750.0,Delivered
PO-10722,SKU-008,WH-EAST,SUP-008,2025-10-02,2025-10-27,2025-10-27,75,75,25,25,0,1,54.0,4050.0,Delivered
PO-10723,SKU-008,WH-EAST,SUP-008,2025-10-18,2025-11-12,2025-11-12,100,100,25,25,0,1,54.0,5400.0,Delivered
PO-10724,SKU-008,WH-EAST,SUP-008,2025-11-15,2025-12-10,2025-12-10,100,100,25,25,0,1,54.0,5400.0,Delivered
PO-10725,SKU-008,WH-CENTRAL,SUP-008,2024-01-10,2024-02-04,2024-02-04,150,150,25,25,0,1,54.0,8100.0,Delivered
PO-10726,SKU-008,WH-CENTRAL,SUP-008,2024-02-07,2024-03-03,2024-03-03,100,100,25,25,0,1,54.0,5400.0,Delivered
PO-10727,SKU-008,WH-CENTRAL,SUP-008,2024-02-24,2024-03-20,2024-03-17,100,100,25,22,-3,1,54.0,5400.0,Delivered
PO-10728,SKU-008,WH-CENTRAL,SUP-008,2024-03-19,2024-04-13,2024-04-13,100,100,25,25,0,1,54.0,5400.0,Delivered
PO-10729,SKU-008,WH-CENTRAL,SUP-008,2024-04-06,2024-05-01,2024-05-01,125,125,25,25,0,1,54.0,6750.0,Delivered
PO-10730,SKU-008,WH-CENTRAL,SUP-008,2024-04-25,2024-05-20,2024-05-18,75,75,25,23,-2,1,54.0,4050.0,Delivered
PO-10731,SKU-008,WH-CENTRAL,SUP-008,2024-05-17,2024-06-11,2024-06-11,150,150,25,25,0,1,54.0,8100.0,Delivered
PO-10732,SKU-008,WH-CENTRAL,SUP-008,2024-06-11,2024-07-06,2024-07-06,100,100,25,25,0,1,54.0,5400.0,Delivered
PO-10733,SKU-008,WH-CENTRAL,SUP-008,2024-07-02,2024-07-27,2024-08-08,75,75,25,37,12,0,54.0,4050.0,Delivered
PO-10734,SKU-008,WH-CENTRAL,SUP-008,2024-07-31,2024-08-25,2024-09-01,50,50,25,32,7,0,54.0,2700.0,Delivered
PO-10735,SKU-008,WH-CENTRAL,SUP-008,2024-08-16,2024-09-10,2024-09-10,100,100,25,25,0,1,54.0,5400.0,Delivered
PO-10736,SKU-008,WH-CENTRAL,SUP-008,2024-09-14,2024-10-09,2024-10-09,150,150,25,25,0,1,54.0,8100.0,Delivered
PO-10737,SKU-008,WH-CENTRAL,SUP-008,2024-10-11,2024-11-05,2024-11-05,100,100,25,25,0,1,54.0,5400.0,Delivered
PO-10738,SKU-008,WH-CENTRAL,SUP-008,2024-11-05,2024-11-30,2024-12-05,125,125,25,30,5,0,54.0,6750.0,Delivered
PO-10739,SKU-008,WH-CENTRAL,SUP-008,2024-11-21,2024-12-16,2024-12-14,125,125,25,23,-2,1,54.0,6750.0,Delivered
PO-10740,SKU-008,WH-CENTRAL,SUP-008,2024-12-07,2025-01-01,2024-12-28,150,150,25,21,-4,1,54.0,8100.0,Delivered
PO-10741,SKU-008,WH-CENTRAL,SUP-008,2024-12-21,2025-01-15,2025-01-18,50,50,25,28,3,0,54.0,2700.0,Delivered
PO-10742,SKU-008,WH-CENTRAL,SUP-008,2025-01-15,2025-02-09,2025-02-04,100,100,25,20,-5,1,54.0,5400.0,Delivered
PO-10743,SKU-008,WH-CENTRAL,SUP-008,2025-02-05,2025-03-02,2025-03-02,150,150,25,25,0,1,54.0,8100.0,Delivered
PO-10744,SKU-008,WH-CENTRAL,SUP-008,2025-03-03,2025-03-28,2025-03-27,75,75,25,24,-1,1,54.0,4050.0,Delivered
PO-10745,SKU-008,WH-CENTRAL,SUP-008,2025-03-21,2025-04-15,2025-04-15,50,50,25,25,0,1,54.0,2700.0,Delivered
PO-10746,SKU-008,WH-CENTRAL,SUP-008,2025-04-17,2025-05-12,2025-05-21,75,75,25,34,9,0,54.0,4050.0,Delivered
PO-10747,SKU-008,WH-CENTRAL,SUP-008,2025-05-12,2025-06-06,2025-06-06,100,100,25,25,0,1,54.0,5400.0,Delivered
PO-10748,SKU-008,WH-CENTRAL,SUP-008,2025-05-31,2025-06-25,2025-06-25,75,75,25,25,0,1,54.0,4050.0,Delivered
PO-10749,SKU-008,WH-CENTRAL,SUP-008,2025-06-21,2025-07-16,2025-07-16,125,125,25,25,0,1,54.0,6750.0,Delivered
PO-10750,SKU-008,WH-CENTRAL,SUP-008,2025-07-07,2025-08-01,2025-07-26,150,150,25,19,-6,1,54.0,8100.0,Delivered
PO-10751,SKU-008,WH-CENTRAL,SUP-008,2025-07-29,2025-08-23,2025-08-19,75,75,25,21,-4,1,54.0,4050.0,Delivered
PO-10752,SKU-008,WH-CENTRAL,SUP-008,2025-08-14,2025-09-08,2025-09-13,75,75,25,30,5,0,54.0,4050.0,Delivered
PO-10753,SKU-008,WH-CENTRAL,SUP-008,2025-09-07,2025-10-02,2025-10-02,50,50,25,25,0,1,54.0,2700.0,Delivered
PO-10754,SKU-008,WH-CENTRAL,SUP-008,2025-09-25,2025-10-20,2025-10-20,75,75,25,25,0,1,54.0,4050.0,Delivered
PO-10755,SKU-008,WH-CENTRAL,SUP-008,2025-10-11,2025-11-05,2025-11-05,150,150,25,25,0,1,54.0,8100.0,Delivered
PO-10756,SKU-008,WH-CENTRAL,SUP-008,2025-10-26,2025-11-20,2025-11-19,100,100,25,24,-1,1,54.0,5400.0,Delivered
PO-10757,SKU-008,WH-CENTRAL,SUP-008,2025-11-09,2025-12-04,2025-12-30,150,150,25,51,26,0,54.0,8100.0,Delivered
PO-10758,SKU-008,WH-WEST,SUP-008,2024-01-08,2024-02-02,2024-02-02,150,150,25,25,0,1,54.0,8100.0,Delivered
PO-10759,SKU-008,WH-WEST,SUP-008,2024-01-25,2024-02-19,2024-02-25,100,100,25,31,6,0,54.0,5400.0,Delivered
PO-10760,SKU-008,WH-WEST,SUP-008,2024-02-11,2024-03-07,2024-03-04,100,100,25,22,-3,1,54.0,5400.0,Delivered
PO-10761,SKU-008,WH-WEST,SUP-008,2024-02-26,2024-03-22,2024-04-27,125,125,25,61,36,0,54.0,6750.0,Delivered
PO-10762,SKU-008,WH-WEST,SUP-008,2024-03-15,2024-04-09,2024-04-08,50,50,25,24,-1,1,54.0,2700.0,Delivered
PO-10763,SKU-008,WH-WEST,SUP-008,2024-03-29,2024-04-23,2024-04-23,150,150,25,25,0,1,54.0,8100.0,Delivered
PO-10764,SKU-008,WH-WEST,SUP-008,2024-04-15,2024-05-10,2024-05-10,75,75,25,25,0,1,54.0,4050.0,Delivered
PO-10765,SKU-008,WH-WEST,SUP-008,2024-05-11,2024-06-05,2024-06-06,50,50,25,26,1,0,54.0,2700.0,Delivered
PO-10766,SKU-008,WH-WEST,SUP-008,2024-06-09,2024-07-04,2024-07-15,100,100,25,36,11,0,54.0,5400.0,Delivered
PO-10767,SKU-008,WH-WEST,SUP-008,2024-06-27,2024-07-22,2024-07-22,75,75,25,25,0,1,54.0,4050.0,Delivered
PO-10768,SKU-008,WH-WEST,SUP-008,2024-07-14,2024-08-08,2024-07-31,125,125,25,17,-8,1,54.0,6750.0,Delivered
PO-10769,SKU-008,WH-WEST,SUP-008,2024-07-28,2024-08-22,2024-08-29,125,125,25,32,7,0,54.0,6750.0,Delivered
PO-10770,SKU-008,WH-WEST,SUP-008,2024-08-26,2024-09-20,2024-09-20,75,75,25,25,0,1,54.0,4050.0,Delivered
PO-10771,SKU-008,WH-WEST,SUP-008,2024-09-09,2024-10-04,2024-10-04,50,50,25,25,0,1,54.0,2700.0,Delivered
PO-10772,SKU-008,WH-WEST,SUP-008,2024-09-29,2024-10-24,2024-10-26,100,100,25,27,2,0,54.0,5400.0,Delivered
PO-10773,SKU-008,WH-WEST,SUP-008,2024-10-28,2024-11-22,2024-11-22,50,50,25,25,0,1,54.0,2700.0,Delivered
PO-10774,SKU-008,WH-WEST,SUP-008,2024-11-23,2024-12-18,2024-12-17,150,150,25,24,-1,1,54.0,8100.0,Delivered
PO-10775,SKU-008,WH-WEST,SUP-008,2024-12-20,2025-01-14,2025-01-12,75,75,25,23,-2,1,54.0,4050.0,Delivered
PO-10776,SKU-008,WH-WEST,SUP-008,2025-01-11,2025-02-05,2025-02-05,100,100,25,25,0,1,54.0,5400.0,Delivered
PO-10777,SKU-008,WH-WEST,SUP-008,2025-02-01,2025-02-26,2025-02-28,150,150,25,27,2,0,54.0,8100.0,Delivered
PO-10778,SKU-008,WH-WEST,SUP-008,2025-02-19,2025-03-16,2025-03-16,100,100,25,25,0,1,54.0,5400.0,Delivered
PO-10779,SKU-008,WH-WEST,SUP-008,2025-03-11,2025-04-05,2025-03-28,150,150,25,17,-8,1,54.0,8100.0,Delivered
PO-10780,SKU-008,WH-WEST,SUP-008,2025-04-05,2025-04-30,2025-04-25,50,50,25,20,-5,1,54.0,2700.0,Delivered
PO-10781,SKU-008,WH-WEST,SUP-008,2025-04-25,2025-05-20,2025-05-20,125,125,25,25,0,1,54.0,6750.0,Delivered
PO-10782,SKU-008,WH-WEST,SUP-008,2025-05-10,2025-06-04,2025-06-14,100,100,25,35,10,0,54.0,5400.0,Delivered
PO-10783,SKU-008,WH-WEST,SUP-008,2025-05-25,2025-06-19,2025-07-06,125,125,25,42,17,0,54.0,6750.0,Delivered
PO-10784,SKU-008,WH-WEST,SUP-008,2025-06-09,2025-07-04,2025-07-02,150,150,25,23,-2,1,54.0,8100.0,Delivered
PO-10785,SKU-008,WH-WEST,SUP-008,2025-06-26,2025-07-21,2025-07-21,50,50,25,25,0,1,54.0,2700.0,Delivered
PO-10786,SKU-008,WH-WEST,SUP-008,2025-07-16,2025-08-10,2025-07-30,75,75,25,14,-11,1,54.0,4050.0,Delivered
PO-10787,SKU-008,WH-WEST,SUP-008,2025-08-06,2025-08-31,2025-08-31,100,100,25,25,0,1,54.0,5400.0,Delivered
PO-10788,SKU-008,WH-WEST,SUP-008,2025-09-04,2025-09-29,2025-09-25,150,150,25,21,-4,1,54.0,8100.0,Delivered
PO-10789,SKU-008,WH-WEST,SUP-008,2025-09-18,2025-10-13,2025-10-24,75,75,25,36,11,0,54.0,4050.0,Delivered
PO-10790,SKU-008,WH-WEST,SUP-008,2025-10-03,2025-10-28,2025-10-28,150,150,25,25,0,1,54.0,8100.0,Delivered
PO-10791,SKU-008,WH-WEST,SUP-008,2025-10-31,2025-11-25,2025-11-21,50,50,25,21,-4,1,54.0,2700.0,Delivered
PO-10792,SKU-008,WH-WEST,SUP-008,2025-11-18,2025-12-13,2025-12-13,75,75,25,25,0,1,54.0,4050.0,Delivered
PO-10793,SKU-009,WH-EAST,SUP-006,2024-01-14,2024-02-01,2024-02-01,45,45,18,18,0,1,92.0,4140.0,Delivered
PO-10794,SKU-009,WH-EAST,SUP-006,2024-02-11,2024-02-29,2024-02-24,90,90,18,13,-5,1,92.0,8280.0,Delivered
PO-10795,SKU-009,WH-EAST,SUP-006,2024-02-26,2024-03-15,2024-03-13,75,75,18,16,-2,1,92.0,6900.0,Delivered
PO-10796,SKU-009,WH-EAST,SUP-006,2024-03-21,2024-04-08,2024-04-14,75,75,18,24,6,0,92.0,6900.0,Delivered
PO-10797,SKU-009,WH-EAST,SUP-006,2024-04-13,2024-05-01,2024-05-06,45,45,18,23,5,0,92.0,4140.0,Delivered
PO-10798,SKU-009,WH-EAST,SUP-006,2024-05-12,2024-05-30,2024-05-29,30,30,18,17,-1,1,92.0,2760.0,Delivered
PO-10799,SKU-009,WH-EAST,SUP-006,2024-06-10,2024-06-28,2024-06-28,45,45,18,18,0,1,92.0,4140.0,Delivered
PO-10800,SKU-009,WH-EAST,SUP-006,2024-07-03,2024-07-21,2024-07-30,60,60,18,27,9,0,92.0,5520.0,Delivered
PO-10801,SKU-009,WH-EAST,SUP-006,2024-07-26,2024-08-13,2024-08-16,30,30,18,21,3,0,92.0,2760.0,Delivered
PO-10802,SKU-009,WH-EAST,SUP-006,2024-08-09,2024-08-27,2024-08-24,75,75,18,15,-3,1,92.0,6900.0,Delivered
PO-10803,SKU-009,WH-EAST,SUP-006,2024-09-04,2024-09-22,2024-09-22,60,60,18,18,0,1,92.0,5520.0,Delivered
PO-10804,SKU-009,WH-EAST,SUP-006,2024-09-28,2024-10-16,2024-10-13,30,30,18,15,-3,1,92.0,2760.0,Delivered
PO-10805,SKU-009,WH-EAST,SUP-006,2024-10-27,2024-11-14,2024-11-11,45,45,18,15,-3,1,92.0,4140.0,Delivered
PO-10806,SKU-009,WH-EAST,SUP-006,2024-11-14,2024-12-02,2024-12-01,90,90,18,17,-1,1,92.0,8280.0,Delivered
PO-10807,SKU-009,WH-EAST,SUP-006,2024-11-28,2024-12-16,2024-12-15,45,45,18,17,-1,1,92.0,4140.0,Delivered
PO-10808,SKU-009,WH-EAST,SUP-006,2024-12-15,2025-01-02,2025-01-02,75,75,18,18,0,1,92.0,6900.0,Delivered
PO-10809,SKU-009,WH-EAST,SUP-006,2025-01-01,2025-01-19,2025-01-16,30,30,18,15,-3,1,92.0,2760.0,Delivered
PO-10810,SKU-009,WH-EAST,SUP-006,2025-01-30,2025-02-17,2025-02-18,90,90,18,19,1,0,92.0,8280.0,Delivered
PO-10811,SKU-009,WH-EAST,SUP-006,2025-02-26,2025-03-16,2025-03-15,60,60,18,17,-1,1,92.0,5520.0,Delivered
PO-10812,SKU-009,WH-EAST,SUP-006,2025-03-16,2025-04-03,2025-04-03,45,45,18,18,0,1,92.0,4140.0,Delivered
PO-10813,SKU-009,WH-EAST,SUP-006,2025-04-10,2025-04-28,2025-04-27,30,30,18,17,-1,1,92.0,2760.0,Delivered
PO-10814,SKU-009,WH-EAST,SUP-006,2025-05-02,2025-05-20,2025-05-20,60,60,18,18,0,1,92.0,5520.0,Delivered
PO-10815,SKU-009,WH-EAST,SUP-006,2025-05-20,2025-06-07,2025-06-10,60,60,18,21,3,0,92.0,5520.0,Delivered
PO-10816,SKU-009,WH-EAST,SUP-006,2025-06-06,2025-06-24,2025-06-24,60,60,18,18,0,1,92.0,5520.0,Delivered
PO-10817,SKU-009,WH-EAST,SUP-006,2025-06-21,2025-07-09,2025-07-09,75,75,18,18,0,1,92.0,6900.0,Delivered
PO-10818,SKU-009,WH-EAST,SUP-006,2025-07-17,2025-08-04,2025-08-04,60,60,18,18,0,1,92.0,5520.0,Delivered
PO-10819,SKU-009,WH-EAST,SUP-006,2025-08-14,2025-09-01,2025-09-01,60,60,18,18,0,1,92.0,5520.0,Delivered
PO-10820,SKU-009,WH-EAST,SUP-006,2025-09-05,2025-09-23,2025-09-21,75,75,18,16,-2,1,92.0,6900.0,Delivered
PO-10821,SKU-009,WH-EAST,SUP-006,2025-10-01,2025-10-19,2025-10-15,90,90,18,14,-4,1,92.0,8280.0,Delivered
PO-10822,SKU-009,WH-EAST,SUP-006,2025-10-19,2025-11-06,2025-11-06,60,60,18,18,0,1,92.0,5520.0,Delivered
PO-10823,SKU-009,WH-EAST,SUP-006,2025-11-06,2025-11-24,2025-11-24,75,75,18,18,0,1,92.0,6900.0,Delivered
PO-10824,SKU-009,WH-CENTRAL,SUP-006,2024-01-09,2024-01-27,2024-01-27,60,60,18,18,0,1,92.0,5520.0,Delivered
PO-10825,SKU-009,WH-CENTRAL,SUP-006,2024-02-07,2024-02-25,2024-02-25,30,30,18,18,0,1,92.0,2760.0,Delivered
PO-10826,SKU-009,WH-CENTRAL,SUP-006,2024-03-07,2024-03-25,2024-03-24,75,75,18,17,-1,1,92.0,6900.0,Delivered
PO-10827,SKU-009,WH-CENTRAL,SUP-006,2024-03-25,2024-04-12,2024-04-10,90,90,18,16,-2,1,92.0,8280.0,Delivered
PO-10828,SKU-009,WH-CENTRAL,SUP-006,2024-04-23,2024-05-11,2024-05-11,45,45,18,18,0,1,92.0,4140.0,Delivered
PO-10829,SKU-009,WH-CENTRAL,SUP-006,2024-05-16,2024-06-03,2024-06-02,60,60,18,17,-1,1,92.0,5520.0,Delivered
PO-10830,SKU-009,WH-CENTRAL,SUP-006,2024-06-02,2024-06-20,2024-06-20,60,60,18,18,0,1,92.0,5520.0,Delivered
PO-10831,SKU-009,WH-CENTRAL,SUP-006,2024-06-26,2024-07-14,2024-07-14,75,75,18,18,0,1,92.0,6900.0,Delivered
PO-10832,SKU-009,WH-CENTRAL,SUP-006,2024-07-13,2024-07-31,2024-07-30,30,30,18,17,-1,1,92.0,2760.0,Delivered
PO-10833,SKU-009,WH-CENTRAL,SUP-006,2024-07-31,2024-08-18,2024-08-12,45,45,18,12,-6,1,92.0,4140.0,Delivered
PO-10834,SKU-009,WH-CENTRAL,SUP-006,2024-08-27,2024-09-14,2024-09-14,60,60,18,18,0,1,92.0,5520.0,Delivered
PO-10835,SKU-009,WH-CENTRAL,SUP-006,2024-09-17,2024-10-05,2024-10-05,45,45,18,18,0,1,92.0,4140.0,Delivered
PO-10836,SKU-009,WH-CENTRAL,SUP-006,2024-10-02,2024-10-20,2024-10-28,75,75,18,26,8,0,92.0,6900.0,Delivered
PO-10837,SKU-009,WH-CENTRAL,SUP-006,2024-10-22,2024-11-09,2024-11-19,30,30,18,28,10,0,92.0,2760.0,Delivered
PO-10838,SKU-009,WH-CENTRAL,SUP-006,2024-11-15,2024-12-03,2024-12-03,75,75,18,18,0,1,92.0,6900.0,Delivered
PO-10839,SKU-009,WH-CENTRAL,SUP-006,2024-11-30,2024-12-18,2024-12-14,60,60,18,14,-4,1,92.0,5520.0,Delivered
PO-10840,SKU-009,WH-CENTRAL,SUP-006,2024-12-27,2025-01-14,2025-01-16,90,90,18,20,2,0,92.0,8280.0,Delivered
PO-10841,SKU-009,WH-CENTRAL,SUP-006,2025-01-16,2025-02-03,2025-02-09,30,30,18,24,6,0,92.0,2760.0,Delivered
PO-10842,SKU-009,WH-CENTRAL,SUP-006,2025-02-08,2025-02-26,2025-02-26,60,60,18,18,0,1,92.0,5520.0,Delivered
PO-10843,SKU-009,WH-CENTRAL,SUP-006,2025-02-23,2025-03-13,2025-03-21,60,60,18,26,8,0,92.0,5520.0,Delivered
PO-10844,SKU-009,WH-CENTRAL,SUP-006,2025-03-15,2025-04-02,2025-04-02,30,30,18,18,0,1,92.0,2760.0,Delivered
PO-10845,SKU-009,WH-CENTRAL,SUP-006,2025-04-04,2025-04-22,2025-05-16,30,30,18,42,24,0,92.0,2760.0,Delivered
PO-10846,SKU-009,WH-CENTRAL,SUP-006,2025-04-28,2025-05-16,2025-05-16,75,75,18,18,0,1,92.0,6900.0,Delivered
PO-10847,SKU-009,WH-CENTRAL,SUP-006,2025-05-23,2025-06-10,2025-06-10,90,90,18,18,0,1,92.0,8280.0,Delivered
PO-10848,SKU-009,WH-CENTRAL,SUP-006,2025-06-17,2025-07-05,2025-07-09,60,60,18,22,4,0,92.0,5520.0,Delivered
PO-10849,SKU-009,WH-CENTRAL,SUP-006,2025-07-04,2025-07-22,2025-07-27,75,75,18,23,5,0,92.0,6900.0,Delivered
PO-10850,SKU-009,WH-CENTRAL,SUP-006,2025-07-20,2025-08-07,2025-08-07,45,45,18,18,0,1,92.0,4140.0,Delivered
PO-10851,SKU-009,WH-CENTRAL,SUP-006,2025-08-11,2025-08-29,2025-08-28,90,90,18,17,-1,1,92.0,8280.0,Delivered
PO-10852,SKU-009,WH-CENTRAL,SUP-006,2025-09-05,2025-09-23,2025-09-23,45,45,18,18,0,1,92.0,4140.0,Delivered
PO-10853,SKU-009,WH-CENTRAL,SUP-006,2025-09-29,2025-10-17,2025-10-14,45,45,18,15,-3,1,92.0,4140.0,Delivered
PO-10854,SKU-009,WH-CENTRAL,SUP-006,2025-10-28,2025-11-15,2025-11-15,90,90,18,18,0,1,92.0,8280.0,Delivered
PO-10855,SKU-009,WH-CENTRAL,SUP-006,2025-11-11,2025-11-29,2025-11-29,75,75,18,18,0,1,92.0,6900.0,Delivered
PO-10856,SKU-009,WH-CENTRAL,SUP-006,2025-11-27,2025-12-15,2025-12-15,30,30,18,18,0,1,92.0,2760.0,Delivered
PO-10857,SKU-009,WH-WEST,SUP-006,2024-01-14,2024-02-01,2024-02-01,60,60,18,18,0,1,92.0,5520.0,Delivered
PO-10858,SKU-009,WH-WEST,SUP-006,2024-02-11,2024-02-29,2024-02-29,30,30,18,18,0,1,92.0,2760.0,Delivered
PO-10859,SKU-009,WH-WEST,SUP-006,2024-03-07,2024-03-25,2024-03-24,45,45,18,17,-1,1,92.0,4140.0,Delivered
PO-10860,SKU-009,WH-WEST,SUP-006,2024-03-28,2024-04-15,2024-04-15,60,60,18,18,0,1,92.0,5520.0,Delivered
PO-10861,SKU-009,WH-WEST,SUP-006,2024-04-13,2024-05-01,2024-05-03,90,90,18,20,2,0,92.0,8280.0,Delivered
PO-10862,SKU-009,WH-WEST,SUP-006,2024-04-29,2024-05-17,2024-05-17,60,60,18,18,0,1,92.0,5520.0,Delivered
PO-10863,SKU-009,WH-WEST,SUP-006,2024-05-24,2024-06-11,2024-06-11,45,45,18,18,0,1,92.0,4140.0,Delivered
PO-10864,SKU-009,WH-WEST,SUP-006,2024-06-07,2024-06-25,2024-06-25,60,60,18,18,0,1,92.0,5520.0,Delivered
PO-10865,SKU-009,WH-WEST,SUP-006,2024-07-01,2024-07-19,2024-07-17,45,45,18,16,-2,1,92.0,4140.0,Delivered
PO-10866,SKU-009,WH-WEST,SUP-006,2024-07-18,2024-08-05,2024-08-05,45,45,18,18,0,1,92.0,4140.0,Delivered
PO-10867,SKU-009,WH-WEST,SUP-006,2024-08-15,2024-09-02,2024-09-01,45,45,18,17,-1,1,92.0,4140.0,Delivered
PO-10868,SKU-009,WH-WEST,SUP-006,2024-09-11,2024-09-29,2024-10-13,90,90,18,32,14,0,92.0,8280.0,Delivered
PO-10869,SKU-009,WH-WEST,SUP-006,2024-09-27,2024-10-15,2024-10-15,30,30,18,18,0,1,92.0,2760.0,Delivered
PO-10870,SKU-009,WH-WEST,SUP-006,2024-10-11,2024-10-29,2024-10-25,75,75,18,14,-4,1,92.0,6900.0,Delivered
PO-10871,SKU-009,WH-WEST,SUP-006,2024-11-06,2024-11-24,2024-11-21,45,45,18,15,-3,1,92.0,4140.0,Delivered
PO-10872,SKU-009,WH-WEST,SUP-006,2024-11-29,2024-12-17,2024-12-16,45,45,18,17,-1,1,92.0,4140.0,Delivered
PO-10873,SKU-009,WH-WEST,SUP-006,2024-12-13,2024-12-31,2024-12-31,45,45,18,18,0,1,92.0,4140.0,Delivered
PO-10874,SKU-009,WH-WEST,SUP-006,2025-01-01,2025-01-19,2025-01-19,60,60,18,18,0,1,92.0,5520.0,Delivered
PO-10875,SKU-009,WH-WEST,SUP-006,2025-01-15,2025-02-02,2025-02-02,45,45,18,18,0,1,92.0,4140.0,Delivered
PO-10876,SKU-009,WH-WEST,SUP-006,2025-02-06,2025-02-24,2025-02-23,45,45,18,17,-1,1,92.0,4140.0,Delivered
PO-10877,SKU-009,WH-WEST,SUP-006,2025-02-26,2025-03-16,2025-03-15,45,45,18,17,-1,1,92.0,4140.0,Delivered
PO-10878,SKU-009,WH-WEST,SUP-006,2025-03-12,2025-03-30,2025-04-13,30,30,18,32,14,0,92.0,2760.0,Delivered
PO-10879,SKU-009,WH-WEST,SUP-006,2025-03-30,2025-04-17,2025-04-17,75,75,18,18,0,1,92.0,6900.0,Delivered
PO-10880,SKU-009,WH-WEST,SUP-006,2025-04-21,2025-05-09,2025-05-10,30,30,18,19,1,0,92.0,2760.0,Delivered
PO-10881,SKU-009,WH-WEST,SUP-006,2025-05-16,2025-06-03,2025-06-02,90,90,18,17,-1,1,92.0,8280.0,Delivered
PO-10882,SKU-009,WH-WEST,SUP-006,2025-06-06,2025-06-24,2025-06-21,30,30,18,15,-3,1,92.0,2760.0,Delivered
PO-10883,SKU-009,WH-WEST,SUP-006,2025-06-27,2025-07-15,2025-07-16,75,75,18,19,1,0,92.0,6900.0,Delivered
PO-10884,SKU-009,WH-WEST,SUP-006,2025-07-14,2025-08-01,2025-07-29,45,45,18,15,-3,1,92.0,4140.0,Delivered
PO-10885,SKU-009,WH-WEST,SUP-006,2025-08-07,2025-08-25,2025-08-22,60,60,18,15,-3,1,92.0,5520.0,Delivered
PO-10886,SKU-009,WH-WEST,SUP-006,2025-08-22,2025-09-09,2025-09-16,30,30,18,25,7,0,92.0,2760.0,Delivered
PO-10887,SKU-009,WH-WEST,SUP-006,2025-09-13,2025-10-01,2025-09-28,90,90,18,15,-3,1,92.0,8280.0,Delivered
PO-10888,SKU-009,WH-WEST,SUP-006,2025-10-07,2025-10-25,2025-10-25,60,60,18,18,0,1,92.0,5520.0,Delivered
PO-10889,SKU-009,WH-WEST,SUP-006,2025-10-29,2025-11-16,2025-11-16,45,45,18,18,0,1,92.0,4140.0,Delivered
PO-10890,SKU-009,WH-WEST,SUP-006,2025-11-24,2025-12-12,2025-12-11,45,45,18,17,-1,1,92.0,4140.0,Delivered
PO-10891,SKU-010,WH-EAST,SUP-001,2024-01-13,2024-01-20,2024-01-20,360,360,7,7,0,1,12.0,4320.0,Delivered
PO-10892,SKU-010,WH-EAST,SUP-001,2024-02-07,2024-02-14,2024-02-14,300,300,7,7,0,1,12.0,3600.0,Delivered
PO-10893,SKU-010,WH-EAST,SUP-001,2024-03-03,2024-03-10,2024-03-09,360,360,7,6,-1,1,12.0,4320.0,Delivered
PO-10894,SKU-010,WH-EAST,SUP-001,2024-03-24,2024-03-31,2024-03-31,180,180,7,7,0,1,12.0,2160.0,Delivered
PO-10895,SKU-010,WH-EAST,SUP-001,2024-04-10,2024-04-17,2024-04-16,180,180,7,6,-1,1,12.0,2160.0,Delivered
PO-10896,SKU-010,WH-EAST,SUP-001,2024-05-09,2024-05-16,2024-05-13,360,360,7,4,-3,1,12.0,4320.0,Delivered
PO-10897,SKU-010,WH-EAST,SUP-001,2024-05-29,2024-06-05,2024-06-05,240,240,7,7,0,1,12.0,2880.0,Delivered
PO-10898,SKU-010,WH-EAST,SUP-001,2024-06-24,2024-07-01,2024-07-01,300,300,7,7,0,1,12.0,3600.0,Delivered
PO-10899,SKU-010,WH-EAST,SUP-001,2024-07-08,2024-07-15,2024-07-15,180,180,7,7,0,1,12.0,2160.0,Delivered
PO-10900,SKU-010,WH-EAST,SUP-001,2024-08-06,2024-08-13,2024-08-13,360,360,7,7,0,1,12.0,4320.0,Delivered
PO-10901,SKU-010,WH-EAST,SUP-001,2024-08-25,2024-09-01,2024-09-01,300,300,7,7,0,1,12.0,3600.0,Delivered
PO-10902,SKU-010,WH-EAST,SUP-001,2024-09-20,2024-09-27,2024-09-27,180,180,7,7,0,1,12.0,2160.0,Delivered
PO-10903,SKU-010,WH-EAST,SUP-001,2024-10-10,2024-10-17,2024-10-17,300,300,7,7,0,1,12.0,3600.0,Delivered
PO-10904,SKU-010,WH-EAST,SUP-001,2024-10-29,2024-11-05,2024-11-05,120,120,7,7,0,1,12.0,1440.0,Delivered
PO-10905,SKU-010,WH-EAST,SUP-001,2024-11-12,2024-11-19,2024-11-18,180,180,7,6,-1,1,12.0,2160.0,Delivered
PO-10906,SKU-010,WH-EAST,SUP-001,2024-11-29,2024-12-06,2024-12-06,300,300,7,7,0,1,12.0,3600.0,Delivered
PO-10907,SKU-010,WH-EAST,SUP-001,2024-12-27,2025-01-03,2025-01-03,360,360,7,7,0,1,12.0,4320.0,Delivered
PO-10908,SKU-010,WH-EAST,SUP-001,2025-01-20,2025-01-27,2025-01-27,300,300,7,7,0,1,12.0,3600.0,Delivered
PO-10909,SKU-010,WH-EAST,SUP-001,2025-02-13,2025-02-20,2025-02-20,180,180,7,7,0,1,12.0,2160.0,Delivered
PO-10910,SKU-010,WH-EAST,SUP-001,2025-02-27,2025-03-06,2025-03-05,300,300,7,6,-1,1,12.0,3600.0,Delivered
PO-10911,SKU-010,WH-EAST,SUP-001,2025-03-22,2025-03-29,2025-03-29,120,120,7,7,0,1,12.0,1440.0,Delivered
PO-10912,SKU-010,WH-EAST,SUP-001,2025-04-19,2025-04-26,2025-04-26,240,240,7,7,0,1,12.0,2880.0,Delivered
PO-10913,SKU-010,WH-EAST,SUP-001,2025-05-14,2025-05-21,2025-05-21,120,120,7,7,0,1,12.0,1440.0,Delivered
PO-10914,SKU-010,WH-EAST,SUP-001,2025-06-06,2025-06-13,2025-06-13,240,240,7,7,0,1,12.0,2880.0,Delivered
PO-10915,SKU-010,WH-EAST,SUP-001,2025-06-26,2025-07-03,2025-07-03,300,300,7,7,0,1,12.0,3600.0,Delivered
PO-10916,SKU-010,WH-EAST,SUP-001,2025-07-23,2025-07-30,2025-07-30,300,300,7,7,0,1,12.0,3600.0,Delivered
PO-10917,SKU-010,WH-EAST,SUP-001,2025-08-16,2025-08-23,2025-08-23,120,120,7,7,0,1,12.0,1440.0,Delivered
PO-10918,SKU-010,WH-EAST,SUP-001,2025-09-08,2025-09-15,2025-09-15,360,360,7,7,0,1,12.0,4320.0,Delivered
PO-10919,SKU-010,WH-EAST,SUP-001,2025-10-06,2025-10-13,2025-10-13,120,120,7,7,0,1,12.0,1440.0,Delivered
PO-10920,SKU-010,WH-EAST,SUP-001,2025-10-28,2025-11-04,2025-11-03,180,180,7,6,-1,1,12.0,2160.0,Delivered
PO-10921,SKU-010,WH-EAST,SUP-001,2025-11-20,2025-11-27,2025-11-27,240,240,7,7,0,1,12.0,2880.0,Delivered
PO-10922,SKU-010,WH-CENTRAL,SUP-001,2024-01-13,2024-01-20,2024-01-20,360,360,7,7,0,1,12.0,4320.0,Delivered
PO-10923,SKU-010,WH-CENTRAL,SUP-001,2024-02-09,2024-02-16,2024-02-16,360,360,7,7,0,1,12.0,4320.0,Delivered
PO-10924,SKU-010,WH-CENTRAL,SUP-001,2024-03-04,2024-03-11,2024-03-10,180,180,7,6,-1,1,12.0,2160.0,Delivered
PO-10925,SKU-010,WH-CENTRAL,SUP-001,2024-03-27,2024-04-03,2024-04-02,360,360,7,6,-1,1,12.0,4320.0,Delivered
PO-10926,SKU-010,WH-CENTRAL,SUP-001,2024-04-17,2024-04-24,2024-04-23,240,240,7,6,-1,1,12.0,2880.0,Delivered
PO-10927,SKU-010,WH-CENTRAL,SUP-001,2024-05-13,2024-05-20,2024-05-20,300,300,7,7,0,1,12.0,3600.0,Delivered
PO-10928,SKU-010,WH-CENTRAL,SUP-001,2024-05-27,2024-06-03,2024-06-02,180,180,7,6,-1,1,12.0,2160.0,Delivered
PO-10929,SKU-010,WH-CENTRAL,SUP-001,2024-06-14,2024-06-21,2024-06-20,180,180,7,6,-1,1,12.0,2160.0,Delivered
PO-10930,SKU-010,WH-CENTRAL,SUP-001,2024-07-03,2024-07-10,2024-07-10,180,180,7,7,0,1,12.0,2160.0,Delivered
PO-10931,SKU-010,WH-CENTRAL,SUP-001,2024-07-24,2024-07-31,2024-08-02,240,240,7,9,2,0,12.0,2880.0,Delivered
PO-10932,SKU-010,WH-CENTRAL,SUP-001,2024-08-13,2024-08-20,2024-08-20,360,360,7,7,0,1,12.0,4320.0,Delivered
PO-10933,SKU-010,WH-CENTRAL,SUP-001,2024-08-30,2024-09-06,2024-09-06,120,120,7,7,0,1,12.0,1440.0,Delivered
PO-10934,SKU-010,WH-CENTRAL,SUP-001,2024-09-13,2024-09-20,2024-09-20,180,180,7,7,0,1,12.0,2160.0,Delivered
PO-10935,SKU-010,WH-CENTRAL,SUP-001,2024-10-07,2024-10-14,2024-10-14,180,180,7,7,0,1,12.0,2160.0,Delivered
PO-10936,SKU-010,WH-CENTRAL,SUP-001,2024-10-21,2024-10-28,2024-10-28,240,240,7,7,0,1,12.0,2880.0,Delivered
PO-10937,SKU-010,WH-CENTRAL,SUP-001,2024-11-14,2024-11-21,2024-11-21,240,240,7,7,0,1,12.0,2880.0,Delivered
PO-10938,SKU-010,WH-CENTRAL,SUP-001,2024-12-04,2024-12-11,2024-12-11,120,120,7,7,0,1,12.0,1440.0,Delivered
PO-10939,SKU-010,WH-CENTRAL,SUP-001,2024-12-20,2024-12-27,2024-12-27,240,240,7,7,0,1,12.0,2880.0,Delivered
PO-10940,SKU-010,WH-CENTRAL,SUP-001,2025-01-04,2025-01-11,2025-01-10,120,120,7,6,-1,1,12.0,1440.0,Delivered
PO-10941,SKU-010,WH-CENTRAL,SUP-001,2025-02-02,2025-02-09,2025-02-09,120,120,7,7,0,1,12.0,1440.0,Delivered
PO-10942,SKU-010,WH-CENTRAL,SUP-001,2025-02-19,2025-02-26,2025-02-26,120,120,7,7,0,1,12.0,1440.0,Delivered
PO-10943,SKU-010,WH-CENTRAL,SUP-001,2025-03-19,2025-03-26,2025-03-26,360,360,7,7,0,1,12.0,4320.0,Delivered
PO-10944,SKU-010,WH-CENTRAL,SUP-001,2025-04-14,2025-04-21,2025-04-21,180,180,7,7,0,1,12.0,2160.0,Delivered
PO-10945,SKU-010,WH-CENTRAL,SUP-001,2025-05-13,2025-05-20,2025-05-20,360,360,7,7,0,1,12.0,4320.0,Delivered
PO-10946,SKU-010,WH-CENTRAL,SUP-001,2025-05-31,2025-06-07,2025-06-07,120,120,7,7,0,1,12.0,1440.0,Delivered
PO-10947,SKU-010,WH-CENTRAL,SUP-001,2025-06-28,2025-07-05,2025-07-05,240,240,7,7,0,1,12.0,2880.0,Delivered
PO-10948,SKU-010,WH-CENTRAL,SUP-001,2025-07-24,2025-07-31,2025-07-30,360,360,7,6,-1,1,12.0,4320.0,Delivered
PO-10949,SKU-010,WH-CENTRAL,SUP-001,2025-08-20,2025-08-27,2025-08-26,300,300,7,6,-1,1,12.0,3600.0,Delivered
PO-10950,SKU-010,WH-CENTRAL,SUP-001,2025-09-05,2025-09-12,2025-09-12,180,180,7,7,0,1,12.0,2160.0,Delivered
PO-10951,SKU-010,WH-CENTRAL,SUP-001,2025-10-01,2025-10-08,2025-10-08,300,300,7,7,0,1,12.0,3600.0,Delivered
PO-10952,SKU-010,WH-CENTRAL,SUP-001,2025-10-25,2025-11-01,2025-10-31,240,240,7,6,-1,1,12.0,2880.0,Delivered
PO-10953,SKU-010,WH-CENTRAL,SUP-001,2025-11-14,2025-11-21,2025-11-20,120,120,7,6,-1,1,12.0,1440.0,Delivered
PO-10954,SKU-010,WH-WEST,SUP-001,2024-01-06,2024-01-13,2024-01-13,180,180,7,7,0,1,12.0,2160.0,Delivered
PO-10955,SKU-010,WH-WEST,SUP-001,2024-01-31,2024-02-07,2024-02-07,240,240,7,7,0,1,12.0,2880.0,Delivered
PO-10956,SKU-010,WH-WEST,SUP-001,2024-02-14,2024-02-21,2024-02-21,360,360,7,7,0,1,12.0,4320.0,Delivered
PO-10957,SKU-010,WH-WEST,SUP-001,2024-03-01,2024-03-08,2024-03-07,240,240,7,6,-1,1,12.0,2880.0,Delivered
PO-10958,SKU-010,WH-WEST,SUP-001,2024-03-20,2024-03-27,2024-03-26,180,180,7,6,-1,1,12.0,2160.0,Delivered
PO-10959,SKU-010,WH-WEST,SUP-001,2024-04-18,2024-04-25,2024-04-26,240,240,7,8,1,0,12.0,2880.0,Delivered
PO-10960,SKU-010,WH-WEST,SUP-001,2024-05-12,2024-05-19,2024-05-19,120,120,7,7,0,1,12.0,1440.0,Delivered
PO-10961,SKU-010,WH-WEST,SUP-001,2024-06-08,2024-06-15,2024-06-15,300,300,7,7,0,1,12.0,3600.0,Delivered
PO-10962,SKU-010,WH-WEST,SUP-001,2024-07-03,2024-07-10,2024-07-10,180,180,7,7,0,1,12.0,2160.0,Delivered
PO-10963,SKU-010,WH-WEST,SUP-001,2024-07-18,2024-07-25,2024-07-25,360,360,7,7,0,1,12.0,4320.0,Delivered
PO-10964,SKU-010,WH-WEST,SUP-001,2024-08-06,2024-08-13,2024-08-12,240,240,7,6,-1,1,12.0,2880.0,Delivered
PO-10965,SKU-010,WH-WEST,SUP-001,2024-08-25,2024-09-01,2024-08-31,300,300,7,6,-1,1,12.0,3600.0,Delivered
PO-10966,SKU-010,WH-WEST,SUP-001,2024-09-09,2024-09-16,2024-09-14,120,120,7,5,-2,1,12.0,1440.0,Delivered
PO-10967,SKU-010,WH-WEST,SUP-001,2024-09-24,2024-10-01,2024-10-01,240,240,7,7,0,1,12.0,2880.0,Delivered
PO-10968,SKU-010,WH-WEST,SUP-001,2024-10-11,2024-10-18,2024-10-18,180,180,7,7,0,1,12.0,2160.0,Delivered
PO-10969,SKU-010,WH-WEST,SUP-001,2024-10-31,2024-11-07,2024-11-07,120,120,7,7,0,1,12.0,1440.0,Delivered
PO-10970,SKU-010,WH-WEST,SUP-001,2024-11-15,2024-11-22,2024-11-22,240,240,7,7,0,1,12.0,2880.0,Delivered
PO-10971,SKU-010,WH-WEST,SUP-001,2024-12-08,2024-12-15,2024-12-13,180,180,7,5,-2,1,12.0,2160.0,Delivered
PO-10972,SKU-010,WH-WEST,SUP-001,2024-12-23,2024-12-30,2024-12-30,300,300,7,7,0,1,12.0,3600.0,Delivered
PO-10973,SKU-010,WH-WEST,SUP-001,2025-01-17,2025-01-24,2025-01-24,360,360,7,7,0,1,12.0,4320.0,Delivered
PO-10974,SKU-010,WH-WEST,SUP-001,2025-02-11,2025-02-18,2025-02-18,180,180,7,7,0,1,12.0,2160.0,Delivered
PO-10975,SKU-010,WH-WEST,SUP-001,2025-03-06,2025-03-13,2025-03-13,240,240,7,7,0,1,12.0,2880.0,Delivered
PO-10976,SKU-010,WH-WEST,SUP-001,2025-03-24,2025-03-31,2025-03-31,360,360,7,7,0,1,12.0,4320.0,Delivered
PO-10977,SKU-010,WH-WEST,SUP-001,2025-04-09,2025-04-16,2025-04-16,360,360,7,7,0,1,12.0,4320.0,Delivered
PO-10978,SKU-010,WH-WEST,SUP-001,2025-05-01,2025-05-08,2025-05-08,240,240,7,7,0,1,12.0,2880.0,Delivered
PO-10979,SKU-010,WH-WEST,SUP-001,2025-05-28,2025-06-04,2025-06-04,240,240,7,7,0,1,12.0,2880.0,Delivered
PO-10980,SKU-010,WH-WEST,SUP-001,2025-06-21,2025-06-28,2025-06-28,120,120,7,7,0,1,12.0,1440.0,Delivered
PO-10981,SKU-010,WH-WEST,SUP-001,2025-07-20,2025-07-27,2025-07-27,180,180,7,7,0,1,12.0,2160.0,Delivered
PO-10982,SKU-010,WH-WEST,SUP-001,2025-08-05,2025-08-12,2025-08-12,180,180,7,7,0,1,12.0,2160.0,Delivered
PO-10983,SKU-010,WH-WEST,SUP-001,2025-09-01,2025-09-08,2025-09-08,300,300,7,7,0,1,12.0,3600.0,Delivered
PO-10984,SKU-010,WH-WEST,SUP-001,2025-09-19,2025-09-26,2025-09-27,300,300,7,8,1,0,12.0,3600.0,Delivered
PO-10985,SKU-010,WH-WEST,SUP-001,2025-10-16,2025-10-23,2025-10-21,120,120,7,5,-2,1,12.0,1440.0,Delivered
PO-10986,SKU-010,WH-WEST,SUP-001,2025-11-14,2025-11-21,2025-11-21,360,360,7,7,0,1,12.0,4320.0,Delivered
PO-10987,SKU-011,WH-EAST,SUP-005,2024-01-15,2024-01-29,2024-01-29,125,125,14,14,0,1,42.0,5250.0,Delivered
PO-10988,SKU-011,WH-EAST,SUP-005,2024-02-10,2024-02-24,2024-02-24,150,150,14,14,0,1,42.0,6300.0,Delivered
PO-10989,SKU-011,WH-EAST,SUP-005,2024-02-24,2024-03-09,2024-03-08,150,150,14,13,-1,1,42.0,6300.0,Delivered
PO-10990,SKU-011,WH-EAST,SUP-005,2024-03-10,2024-03-24,2024-03-24,75,75,14,14,0,1,42.0,3150.0,Delivered
PO-10991,SKU-011,WH-EAST,SUP-005,2024-04-01,2024-04-15,2024-04-12,50,50,14,11,-3,1,42.0,2100.0,Delivered
PO-10992,SKU-011,WH-EAST,SUP-005,2024-04-28,2024-05-12,2024-05-09,100,100,14,11,-3,1,42.0,4200.0,Delivered
PO-10993,SKU-011,WH-EAST,SUP-005,2024-05-19,2024-06-02,2024-06-02,125,125,14,14,0,1,42.0,5250.0,Delivered
PO-10994,SKU-011,WH-EAST,SUP-005,2024-06-09,2024-06-23,2024-06-23,100,100,14,14,0,1,42.0,4200.0,Delivered
PO-10995,SKU-011,WH-EAST,SUP-005,2024-06-26,2024-07-10,2024-07-09,150,150,14,13,-1,1,42.0,6300.0,Delivered
PO-10996,SKU-011,WH-EAST,SUP-005,2024-07-10,2024-07-24,2024-07-23,75,75,14,13,-1,1,42.0,3150.0,Delivered
PO-10997,SKU-011,WH-EAST,SUP-005,2024-07-27,2024-08-10,2024-08-10,50,50,14,14,0,1,42.0,2100.0,Delivered
PO-10998,SKU-011,WH-EAST,SUP-005,2024-08-16,2024-08-30,2024-08-30,50,50,14,14,0,1,42.0,2100.0,Delivered
PO-10999,SKU-011,WH-EAST,SUP-005,2024-09-12,2024-09-26,2024-09-25,75,75,14,13,-1,1,42.0,3150.0,Delivered
PO-11000,SKU-011,WH-EAST,SUP-005,2024-09-27,2024-10-11,2024-10-11,125,125,14,14,0,1,42.0,5250.0,Delivered
PO-11001,SKU-011,WH-EAST,SUP-005,2024-10-18,2024-11-01,2024-11-01,150,150,14,14,0,1,42.0,6300.0,Delivered
PO-11002,SKU-011,WH-EAST,SUP-005,2024-11-03,2024-11-17,2024-11-15,75,75,14,12,-2,1,42.0,3150.0,Delivered
PO-11003,SKU-011,WH-EAST,SUP-005,2024-11-23,2024-12-07,2024-12-06,100,100,14,13,-1,1,42.0,4200.0,Delivered
PO-11004,SKU-011,WH-EAST,SUP-005,2024-12-14,2024-12-28,2024-12-26,150,150,14,12,-2,1,42.0,6300.0,Delivered
PO-11005,SKU-011,WH-EAST,SUP-005,2024-12-28,2025-01-11,2025-01-09,50,50,14,12,-2,1,42.0,2100.0,Delivered
PO-11006,SKU-011,WH-EAST,SUP-005,2025-01-16,2025-01-30,2025-01-28,75,75,14,12,-2,1,42.0,3150.0,Delivered
PO-11007,SKU-011,WH-EAST,SUP-005,2025-02-02,2025-02-16,2025-02-15,150,150,14,13,-1,1,42.0,6300.0,Delivered
PO-11008,SKU-011,WH-EAST,SUP-005,2025-02-25,2025-03-11,2025-03-10,125,125,14,13,-1,1,42.0,5250.0,Delivered
PO-11009,SKU-011,WH-EAST,SUP-005,2025-03-18,2025-04-01,2025-03-31,50,50,14,13,-1,1,42.0,2100.0,Delivered
PO-11010,SKU-011,WH-EAST,SUP-005,2025-04-12,2025-04-26,2025-04-26,150,150,14,14,0,1,42.0,6300.0,Delivered
PO-11011,SKU-011,WH-EAST,SUP-005,2025-04-27,2025-05-11,2025-05-11,125,125,14,14,0,1,42.0,5250.0,Delivered
PO-11012,SKU-011,WH-EAST,SUP-005,2025-05-13,2025-05-27,2025-05-27,150,150,14,14,0,1,42.0,6300.0,Delivered
PO-11013,SKU-011,WH-EAST,SUP-005,2025-06-05,2025-06-19,2025-06-19,100,100,14,14,0,1,42.0,4200.0,Delivered
PO-11014,SKU-011,WH-EAST,SUP-005,2025-07-02,2025-07-16,2025-07-22,100,100,14,20,6,0,42.0,4200.0,Delivered
PO-11015,SKU-011,WH-EAST,SUP-005,2025-07-30,2025-08-13,2025-08-13,50,50,14,14,0,1,42.0,2100.0,Delivered
PO-11016,SKU-011,WH-EAST,SUP-005,2025-08-17,2025-08-31,2025-08-29,150,150,14,12,-2,1,42.0,6300.0,Delivered
PO-11017,SKU-011,WH-EAST,SUP-005,2025-09-08,2025-09-22,2025-09-20,100,100,14,12,-2,1,42.0,4200.0,Delivered
PO-11018,SKU-011,WH-EAST,SUP-005,2025-09-22,2025-10-06,2025-10-06,75,75,14,14,0,1,42.0,3150.0,Delivered
PO-11019,SKU-011,WH-EAST,SUP-005,2025-10-14,2025-10-28,2025-10-27,75,75,14,13,-1,1,42.0,3150.0,Delivered
PO-11020,SKU-011,WH-EAST,SUP-005,2025-10-29,2025-11-12,2025-11-11,100,100,14,13,-1,1,42.0,4200.0,Delivered
PO-11021,SKU-011,WH-EAST,SUP-005,2025-11-21,2025-12-05,2025-12-05,100,100,14,14,0,1,42.0,4200.0,Delivered
PO-11022,SKU-011,WH-CENTRAL,SUP-005,2024-01-14,2024-01-28,2024-01-28,150,150,14,14,0,1,42.0,6300.0,Delivered
PO-11023,SKU-011,WH-CENTRAL,SUP-005,2024-02-07,2024-02-21,2024-02-19,100,100,14,12,-2,1,42.0,4200.0,Delivered
PO-11024,SKU-011,WH-CENTRAL,SUP-005,2024-03-05,2024-03-19,2024-03-21,125,125,14,16,2,0,42.0,5250.0,Delivered
PO-11025,SKU-011,WH-CENTRAL,SUP-005,2024-03-23,2024-04-06,2024-04-05,125,125,14,13,-1,1,42.0,5250.0,Delivered
PO-11026,SKU-011,WH-CENTRAL,SUP-005,2024-04-10,2024-04-24,2024-04-24,125,125,14,14,0,1,42.0,5250.0,Delivered
PO-11027,SKU-011,WH-CENTRAL,SUP-005,2024-05-01,2024-05-15,2024-05-15,75,75,14,14,0,1,42.0,3150.0,Delivered
PO-11028,SKU-011,WH-CENTRAL,SUP-005,2024-05-18,2024-06-01,2024-05-30,150,150,14,12,-2,1,42.0,6300.0,Delivered
PO-11029,SKU-011,WH-CENTRAL,SUP-005,2024-06-03,2024-06-17,2024-06-17,125,125,14,14,0,1,42.0,5250.0,Delivered
PO-11030,SKU-011,WH-CENTRAL,SUP-005,2024-06-23,2024-07-07,2024-07-06,125,125,14,13,-1,1,42.0,5250.0,Delivered
PO-11031,SKU-011,WH-CENTRAL,SUP-005,2024-07-14,2024-07-28,2024-07-27,125,125,14,13,-1,1,42.0,5250.0,Delivered
PO-11032,SKU-011,WH-CENTRAL,SUP-005,2024-08-03,2024-08-17,2024-08-17,75,75,14,14,0,1,42.0,3150.0,Delivered
PO-11033,SKU-011,WH-CENTRAL,SUP-005,2024-08-17,2024-08-31,2024-08-31,125,125,14,14,0,1,42.0,5250.0,Delivered
PO-11034,SKU-011,WH-CENTRAL,SUP-005,2024-09-08,2024-09-22,2024-09-20,75,75,14,12,-2,1,42.0,3150.0,Delivered
PO-11035,SKU-011,WH-CENTRAL,SUP-005,2024-09-26,2024-10-10,2024-10-10,150,150,14,14,0,1,42.0,6300.0,Delivered
PO-11036,SKU-011,WH-CENTRAL,SUP-005,2024-10-10,2024-10-24,2024-10-21,100,100,14,11,-3,1,42.0,4200.0,Delivered
PO-11037,SKU-011,WH-CENTRAL,SUP-005,2024-10-26,2024-11-09,2024-11-09,50,50,14,14,0,1,42.0,2100.0,Delivered
PO-11038,SKU-011,WH-CENTRAL,SUP-005,2024-11-13,2024-11-27,2024-11-27,50,50,14,14,0,1,42.0,2100.0,Delivered
PO-11039,SKU-011,WH-CENTRAL,SUP-005,2024-12-10,2024-12-24,2024-12-23,50,50,14,13,-1,1,42.0,2100.0,Delivered
PO-11040,SKU-011,WH-CENTRAL,SUP-005,2024-12-24,2025-01-07,2025-01-11,150,150,14,18,4,0,42.0,6300.0,Delivered
PO-11041,SKU-011,WH-CENTRAL,SUP-005,2025-01-09,2025-01-23,2025-01-23,50,50,14,14,0,1,42.0,2100.0,Delivered
PO-11042,SKU-011,WH-CENTRAL,SUP-005,2025-02-02,2025-02-16,2025-02-13,125,125,14,11,-3,1,42.0,5250.0,Delivered
PO-11043,SKU-011,WH-CENTRAL,SUP-005,2025-02-21,2025-03-07,2025-03-08,50,50,14,15,1,0,42.0,2100.0,Delivered
PO-11044,SKU-011,WH-CENTRAL,SUP-005,2025-03-17,2025-03-31,2025-03-30,150,150,14,13,-1,1,42.0,6300.0,Delivered
PO-11045,SKU-011,WH-CENTRAL,SUP-005,2025-04-10,2025-04-24,2025-04-23,75,75,14,13,-1,1,42.0,3150.0,Delivered
PO-11046,SKU-011,WH-CENTRAL,SUP-005,2025-04-24,2025-05-08,2025-05-08,125,125,14,14,0,1,42.0,5250.0,Delivered
PO-11047,SKU-011,WH-CENTRAL,SUP-005,2025-05-09,2025-05-23,2025-05-21,100,100,14,12,-2,1,42.0,4200.0,Delivered
PO-11048,SKU-011,WH-CENTRAL,SUP-005,2025-05-26,2025-06-09,2025-06-09,150,150,14,14,0,1,42.0,6300.0,Delivered
PO-11049,SKU-011,WH-CENTRAL,SUP-005,2025-06-19,2025-07-03,2025-07-03,50,50,14,14,0,1,42.0,2100.0,Delivered
PO-11050,SKU-011,WH-CENTRAL,SUP-005,2025-07-08,2025-07-22,2025-07-22,75,75,14,14,0,1,42.0,3150.0,Delivered
PO-11051,SKU-011,WH-CENTRAL,SUP-005,2025-07-27,2025-08-10,2025-08-10,150,150,14,14,0,1,42.0,6300.0,Delivered
PO-11052,SKU-011,WH-CENTRAL,SUP-005,2025-08-20,2025-09-03,2025-09-03,75,75,14,14,0,1,42.0,3150.0,Delivered
PO-11053,SKU-011,WH-CENTRAL,SUP-005,2025-09-12,2025-09-26,2025-09-24,125,125,14,12,-2,1,42.0,5250.0,Delivered
PO-11054,SKU-011,WH-CENTRAL,SUP-005,2025-09-30,2025-10-14,2025-10-14,125,125,14,14,0,1,42.0,5250.0,Delivered
PO-11055,SKU-011,WH-CENTRAL,SUP-005,2025-10-20,2025-11-03,2025-11-03,100,100,14,14,0,1,42.0,4200.0,Delivered
PO-11056,SKU-011,WH-CENTRAL,SUP-005,2025-11-14,2025-11-28,2025-11-28,100,100,14,14,0,1,42.0,4200.0,Delivered
PO-11057,SKU-011,WH-WEST,SUP-005,2024-01-09,2024-01-23,2024-01-23,75,75,14,14,0,1,42.0,3150.0,Delivered
PO-11058,SKU-011,WH-WEST,SUP-005,2024-01-28,2024-02-11,2024-02-10,100,100,14,13,-1,1,42.0,4200.0,Delivered
PO-11059,SKU-011,WH-WEST,SUP-005,2024-02-13,2024-02-27,2024-02-27,150,150,14,14,0,1,42.0,6300.0,Delivered
PO-11060,SKU-011,WH-WEST,SUP-005,2024-03-01,2024-03-15,2024-03-15,150,150,14,14,0,1,42.0,6300.0,Delivered
PO-11061,SKU-011,WH-WEST,SUP-005,2024-03-22,2024-04-05,2024-04-04,150,150,14,13,-1,1,42.0,6300.0,Delivered
PO-11062,SKU-011,WH-WEST,SUP-005,2024-04-11,2024-04-25,2024-04-25,100,100,14,14,0,1,42.0,4200.0,Delivered
PO-11063,SKU-011,WH-WEST,SUP-005,2024-04-27,2024-05-11,2024-05-09,75,75,14,12,-2,1,42.0,3150.0,Delivered
PO-11064,SKU-011,WH-WEST,SUP-005,2024-05-14,2024-05-28,2024-05-24,75,75,14,10,-4,1,42.0,3150.0,Delivered
PO-11065,SKU-011,WH-WEST,SUP-005,2024-05-31,2024-06-14,2024-06-13,125,125,14,13,-1,1,42.0,5250.0,Delivered
PO-11066,SKU-011,WH-WEST,SUP-005,2024-06-22,2024-07-06,2024-07-05,125,125,14,13,-1,1,42.0,5250.0,Delivered
PO-11067,SKU-011,WH-WEST,SUP-005,2024-07-12,2024-07-26,2024-07-29,75,75,14,17,3,0,42.0,3150.0,Delivered
PO-11068,SKU-011,WH-WEST,SUP-005,2024-08-08,2024-08-22,2024-08-22,150,150,14,14,0,1,42.0,6300.0,Delivered
PO-11069,SKU-011,WH-WEST,SUP-005,2024-08-23,2024-09-06,2024-09-06,150,150,14,14,0,1,42.0,6300.0,Delivered
PO-11070,SKU-011,WH-WEST,SUP-005,2024-09-13,2024-09-27,2024-09-27,50,50,14,14,0,1,42.0,2100.0,Delivered
PO-11071,SKU-011,WH-WEST,SUP-005,2024-09-29,2024-10-13,2024-10-11,150,150,14,12,-2,1,42.0,6300.0,Delivered
PO-11072,SKU-011,WH-WEST,SUP-005,2024-10-13,2024-10-27,2024-10-25,50,50,14,12,-2,1,42.0,2100.0,Delivered
PO-11073,SKU-011,WH-WEST,SUP-005,2024-11-04,2024-11-18,2024-11-18,50,50,14,14,0,1,42.0,2100.0,Delivered
PO-11074,SKU-011,WH-WEST,SUP-005,2024-11-29,2024-12-13,2024-12-13,100,100,14,14,0,1,42.0,4200.0,Delivered
PO-11075,SKU-011,WH-WEST,SUP-005,2024-12-18,2025-01-01,2025-01-01,50,50,14,14,0,1,42.0,2100.0,Delivered
PO-11076,SKU-011,WH-WEST,SUP-005,2025-01-03,2025-01-17,2025-01-17,125,125,14,14,0,1,42.0,5250.0,Delivered
PO-11077,SKU-011,WH-WEST,SUP-005,2025-01-24,2025-02-07,2025-02-07,150,150,14,14,0,1,42.0,6300.0,Delivered
PO-11078,SKU-011,WH-WEST,SUP-005,2025-02-09,2025-02-23,2025-02-23,125,125,14,14,0,1,42.0,5250.0,Delivered
PO-11079,SKU-011,WH-WEST,SUP-005,2025-03-08,2025-03-22,2025-03-22,50,50,14,14,0,1,42.0,2100.0,Delivered
PO-11080,SKU-011,WH-WEST,SUP-005,2025-03-22,2025-04-05,2025-04-07,125,125,14,16,2,0,42.0,5250.0,Delivered
PO-11081,SKU-011,WH-WEST,SUP-005,2025-04-17,2025-05-01,2025-05-01,150,150,14,14,0,1,42.0,6300.0,Delivered
PO-11082,SKU-011,WH-WEST,SUP-005,2025-05-04,2025-05-18,2025-05-18,50,50,14,14,0,1,42.0,2100.0,Delivered
PO-11083,SKU-011,WH-WEST,SUP-005,2025-05-18,2025-06-01,2025-06-03,150,150,14,16,2,0,42.0,6300.0,Delivered
PO-11084,SKU-011,WH-WEST,SUP-005,2025-06-16,2025-06-30,2025-06-30,100,100,14,14,0,1,42.0,4200.0,Delivered
PO-11085,SKU-011,WH-WEST,SUP-005,2025-07-11,2025-07-25,2025-07-25,75,75,14,14,0,1,42.0,3150.0,Delivered
PO-11086,SKU-011,WH-WEST,SUP-005,2025-08-08,2025-08-22,2025-08-20,125,125,14,12,-2,1,42.0,5250.0,Delivered
PO-11087,SKU-011,WH-WEST,SUP-005,2025-08-24,2025-09-07,2025-09-07,150,150,14,14,0,1,42.0,6300.0,Delivered
PO-11088,SKU-011,WH-WEST,SUP-005,2025-09-14,2025-09-28,2025-09-28,50,50,14,14,0,1,42.0,2100.0,Delivered
PO-11089,SKU-011,WH-WEST,SUP-005,2025-10-08,2025-10-22,2025-10-21,75,75,14,13,-1,1,42.0,3150.0,Delivered
PO-11090,SKU-011,WH-WEST,SUP-005,2025-10-30,2025-11-13,2025-11-12,50,50,14,13,-1,1,42.0,2100.0,Delivered
PO-11091,SKU-011,WH-WEST,SUP-005,2025-11-23,2025-12-07,2025-12-07,150,150,14,14,0,1,42.0,6300.0,Delivered
PO-11092,SKU-012,WH-EAST,SUP-005,2024-01-02,2024-01-16,2024-01-15,60,60,14,13,-1,1,38.0,2280.0,Delivered
PO-11093,SKU-012,WH-EAST,SUP-005,2024-01-20,2024-02-03,2024-02-03,60,60,14,14,0,1,38.0,2280.0,Delivered
PO-11094,SKU-012,WH-EAST,SUP-005,2024-02-15,2024-02-29,2024-03-06,180,180,14,20,6,0,38.0,6840.0,Delivered
PO-11095,SKU-012,WH-EAST,SUP-005,2024-03-05,2024-03-19,2024-03-19,90,90,14,14,0,1,38.0,3420.0,Delivered
PO-11096,SKU-012,WH-EAST,SUP-005,2024-03-29,2024-04-12,2024-04-12,150,150,14,14,0,1,38.0,5700.0,Delivered
PO-11097,SKU-012,WH-EAST,SUP-005,2024-04-18,2024-05-02,2024-05-10,60,60,14,22,8,0,38.0,2280.0,Delivered
PO-11098,SKU-012,WH-EAST,SUP-005,2024-05-08,2024-05-22,2024-05-22,180,180,14,14,0,1,38.0,6840.0,Delivered
PO-11099,SKU-012,WH-EAST,SUP-005,2024-05-23,2024-06-06,2024-06-04,120,120,14,12,-2,1,38.0,4560.0,Delivered
PO-11100,SKU-012,WH-EAST,SUP-005,2024-06-11,2024-06-25,2024-06-25,90,90,14,14,0,1,38.0,3420.0,Delivered
PO-11101,SKU-012,WH-EAST,SUP-005,2024-06-30,2024-07-14,2024-07-14,180,180,14,14,0,1,38.0,6840.0,Delivered
PO-11102,SKU-012,WH-EAST,SUP-005,2024-07-18,2024-08-01,2024-07-31,120,120,14,13,-1,1,38.0,4560.0,Delivered
PO-11103,SKU-012,WH-EAST,SUP-005,2024-08-03,2024-08-17,2024-08-17,180,180,14,14,0,1,38.0,6840.0,Delivered
PO-11104,SKU-012,WH-EAST,SUP-005,2024-08-17,2024-08-31,2024-08-30,120,120,14,13,-1,1,38.0,4560.0,Delivered
PO-11105,SKU-012,WH-EAST,SUP-005,2024-09-12,2024-09-26,2024-09-26,180,180,14,14,0,1,38.0,6840.0,Delivered
PO-11106,SKU-012,WH-EAST,SUP-005,2024-09-26,2024-10-10,2024-10-10,60,60,14,14,0,1,38.0,2280.0,Delivered
PO-11107,SKU-012,WH-EAST,SUP-005,2024-10-16,2024-10-30,2024-10-30,90,90,14,14,0,1,38.0,3420.0,Delivered
PO-11108,SKU-012,WH-EAST,SUP-005,2024-11-06,2024-11-20,2024-11-20,60,60,14,14,0,1,38.0,2280.0,Delivered
PO-11109,SKU-012,WH-EAST,SUP-005,2024-11-23,2024-12-07,2024-12-07,60,60,14,14,0,1,38.0,2280.0,Delivered
PO-11110,SKU-012,WH-EAST,SUP-005,2024-12-12,2024-12-26,2024-12-24,90,90,14,12,-2,1,38.0,3420.0,Delivered
PO-11111,SKU-012,WH-EAST,SUP-005,2025-01-08,2025-01-22,2025-01-22,120,120,14,14,0,1,38.0,4560.0,Delivered
PO-11112,SKU-012,WH-EAST,SUP-005,2025-01-23,2025-02-06,2025-02-07,120,120,14,15,1,0,38.0,4560.0,Delivered
PO-11113,SKU-012,WH-EAST,SUP-005,2025-02-17,2025-03-03,2025-03-02,90,90,14,13,-1,1,38.0,3420.0,Delivered
PO-11114,SKU-012,WH-EAST,SUP-005,2025-03-06,2025-03-20,2025-03-20,60,60,14,14,0,1,38.0,2280.0,Delivered
PO-11115,SKU-012,WH-EAST,SUP-005,2025-03-20,2025-04-03,2025-04-13,90,90,14,24,10,0,38.0,3420.0,Delivered
PO-11116,SKU-012,WH-EAST,SUP-005,2025-04-17,2025-05-01,2025-04-30,120,120,14,13,-1,1,38.0,4560.0,Delivered
PO-11117,SKU-012,WH-EAST,SUP-005,2025-05-05,2025-05-19,2025-05-17,90,90,14,12,-2,1,38.0,3420.0,Delivered
PO-11118,SKU-012,WH-EAST,SUP-005,2025-06-01,2025-06-15,2025-06-14,120,120,14,13,-1,1,38.0,4560.0,Delivered
PO-11119,SKU-012,WH-EAST,SUP-005,2025-06-27,2025-07-11,2025-07-11,60,60,14,14,0,1,38.0,2280.0,Delivered
PO-11120,SKU-012,WH-EAST,SUP-005,2025-07-16,2025-07-30,2025-07-30,60,60,14,14,0,1,38.0,2280.0,Delivered
PO-11121,SKU-012,WH-EAST,SUP-005,2025-08-07,2025-08-21,2025-08-20,180,180,14,13,-1,1,38.0,6840.0,Delivered
PO-11122,SKU-012,WH-EAST,SUP-005,2025-09-01,2025-09-15,2025-09-15,180,180,14,14,0,1,38.0,6840.0,Delivered
PO-11123,SKU-012,WH-EAST,SUP-005,2025-09-17,2025-10-01,2025-09-30,150,150,14,13,-1,1,38.0,5700.0,Delivered
PO-11124,SKU-012,WH-EAST,SUP-005,2025-10-03,2025-10-17,2025-10-17,150,150,14,14,0,1,38.0,5700.0,Delivered
PO-11125,SKU-012,WH-EAST,SUP-005,2025-10-21,2025-11-04,2025-11-04,90,90,14,14,0,1,38.0,3420.0,Delivered
PO-11126,SKU-012,WH-EAST,SUP-005,2025-11-15,2025-11-29,2025-11-29,60,60,14,14,0,1,38.0,2280.0,Delivered
PO-11127,SKU-012,WH-EAST,SUP-005,2025-12-01,2025-12-15,2025-12-14,150,150,14,13,-1,1,38.0,5700.0,Delivered
PO-11128,SKU-012,WH-CENTRAL,SUP-005,2024-01-10,2024-01-24,2024-01-24,60,60,14,14,0,1,38.0,2280.0,Delivered
PO-11129,SKU-012,WH-CENTRAL,SUP-005,2024-02-06,2024-02-20,2024-02-20,120,120,14,14,0,1,38.0,4560.0,Delivered
PO-11130,SKU-012,WH-CENTRAL,SUP-005,2024-03-01,2024-03-15,2024-03-15,120,120,14,14,0,1,38.0,4560.0,Delivered
PO-11131,SKU-012,WH-CENTRAL,SUP-005,2024-03-28,2024-04-11,2024-04-10,150,150,14,13,-1,1,38.0,5700.0,Delivered
PO-11132,SKU-012,WH-CENTRAL,SUP-005,2024-04-14,2024-04-28,2024-04-28,90,90,14,14,0,1,38.0,3420.0,Delivered
PO-11133,SKU-012,WH-CENTRAL,SUP-005,2024-05-08,2024-05-22,2024-05-20,90,90,14,12,-2,1,38.0,3420.0,Delivered
PO-11134,SKU-012,WH-CENTRAL,SUP-005,2024-05-23,2024-06-06,2024-06-05,120,120,14,13,-1,1,38.0,4560.0,Delivered
PO-11135,SKU-012,WH-CENTRAL,SUP-005,2024-06-15,2024-06-29,2024-06-28,150,150,14,13,-1,1,38.0,5700.0,Delivered
PO-11136,SKU-012,WH-CENTRAL,SUP-005,2024-07-06,2024-07-20,2024-07-20,60,60,14,14,0,1,38.0,2280.0,Delivered
PO-11137,SKU-012,WH-CENTRAL,SUP-005,2024-08-02,2024-08-16,2024-08-14,120,120,14,12,-2,1,38.0,4560.0,Delivered
PO-11138,SKU-012,WH-CENTRAL,SUP-005,2024-08-21,2024-09-04,2024-08-31,90,90,14,10,-4,1,38.0,3420.0,Delivered
PO-11139,SKU-012,WH-CENTRAL,SUP-005,2024-09-08,2024-09-22,2024-09-22,180,180,14,14,0,1,38.0,6840.0,Delivered
PO-11140,SKU-012,WH-CENTRAL,SUP-005,2024-09-22,2024-10-06,2024-10-04,120,120,14,12,-2,1,38.0,4560.0,Delivered
PO-11141,SKU-012,WH-CENTRAL,SUP-005,2024-10-21,2024-11-04,2024-11-04,60,60,14,14,0,1,38.0,2280.0,Delivered
PO-11142,SKU-012,WH-CENTRAL,SUP-005,2024-11-18,2024-12-02,2024-12-02,180,180,14,14,0,1,38.0,6840.0,Delivered
PO-11143,SKU-012,WH-CENTRAL,SUP-005,2024-12-17,2024-12-31,2024-12-31,120,120,14,14,0,1,38.0,4560.0,Delivered
PO-11144,SKU-012,WH-CENTRAL,SUP-005,2025-01-15,2025-01-29,2025-01-29,90,90,14,14,0,1,38.0,3420.0,Delivered
PO-11145,SKU-012,WH-CENTRAL,SUP-005,2025-02-07,2025-02-21,2025-02-21,150,150,14,14,0,1,38.0,5700.0,Delivered
PO-11146,SKU-012,WH-CENTRAL,SUP-005,2025-03-02,2025-03-16,2025-03-16,120,120,14,14,0,1,38.0,4560.0,Delivered
PO-11147,SKU-012,WH-CENTRAL,SUP-005,2025-03-16,2025-03-30,2025-03-26,120,120,14,10,-4,1,38.0,4560.0,Delivered
PO-11148,SKU-012,WH-CENTRAL,SUP-005,2025-04-07,2025-04-21,2025-04-21,150,150,14,14,0,1,38.0,5700.0,Delivered
PO-11149,SKU-012,WH-CENTRAL,SUP-005,2025-04-23,2025-05-07,2025-05-06,60,60,14,13,-1,1,38.0,2280.0,Delivered
PO-11150,SKU-012,WH-CENTRAL,SUP-005,2025-05-10,2025-05-24,2025-05-23,180,180,14,13,-1,1,38.0,6840.0,Delivered
PO-11151,SKU-012,WH-CENTRAL,SUP-005,2025-05-25,2025-06-08,2025-06-07,180,180,14,13,-1,1,38.0,6840.0,Delivered
PO-11152,SKU-012,WH-CENTRAL,SUP-005,2025-06-08,2025-06-22,2025-06-24,120,120,14,16,2,0,38.0,4560.0,Delivered
PO-11153,SKU-012,WH-CENTRAL,SUP-005,2025-07-02,2025-07-16,2025-07-16,60,60,14,14,0,1,38.0,2280.0,Delivered
PO-11154,SKU-012,WH-CENTRAL,SUP-005,2025-07-24,2025-08-07,2025-08-06,60,60,14,13,-1,1,38.0,2280.0,Delivered
PO-11155,SKU-012,WH-CENTRAL,SUP-005,2025-08-19,2025-09-02,2025-08-31,60,60,14,12,-2,1,38.0,2280.0,Delivered
PO-11156,SKU-012,WH-CENTRAL,SUP-005,2025-09-17,2025-10-01,2025-09-30,150,150,14,13,-1,1,38.0,5700.0,Delivered
PO-11157,SKU-012,WH-CENTRAL,SUP-005,2025-10-15,2025-10-29,2025-10-29,120,120,14,14,0,1,38.0,4560.0,Delivered
PO-11158,SKU-012,WH-CENTRAL,SUP-005,2025-11-13,2025-11-27,2025-11-27,150,150,14,14,0,1,38.0,5700.0,Delivered
PO-11159,SKU-012,WH-WEST,SUP-005,2024-01-08,2024-01-22,2024-01-19,120,120,14,11,-3,1,38.0,4560.0,Delivered
PO-11160,SKU-012,WH-WEST,SUP-005,2024-02-02,2024-02-16,2024-02-16,60,60,14,14,0,1,38.0,2280.0,Delivered
PO-11161,SKU-012,WH-WEST,SUP-005,2024-02-21,2024-03-06,2024-03-06,150,150,14,14,0,1,38.0,5700.0,Delivered
PO-11162,SKU-012,WH-WEST,SUP-005,2024-03-09,2024-03-23,2024-03-22,120,120,14,13,-1,1,38.0,4560.0,Delivered
PO-11163,SKU-012,WH-WEST,SUP-005,2024-04-04,2024-04-18,2024-04-17,180,180,14,13,-1,1,38.0,6840.0,Delivered
PO-11164,SKU-012,WH-WEST,SUP-005,2024-04-25,2024-05-09,2024-05-09,150,150,14,14,0,1,38.0,5700.0,Delivered
PO-11165,SKU-012,WH-WEST,SUP-005,2024-05-12,2024-05-26,2024-05-26,60,60,14,14,0,1,38.0,2280.0,Delivered
PO-11166,SKU-012,WH-WEST,SUP-005,2024-05-31,2024-06-14,2024-06-14,90,90,14,14,0,1,38.0,3420.0,Delivered
PO-11167,SKU-012,WH-WEST,SUP-005,2024-06-21,2024-07-05,2024-07-05,180,180,14,14,0,1,38.0,6840.0,Delivered
PO-11168,SKU-012,WH-WEST,SUP-005,2024-07-13,2024-07-27,2024-07-27,90,90,14,14,0,1,38.0,3420.0,Delivered
PO-11169,SKU-012,WH-WEST,SUP-005,2024-08-04,2024-08-18,2024-08-17,120,120,14,13,-1,1,38.0,4560.0,Delivered
PO-11170,SKU-012,WH-WEST,SUP-005,2024-09-01,2024-09-15,2024-09-15,120,120,14,14,0,1,38.0,4560.0,Delivered
PO-11171,SKU-012,WH-WEST,SUP-005,2024-09-15,2024-09-29,2024-09-28,60,60,14,13,-1,1,38.0,2280.0,Delivered
PO-11172,SKU-012,WH-WEST,SUP-005,2024-10-04,2024-10-18,2024-10-17,180,180,14,13,-1,1,38.0,6840.0,Delivered
PO-11173,SKU-012,WH-WEST,SUP-005,2024-10-23,2024-11-06,2024-11-05,120,120,14,13,-1,1,38.0,4560.0,Delivered
PO-11174,SKU-012,WH-WEST,SUP-005,2024-11-13,2024-11-27,2024-11-27,60,60,14,14,0,1,38.0,2280.0,Delivered
PO-11175,SKU-012,WH-WEST,SUP-005,2024-11-28,2024-12-12,2024-12-10,60,60,14,12,-2,1,38.0,2280.0,Delivered
PO-11176,SKU-012,WH-WEST,SUP-005,2024-12-17,2024-12-31,2024-12-30,120,120,14,13,-1,1,38.0,4560.0,Delivered
PO-11177,SKU-012,WH-WEST,SUP-005,2025-01-10,2025-01-24,2025-01-23,60,60,14,13,-1,1,38.0,2280.0,Delivered
PO-11178,SKU-012,WH-WEST,SUP-005,2025-02-08,2025-02-22,2025-02-22,60,60,14,14,0,1,38.0,2280.0,Delivered
PO-11179,SKU-012,WH-WEST,SUP-005,2025-02-22,2025-03-08,2025-03-07,60,60,14,13,-1,1,38.0,2280.0,Delivered
PO-11180,SKU-012,WH-WEST,SUP-005,2025-03-14,2025-03-28,2025-03-27,180,180,14,13,-1,1,38.0,6840.0,Delivered
PO-11181,SKU-012,WH-WEST,SUP-005,2025-03-30,2025-04-13,2025-04-11,120,120,14,12,-2,1,38.0,4560.0,Delivered
PO-11182,SKU-012,WH-WEST,SUP-005,2025-04-17,2025-05-01,2025-04-30,180,180,14,13,-1,1,38.0,6840.0,Delivered
PO-11183,SKU-012,WH-WEST,SUP-005,2025-05-13,2025-05-27,2025-05-25,150,150,14,12,-2,1,38.0,5700.0,Delivered
PO-11184,SKU-012,WH-WEST,SUP-005,2025-06-06,2025-06-20,2025-06-20,150,150,14,14,0,1,38.0,5700.0,Delivered
PO-11185,SKU-012,WH-WEST,SUP-005,2025-07-02,2025-07-16,2025-07-16,60,60,14,14,0,1,38.0,2280.0,Delivered
PO-11186,SKU-012,WH-WEST,SUP-005,2025-07-27,2025-08-10,2025-08-10,150,150,14,14,0,1,38.0,5700.0,Delivered
PO-11187,SKU-012,WH-WEST,SUP-005,2025-08-21,2025-09-04,2025-09-05,150,150,14,15,1,0,38.0,5700.0,Delivered
PO-11188,SKU-012,WH-WEST,SUP-005,2025-09-09,2025-09-23,2025-09-23,60,60,14,14,0,1,38.0,2280.0,Delivered
PO-11189,SKU-012,WH-WEST,SUP-005,2025-09-28,2025-10-12,2025-10-12,60,60,14,14,0,1,38.0,2280.0,Delivered
PO-11190,SKU-012,WH-WEST,SUP-005,2025-10-25,2025-11-08,2025-11-07,90,90,14,13,-1,1,38.0,3420.0,Delivered
PO-11191,SKU-012,WH-WEST,SUP-005,2025-11-22,2025-12-06,2025-12-05,90,90,14,13,-1,1,38.0,3420.0,Delivered
PO-11192,SKU-013,WH-EAST,SUP-005,2024-01-09,2024-01-23,2024-01-23,45,45,14,14,0,1,78.0,3510.0,Delivered
PO-11193,SKU-013,WH-EAST,SUP-005,2024-01-31,2024-02-14,2024-02-13,45,45,14,13,-1,1,78.0,3510.0,Delivered
PO-11194,SKU-013,WH-EAST,SUP-005,2024-02-26,2024-03-11,2024-03-08,45,45,14,11,-3,1,78.0,3510.0,Delivered
PO-11195,SKU-013,WH-EAST,SUP-005,2024-03-24,2024-04-07,2024-04-07,90,90,14,14,0,1,78.0,7020.0,Delivered
PO-11196,SKU-013,WH-EAST,SUP-005,2024-04-18,2024-05-02,2024-05-02,75,75,14,14,0,1,78.0,5850.0,Delivered
PO-11197,SKU-013,WH-EAST,SUP-005,2024-05-02,2024-05-16,2024-05-15,75,75,14,13,-1,1,78.0,5850.0,Delivered
PO-11198,SKU-013,WH-EAST,SUP-005,2024-05-22,2024-06-05,2024-06-05,45,45,14,14,0,1,78.0,3510.0,Delivered
PO-11199,SKU-013,WH-EAST,SUP-005,2024-06-08,2024-06-22,2024-06-22,90,90,14,14,0,1,78.0,7020.0,Delivered
PO-11200,SKU-013,WH-EAST,SUP-005,2024-06-22,2024-07-06,2024-07-05,60,60,14,13,-1,1,78.0,4680.0,Delivered
PO-11201,SKU-013,WH-EAST,SUP-005,2024-07-07,2024-07-21,2024-07-21,75,75,14,14,0,1,78.0,5850.0,Delivered
PO-11202,SKU-013,WH-EAST,SUP-005,2024-07-22,2024-08-05,2024-08-05,45,45,14,14,0,1,78.0,3510.0,Delivered
PO-11203,SKU-013,WH-EAST,SUP-005,2024-08-18,2024-09-01,2024-08-31,30,30,14,13,-1,1,78.0,2340.0,Delivered
PO-11204,SKU-013,WH-EAST,SUP-005,2024-09-16,2024-09-30,2024-09-30,75,75,14,14,0,1,78.0,5850.0,Delivered
PO-11205,SKU-013,WH-EAST,SUP-005,2024-10-06,2024-10-20,2024-10-18,75,75,14,12,-2,1,78.0,5850.0,Delivered
PO-11206,SKU-013,WH-EAST,SUP-005,2024-10-20,2024-11-03,2024-11-01,75,75,14,12,-2,1,78.0,5850.0,Delivered
PO-11207,SKU-013,WH-EAST,SUP-005,2024-11-09,2024-11-23,2024-11-22,60,60,14,13,-1,1,78.0,4680.0,Delivered
PO-11208,SKU-013,WH-EAST,SUP-005,2024-11-27,2024-12-11,2024-12-11,90,90,14,14,0,1,78.0,7020.0,Delivered
PO-11209,SKU-013,WH-EAST,SUP-005,2024-12-23,2025-01-06,2025-01-06,90,90,14,14,0,1,78.0,7020.0,Delivered
PO-11210,SKU-013,WH-EAST,SUP-005,2025-01-14,2025-01-28,2025-01-27,60,60,14,13,-1,1,78.0,4680.0,Delivered
PO-11211,SKU-013,WH-EAST,SUP-005,2025-02-09,2025-02-23,2025-02-23,45,45,14,14,0,1,78.0,3510.0,Delivered
PO-11212,SKU-013,WH-EAST,SUP-005,2025-03-04,2025-03-18,2025-03-17,90,90,14,13,-1,1,78.0,7020.0,Delivered
PO-11213,SKU-013,WH-EAST,SUP-005,2025-03-21,2025-04-04,2025-04-04,75,75,14,14,0,1,78.0,5850.0,Delivered
PO-11214,SKU-013,WH-EAST,SUP-005,2025-04-10,2025-04-24,2025-04-24,90,90,14,14,0,1,78.0,7020.0,Delivered
PO-11215,SKU-013,WH-EAST,SUP-005,2025-05-03,2025-05-17,2025-05-16,60,60,14,13,-1,1,78.0,4680.0,Delivered
PO-11216,SKU-013,WH-EAST,SUP-005,2025-05-20,2025-06-03,2025-06-01,75,75,14,12,-2,1,78.0,5850.0,Delivered
PO-11217,SKU-013,WH-EAST,SUP-005,2025-06-08,2025-06-22,2025-06-22,75,75,14,14,0,1,78.0,5850.0,Delivered
PO-11218,SKU-013,WH-EAST,SUP-005,2025-06-23,2025-07-07,2025-07-07,30,30,14,14,0,1,78.0,2340.0,Delivered
PO-11219,SKU-013,WH-EAST,SUP-005,2025-07-20,2025-08-03,2025-08-03,45,45,14,14,0,1,78.0,3510.0,Delivered
PO-11220,SKU-013,WH-EAST,SUP-005,2025-08-12,2025-08-26,2025-08-26,75,75,14,14,0,1,78.0,5850.0,Delivered
PO-11221,SKU-013,WH-EAST,SUP-005,2025-08-29,2025-09-12,2025-09-11,60,60,14,13,-1,1,78.0,4680.0,Delivered
PO-11222,SKU-013,WH-EAST,SUP-005,2025-09-26,2025-10-10,2025-10-10,30,30,14,14,0,1,78.0,2340.0,Delivered
PO-11223,SKU-013,WH-EAST,SUP-005,2025-10-24,2025-11-07,2025-11-04,75,75,14,11,-3,1,78.0,5850.0,Delivered
PO-11224,SKU-013,WH-EAST,SUP-005,2025-11-11,2025-11-25,2025-11-25,45,45,14,14,0,1,78.0,3510.0,Delivered
PO-11225,SKU-013,WH-EAST,SUP-005,2025-11-26,2025-12-10,2025-12-10,45,45,14,14,0,1,78.0,3510.0,Delivered
PO-11226,SKU-013,WH-CENTRAL,SUP-005,2024-01-05,2024-01-19,2024-01-19,60,60,14,14,0,1,78.0,4680.0,Delivered
PO-11227,SKU-013,WH-CENTRAL,SUP-005,2024-01-31,2024-02-14,2024-02-13,75,75,14,13,-1,1,78.0,5850.0,Delivered
PO-11228,SKU-013,WH-CENTRAL,SUP-005,2024-02-25,2024-03-10,2024-03-10,90,90,14,14,0,1,78.0,7020.0,Delivered
PO-11229,SKU-013,WH-CENTRAL,SUP-005,2024-03-20,2024-04-03,2024-04-03,30,30,14,14,0,1,78.0,2340.0,Delivered
PO-11230,SKU-013,WH-CENTRAL,SUP-005,2024-04-03,2024-04-17,2024-04-16,90,90,14,13,-1,1,78.0,7020.0,Delivered
PO-11231,SKU-013,WH-CENTRAL,SUP-005,2024-04-27,2024-05-11,2024-05-11,60,60,14,14,0,1,78.0,4680.0,Delivered
PO-11232,SKU-013,WH-CENTRAL,SUP-005,2024-05-18,2024-06-01,2024-05-30,30,30,14,12,-2,1,78.0,2340.0,Delivered
PO-11233,SKU-013,WH-CENTRAL,SUP-005,2024-06-05,2024-06-19,2024-06-18,75,75,14,13,-1,1,78.0,5850.0,Delivered
PO-11234,SKU-013,WH-CENTRAL,SUP-005,2024-06-21,2024-07-05,2024-07-05,75,75,14,14,0,1,78.0,5850.0,Delivered
PO-11235,SKU-013,WH-CENTRAL,SUP-005,2024-07-14,2024-07-28,2024-07-28,60,60,14,14,0,1,78.0,4680.0,Delivered
PO-11236,SKU-013,WH-CENTRAL,SUP-005,2024-08-07,2024-08-21,2024-08-21,75,75,14,14,0,1,78.0,5850.0,Delivered
PO-11237,SKU-013,WH-CENTRAL,SUP-005,2024-08-25,2024-09-08,2024-09-08,90,90,14,14,0,1,78.0,7020.0,Delivered
PO-11238,SKU-013,WH-CENTRAL,SUP-005,2024-09-15,2024-09-29,2024-09-29,90,90,14,14,0,1,78.0,7020.0,Delivered
PO-11239,SKU-013,WH-CENTRAL,SUP-005,2024-10-08,2024-10-22,2024-10-21,75,75,14,13,-1,1,78.0,5850.0,Delivered
PO-11240,SKU-013,WH-CENTRAL,SUP-005,2024-10-22,2024-11-05,2024-11-04,45,45,14,13,-1,1,78.0,3510.0,Delivered
PO-11241,SKU-013,WH-CENTRAL,SUP-005,2024-11-09,2024-11-23,2024-11-23,90,90,14,14,0,1,78.0,7020.0,Delivered
PO-11242,SKU-013,WH-CENTRAL,SUP-005,2024-11-27,2024-12-11,2024-12-11,75,75,14,14,0,1,78.0,5850.0,Delivered
PO-11243,SKU-013,WH-CENTRAL,SUP-005,2024-12-18,2025-01-01,2024-12-31,45,45,14,13,-1,1,78.0,3510.0,Delivered
PO-11244,SKU-013,WH-CENTRAL,SUP-005,2025-01-15,2025-01-29,2025-01-29,90,90,14,14,0,1,78.0,7020.0,Delivered
PO-11245,SKU-013,WH-CENTRAL,SUP-005,2025-02-12,2025-02-26,2025-02-25,90,90,14,13,-1,1,78.0,7020.0,Delivered
PO-11246,SKU-013,WH-CENTRAL,SUP-005,2025-03-06,2025-03-20,2025-03-20,45,45,14,14,0,1,78.0,3510.0,Delivered
PO-11247,SKU-013,WH-CENTRAL,SUP-005,2025-03-22,2025-04-05,2025-04-03,90,90,14,12,-2,1,78.0,7020.0,Delivered
PO-11248,SKU-013,WH-CENTRAL,SUP-005,2025-04-19,2025-05-03,2025-05-02,90,90,14,13,-1,1,78.0,7020.0,Delivered
PO-11249,SKU-013,WH-CENTRAL,SUP-005,2025-05-03,2025-05-17,2025-05-14,75,75,14,11,-3,1,78.0,5850.0,Delivered
PO-11250,SKU-013,WH-CENTRAL,SUP-005,2025-05-31,2025-06-14,2025-06-12,90,90,14,12,-2,1,78.0,7020.0,Delivered
PO-11251,SKU-013,WH-CENTRAL,SUP-005,2025-06-24,2025-07-08,2025-07-08,45,45,14,14,0,1,78.0,3510.0,Delivered
PO-11252,SKU-013,WH-CENTRAL,SUP-005,2025-07-09,2025-07-23,2025-07-23,30,30,14,14,0,1,78.0,2340.0,Delivered
PO-11253,SKU-013,WH-CENTRAL,SUP-005,2025-08-02,2025-08-16,2025-08-16,90,90,14,14,0,1,78.0,7020.0,Delivered
PO-11254,SKU-013,WH-CENTRAL,SUP-005,2025-08-27,2025-09-10,2025-09-09,75,75,14,13,-1,1,78.0,5850.0,Delivered
PO-11255,SKU-013,WH-CENTRAL,SUP-005,2025-09-14,2025-09-28,2025-09-28,45,45,14,14,0,1,78.0,3510.0,Delivered
PO-11256,SKU-013,WH-CENTRAL,SUP-005,2025-09-28,2025-10-12,2025-10-18,90,90,14,20,6,0,78.0,7020.0,Delivered
PO-11257,SKU-013,WH-CENTRAL,SUP-005,2025-10-18,2025-11-01,2025-11-01,90,90,14,14,0,1,78.0,7020.0,Delivered
PO-11258,SKU-013,WH-CENTRAL,SUP-005,2025-11-13,2025-11-27,2025-11-28,90,90,14,15,1,0,78.0,7020.0,Delivered
PO-11259,SKU-013,WH-CENTRAL,SUP-005,2025-11-30,2025-12-14,2025-12-14,75,75,14,14,0,1,78.0,5850.0,Delivered
PO-11260,SKU-013,WH-WEST,SUP-005,2024-01-05,2024-01-19,2024-01-19,90,90,14,14,0,1,78.0,7020.0,Delivered
PO-11261,SKU-013,WH-WEST,SUP-005,2024-01-26,2024-02-09,2024-02-09,60,60,14,14,0,1,78.0,4680.0,Delivered
PO-11262,SKU-013,WH-WEST,SUP-005,2024-02-12,2024-02-26,2024-02-26,30,30,14,14,0,1,78.0,2340.0,Delivered
PO-11263,SKU-013,WH-WEST,SUP-005,2024-03-06,2024-03-20,2024-03-17,90,90,14,11,-3,1,78.0,7020.0,Delivered
PO-11264,SKU-013,WH-WEST,SUP-005,2024-04-01,2024-04-15,2024-04-13,30,30,14,12,-2,1,78.0,2340.0,Delivered
PO-11265,SKU-013,WH-WEST,SUP-005,2024-04-24,2024-05-08,2024-05-09,60,60,14,15,1,0,78.0,4680.0,Delivered
PO-11266,SKU-013,WH-WEST,SUP-005,2024-05-22,2024-06-05,2024-06-05,45,45,14,14,0,1,78.0,3510.0,Delivered
PO-11267,SKU-013,WH-WEST,SUP-005,2024-06-12,2024-06-26,2024-06-26,60,60,14,14,0,1,78.0,4680.0,Delivered
PO-11268,SKU-013,WH-WEST,SUP-005,2024-06-28,2024-07-12,2024-07-11,75,75,14,13,-1,1,78.0,5850.0,Delivered
PO-11269,SKU-013,WH-WEST,SUP-005,2024-07-21,2024-08-04,2024-08-04,45,45,14,14,0,1,78.0,3510.0,Delivered
PO-11270,SKU-013,WH-WEST,SUP-005,2024-08-15,2024-08-29,2024-08-29,60,60,14,14,0,1,78.0,4680.0,Delivered
PO-11271,SKU-013,WH-WEST,SUP-005,2024-09-06,2024-09-20,2024-09-20,90,90,14,14,0,1,78.0,7020.0,Delivered
PO-11272,SKU-013,WH-WEST,SUP-005,2024-10-02,2024-10-16,2024-10-16,75,75,14,14,0,1,78.0,5850.0,Delivered
PO-11273,SKU-013,WH-WEST,SUP-005,2024-10-25,2024-11-08,2024-11-08,45,45,14,14,0,1,78.0,3510.0,Delivered
PO-11274,SKU-013,WH-WEST,SUP-005,2024-11-10,2024-11-24,2024-11-24,75,75,14,14,0,1,78.0,5850.0,Delivered
PO-11275,SKU-013,WH-WEST,SUP-005,2024-11-29,2024-12-13,2024-12-13,45,45,14,14,0,1,78.0,3510.0,Delivered
PO-11276,SKU-013,WH-WEST,SUP-005,2024-12-17,2024-12-31,2024-12-31,45,45,14,14,0,1,78.0,3510.0,Delivered
PO-11277,SKU-013,WH-WEST,SUP-005,2025-01-12,2025-01-26,2025-01-25,30,30,14,13,-1,1,78.0,2340.0,Delivered
PO-11278,SKU-013,WH-WEST,SUP-005,2025-02-10,2025-02-24,2025-02-24,75,75,14,14,0,1,78.0,5850.0,Delivered
PO-11279,SKU-013,WH-WEST,SUP-005,2025-03-05,2025-03-19,2025-03-17,75,75,14,12,-2,1,78.0,5850.0,Delivered
PO-11280,SKU-013,WH-WEST,SUP-005,2025-03-26,2025-04-09,2025-04-07,75,75,14,12,-2,1,78.0,5850.0,Delivered
PO-11281,SKU-013,WH-WEST,SUP-005,2025-04-24,2025-05-08,2025-05-13,60,60,14,19,5,0,78.0,4680.0,Delivered
PO-11282,SKU-013,WH-WEST,SUP-005,2025-05-09,2025-05-23,2025-05-23,60,60,14,14,0,1,78.0,4680.0,Delivered
PO-11283,SKU-013,WH-WEST,SUP-005,2025-05-31,2025-06-14,2025-06-13,30,30,14,13,-1,1,78.0,2340.0,Delivered
PO-11284,SKU-013,WH-WEST,SUP-005,2025-06-22,2025-07-06,2025-07-06,30,30,14,14,0,1,78.0,2340.0,Delivered
PO-11285,SKU-013,WH-WEST,SUP-005,2025-07-21,2025-08-04,2025-08-16,75,75,14,26,12,0,78.0,5850.0,Delivered
PO-11286,SKU-013,WH-WEST,SUP-005,2025-08-07,2025-08-21,2025-08-21,45,45,14,14,0,1,78.0,3510.0,Delivered
PO-11287,SKU-013,WH-WEST,SUP-005,2025-08-29,2025-09-12,2025-09-12,60,60,14,14,0,1,78.0,4680.0,Delivered
PO-11288,SKU-013,WH-WEST,SUP-005,2025-09-20,2025-10-04,2025-10-04,60,60,14,14,0,1,78.0,4680.0,Delivered
PO-11289,SKU-013,WH-WEST,SUP-005,2025-10-15,2025-10-29,2025-10-28,60,60,14,13,-1,1,78.0,4680.0,Delivered
PO-11290,SKU-013,WH-WEST,SUP-005,2025-11-07,2025-11-21,2025-11-19,75,75,14,12,-2,1,78.0,5850.0,Delivered
PO-11291,SKU-013,WH-WEST,SUP-005,2025-11-25,2025-12-09,2025-12-09,60,60,14,14,0,1,78.0,4680.0,Delivered
PO-11292,SKU-014,WH-EAST,SUP-003,2024-01-03,2024-01-08,2024-01-08,80,80,5,5,0,1,28.0,2240.0,Delivered
PO-11293,SKU-014,WH-EAST,SUP-003,2024-01-30,2024-02-04,2024-02-04,60,60,5,5,0,1,28.0,1680.0,Delivered
PO-11294,SKU-014,WH-EAST,SUP-003,2024-02-25,2024-03-01,2024-02-29,40,40,5,4,-1,1,28.0,1120.0,Delivered
PO-11295,SKU-014,WH-EAST,SUP-003,2024-03-11,2024-03-16,2024-03-16,100,100,5,5,0,1,28.0,2800.0,Delivered
PO-11296,SKU-014,WH-EAST,SUP-003,2024-03-31,2024-04-05,2024-04-05,100,100,5,5,0,1,28.0,2800.0,Delivered
PO-11297,SKU-014,WH-EAST,SUP-003,2024-04-25,2024-04-30,2024-04-30,100,100,5,5,0,1,28.0,2800.0,Delivered
PO-11298,SKU-014,WH-EAST,SUP-003,2024-05-16,2024-05-21,2024-05-21,120,120,5,5,0,1,28.0,3360.0,Delivered
PO-11299,SKU-014,WH-EAST,SUP-003,2024-05-31,2024-06-05,2024-06-05,60,60,5,5,0,1,28.0,1680.0,Delivered
PO-11300,SKU-014,WH-EAST,SUP-003,2024-06-18,2024-06-23,2024-06-23,100,100,5,5,0,1,28.0,2800.0,Delivered
PO-11301,SKU-014,WH-EAST,SUP-003,2024-07-08,2024-07-13,2024-07-12,80,80,5,4,-1,1,28.0,2240.0,Delivered
PO-11302,SKU-014,WH-EAST,SUP-003,2024-07-23,2024-07-28,2024-07-28,80,80,5,5,0,1,28.0,2240.0,Delivered
PO-11303,SKU-014,WH-EAST,SUP-003,2024-08-12,2024-08-17,2024-08-16,80,80,5,4,-1,1,28.0,2240.0,Delivered
PO-11304,SKU-014,WH-EAST,SUP-003,2024-08-26,2024-08-31,2024-08-31,120,120,5,5,0,1,28.0,3360.0,Delivered
PO-11305,SKU-014,WH-EAST,SUP-003,2024-09-17,2024-09-22,2024-09-22,100,100,5,5,0,1,28.0,2800.0,Delivered
PO-11306,SKU-014,WH-EAST,SUP-003,2024-10-14,2024-10-19,2024-10-19,80,80,5,5,0,1,28.0,2240.0,Delivered
PO-11307,SKU-014,WH-EAST,SUP-003,2024-11-01,2024-11-06,2024-11-06,120,120,5,5,0,1,28.0,3360.0,Delivered
PO-11308,SKU-014,WH-EAST,SUP-003,2024-11-28,2024-12-03,2024-12-03,80,80,5,5,0,1,28.0,2240.0,Delivered
PO-11309,SKU-014,WH-EAST,SUP-003,2024-12-16,2024-12-21,2024-12-21,80,80,5,5,0,1,28.0,2240.0,Delivered
PO-11310,SKU-014,WH-EAST,SUP-003,2025-01-08,2025-01-13,2025-01-13,60,60,5,5,0,1,28.0,1680.0,Delivered
PO-11311,SKU-014,WH-EAST,SUP-003,2025-01-23,2025-01-28,2025-01-28,120,120,5,5,0,1,28.0,3360.0,Delivered
PO-11312,SKU-014,WH-EAST,SUP-003,2025-02-08,2025-02-13,2025-02-13,40,40,5,5,0,1,28.0,1120.0,Delivered
PO-11313,SKU-014,WH-EAST,SUP-003,2025-02-23,2025-02-28,2025-02-28,40,40,5,5,0,1,28.0,1120.0,Delivered
PO-11314,SKU-014,WH-EAST,SUP-003,2025-03-13,2025-03-18,2025-03-18,60,60,5,5,0,1,28.0,1680.0,Delivered
PO-11315,SKU-014,WH-EAST,SUP-003,2025-04-02,2025-04-07,2025-04-07,100,100,5,5,0,1,28.0,2800.0,Delivered
PO-11316,SKU-014,WH-EAST,SUP-003,2025-04-28,2025-05-03,2025-05-03,40,40,5,5,0,1,28.0,1120.0,Delivered
PO-11317,SKU-014,WH-EAST,SUP-003,2025-05-13,2025-05-18,2025-05-18,120,120,5,5,0,1,28.0,3360.0,Delivered
PO-11318,SKU-014,WH-EAST,SUP-003,2025-05-29,2025-06-03,2025-06-03,40,40,5,5,0,1,28.0,1120.0,Delivered
PO-11319,SKU-014,WH-EAST,SUP-003,2025-06-20,2025-06-25,2025-06-25,40,40,5,5,0,1,28.0,1120.0,Delivered
PO-11320,SKU-014,WH-EAST,SUP-003,2025-07-10,2025-07-15,2025-07-15,120,120,5,5,0,1,28.0,3360.0,Delivered
PO-11321,SKU-014,WH-EAST,SUP-003,2025-07-27,2025-08-01,2025-08-01,60,60,5,5,0,1,28.0,1680.0,Delivered
PO-11322,SKU-014,WH-EAST,SUP-003,2025-08-15,2025-08-20,2025-08-19,120,120,5,4,-1,1,28.0,3360.0,Delivered
PO-11323,SKU-014,WH-EAST,SUP-003,2025-09-13,2025-09-18,2025-09-18,60,60,5,5,0,1,28.0,1680.0,Delivered
PO-11324,SKU-014,WH-EAST,SUP-003,2025-10-01,2025-10-06,2025-10-06,100,100,5,5,0,1,28.0,2800.0,Delivered
PO-11325,SKU-014,WH-EAST,SUP-003,2025-10-26,2025-10-31,2025-10-31,120,120,5,5,0,1,28.0,3360.0,Delivered
PO-11326,SKU-014,WH-EAST,SUP-003,2025-11-24,2025-11-29,2025-11-29,100,100,5,5,0,1,28.0,2800.0,Delivered
PO-11327,SKU-014,WH-CENTRAL,SUP-003,2024-01-11,2024-01-16,2024-01-16,80,80,5,5,0,1,28.0,2240.0,Delivered
PO-11328,SKU-014,WH-CENTRAL,SUP-003,2024-01-31,2024-02-05,2024-02-05,100,100,5,5,0,1,28.0,2800.0,Delivered
PO-11329,SKU-014,WH-CENTRAL,SUP-003,2024-02-17,2024-02-22,2024-02-22,120,120,5,5,0,1,28.0,3360.0,Delivered
PO-11330,SKU-014,WH-CENTRAL,SUP-003,2024-03-06,2024-03-11,2024-03-11,60,60,5,5,0,1,28.0,1680.0,Delivered
PO-11331,SKU-014,WH-CENTRAL,SUP-003,2024-03-29,2024-04-03,2024-04-02,40,40,5,4,-1,1,28.0,1120.0,Delivered
PO-11332,SKU-014,WH-CENTRAL,SUP-003,2024-04-25,2024-04-30,2024-04-30,60,60,5,5,0,1,28.0,1680.0,Delivered
PO-11333,SKU-014,WH-CENTRAL,SUP-003,2024-05-09,2024-05-14,2024-05-14,40,40,5,5,0,1,28.0,1120.0,Delivered
PO-11334,SKU-014,WH-CENTRAL,SUP-003,2024-05-25,2024-05-30,2024-05-30,100,100,5,5,0,1,28.0,2800.0,Delivered
PO-11335,SKU-014,WH-CENTRAL,SUP-003,2024-06-22,2024-06-27,2024-06-27,40,40,5,5,0,1,28.0,1120.0,Delivered
PO-11336,SKU-014,WH-CENTRAL,SUP-003,2024-07-18,2024-07-23,2024-07-23,120,120,5,5,0,1,28.0,3360.0,Delivered
PO-11337,SKU-014,WH-CENTRAL,SUP-003,2024-08-03,2024-08-08,2024-08-08,60,60,5,5,0,1,28.0,1680.0,Delivered
PO-11338,SKU-014,WH-CENTRAL,SUP-003,2024-08-26,2024-08-31,2024-08-31,80,80,5,5,0,1,28.0,2240.0,Delivered
PO-11339,SKU-014,WH-CENTRAL,SUP-003,2024-09-23,2024-09-28,2024-09-28,80,80,5,5,0,1,28.0,2240.0,Delivered
PO-11340,SKU-014,WH-CENTRAL,SUP-003,2024-10-21,2024-10-26,2024-10-25,120,120,5,4,-1,1,28.0,3360.0,Delivered
PO-11341,SKU-014,WH-CENTRAL,SUP-003,2024-11-17,2024-11-22,2024-11-21,60,60,5,4,-1,1,28.0,1680.0,Delivered
PO-11342,SKU-014,WH-CENTRAL,SUP-003,2024-12-09,2024-12-14,2024-12-14,40,40,5,5,0,1,28.0,1120.0,Delivered
PO-11343,SKU-014,WH-CENTRAL,SUP-003,2025-01-05,2025-01-10,2025-01-10,80,80,5,5,0,1,28.0,2240.0,Delivered
PO-11344,SKU-014,WH-CENTRAL,SUP-003,2025-01-20,2025-01-25,2025-01-25,80,80,5,5,0,1,28.0,2240.0,Delivered
PO-11345,SKU-014,WH-CENTRAL,SUP-003,2025-02-05,2025-02-10,2025-02-10,80,80,5,5,0,1,28.0,2240.0,Delivered
PO-11346,SKU-014,WH-CENTRAL,SUP-003,2025-03-02,2025-03-07,2025-03-07,100,100,5,5,0,1,28.0,2800.0,Delivered
PO-11347,SKU-014,WH-CENTRAL,SUP-003,2025-03-18,2025-03-23,2025-03-22,80,80,5,4,-1,1,28.0,2240.0,Delivered
PO-11348,SKU-014,WH-CENTRAL,SUP-003,2025-04-15,2025-04-20,2025-04-22,60,60,5,7,2,0,28.0,1680.0,Delivered
PO-11349,SKU-014,WH-CENTRAL,SUP-003,2025-05-01,2025-05-06,2025-05-06,60,60,5,5,0,1,28.0,1680.0,Delivered
PO-11350,SKU-014,WH-CENTRAL,SUP-003,2025-05-24,2025-05-29,2025-05-29,100,100,5,5,0,1,28.0,2800.0,Delivered
PO-11351,SKU-014,WH-CENTRAL,SUP-003,2025-06-21,2025-06-26,2025-06-26,40,40,5,5,0,1,28.0,1120.0,Delivered
PO-11352,SKU-014,WH-CENTRAL,SUP-003,2025-07-14,2025-07-19,2025-07-19,80,80,5,5,0,1,28.0,2240.0,Delivered
PO-11353,SKU-014,WH-CENTRAL,SUP-003,2025-08-06,2025-08-11,2025-08-11,80,80,5,5,0,1,28.0,2240.0,Delivered
PO-11354,SKU-014,WH-CENTRAL,SUP-003,2025-08-20,2025-08-25,2025-08-25,120,120,5,5,0,1,28.0,3360.0,Delivered
PO-11355,SKU-014,WH-CENTRAL,SUP-003,2025-09-07,2025-09-12,2025-09-12,80,80,5,5,0,1,28.0,2240.0,Delivered
PO-11356,SKU-014,WH-CENTRAL,SUP-003,2025-09-28,2025-10-03,2025-10-03,40,40,5,5,0,1,28.0,1120.0,Delivered
PO-11357,SKU-014,WH-CENTRAL,SUP-003,2025-10-14,2025-10-19,2025-10-19,120,120,5,5,0,1,28.0,3360.0,Delivered
PO-11358,SKU-014,WH-CENTRAL,SUP-003,2025-11-03,2025-11-08,2025-11-08,60,60,5,5,0,1,28.0,1680.0,Delivered
PO-11359,SKU-014,WH-CENTRAL,SUP-003,2025-11-27,2025-12-02,2025-12-02,60,60,5,5,0,1,28.0,1680.0,Delivered
PO-11360,SKU-014,WH-WEST,SUP-003,2024-01-15,2024-01-20,2024-01-20,120,120,5,5,0,1,28.0,3360.0,Delivered
PO-11361,SKU-014,WH-WEST,SUP-003,2024-02-13,2024-02-18,2024-02-18,80,80,5,5,0,1,28.0,2240.0,Delivered
PO-11362,SKU-014,WH-WEST,SUP-003,2024-03-08,2024-03-13,2024-03-13,80,80,5,5,0,1,28.0,2240.0,Delivered
PO-11363,SKU-014,WH-WEST,SUP-003,2024-03-23,2024-03-28,2024-03-28,60,60,5,5,0,1,28.0,1680.0,Delivered
PO-11364,SKU-014,WH-WEST,SUP-003,2024-04-08,2024-04-13,2024-04-13,40,40,5,5,0,1,28.0,1120.0,Delivered
PO-11365,SKU-014,WH-WEST,SUP-003,2024-04-30,2024-05-05,2024-05-05,80,80,5,5,0,1,28.0,2240.0,Delivered
PO-11366,SKU-014,WH-WEST,SUP-003,2024-05-16,2024-05-21,2024-05-20,120,120,5,4,-1,1,28.0,3360.0,Delivered
PO-11367,SKU-014,WH-WEST,SUP-003,2024-06-02,2024-06-07,2024-06-17,80,80,5,15,10,0,28.0,2240.0,Delivered
PO-11368,SKU-014,WH-WEST,SUP-003,2024-06-22,2024-06-27,2024-06-26,40,40,5,4,-1,1,28.0,1120.0,Delivered
PO-11369,SKU-014,WH-WEST,SUP-003,2024-07-07,2024-07-12,2024-07-11,100,100,5,4,-1,1,28.0,2800.0,Delivered
PO-11370,SKU-014,WH-WEST,SUP-003,2024-07-31,2024-08-05,2024-08-05,100,100,5,5,0,1,28.0,2800.0,Delivered
PO-11371,SKU-014,WH-WEST,SUP-003,2024-08-25,2024-08-30,2024-08-30,120,120,5,5,0,1,28.0,3360.0,Delivered
PO-11372,SKU-014,WH-WEST,SUP-003,2024-09-22,2024-09-27,2024-09-26,80,80,5,4,-1,1,28.0,2240.0,Delivered
PO-11373,SKU-014,WH-WEST,SUP-003,2024-10-10,2024-10-15,2024-10-14,40,40,5,4,-1,1,28.0,1120.0,Delivered
PO-11374,SKU-014,WH-WEST,SUP-003,2024-10-31,2024-11-05,2024-11-03,60,60,5,3,-2,1,28.0,1680.0,Delivered
PO-11375,SKU-014,WH-WEST,SUP-003,2024-11-15,2024-11-20,2024-11-20,40,40,5,5,0,1,28.0,1120.0,Delivered
PO-11376,SKU-014,WH-WEST,SUP-003,2024-12-09,2024-12-14,2024-12-14,120,120,5,5,0,1,28.0,3360.0,Delivered
PO-11377,SKU-014,WH-WEST,SUP-003,2024-12-31,2025-01-05,2025-01-05,100,100,5,5,0,1,28.0,2800.0,Delivered
PO-11378,SKU-014,WH-WEST,SUP-003,2025-01-23,2025-01-28,2025-01-28,100,100,5,5,0,1,28.0,2800.0,Delivered
PO-11379,SKU-014,WH-WEST,SUP-003,2025-02-18,2025-02-23,2025-02-23,120,120,5,5,0,1,28.0,3360.0,Delivered
PO-11380,SKU-014,WH-WEST,SUP-003,2025-03-05,2025-03-10,2025-03-10,100,100,5,5,0,1,28.0,2800.0,Delivered
PO-11381,SKU-014,WH-WEST,SUP-003,2025-03-22,2025-03-27,2025-03-26,60,60,5,4,-1,1,28.0,1680.0,Delivered
PO-11382,SKU-014,WH-WEST,SUP-003,2025-04-07,2025-04-12,2025-04-12,100,100,5,5,0,1,28.0,2800.0,Delivered
PO-11383,SKU-014,WH-WEST,SUP-003,2025-05-02,2025-05-07,2025-05-07,60,60,5,5,0,1,28.0,1680.0,Delivered
PO-11384,SKU-014,WH-WEST,SUP-003,2025-05-28,2025-06-02,2025-06-02,40,40,5,5,0,1,28.0,1120.0,Delivered
PO-11385,SKU-014,WH-WEST,SUP-003,2025-06-22,2025-06-27,2025-06-27,60,60,5,5,0,1,28.0,1680.0,Delivered
PO-11386,SKU-014,WH-WEST,SUP-003,2025-07-11,2025-07-16,2025-07-15,100,100,5,4,-1,1,28.0,2800.0,Delivered
PO-11387,SKU-014,WH-WEST,SUP-003,2025-08-07,2025-08-12,2025-08-12,120,120,5,5,0,1,28.0,3360.0,Delivered
PO-11388,SKU-014,WH-WEST,SUP-003,2025-08-29,2025-09-03,2025-09-03,60,60,5,5,0,1,28.0,1680.0,Delivered
PO-11389,SKU-014,WH-WEST,SUP-003,2025-09-18,2025-09-23,2025-09-23,40,40,5,5,0,1,28.0,1120.0,Delivered
PO-11390,SKU-014,WH-WEST,SUP-003,2025-10-03,2025-10-08,2025-10-08,80,80,5,5,0,1,28.0,2240.0,Delivered
PO-11391,SKU-014,WH-WEST,SUP-003,2025-10-28,2025-11-02,2025-11-02,40,40,5,5,0,1,28.0,1120.0,Delivered
PO-11392,SKU-014,WH-WEST,SUP-003,2025-11-20,2025-11-25,2025-11-25,100,100,5,5,0,1,28.0,2800.0,Delivered
PO-11393,SKU-015,WH-EAST,SUP-005,2024-01-06,2024-01-20,2024-01-20,30,30,14,14,0,1,112.0,3360.0,Delivered
PO-11394,SKU-015,WH-EAST,SUP-005,2024-01-24,2024-02-07,2024-02-07,60,60,14,14,0,1,112.0,6720.0,Delivered
PO-11395,SKU-015,WH-EAST,SUP-005,2024-02-10,2024-02-24,2024-02-22,60,60,14,12,-2,1,112.0,6720.0,Delivered
PO-11396,SKU-015,WH-EAST,SUP-005,2024-02-26,2024-03-11,2024-03-09,50,50,14,12,-2,1,112.0,5600.0,Delivered
PO-11397,SKU-015,WH-EAST,SUP-005,2024-03-21,2024-04-04,2024-04-02,60,60,14,12,-2,1,112.0,6720.0,Delivered
PO-11398,SKU-015,WH-EAST,SUP-005,2024-04-05,2024-04-19,2024-04-27,20,20,14,22,8,0,112.0,2240.0,Delivered
PO-11399,SKU-015,WH-EAST,SUP-005,2024-05-04,2024-05-18,2024-05-18,30,30,14,14,0,1,112.0,3360.0,Delivered
PO-11400,SKU-015,WH-EAST,SUP-005,2024-05-25,2024-06-08,2024-06-06,60,60,14,12,-2,1,112.0,6720.0,Delivered
PO-11401,SKU-015,WH-EAST,SUP-005,2024-06-11,2024-06-25,2024-06-25,20,20,14,14,0,1,112.0,2240.0,Delivered
PO-11402,SKU-015,WH-EAST,SUP-005,2024-06-28,2024-07-12,2024-07-12,30,30,14,14,0,1,112.0,3360.0,Delivered
PO-11403,SKU-015,WH-EAST,SUP-005,2024-07-27,2024-08-10,2024-08-10,60,60,14,14,0,1,112.0,6720.0,Delivered
PO-11404,SKU-015,WH-EAST,SUP-005,2024-08-11,2024-08-25,2024-08-25,60,60,14,14,0,1,112.0,6720.0,Delivered
PO-11405,SKU-015,WH-EAST,SUP-005,2024-09-08,2024-09-22,2024-09-18,60,60,14,10,-4,1,112.0,6720.0,Delivered
PO-11406,SKU-015,WH-EAST,SUP-005,2024-10-02,2024-10-16,2024-10-16,20,20,14,14,0,1,112.0,2240.0,Delivered
PO-11407,SKU-015,WH-EAST,SUP-005,2024-10-31,2024-11-14,2024-11-14,40,40,14,14,0,1,112.0,4480.0,Delivered
PO-11408,SKU-015,WH-EAST,SUP-005,2024-11-25,2024-12-09,2024-12-09,20,20,14,14,0,1,112.0,2240.0,Delivered
PO-11409,SKU-015,WH-EAST,SUP-005,2024-12-13,2024-12-27,2024-12-27,20,20,14,14,0,1,112.0,2240.0,Delivered
PO-11410,SKU-015,WH-EAST,SUP-005,2025-01-09,2025-01-23,2025-01-23,40,40,14,14,0,1,112.0,4480.0,Delivered
PO-11411,SKU-015,WH-EAST,SUP-005,2025-01-26,2025-02-09,2025-02-09,40,40,14,14,0,1,112.0,4480.0,Delivered
PO-11412,SKU-015,WH-EAST,SUP-005,2025-02-12,2025-02-26,2025-02-26,40,40,14,14,0,1,112.0,4480.0,Delivered
PO-11413,SKU-015,WH-EAST,SUP-005,2025-03-09,2025-03-23,2025-03-22,20,20,14,13,-1,1,112.0,2240.0,Delivered
PO-11414,SKU-015,WH-EAST,SUP-005,2025-03-30,2025-04-13,2025-04-13,60,60,14,14,0,1,112.0,6720.0,Delivered
PO-11415,SKU-015,WH-EAST,SUP-005,2025-04-24,2025-05-08,2025-05-08,20,20,14,14,0,1,112.0,2240.0,Delivered
PO-11416,SKU-015,WH-EAST,SUP-005,2025-05-21,2025-06-04,2025-06-04,20,20,14,14,0,1,112.0,2240.0,Delivered
PO-11417,SKU-015,WH-EAST,SUP-005,2025-06-13,2025-06-27,2025-06-26,50,50,14,13,-1,1,112.0,5600.0,Delivered
PO-11418,SKU-015,WH-EAST,SUP-005,2025-06-28,2025-07-12,2025-07-10,20,20,14,12,-2,1,112.0,2240.0,Delivered
PO-11419,SKU-015,WH-EAST,SUP-005,2025-07-22,2025-08-05,2025-08-05,50,50,14,14,0,1,112.0,5600.0,Delivered
PO-11420,SKU-015,WH-EAST,SUP-005,2025-08-16,2025-08-30,2025-08-30,60,60,14,14,0,1,112.0,6720.0,Delivered
PO-11421,SKU-015,WH-EAST,SUP-005,2025-09-09,2025-09-23,2025-09-23,20,20,14,14,0,1,112.0,2240.0,Delivered
PO-11422,SKU-015,WH-EAST,SUP-005,2025-10-04,2025-10-18,2025-10-18,50,50,14,14,0,1,112.0,5600.0,Delivered
PO-11423,SKU-015,WH-EAST,SUP-005,2025-10-19,2025-11-02,2025-11-01,60,60,14,13,-1,1,112.0,6720.0,Delivered
PO-11424,SKU-015,WH-EAST,SUP-005,2025-11-03,2025-11-17,2025-11-17,20,20,14,14,0,1,112.0,2240.0,Delivered
PO-11425,SKU-015,WH-EAST,SUP-005,2025-11-26,2025-12-10,2025-12-10,40,40,14,14,0,1,112.0,4480.0,Delivered
PO-11426,SKU-015,WH-CENTRAL,SUP-005,2024-01-08,2024-01-22,2024-01-22,40,40,14,14,0,1,112.0,4480.0,Delivered
PO-11427,SKU-015,WH-CENTRAL,SUP-005,2024-01-28,2024-02-11,2024-02-11,50,50,14,14,0,1,112.0,5600.0,Delivered
PO-11428,SKU-015,WH-CENTRAL,SUP-005,2024-02-19,2024-03-04,2024-03-02,40,40,14,12,-2,1,112.0,4480.0,Delivered
PO-11429,SKU-015,WH-CENTRAL,SUP-005,2024-03-07,2024-03-21,2024-03-21,50,50,14,14,0,1,112.0,5600.0,Delivered
PO-11430,SKU-015,WH-CENTRAL,SUP-005,2024-04-04,2024-04-18,2024-04-18,30,30,14,14,0,1,112.0,3360.0,Delivered
PO-11431,SKU-015,WH-CENTRAL,SUP-005,2024-04-30,2024-05-14,2024-05-13,20,20,14,13,-1,1,112.0,2240.0,Delivered
PO-11432,SKU-015,WH-CENTRAL,SUP-005,2024-05-26,2024-06-09,2024-06-09,50,50,14,14,0,1,112.0,5600.0,Delivered
PO-11433,SKU-015,WH-CENTRAL,SUP-005,2024-06-23,2024-07-07,2024-07-05,20,20,14,12,-2,1,112.0,2240.0,Delivered
PO-11434,SKU-015,WH-CENTRAL,SUP-005,2024-07-12,2024-07-26,2024-07-24,50,50,14,12,-2,1,112.0,5600.0,Delivered
PO-11435,SKU-015,WH-CENTRAL,SUP-005,2024-08-04,2024-08-18,2024-08-16,20,20,14,12,-2,1,112.0,2240.0,Delivered
PO-11436,SKU-015,WH-CENTRAL,SUP-005,2024-08-19,2024-09-02,2024-09-01,20,20,14,13,-1,1,112.0,2240.0,Delivered
PO-11437,SKU-015,WH-CENTRAL,SUP-005,2024-09-17,2024-10-01,2024-09-29,60,60,14,12,-2,1,112.0,6720.0,Delivered
PO-11438,SKU-015,WH-CENTRAL,SUP-005,2024-10-02,2024-10-16,2024-10-14,60,60,14,12,-2,1,112.0,6720.0,Delivered
PO-11439,SKU-015,WH-CENTRAL,SUP-005,2024-10-22,2024-11-05,2024-11-05,50,50,14,14,0,1,112.0,5600.0,Delivered
PO-11440,SKU-015,WH-CENTRAL,SUP-005,2024-11-06,2024-11-20,2024-11-15,60,60,14,9,-5,1,112.0,6720.0,Delivered
PO-11441,SKU-015,WH-CENTRAL,SUP-005,2024-12-01,2024-12-15,2024-12-14,20,20,14,13,-1,1,112.0,2240.0,Delivered
PO-11442,SKU-015,WH-CENTRAL,SUP-005,2024-12-15,2024-12-29,2024-12-29,60,60,14,14,0,1,112.0,6720.0,Delivered
PO-11443,SKU-015,WH-CENTRAL,SUP-005,2025-01-07,2025-01-21,2025-01-20,40,40,14,13,-1,1,112.0,4480.0,Delivered
PO-11444,SKU-015,WH-CENTRAL,SUP-005,2025-01-27,2025-02-10,2025-02-10,20,20,14,14,0,1,112.0,2240.0,Delivered
PO-11445,SKU-015,WH-CENTRAL,SUP-005,2025-02-13,2025-02-27,2025-02-26,30,30,14,13,-1,1,112.0,3360.0,Delivered
PO-11446,SKU-015,WH-CENTRAL,SUP-005,2025-03-04,2025-03-18,2025-03-18,60,60,14,14,0,1,112.0,6720.0,Delivered
PO-11447,SKU-015,WH-CENTRAL,SUP-005,2025-03-18,2025-04-01,2025-04-01,20,20,14,14,0,1,112.0,2240.0,Delivered
PO-11448,SKU-015,WH-CENTRAL,SUP-005,2025-04-13,2025-04-27,2025-04-27,20,20,14,14,0,1,112.0,2240.0,Delivered
PO-11449,SKU-015,WH-CENTRAL,SUP-005,2025-05-04,2025-05-18,2025-05-18,60,60,14,14,0,1,112.0,6720.0,Delivered
PO-11450,SKU-015,WH-CENTRAL,SUP-005,2025-06-02,2025-06-16,2025-06-20,50,50,14,18,4,0,112.0,5600.0,Delivered
PO-11451,SKU-015,WH-CENTRAL,SUP-005,2025-06-28,2025-07-12,2025-07-11,60,60,14,13,-1,1,112.0,6720.0,Delivered
PO-11452,SKU-015,WH-CENTRAL,SUP-005,2025-07-15,2025-07-29,2025-07-29,30,30,14,14,0,1,112.0,3360.0,Delivered
PO-11453,SKU-015,WH-CENTRAL,SUP-005,2025-07-31,2025-08-14,2025-08-11,20,20,14,11,-3,1,112.0,2240.0,Delivered
PO-11454,SKU-015,WH-CENTRAL,SUP-005,2025-08-23,2025-09-06,2025-09-06,20,20,14,14,0,1,112.0,2240.0,Delivered
PO-11455,SKU-015,WH-CENTRAL,SUP-005,2025-09-17,2025-10-01,2025-09-30,50,50,14,13,-1,1,112.0,5600.0,Delivered
PO-11456,SKU-015,WH-CENTRAL,SUP-005,2025-10-15,2025-10-29,2025-10-29,60,60,14,14,0,1,112.0,6720.0,Delivered
PO-11457,SKU-015,WH-CENTRAL,SUP-005,2025-11-02,2025-11-16,2025-11-16,30,30,14,14,0,1,112.0,3360.0,Delivered
PO-11458,SKU-015,WH-CENTRAL,SUP-005,2025-11-25,2025-12-09,2025-12-06,50,50,14,11,-3,1,112.0,5600.0,Delivered
PO-11459,SKU-015,WH-WEST,SUP-005,2024-01-10,2024-01-24,2024-01-24,30,30,14,14,0,1,112.0,3360.0,Delivered
PO-11460,SKU-015,WH-WEST,SUP-005,2024-02-05,2024-02-19,2024-02-19,30,30,14,14,0,1,112.0,3360.0,Delivered
PO-11461,SKU-015,WH-WEST,SUP-005,2024-02-26,2024-03-11,2024-03-09,40,40,14,12,-2,1,112.0,4480.0,Delivered
PO-11462,SKU-015,WH-WEST,SUP-005,2024-03-13,2024-03-27,2024-03-27,60,60,14,14,0,1,112.0,6720.0,Delivered
PO-11463,SKU-015,WH-WEST,SUP-005,2024-04-07,2024-04-21,2024-04-21,40,40,14,14,0,1,112.0,4480.0,Delivered
PO-11464,SKU-015,WH-WEST,SUP-005,2024-04-27,2024-05-11,2024-05-11,50,50,14,14,0,1,112.0,5600.0,Delivered
PO-11465,SKU-015,WH-WEST,SUP-005,2024-05-25,2024-06-08,2024-06-08,50,50,14,14,0,1,112.0,5600.0,Delivered
PO-11466,SKU-015,WH-WEST,SUP-005,2024-06-18,2024-07-02,2024-07-02,30,30,14,14,0,1,112.0,3360.0,Delivered
PO-11467,SKU-015,WH-WEST,SUP-005,2024-07-17,2024-07-31,2024-07-30,40,40,14,13,-1,1,112.0,4480.0,Delivered
PO-11468,SKU-015,WH-WEST,SUP-005,2024-08-10,2024-08-24,2024-08-24,30,30,14,14,0,1,112.0,3360.0,Delivered
PO-11469,SKU-015,WH-WEST,SUP-005,2024-09-04,2024-09-18,2024-09-17,40,40,14,13,-1,1,112.0,4480.0,Delivered
PO-11470,SKU-015,WH-WEST,SUP-005,2024-10-03,2024-10-17,2024-11-05,40,40,14,33,19,0,112.0,4480.0,Delivered
PO-11471,SKU-015,WH-WEST,SUP-005,2024-10-31,2024-11-14,2024-11-14,60,60,14,14,0,1,112.0,6720.0,Delivered
PO-11472,SKU-015,WH-WEST,SUP-005,2024-11-24,2024-12-08,2024-12-22,50,50,14,28,14,0,112.0,5600.0,Delivered
PO-11473,SKU-015,WH-WEST,SUP-005,2024-12-22,2025-01-05,2025-01-05,60,60,14,14,0,1,112.0,6720.0,Delivered
PO-11474,SKU-015,WH-WEST,SUP-005,2025-01-09,2025-01-23,2025-01-21,60,60,14,12,-2,1,112.0,6720.0,Delivered
PO-11475,SKU-015,WH-WEST,SUP-005,2025-02-03,2025-02-17,2025-02-17,20,20,14,14,0,1,112.0,2240.0,Delivered
PO-11476,SKU-015,WH-WEST,SUP-005,2025-02-25,2025-03-11,2025-03-11,20,20,14,14,0,1,112.0,2240.0,Delivered
PO-11477,SKU-015,WH-WEST,SUP-005,2025-03-11,2025-03-25,2025-03-25,30,30,14,14,0,1,112.0,3360.0,Delivered
PO-11478,SKU-015,WH-WEST,SUP-005,2025-03-31,2025-04-14,2025-04-14,40,40,14,14,0,1,112.0,4480.0,Delivered
PO-11479,SKU-015,WH-WEST,SUP-005,2025-04-25,2025-05-09,2025-05-09,30,30,14,14,0,1,112.0,3360.0,Delivered
PO-11480,SKU-015,WH-WEST,SUP-005,2025-05-23,2025-06-06,2025-06-05,60,60,14,13,-1,1,112.0,6720.0,Delivered
PO-11481,SKU-015,WH-WEST,SUP-005,2025-06-12,2025-06-26,2025-06-24,30,30,14,12,-2,1,112.0,3360.0,Delivered
PO-11482,SKU-015,WH-WEST,SUP-005,2025-06-29,2025-07-13,2025-07-15,40,40,14,16,2,0,112.0,4480.0,Delivered
PO-11483,SKU-015,WH-WEST,SUP-005,2025-07-14,2025-07-28,2025-07-27,20,20,14,13,-1,1,112.0,2240.0,Delivered
PO-11484,SKU-015,WH-WEST,SUP-005,2025-08-02,2025-08-16,2025-08-15,30,30,14,13,-1,1,112.0,3360.0,Delivered
PO-11485,SKU-015,WH-WEST,SUP-005,2025-08-19,2025-09-02,2025-09-02,30,30,14,14,0,1,112.0,3360.0,Delivered
PO-11486,SKU-015,WH-WEST,SUP-005,2025-09-16,2025-09-30,2025-09-28,50,50,14,12,-2,1,112.0,5600.0,Delivered
PO-11487,SKU-015,WH-WEST,SUP-005,2025-10-03,2025-10-17,2025-10-16,30,30,14,13,-1,1,112.0,3360.0,Delivered
PO-11488,SKU-015,WH-WEST,SUP-005,2025-10-19,2025-11-02,2025-10-31,30,30,14,12,-2,1,112.0,3360.0,Delivered
PO-11489,SKU-015,WH-WEST,SUP-005,2025-11-08,2025-11-22,2025-11-21,50,50,14,13,-1,1,112.0,5600.0,Delivered
PO-11490,SKU-016,WH-EAST,SUP-005,2024-01-07,2024-01-21,2024-01-20,90,90,14,13,-1,1,64.0,5760.0,Delivered
PO-11491,SKU-016,WH-EAST,SUP-005,2024-01-27,2024-02-10,2024-02-16,45,45,14,20,6,0,64.0,2880.0,Delivered
PO-11492,SKU-016,WH-EAST,SUP-005,2024-02-22,2024-03-07,2024-03-07,75,75,14,14,0,1,64.0,4800.0,Delivered
PO-11493,SKU-016,WH-EAST,SUP-005,2024-03-09,2024-03-23,2024-03-21,45,45,14,12,-2,1,64.0,2880.0,Delivered
PO-11494,SKU-016,WH-EAST,SUP-005,2024-03-23,2024-04-06,2024-04-05,60,60,14,13,-1,1,64.0,3840.0,Delivered
PO-11495,SKU-016,WH-EAST,SUP-005,2024-04-11,2024-04-25,2024-04-24,45,45,14,13,-1,1,64.0,2880.0,Delivered
PO-11496,SKU-016,WH-EAST,SUP-005,2024-05-05,2024-05-19,2024-05-16,30,30,14,11,-3,1,64.0,1920.0,Delivered
PO-11497,SKU-016,WH-EAST,SUP-005,2024-05-19,2024-06-02,2024-06-02,60,60,14,14,0,1,64.0,3840.0,Delivered
PO-11498,SKU-016,WH-EAST,SUP-005,2024-06-02,2024-06-16,2024-06-15,45,45,14,13,-1,1,64.0,2880.0,Delivered
PO-11499,SKU-016,WH-EAST,SUP-005,2024-06-25,2024-07-09,2024-07-09,75,75,14,14,0,1,64.0,4800.0,Delivered
PO-11500,SKU-016,WH-EAST,SUP-005,2024-07-24,2024-08-07,2024-08-06,90,90,14,13,-1,1,64.0,5760.0,Delivered
PO-11501,SKU-016,WH-EAST,SUP-005,2024-08-14,2024-08-28,2024-08-28,75,75,14,14,0,1,64.0,4800.0,Delivered
PO-11502,SKU-016,WH-EAST,SUP-005,2024-09-07,2024-09-21,2024-09-21,45,45,14,14,0,1,64.0,2880.0,Delivered
PO-11503,SKU-016,WH-EAST,SUP-005,2024-09-28,2024-10-12,2024-10-09,60,60,14,11,-3,1,64.0,3840.0,Delivered
PO-11504,SKU-016,WH-EAST,SUP-005,2024-10-25,2024-11-08,2024-11-08,60,60,14,14,0,1,64.0,3840.0,Delivered
PO-11505,SKU-016,WH-EAST,SUP-005,2024-11-13,2024-11-27,2024-11-27,90,90,14,14,0,1,64.0,5760.0,Delivered
PO-11506,SKU-016,WH-EAST,SUP-005,2024-12-03,2024-12-17,2024-12-17,30,30,14,14,0,1,64.0,1920.0,Delivered
PO-11507,SKU-016,WH-EAST,SUP-005,2024-12-30,2025-01-13,2025-01-12,60,60,14,13,-1,1,64.0,3840.0,Delivered
PO-11508,SKU-016,WH-EAST,SUP-005,2025-01-18,2025-02-01,2025-01-30,30,30,14,12,-2,1,64.0,1920.0,Delivered
PO-11509,SKU-016,WH-EAST,SUP-005,2025-02-06,2025-02-20,2025-02-20,60,60,14,14,0,1,64.0,3840.0,Delivered
PO-11510,SKU-016,WH-EAST,SUP-005,2025-02-28,2025-03-14,2025-03-14,45,45,14,14,0,1,64.0,2880.0,Delivered
PO-11511,SKU-016,WH-EAST,SUP-005,2025-03-18,2025-04-01,2025-03-31,30,30,14,13,-1,1,64.0,1920.0,Delivered
PO-11512,SKU-016,WH-EAST,SUP-005,2025-04-08,2025-04-22,2025-04-20,45,45,14,12,-2,1,64.0,2880.0,Delivered
PO-11513,SKU-016,WH-EAST,SUP-005,2025-04-27,2025-05-11,2025-05-11,60,60,14,14,0,1,64.0,3840.0,Delivered
PO-11514,SKU-016,WH-EAST,SUP-005,2025-05-22,2025-06-05,2025-06-05,90,90,14,14,0,1,64.0,5760.0,Delivered
PO-11515,SKU-016,WH-EAST,SUP-005,2025-06-19,2025-07-03,2025-07-03,60,60,14,14,0,1,64.0,3840.0,Delivered
PO-11516,SKU-016,WH-EAST,SUP-005,2025-07-18,2025-08-01,2025-07-30,30,30,14,12,-2,1,64.0,1920.0,Delivered
PO-11517,SKU-016,WH-EAST,SUP-005,2025-08-15,2025-08-29,2025-08-29,30,30,14,14,0,1,64.0,1920.0,Delivered
PO-11518,SKU-016,WH-EAST,SUP-005,2025-09-10,2025-09-24,2025-09-24,90,90,14,14,0,1,64.0,5760.0,Delivered
PO-11519,SKU-016,WH-EAST,SUP-005,2025-09-29,2025-10-13,2025-10-13,30,30,14,14,0,1,64.0,1920.0,Delivered
PO-11520,SKU-016,WH-EAST,SUP-005,2025-10-28,2025-11-11,2025-11-11,30,30,14,14,0,1,64.0,1920.0,Delivered
PO-11521,SKU-016,WH-EAST,SUP-005,2025-11-17,2025-12-01,2025-12-01,60,60,14,14,0,1,64.0,3840.0,Delivered
PO-11522,SKU-016,WH-CENTRAL,SUP-005,2024-01-04,2024-01-18,2024-01-18,45,45,14,14,0,1,64.0,2880.0,Delivered
PO-11523,SKU-016,WH-CENTRAL,SUP-005,2024-01-27,2024-02-10,2024-02-09,30,30,14,13,-1,1,64.0,1920.0,Delivered
PO-11524,SKU-016,WH-CENTRAL,SUP-005,2024-02-10,2024-02-24,2024-02-22,45,45,14,12,-2,1,64.0,2880.0,Delivered
PO-11525,SKU-016,WH-CENTRAL,SUP-005,2024-02-29,2024-03-14,2024-03-14,90,90,14,14,0,1,64.0,5760.0,Delivered
PO-11526,SKU-016,WH-CENTRAL,SUP-005,2024-03-23,2024-04-06,2024-04-06,60,60,14,14,0,1,64.0,3840.0,Delivered
PO-11527,SKU-016,WH-CENTRAL,SUP-005,2024-04-21,2024-05-05,2024-05-04,90,90,14,13,-1,1,64.0,5760.0,Delivered
PO-11528,SKU-016,WH-CENTRAL,SUP-005,2024-05-19,2024-06-02,2024-05-31,45,45,14,12,-2,1,64.0,2880.0,Delivered
PO-11529,SKU-016,WH-CENTRAL,SUP-005,2024-06-07,2024-06-21,2024-06-21,60,60,14,14,0,1,64.0,3840.0,Delivered
PO-11530,SKU-016,WH-CENTRAL,SUP-005,2024-07-03,2024-07-17,2024-07-17,60,60,14,14,0,1,64.0,3840.0,Delivered
PO-11531,SKU-016,WH-CENTRAL,SUP-005,2024-07-23,2024-08-06,2024-08-04,90,90,14,12,-2,1,64.0,5760.0,Delivered
PO-11532,SKU-016,WH-CENTRAL,SUP-005,2024-08-08,2024-08-22,2024-08-20,75,75,14,12,-2,1,64.0,4800.0,Delivered
PO-11533,SKU-016,WH-CENTRAL,SUP-005,2024-09-05,2024-09-19,2024-09-19,30,30,14,14,0,1,64.0,1920.0,Delivered
PO-11534,SKU-016,WH-CENTRAL,SUP-005,2024-09-19,2024-10-03,2024-10-03,90,90,14,14,0,1,64.0,5760.0,Delivered
PO-11535,SKU-016,WH-CENTRAL,SUP-005,2024-10-08,2024-10-22,2024-10-22,90,90,14,14,0,1,64.0,5760.0,Delivered
PO-11536,SKU-016,WH-CENTRAL,SUP-005,2024-11-02,2024-11-16,2024-11-16,75,75,14,14,0,1,64.0,4800.0,Delivered
PO-11537,SKU-016,WH-CENTRAL,SUP-005,2024-11-24,2024-12-08,2024-12-08,90,90,14,14,0,1,64.0,5760.0,Delivered
PO-11538,SKU-016,WH-CENTRAL,SUP-005,2024-12-12,2024-12-26,2024-12-23,45,45,14,11,-3,1,64.0,2880.0,Delivered
PO-11539,SKU-016,WH-CENTRAL,SUP-005,2025-01-04,2025-01-18,2025-01-18,45,45,14,14,0,1,64.0,2880.0,Delivered
PO-11540,SKU-016,WH-CENTRAL,SUP-005,2025-01-23,2025-02-06,2025-02-06,45,45,14,14,0,1,64.0,2880.0,Delivered
PO-11541,SKU-016,WH-CENTRAL,SUP-005,2025-02-14,2025-02-28,2025-03-01,75,75,14,15,1,0,64.0,4800.0,Delivered
PO-11542,SKU-016,WH-CENTRAL,SUP-005,2025-03-08,2025-03-22,2025-03-21,45,45,14,13,-1,1,64.0,2880.0,Delivered
PO-11543,SKU-016,WH-CENTRAL,SUP-005,2025-04-02,2025-04-16,2025-04-16,30,30,14,14,0,1,64.0,1920.0,Delivered
PO-11544,SKU-016,WH-CENTRAL,SUP-005,2025-04-16,2025-04-30,2025-04-30,60,60,14,14,0,1,64.0,3840.0,Delivered
PO-11545,SKU-016,WH-CENTRAL,SUP-005,2025-05-12,2025-05-26,2025-05-26,30,30,14,14,0,1,64.0,1920.0,Delivered
PO-11546,SKU-016,WH-CENTRAL,SUP-005,2025-05-28,2025-06-11,2025-06-09,90,90,14,12,-2,1,64.0,5760.0,Delivered
PO-11547,SKU-016,WH-CENTRAL,SUP-005,2025-06-17,2025-07-01,2025-07-01,30,30,14,14,0,1,64.0,1920.0,Delivered
PO-11548,SKU-016,WH-CENTRAL,SUP-005,2025-07-02,2025-07-16,2025-07-16,90,90,14,14,0,1,64.0,5760.0,Delivered
PO-11549,SKU-016,WH-CENTRAL,SUP-005,2025-07-30,2025-08-13,2025-08-10,90,90,14,11,-3,1,64.0,5760.0,Delivered
PO-11550,SKU-016,WH-CENTRAL,SUP-005,2025-08-23,2025-09-06,2025-09-04,90,90,14,12,-2,1,64.0,5760.0,Delivered
PO-11551,SKU-016,WH-CENTRAL,SUP-005,2025-09-13,2025-09-27,2025-09-27,75,75,14,14,0,1,64.0,4800.0,Delivered
PO-11552,SKU-016,WH-CENTRAL,SUP-005,2025-10-07,2025-10-21,2025-10-21,60,60,14,14,0,1,64.0,3840.0,Delivered
PO-11553,SKU-016,WH-CENTRAL,SUP-005,2025-10-23,2025-11-06,2025-11-05,45,45,14,13,-1,1,64.0,2880.0,Delivered
PO-11554,SKU-016,WH-CENTRAL,SUP-005,2025-11-19,2025-12-03,2025-12-03,75,75,14,14,0,1,64.0,4800.0,Delivered
PO-11555,SKU-016,WH-WEST,SUP-005,2024-01-06,2024-01-20,2024-01-19,75,75,14,13,-1,1,64.0,4800.0,Delivered
PO-11556,SKU-016,WH-WEST,SUP-005,2024-01-28,2024-02-11,2024-02-11,75,75,14,14,0,1,64.0,4800.0,Delivered
PO-11557,SKU-016,WH-WEST,SUP-005,2024-02-11,2024-02-25,2024-02-25,75,75,14,14,0,1,64.0,4800.0,Delivered
PO-11558,SKU-016,WH-WEST,SUP-005,2024-03-05,2024-03-19,2024-03-19,60,60,14,14,0,1,64.0,3840.0,Delivered
PO-11559,SKU-016,WH-WEST,SUP-005,2024-03-20,2024-04-03,2024-04-03,60,60,14,14,0,1,64.0,3840.0,Delivered
PO-11560,SKU-016,WH-WEST,SUP-005,2024-04-08,2024-04-22,2024-04-22,60,60,14,14,0,1,64.0,3840.0,Delivered
PO-11561,SKU-016,WH-WEST,SUP-005,2024-04-23,2024-05-07,2024-05-06,75,75,14,13,-1,1,64.0,4800.0,Delivered
PO-11562,SKU-016,WH-WEST,SUP-005,2024-05-14,2024-05-28,2024-05-28,60,60,14,14,0,1,64.0,3840.0,Delivered
PO-11563,SKU-016,WH-WEST,SUP-005,2024-06-01,2024-06-15,2024-06-15,30,30,14,14,0,1,64.0,1920.0,Delivered
PO-11564,SKU-016,WH-WEST,SUP-005,2024-06-17,2024-07-01,2024-07-01,45,45,14,14,0,1,64.0,2880.0,Delivered
PO-11565,SKU-016,WH-WEST,SUP-005,2024-07-09,2024-07-23,2024-07-23,45,45,14,14,0,1,64.0,2880.0,Delivered
PO-11566,SKU-016,WH-WEST,SUP-005,2024-07-25,2024-08-08,2024-08-06,30,30,14,12,-2,1,64.0,1920.0,Delivered
PO-11567,SKU-016,WH-WEST,SUP-005,2024-08-21,2024-09-04,2024-09-04,75,75,14,14,0,1,64.0,4800.0,Delivered
PO-11568,SKU-016,WH-WEST,SUP-005,2024-09-10,2024-09-24,2024-09-24,60,60,14,14,0,1,64.0,3840.0,Delivered
PO-11569,SKU-016,WH-WEST,SUP-005,2024-10-04,2024-10-18,2024-10-18,30,30,14,14,0,1,64.0,1920.0,Delivered
PO-11570,SKU-016,WH-WEST,SUP-005,2024-10-21,2024-11-04,2024-11-04,75,75,14,14,0,1,64.0,4800.0,Delivered
PO-11571,SKU-016,WH-WEST,SUP-005,2024-11-05,2024-11-19,2024-11-19,90,90,14,14,0,1,64.0,5760.0,Delivered
PO-11572,SKU-016,WH-WEST,SUP-005,2024-11-20,2024-12-04,2024-12-04,75,75,14,14,0,1,64.0,4800.0,Delivered
PO-11573,SKU-016,WH-WEST,SUP-005,2024-12-09,2024-12-23,2024-12-23,30,30,14,14,0,1,64.0,1920.0,Delivered
PO-11574,SKU-016,WH-WEST,SUP-005,2024-12-25,2025-01-08,2025-01-08,30,30,14,14,0,1,64.0,1920.0,Delivered
PO-11575,SKU-016,WH-WEST,SUP-005,2025-01-15,2025-01-29,2025-01-29,90,90,14,14,0,1,64.0,5760.0,Delivered
PO-11576,SKU-016,WH-WEST,SUP-005,2025-02-09,2025-02-23,2025-02-21,75,75,14,12,-2,1,64.0,4800.0,Delivered
PO-11577,SKU-016,WH-WEST,SUP-005,2025-02-26,2025-03-12,2025-03-12,60,60,14,14,0,1,64.0,3840.0,Delivered
PO-11578,SKU-016,WH-WEST,SUP-005,2025-03-13,2025-03-27,2025-03-26,60,60,14,13,-1,1,64.0,3840.0,Delivered
PO-11579,SKU-016,WH-WEST,SUP-005,2025-03-29,2025-04-12,2025-04-12,45,45,14,14,0,1,64.0,2880.0,Delivered
PO-11580,SKU-016,WH-WEST,SUP-005,2025-04-12,2025-04-26,2025-04-26,75,75,14,14,0,1,64.0,4800.0,Delivered
PO-11581,SKU-016,WH-WEST,SUP-005,2025-05-04,2025-05-18,2025-05-18,60,60,14,14,0,1,64.0,3840.0,Delivered
PO-11582,SKU-016,WH-WEST,SUP-005,2025-05-27,2025-06-10,2025-06-10,90,90,14,14,0,1,64.0,5760.0,Delivered
PO-11583,SKU-016,WH-WEST,SUP-005,2025-06-15,2025-06-29,2025-06-28,30,30,14,13,-1,1,64.0,1920.0,Delivered
PO-11584,SKU-016,WH-WEST,SUP-005,2025-07-13,2025-07-27,2025-07-26,45,45,14,13,-1,1,64.0,2880.0,Delivered
PO-11585,SKU-016,WH-WEST,SUP-005,2025-08-11,2025-08-25,2025-08-25,30,30,14,14,0,1,64.0,1920.0,Delivered
PO-11586,SKU-016,WH-WEST,SUP-005,2025-08-25,2025-09-08,2025-09-13,90,90,14,19,5,0,64.0,5760.0,Delivered
PO-11587,SKU-016,WH-WEST,SUP-005,2025-09-14,2025-09-28,2025-10-03,90,90,14,19,5,0,64.0,5760.0,Delivered
PO-11588,SKU-016,WH-WEST,SUP-005,2025-10-08,2025-10-22,2025-10-22,45,45,14,14,0,1,64.0,2880.0,Delivered
PO-11589,SKU-016,WH-WEST,SUP-005,2025-10-30,2025-11-13,2025-11-10,90,90,14,11,-3,1,64.0,5760.0,Delivered
PO-11590,SKU-016,WH-WEST,SUP-005,2025-11-19,2025-12-03,2025-12-03,75,75,14,14,0,1,64.0,4800.0,Delivered
PO-11591,SKU-017,WH-EAST,SUP-003,2024-01-03,2024-01-08,2024-01-08,100,100,5,5,0,1,22.0,2200.0,Delivered
PO-11592,SKU-017,WH-EAST,SUP-003,2024-01-24,2024-01-29,2024-01-29,250,250,5,5,0,1,22.0,5500.0,Delivered
PO-11593,SKU-017,WH-EAST,SUP-003,2024-02-17,2024-02-22,2024-02-21,300,300,5,4,-1,1,22.0,6600.0,Delivered
PO-11594,SKU-017,WH-EAST,SUP-003,2024-03-11,2024-03-16,2024-03-16,150,150,5,5,0,1,22.0,3300.0,Delivered
PO-11595,SKU-017,WH-EAST,SUP-003,2024-04-08,2024-04-13,2024-04-13,250,250,5,5,0,1,22.0,5500.0,Delivered
PO-11596,SKU-017,WH-EAST,SUP-003,2024-04-25,2024-04-30,2024-04-30,200,200,5,5,0,1,22.0,4400.0,Delivered
PO-11597,SKU-017,WH-EAST,SUP-003,2024-05-13,2024-05-18,2024-05-18,200,200,5,5,0,1,22.0,4400.0,Delivered
PO-11598,SKU-017,WH-EAST,SUP-003,2024-05-27,2024-06-01,2024-06-01,200,200,5,5,0,1,22.0,4400.0,Delivered
PO-11599,SKU-017,WH-EAST,SUP-003,2024-06-11,2024-06-16,2024-06-16,200,200,5,5,0,1,22.0,4400.0,Delivered
PO-11600,SKU-017,WH-EAST,SUP-003,2024-07-06,2024-07-11,2024-07-10,150,150,5,4,-1,1,22.0,3300.0,Delivered
PO-11601,SKU-017,WH-EAST,SUP-003,2024-07-24,2024-07-29,2024-07-29,200,200,5,5,0,1,22.0,4400.0,Delivered
PO-11602,SKU-017,WH-EAST,SUP-003,2024-08-21,2024-08-26,2024-08-26,300,300,5,5,0,1,22.0,6600.0,Delivered
PO-11603,SKU-017,WH-EAST,SUP-003,2024-09-11,2024-09-16,2024-09-16,150,150,5,5,0,1,22.0,3300.0,Delivered
PO-11604,SKU-017,WH-EAST,SUP-003,2024-10-07,2024-10-12,2024-10-12,300,300,5,5,0,1,22.0,6600.0,Delivered
PO-11605,SKU-017,WH-EAST,SUP-003,2024-11-01,2024-11-06,2024-11-06,150,150,5,5,0,1,22.0,3300.0,Delivered
PO-11606,SKU-017,WH-EAST,SUP-003,2024-11-21,2024-11-26,2024-12-02,250,250,5,11,6,0,22.0,5500.0,Delivered
PO-11607,SKU-017,WH-EAST,SUP-003,2024-12-09,2024-12-14,2024-12-14,100,100,5,5,0,1,22.0,2200.0,Delivered
PO-11608,SKU-017,WH-EAST,SUP-003,2024-12-31,2025-01-05,2025-01-05,250,250,5,5,0,1,22.0,5500.0,Delivered
PO-11609,SKU-017,WH-EAST,SUP-003,2025-01-22,2025-01-27,2025-01-27,100,100,5,5,0,1,22.0,2200.0,Delivered
PO-11610,SKU-017,WH-EAST,SUP-003,2025-02-11,2025-02-16,2025-02-16,200,200,5,5,0,1,22.0,4400.0,Delivered
PO-11611,SKU-017,WH-EAST,SUP-003,2025-03-07,2025-03-12,2025-03-13,150,150,5,6,1,0,22.0,3300.0,Delivered
PO-11612,SKU-017,WH-EAST,SUP-003,2025-03-30,2025-04-04,2025-04-04,150,150,5,5,0,1,22.0,3300.0,Delivered
PO-11613,SKU-017,WH-EAST,SUP-003,2025-04-19,2025-04-24,2025-04-24,300,300,5,5,0,1,22.0,6600.0,Delivered
PO-11614,SKU-017,WH-EAST,SUP-003,2025-05-09,2025-05-14,2025-05-14,100,100,5,5,0,1,22.0,2200.0,Delivered
PO-11615,SKU-017,WH-EAST,SUP-003,2025-05-31,2025-06-05,2025-06-04,100,100,5,4,-1,1,22.0,2200.0,Delivered
PO-11616,SKU-017,WH-EAST,SUP-003,2025-06-21,2025-06-26,2025-06-26,200,200,5,5,0,1,22.0,4400.0,Delivered
PO-11617,SKU-017,WH-EAST,SUP-003,2025-07-13,2025-07-18,2025-07-18,200,200,5,5,0,1,22.0,4400.0,Delivered
PO-11618,SKU-017,WH-EAST,SUP-003,2025-07-27,2025-08-01,2025-08-01,300,300,5,5,0,1,22.0,6600.0,Delivered
PO-11619,SKU-017,WH-EAST,SUP-003,2025-08-21,2025-08-26,2025-08-26,100,100,5,5,0,1,22.0,2200.0,Delivered
PO-11620,SKU-017,WH-EAST,SUP-003,2025-09-19,2025-09-24,2025-09-23,150,150,5,4,-1,1,22.0,3300.0,Delivered
PO-11621,SKU-017,WH-EAST,SUP-003,2025-10-16,2025-10-21,2025-10-21,250,250,5,5,0,1,22.0,5500.0,Delivered
PO-11622,SKU-017,WH-EAST,SUP-003,2025-11-03,2025-11-08,2025-11-08,250,250,5,5,0,1,22.0,5500.0,Delivered
PO-11623,SKU-017,WH-EAST,SUP-003,2025-11-19,2025-11-24,2025-11-24,150,150,5,5,0,1,22.0,3300.0,Delivered
PO-11624,SKU-017,WH-CENTRAL,SUP-003,2024-01-03,2024-01-08,2024-01-08,200,200,5,5,0,1,22.0,4400.0,Delivered
PO-11625,SKU-017,WH-CENTRAL,SUP-003,2024-01-24,2024-01-29,2024-01-29,100,100,5,5,0,1,22.0,2200.0,Delivered
PO-11626,SKU-017,WH-CENTRAL,SUP-003,2024-02-17,2024-02-22,2024-02-22,300,300,5,5,0,1,22.0,6600.0,Delivered
PO-11627,SKU-017,WH-CENTRAL,SUP-003,2024-03-09,2024-03-14,2024-03-13,250,250,5,4,-1,1,22.0,5500.0,Delivered
PO-11628,SKU-017,WH-CENTRAL,SUP-003,2024-04-04,2024-04-09,2024-04-09,200,200,5,5,0,1,22.0,4400.0,Delivered
PO-11629,SKU-017,WH-CENTRAL,SUP-003,2024-04-18,2024-04-23,2024-04-23,100,100,5,5,0,1,22.0,2200.0,Delivered
PO-11630,SKU-017,WH-CENTRAL,SUP-003,2024-05-17,2024-05-22,2024-05-22,250,250,5,5,0,1,22.0,5500.0,Delivered
PO-11631,SKU-017,WH-CENTRAL,SUP-003,2024-06-05,2024-06-10,2024-06-10,150,150,5,5,0,1,22.0,3300.0,Delivered
PO-11632,SKU-017,WH-CENTRAL,SUP-003,2024-06-24,2024-06-29,2024-06-29,100,100,5,5,0,1,22.0,2200.0,Delivered
PO-11633,SKU-017,WH-CENTRAL,SUP-003,2024-07-23,2024-07-28,2024-07-28,250,250,5,5,0,1,22.0,5500.0,Delivered
PO-11634,SKU-017,WH-CENTRAL,SUP-003,2024-08-09,2024-08-14,2024-08-13,250,250,5,4,-1,1,22.0,5500.0,Delivered
PO-11635,SKU-017,WH-CENTRAL,SUP-003,2024-09-01,2024-09-06,2024-09-06,200,200,5,5,0,1,22.0,4400.0,Delivered
PO-11636,SKU-017,WH-CENTRAL,SUP-003,2024-09-15,2024-09-20,2024-09-20,200,200,5,5,0,1,22.0,4400.0,Delivered
PO-11637,SKU-017,WH-CENTRAL,SUP-003,2024-10-10,2024-10-15,2024-10-14,150,150,5,4,-1,1,22.0,3300.0,Delivered
PO-11638,SKU-017,WH-CENTRAL,SUP-003,2024-11-01,2024-11-06,2024-11-06,100,100,5,5,0,1,22.0,2200.0,Delivered
PO-11639,SKU-017,WH-CENTRAL,SUP-003,2024-11-16,2024-11-21,2024-11-21,100,100,5,5,0,1,22.0,2200.0,Delivered
PO-11640,SKU-017,WH-CENTRAL,SUP-003,2024-12-03,2024-12-08,2024-12-08,300,300,5,5,0,1,22.0,6600.0,Delivered
PO-11641,SKU-017,WH-CENTRAL,SUP-003,2024-12-30,2025-01-04,2025-01-04,300,300,5,5,0,1,22.0,6600.0,Delivered
PO-11642,SKU-017,WH-CENTRAL,SUP-003,2025-01-27,2025-02-01,2025-02-01,300,300,5,5,0,1,22.0,6600.0,Delivered
PO-11643,SKU-017,WH-CENTRAL,SUP-003,2025-02-20,2025-02-25,2025-02-25,200,200,5,5,0,1,22.0,4400.0,Delivered
PO-11644,SKU-017,WH-CENTRAL,SUP-003,2025-03-15,2025-03-20,2025-03-19,100,100,5,4,-1,1,22.0,2200.0,Delivered
PO-11645,SKU-017,WH-CENTRAL,SUP-003,2025-03-29,2025-04-03,2025-04-03,250,250,5,5,0,1,22.0,5500.0,Delivered
PO-11646,SKU-017,WH-CENTRAL,SUP-003,2025-04-14,2025-04-19,2025-04-19,100,100,5,5,0,1,22.0,2200.0,Delivered
PO-11647,SKU-017,WH-CENTRAL,SUP-003,2025-05-06,2025-05-11,2025-05-10,150,150,5,4,-1,1,22.0,3300.0,Delivered
PO-11648,SKU-017,WH-CENTRAL,SUP-003,2025-05-21,2025-05-26,2025-05-26,200,200,5,5,0,1,22.0,4400.0,Delivered
PO-11649,SKU-017,WH-CENTRAL,SUP-003,2025-06-10,2025-06-15,2025-06-15,200,200,5,5,0,1,22.0,4400.0,Delivered
PO-11650,SKU-017,WH-CENTRAL,SUP-003,2025-06-26,2025-07-01,2025-07-01,200,200,5,5,0,1,22.0,4400.0,Delivered
PO-11651,SKU-017,WH-CENTRAL,SUP-003,2025-07-15,2025-07-20,2025-07-20,300,300,5,5,0,1,22.0,6600.0,Delivered
PO-11652,SKU-017,WH-CENTRAL,SUP-003,2025-08-06,2025-08-11,2025-08-11,150,150,5,5,0,1,22.0,3300.0,Delivered
PO-11653,SKU-017,WH-CENTRAL,SUP-003,2025-08-28,2025-09-02,2025-09-01,200,200,5,4,-1,1,22.0,4400.0,Delivered
PO-11654,SKU-017,WH-CENTRAL,SUP-003,2025-09-25,2025-09-30,2025-09-30,150,150,5,5,0,1,22.0,3300.0,Delivered
PO-11655,SKU-017,WH-CENTRAL,SUP-003,2025-10-11,2025-10-16,2025-10-16,200,200,5,5,0,1,22.0,4400.0,Delivered
PO-11656,SKU-017,WH-CENTRAL,SUP-003,2025-10-27,2025-11-01,2025-11-01,150,150,5,5,0,1,22.0,3300.0,Delivered
PO-11657,SKU-017,WH-CENTRAL,SUP-003,2025-11-20,2025-11-25,2025-11-25,200,200,5,5,0,1,22.0,4400.0,Delivered
PO-11658,SKU-017,WH-WEST,SUP-003,2024-01-02,2024-01-07,2024-01-07,250,250,5,5,0,1,22.0,5500.0,Delivered
PO-11659,SKU-017,WH-WEST,SUP-003,2024-01-26,2024-01-31,2024-01-31,250,250,5,5,0,1,22.0,5500.0,Delivered
PO-11660,SKU-017,WH-WEST,SUP-003,2024-02-24,2024-02-29,2024-02-29,100,100,5,5,0,1,22.0,2200.0,Delivered
PO-11661,SKU-017,WH-WEST,SUP-003,2024-03-18,2024-03-23,2024-03-23,200,200,5,5,0,1,22.0,4400.0,Delivered
PO-11662,SKU-017,WH-WEST,SUP-003,2024-04-08,2024-04-13,2024-04-13,250,250,5,5,0,1,22.0,5500.0,Delivered
PO-11663,SKU-017,WH-WEST,SUP-003,2024-05-02,2024-05-07,2024-05-07,200,200,5,5,0,1,22.0,4400.0,Delivered
PO-11664,SKU-017,WH-WEST,SUP-003,2024-05-17,2024-05-22,2024-05-22,250,250,5,5,0,1,22.0,5500.0,Delivered
PO-11665,SKU-017,WH-WEST,SUP-003,2024-05-31,2024-06-05,2024-06-07,250,250,5,7,2,0,22.0,5500.0,Delivered
PO-11666,SKU-017,WH-WEST,SUP-003,2024-06-19,2024-06-24,2024-06-24,100,100,5,5,0,1,22.0,2200.0,Delivered
PO-11667,SKU-017,WH-WEST,SUP-003,2024-07-16,2024-07-21,2024-07-20,150,150,5,4,-1,1,22.0,3300.0,Delivered
PO-11668,SKU-017,WH-WEST,SUP-003,2024-08-10,2024-08-15,2024-08-15,300,300,5,5,0,1,22.0,6600.0,Delivered
PO-11669,SKU-017,WH-WEST,SUP-003,2024-08-26,2024-08-31,2024-08-31,300,300,5,5,0,1,22.0,6600.0,Delivered
PO-11670,SKU-017,WH-WEST,SUP-003,2024-09-11,2024-09-16,2024-09-16,100,100,5,5,0,1,22.0,2200.0,Delivered
PO-11671,SKU-017,WH-WEST,SUP-003,2024-10-03,2024-10-08,2024-10-08,300,300,5,5,0,1,22.0,6600.0,Delivered
PO-11672,SKU-017,WH-WEST,SUP-003,2024-11-01,2024-11-06,2024-11-06,200,200,5,5,0,1,22.0,4400.0,Delivered
PO-11673,SKU-017,WH-WEST,SUP-003,2024-11-19,2024-11-24,2024-11-24,250,250,5,5,0,1,22.0,5500.0,Delivered
PO-11674,SKU-017,WH-WEST,SUP-003,2024-12-06,2024-12-11,2024-12-10,250,250,5,4,-1,1,22.0,5500.0,Delivered
PO-11675,SKU-017,WH-WEST,SUP-003,2024-12-29,2025-01-03,2025-01-03,200,200,5,5,0,1,22.0,4400.0,Delivered
PO-11676,SKU-017,WH-WEST,SUP-003,2025-01-26,2025-01-31,2025-01-31,100,100,5,5,0,1,22.0,2200.0,Delivered
PO-11677,SKU-017,WH-WEST,SUP-003,2025-02-12,2025-02-17,2025-02-17,100,100,5,5,0,1,22.0,2200.0,Delivered
PO-11678,SKU-017,WH-WEST,SUP-003,2025-03-05,2025-03-10,2025-03-17,250,250,5,12,7,0,22.0,5500.0,Delivered
PO-11679,SKU-017,WH-WEST,SUP-003,2025-03-19,2025-03-24,2025-03-24,100,100,5,5,0,1,22.0,2200.0,Delivered
PO-11680,SKU-017,WH-WEST,SUP-003,2025-04-15,2025-04-20,2025-04-20,200,200,5,5,0,1,22.0,4400.0,Delivered
PO-11681,SKU-017,WH-WEST,SUP-003,2025-05-04,2025-05-09,2025-05-09,100,100,5,5,0,1,22.0,2200.0,Delivered
PO-11682,SKU-017,WH-WEST,SUP-003,2025-05-25,2025-05-30,2025-05-30,200,200,5,5,0,1,22.0,4400.0,Delivered
PO-11683,SKU-017,WH-WEST,SUP-003,2025-06-09,2025-06-14,2025-06-14,150,150,5,5,0,1,22.0,3300.0,Delivered
PO-11684,SKU-017,WH-WEST,SUP-003,2025-06-27,2025-07-02,2025-07-02,300,300,5,5,0,1,22.0,6600.0,Delivered
PO-11685,SKU-017,WH-WEST,SUP-003,2025-07-14,2025-07-19,2025-07-19,150,150,5,5,0,1,22.0,3300.0,Delivered
PO-11686,SKU-017,WH-WEST,SUP-003,2025-08-10,2025-08-15,2025-08-15,250,250,5,5,0,1,22.0,5500.0,Delivered
PO-11687,SKU-017,WH-WEST,SUP-003,2025-09-07,2025-09-12,2025-09-12,100,100,5,5,0,1,22.0,2200.0,Delivered
PO-11688,SKU-017,WH-WEST,SUP-003,2025-10-04,2025-10-09,2025-10-09,100,100,5,5,0,1,22.0,2200.0,Delivered
PO-11689,SKU-017,WH-WEST,SUP-003,2025-10-30,2025-11-04,2025-11-04,100,100,5,5,0,1,22.0,2200.0,Delivered
PO-11690,SKU-017,WH-WEST,SUP-003,2025-11-17,2025-11-22,2025-11-22,300,300,5,5,0,1,22.0,6600.0,Delivered
PO-11691,SKU-018,WH-EAST,SUP-005,2024-01-04,2024-01-18,2024-01-18,48,48,14,14,0,1,165.0,7920.0,Delivered
PO-11692,SKU-018,WH-EAST,SUP-005,2024-01-22,2024-02-05,2024-02-04,48,48,14,13,-1,1,165.0,7920.0,Delivered
PO-11693,SKU-018,WH-EAST,SUP-005,2024-02-14,2024-02-28,2024-02-28,24,24,14,14,0,1,165.0,3960.0,Delivered
PO-11694,SKU-018,WH-EAST,SUP-005,2024-03-10,2024-03-24,2024-03-22,32,32,14,12,-2,1,165.0,5280.0,Delivered
PO-11695,SKU-018,WH-EAST,SUP-005,2024-03-25,2024-04-08,2024-04-08,48,48,14,14,0,1,165.0,7920.0,Delivered
PO-11696,SKU-018,WH-EAST,SUP-005,2024-04-23,2024-05-07,2024-05-07,40,40,14,14,0,1,165.0,6600.0,Delivered
PO-11697,SKU-018,WH-EAST,SUP-005,2024-05-08,2024-05-22,2024-05-22,48,48,14,14,0,1,165.0,7920.0,Delivered
PO-11698,SKU-018,WH-EAST,SUP-005,2024-05-25,2024-06-08,2024-06-08,32,32,14,14,0,1,165.0,5280.0,Delivered
PO-11699,SKU-018,WH-EAST,SUP-005,2024-06-08,2024-06-22,2024-06-22,48,48,14,14,0,1,165.0,7920.0,Delivered
PO-11700,SKU-018,WH-EAST,SUP-005,2024-06-25,2024-07-09,2024-07-09,16,16,14,14,0,1,165.0,2640.0,Delivered
PO-11701,SKU-018,WH-EAST,SUP-005,2024-07-21,2024-08-04,2024-08-04,32,32,14,14,0,1,165.0,5280.0,Delivered
PO-11702,SKU-018,WH-EAST,SUP-005,2024-08-19,2024-09-02,2024-09-01,32,32,14,13,-1,1,165.0,5280.0,Delivered
PO-11703,SKU-018,WH-EAST,SUP-005,2024-09-06,2024-09-20,2024-09-20,32,32,14,14,0,1,165.0,5280.0,Delivered
PO-11704,SKU-018,WH-EAST,SUP-005,2024-09-24,2024-10-08,2024-10-08,16,16,14,14,0,1,165.0,2640.0,Delivered
PO-11705,SKU-018,WH-EAST,SUP-005,2024-10-16,2024-10-30,2024-10-29,24,24,14,13,-1,1,165.0,3960.0,Delivered
PO-11706,SKU-018,WH-EAST,SUP-005,2024-11-07,2024-11-21,2024-11-21,24,24,14,14,0,1,165.0,3960.0,Delivered
PO-11707,SKU-018,WH-EAST,SUP-005,2024-12-06,2024-12-20,2024-12-20,16,16,14,14,0,1,165.0,2640.0,Delivered
PO-11708,SKU-018,WH-EAST,SUP-005,2024-12-26,2025-01-09,2025-01-07,16,16,14,12,-2,1,165.0,2640.0,Delivered
PO-11709,SKU-018,WH-EAST,SUP-005,2025-01-11,2025-01-25,2025-01-25,24,24,14,14,0,1,165.0,3960.0,Delivered
PO-11710,SKU-018,WH-EAST,SUP-005,2025-01-27,2025-02-10,2025-02-08,16,16,14,12,-2,1,165.0,2640.0,Delivered
PO-11711,SKU-018,WH-EAST,SUP-005,2025-02-25,2025-03-11,2025-03-11,40,40,14,14,0,1,165.0,6600.0,Delivered
PO-11712,SKU-018,WH-EAST,SUP-005,2025-03-16,2025-03-30,2025-03-29,16,16,14,13,-1,1,165.0,2640.0,Delivered
PO-11713,SKU-018,WH-EAST,SUP-005,2025-04-06,2025-04-20,2025-04-20,24,24,14,14,0,1,165.0,3960.0,Delivered
PO-11714,SKU-018,WH-EAST,SUP-005,2025-04-20,2025-05-04,2025-05-03,24,24,14,13,-1,1,165.0,3960.0,Delivered
PO-11715,SKU-018,WH-EAST,SUP-005,2025-05-15,2025-05-29,2025-05-29,48,48,14,14,0,1,165.0,7920.0,Delivered
PO-11716,SKU-018,WH-EAST,SUP-005,2025-06-13,2025-06-27,2025-06-27,48,48,14,14,0,1,165.0,7920.0,Delivered
PO-11717,SKU-018,WH-EAST,SUP-005,2025-06-27,2025-07-11,2025-07-09,48,48,14,12,-2,1,165.0,7920.0,Delivered
PO-11718,SKU-018,WH-EAST,SUP-005,2025-07-11,2025-07-25,2025-07-25,24,24,14,14,0,1,165.0,3960.0,Delivered
PO-11719,SKU-018,WH-EAST,SUP-005,2025-08-06,2025-08-20,2025-08-19,16,16,14,13,-1,1,165.0,2640.0,Delivered
PO-11720,SKU-018,WH-EAST,SUP-005,2025-08-22,2025-09-05,2025-09-05,24,24,14,14,0,1,165.0,3960.0,Delivered
PO-11721,SKU-018,WH-EAST,SUP-005,2025-09-06,2025-09-20,2025-09-20,32,32,14,14,0,1,165.0,5280.0,Delivered
PO-11722,SKU-018,WH-EAST,SUP-005,2025-09-26,2025-10-10,2025-10-10,32,32,14,14,0,1,165.0,5280.0,Delivered
PO-11723,SKU-018,WH-EAST,SUP-005,2025-10-23,2025-11-06,2025-11-06,48,48,14,14,0,1,165.0,7920.0,Delivered
PO-11724,SKU-018,WH-EAST,SUP-005,2025-11-15,2025-11-29,2025-11-28,40,40,14,13,-1,1,165.0,6600.0,Delivered
PO-11725,SKU-018,WH-CENTRAL,SUP-005,2024-01-09,2024-01-23,2024-01-22,16,16,14,13,-1,1,165.0,2640.0,Delivered
PO-11726,SKU-018,WH-CENTRAL,SUP-005,2024-01-23,2024-02-06,2024-02-05,24,24,14,13,-1,1,165.0,3960.0,Delivered
PO-11727,SKU-018,WH-CENTRAL,SUP-005,2024-02-16,2024-03-01,2024-03-01,16,16,14,14,0,1,165.0,2640.0,Delivered
PO-11728,SKU-018,WH-CENTRAL,SUP-005,2024-03-10,2024-03-24,2024-03-24,24,24,14,14,0,1,165.0,3960.0,Delivered
PO-11729,SKU-018,WH-CENTRAL,SUP-005,2024-04-07,2024-04-21,2024-04-21,40,40,14,14,0,1,165.0,6600.0,Delivered
PO-11730,SKU-018,WH-CENTRAL,SUP-005,2024-04-27,2024-05-11,2024-05-10,16,16,14,13,-1,1,165.0,2640.0,Delivered
PO-11731,SKU-018,WH-CENTRAL,SUP-005,2024-05-16,2024-05-30,2024-05-30,40,40,14,14,0,1,165.0,6600.0,Delivered
PO-11732,SKU-018,WH-CENTRAL,SUP-005,2024-06-14,2024-06-28,2024-06-28,40,40,14,14,0,1,165.0,6600.0,Delivered
PO-11733,SKU-018,WH-CENTRAL,SUP-005,2024-07-09,2024-07-23,2024-07-23,16,16,14,14,0,1,165.0,2640.0,Delivered
PO-11734,SKU-018,WH-CENTRAL,SUP-005,2024-07-28,2024-08-11,2024-08-10,16,16,14,13,-1,1,165.0,2640.0,Delivered
PO-11735,SKU-018,WH-CENTRAL,SUP-005,2024-08-25,2024-09-08,2024-09-05,24,24,14,11,-3,1,165.0,3960.0,Delivered
PO-11736,SKU-018,WH-CENTRAL,SUP-005,2024-09-11,2024-09-25,2024-09-25,24,24,14,14,0,1,165.0,3960.0,Delivered
PO-11737,SKU-018,WH-CENTRAL,SUP-005,2024-09-27,2024-10-11,2024-10-09,48,48,14,12,-2,1,165.0,7920.0,Delivered
PO-11738,SKU-018,WH-CENTRAL,SUP-005,2024-10-15,2024-10-29,2024-10-29,40,40,14,14,0,1,165.0,6600.0,Delivered
PO-11739,SKU-018,WH-CENTRAL,SUP-005,2024-10-29,2024-11-12,2024-11-12,48,48,14,14,0,1,165.0,7920.0,Delivered
PO-11740,SKU-018,WH-CENTRAL,SUP-005,2024-11-14,2024-11-28,2024-11-28,32,32,14,14,0,1,165.0,5280.0,Delivered
PO-11741,SKU-018,WH-CENTRAL,SUP-005,2024-11-28,2024-12-12,2024-12-11,40,40,14,13,-1,1,165.0,6600.0,Delivered
PO-11742,SKU-018,WH-CENTRAL,SUP-005,2024-12-27,2025-01-10,2025-01-10,48,48,14,14,0,1,165.0,7920.0,Delivered
PO-11743,SKU-018,WH-CENTRAL,SUP-005,2025-01-16,2025-01-30,2025-01-31,24,24,14,15,1,0,165.0,3960.0,Delivered
PO-11744,SKU-018,WH-CENTRAL,SUP-005,2025-02-10,2025-02-24,2025-02-23,24,24,14,13,-1,1,165.0,3960.0,Delivered
PO-11745,SKU-018,WH-CENTRAL,SUP-005,2025-03-02,2025-03-16,2025-03-16,16,16,14,14,0,1,165.0,2640.0,Delivered
PO-11746,SKU-018,WH-CENTRAL,SUP-005,2025-03-28,2025-04-11,2025-04-11,40,40,14,14,0,1,165.0,6600.0,Delivered
PO-11747,SKU-018,WH-CENTRAL,SUP-005,2025-04-14,2025-04-28,2025-04-28,24,24,14,14,0,1,165.0,3960.0,Delivered
PO-11748,SKU-018,WH-CENTRAL,SUP-005,2025-05-01,2025-05-15,2025-05-14,32,32,14,13,-1,1,165.0,5280.0,Delivered
PO-11749,SKU-018,WH-CENTRAL,SUP-005,2025-05-26,2025-06-09,2025-06-09,32,32,14,14,0,1,165.0,5280.0,Delivered
PO-11750,SKU-018,WH-CENTRAL,SUP-005,2025-06-18,2025-07-02,2025-07-02,40,40,14,14,0,1,165.0,6600.0,Delivered
PO-11751,SKU-018,WH-CENTRAL,SUP-005,2025-07-15,2025-07-29,2025-07-29,40,40,14,14,0,1,165.0,6600.0,Delivered
PO-11752,SKU-018,WH-CENTRAL,SUP-005,2025-08-04,2025-08-18,2025-08-18,24,24,14,14,0,1,165.0,3960.0,Delivered
PO-11753,SKU-018,WH-CENTRAL,SUP-005,2025-09-01,2025-09-15,2025-09-13,40,40,14,12,-2,1,165.0,6600.0,Delivered
PO-11754,SKU-018,WH-CENTRAL,SUP-005,2025-09-23,2025-10-07,2025-10-07,32,32,14,14,0,1,165.0,5280.0,Delivered
PO-11755,SKU-018,WH-CENTRAL,SUP-005,2025-10-17,2025-10-31,2025-10-30,40,40,14,13,-1,1,165.0,6600.0,Delivered
PO-11756,SKU-018,WH-CENTRAL,SUP-005,2025-11-09,2025-11-23,2025-11-23,16,16,14,14,0,1,165.0,2640.0,Delivered
PO-11757,SKU-018,WH-CENTRAL,SUP-005,2025-11-23,2025-12-07,2025-12-07,16,16,14,14,0,1,165.0,2640.0,Delivered
PO-11758,SKU-018,WH-WEST,SUP-005,2024-01-03,2024-01-17,2024-01-16,24,24,14,13,-1,1,165.0,3960.0,Delivered
PO-11759,SKU-018,WH-WEST,SUP-005,2024-01-28,2024-02-11,2024-02-11,48,48,14,14,0,1,165.0,7920.0,Delivered
PO-11760,SKU-018,WH-WEST,SUP-005,2024-02-14,2024-02-28,2024-02-28,48,48,14,14,0,1,165.0,7920.0,Delivered
PO-11761,SKU-018,WH-WEST,SUP-005,2024-03-14,2024-03-28,2024-03-28,40,40,14,14,0,1,165.0,6600.0,Delivered
PO-11762,SKU-018,WH-WEST,SUP-005,2024-04-09,2024-04-23,2024-04-22,24,24,14,13,-1,1,165.0,3960.0,Delivered
PO-11763,SKU-018,WH-WEST,SUP-005,2024-04-24,2024-05-08,2024-05-07,32,32,14,13,-1,1,165.0,5280.0,Delivered
PO-11764,SKU-018,WH-WEST,SUP-005,2024-05-09,2024-05-23,2024-05-22,24,24,14,13,-1,1,165.0,3960.0,Delivered
PO-11765,SKU-018,WH-WEST,SUP-005,2024-06-07,2024-06-21,2024-06-21,48,48,14,14,0,1,165.0,7920.0,Delivered
PO-11766,SKU-018,WH-WEST,SUP-005,2024-06-30,2024-07-14,2024-07-13,24,24,14,13,-1,1,165.0,3960.0,Delivered
PO-11767,SKU-018,WH-WEST,SUP-005,2024-07-24,2024-08-07,2024-08-06,40,40,14,13,-1,1,165.0,6600.0,Delivered
PO-11768,SKU-018,WH-WEST,SUP-005,2024-08-22,2024-09-05,2024-09-05,40,40,14,14,0,1,165.0,6600.0,Delivered
PO-11769,SKU-018,WH-WEST,SUP-005,2024-09-12,2024-09-26,2024-09-26,16,16,14,14,0,1,165.0,2640.0,Delivered
PO-11770,SKU-018,WH-WEST,SUP-005,2024-10-10,2024-10-24,2024-10-24,48,48,14,14,0,1,165.0,7920.0,Delivered
PO-11771,SKU-018,WH-WEST,SUP-005,2024-11-08,2024-11-22,2024-11-21,32,32,14,13,-1,1,165.0,5280.0,Delivered
PO-11772,SKU-018,WH-WEST,SUP-005,2024-12-06,2024-12-20,2024-12-20,48,48,14,14,0,1,165.0,7920.0,Delivered
PO-11773,SKU-018,WH-WEST,SUP-005,2024-12-22,2025-01-05,2025-01-05,40,40,14,14,0,1,165.0,6600.0,Delivered
PO-11774,SKU-018,WH-WEST,SUP-005,2025-01-08,2025-01-22,2025-01-21,40,40,14,13,-1,1,165.0,6600.0,Delivered
PO-11775,SKU-018,WH-WEST,SUP-005,2025-01-30,2025-02-13,2025-02-12,48,48,14,13,-1,1,165.0,7920.0,Delivered
PO-11776,SKU-018,WH-WEST,SUP-005,2025-02-21,2025-03-07,2025-03-07,32,32,14,14,0,1,165.0,5280.0,Delivered
PO-11777,SKU-018,WH-WEST,SUP-005,2025-03-14,2025-03-28,2025-03-27,48,48,14,13,-1,1,165.0,7920.0,Delivered
PO-11778,SKU-018,WH-WEST,SUP-005,2025-03-31,2025-04-14,2025-04-13,32,32,14,13,-1,1,165.0,5280.0,Delivered
PO-11779,SKU-018,WH-WEST,SUP-005,2025-04-24,2025-05-08,2025-05-08,16,16,14,14,0,1,165.0,2640.0,Delivered
PO-11780,SKU-018,WH-WEST,SUP-005,2025-05-10,2025-05-24,2025-05-23,32,32,14,13,-1,1,165.0,5280.0,Delivered
PO-11781,SKU-018,WH-WEST,SUP-005,2025-05-25,2025-06-08,2025-06-08,40,40,14,14,0,1,165.0,6600.0,Delivered
PO-11782,SKU-018,WH-WEST,SUP-005,2025-06-18,2025-07-02,2025-07-10,32,32,14,22,8,0,165.0,5280.0,Delivered
PO-11783,SKU-018,WH-WEST,SUP-005,2025-07-17,2025-07-31,2025-07-31,48,48,14,14,0,1,165.0,7920.0,Delivered
PO-11784,SKU-018,WH-WEST,SUP-005,2025-07-31,2025-08-14,2025-08-13,24,24,14,13,-1,1,165.0,3960.0,Delivered
PO-11785,SKU-018,WH-WEST,SUP-005,2025-08-18,2025-09-01,2025-08-31,48,48,14,13,-1,1,165.0,7920.0,Delivered
PO-11786,SKU-018,WH-WEST,SUP-005,2025-09-12,2025-09-26,2025-09-24,48,48,14,12,-2,1,165.0,7920.0,Delivered
PO-11787,SKU-018,WH-WEST,SUP-005,2025-10-08,2025-10-22,2025-10-22,16,16,14,14,0,1,165.0,2640.0,Delivered
PO-11788,SKU-018,WH-WEST,SUP-005,2025-10-25,2025-11-08,2025-11-08,16,16,14,14,0,1,165.0,2640.0,Delivered
PO-11789,SKU-018,WH-WEST,SUP-005,2025-11-11,2025-11-25,2025-11-26,48,48,14,15,1,0,165.0,7920.0,Delivered
PO-11790,SKU-019,WH-EAST,SUP-003,2024-01-05,2024-01-10,2024-01-10,200,200,5,5,0,1,15.0,3000.0,Delivered
PO-11791,SKU-019,WH-EAST,SUP-003,2024-01-30,2024-02-04,2024-02-04,300,300,5,5,0,1,15.0,4500.0,Delivered
PO-11792,SKU-019,WH-EAST,SUP-003,2024-02-19,2024-02-24,2024-02-24,100,100,5,5,0,1,15.0,1500.0,Delivered
PO-11793,SKU-019,WH-EAST,SUP-003,2024-03-05,2024-03-10,2024-03-10,100,100,5,5,0,1,15.0,1500.0,Delivered
PO-11794,SKU-019,WH-EAST,SUP-003,2024-03-29,2024-04-03,2024-04-03,300,300,5,5,0,1,15.0,4500.0,Delivered
PO-11795,SKU-019,WH-EAST,SUP-003,2024-04-23,2024-04-28,2024-04-28,100,100,5,5,0,1,15.0,1500.0,Delivered
PO-11796,SKU-019,WH-EAST,SUP-003,2024-05-14,2024-05-19,2024-05-18,150,150,5,4,-1,1,15.0,2250.0,Delivered
PO-11797,SKU-019,WH-EAST,SUP-003,2024-06-05,2024-06-10,2024-06-10,250,250,5,5,0,1,15.0,3750.0,Delivered
PO-11798,SKU-019,WH-EAST,SUP-003,2024-06-25,2024-06-30,2024-06-30,250,250,5,5,0,1,15.0,3750.0,Delivered
PO-11799,SKU-019,WH-EAST,SUP-003,2024-07-09,2024-07-14,2024-07-14,100,100,5,5,0,1,15.0,1500.0,Delivered
PO-11800,SKU-019,WH-EAST,SUP-003,2024-07-30,2024-08-04,2024-08-04,200,200,5,5,0,1,15.0,3000.0,Delivered
PO-11801,SKU-019,WH-EAST,SUP-003,2024-08-15,2024-08-20,2024-08-20,250,250,5,5,0,1,15.0,3750.0,Delivered
PO-11802,SKU-019,WH-EAST,SUP-003,2024-08-30,2024-09-04,2024-09-04,100,100,5,5,0,1,15.0,1500.0,Delivered
PO-11803,SKU-019,WH-EAST,SUP-003,2024-09-28,2024-10-03,2024-10-03,150,150,5,5,0,1,15.0,2250.0,Delivered
PO-11804,SKU-019,WH-EAST,SUP-003,2024-10-21,2024-10-26,2024-10-26,200,200,5,5,0,1,15.0,3000.0,Delivered
PO-11805,SKU-019,WH-EAST,SUP-003,2024-11-09,2024-11-14,2024-11-14,200,200,5,5,0,1,15.0,3000.0,Delivered
PO-11806,SKU-019,WH-EAST,SUP-003,2024-12-02,2024-12-07,2024-12-07,250,250,5,5,0,1,15.0,3750.0,Delivered
PO-11807,SKU-019,WH-EAST,SUP-003,2024-12-30,2025-01-04,2025-01-04,300,300,5,5,0,1,15.0,4500.0,Delivered
PO-11808,SKU-019,WH-EAST,SUP-003,2025-01-18,2025-01-23,2025-01-23,150,150,5,5,0,1,15.0,2250.0,Delivered
PO-11809,SKU-019,WH-EAST,SUP-003,2025-02-06,2025-02-11,2025-02-11,250,250,5,5,0,1,15.0,3750.0,Delivered
PO-11810,SKU-019,WH-EAST,SUP-003,2025-02-24,2025-03-01,2025-03-01,200,200,5,5,0,1,15.0,3000.0,Delivered
PO-11811,SKU-019,WH-EAST,SUP-003,2025-03-21,2025-03-26,2025-03-26,150,150,5,5,0,1,15.0,2250.0,Delivered
PO-11812,SKU-019,WH-EAST,SUP-003,2025-04-17,2025-04-22,2025-04-21,200,200,5,4,-1,1,15.0,3000.0,Delivered
PO-11813,SKU-019,WH-EAST,SUP-003,2025-05-04,2025-05-09,2025-05-09,250,250,5,5,0,1,15.0,3750.0,Delivered
PO-11814,SKU-019,WH-EAST,SUP-003,2025-05-30,2025-06-04,2025-06-04,150,150,5,5,0,1,15.0,2250.0,Delivered
PO-11815,SKU-019,WH-EAST,SUP-003,2025-06-14,2025-06-19,2025-06-19,200,200,5,5,0,1,15.0,3000.0,Delivered
PO-11816,SKU-019,WH-EAST,SUP-003,2025-07-09,2025-07-14,2025-07-14,200,200,5,5,0,1,15.0,3000.0,Delivered
PO-11817,SKU-019,WH-EAST,SUP-003,2025-08-05,2025-08-10,2025-08-10,300,300,5,5,0,1,15.0,4500.0,Delivered
PO-11818,SKU-019,WH-EAST,SUP-003,2025-08-20,2025-08-25,2025-08-25,150,150,5,5,0,1,15.0,2250.0,Delivered
PO-11819,SKU-019,WH-EAST,SUP-003,2025-09-13,2025-09-18,2025-09-18,150,150,5,5,0,1,15.0,2250.0,Delivered
PO-11820,SKU-019,WH-EAST,SUP-003,2025-10-03,2025-10-08,2025-10-08,250,250,5,5,0,1,15.0,3750.0,Delivered
PO-11821,SKU-019,WH-EAST,SUP-003,2025-10-23,2025-10-28,2025-10-28,100,100,5,5,0,1,15.0,1500.0,Delivered
PO-11822,SKU-019,WH-EAST,SUP-003,2025-11-07,2025-11-12,2025-11-12,200,200,5,5,0,1,15.0,3000.0,Delivered
PO-11823,SKU-019,WH-CENTRAL,SUP-003,2024-01-08,2024-01-13,2024-01-12,200,200,5,4,-1,1,15.0,3000.0,Delivered
PO-11824,SKU-019,WH-CENTRAL,SUP-003,2024-01-30,2024-02-04,2024-02-04,300,300,5,5,0,1,15.0,4500.0,Delivered
PO-11825,SKU-019,WH-CENTRAL,SUP-003,2024-02-15,2024-02-20,2024-02-20,250,250,5,5,0,1,15.0,3750.0,Delivered
PO-11826,SKU-019,WH-CENTRAL,SUP-003,2024-03-08,2024-03-13,2024-03-13,100,100,5,5,0,1,15.0,1500.0,Delivered
PO-11827,SKU-019,WH-CENTRAL,SUP-003,2024-03-24,2024-03-29,2024-03-29,250,250,5,5,0,1,15.0,3750.0,Delivered
PO-11828,SKU-019,WH-CENTRAL,SUP-003,2024-04-11,2024-04-16,2024-04-15,150,150,5,4,-1,1,15.0,2250.0,Delivered
PO-11829,SKU-019,WH-CENTRAL,SUP-003,2024-05-08,2024-05-13,2024-05-13,250,250,5,5,0,1,15.0,3750.0,Delivered
PO-11830,SKU-019,WH-CENTRAL,SUP-003,2024-06-02,2024-06-07,2024-06-07,250,250,5,5,0,1,15.0,3750.0,Delivered
PO-11831,SKU-019,WH-CENTRAL,SUP-003,2024-06-28,2024-07-03,2024-07-03,250,250,5,5,0,1,15.0,3750.0,Delivered
PO-11832,SKU-019,WH-CENTRAL,SUP-003,2024-07-23,2024-07-28,2024-07-28,250,250,5,5,0,1,15.0,3750.0,Delivered
PO-11833,SKU-019,WH-CENTRAL,SUP-003,2024-08-12,2024-08-17,2024-08-17,250,250,5,5,0,1,15.0,3750.0,Delivered
PO-11834,SKU-019,WH-CENTRAL,SUP-003,2024-08-28,2024-09-02,2024-09-02,200,200,5,5,0,1,15.0,3000.0,Delivered
PO-11835,SKU-019,WH-CENTRAL,SUP-003,2024-09-18,2024-09-23,2024-09-23,100,100,5,5,0,1,15.0,1500.0,Delivered
PO-11836,SKU-019,WH-CENTRAL,SUP-003,2024-10-06,2024-10-11,2024-10-11,250,250,5,5,0,1,15.0,3750.0,Delivered
PO-11837,SKU-019,WH-CENTRAL,SUP-003,2024-10-30,2024-11-04,2024-11-04,300,300,5,5,0,1,15.0,4500.0,Delivered
PO-11838,SKU-019,WH-CENTRAL,SUP-003,2024-11-23,2024-11-28,2024-11-28,200,200,5,5,0,1,15.0,3000.0,Delivered
PO-11839,SKU-019,WH-CENTRAL,SUP-003,2024-12-09,2024-12-14,2024-12-14,150,150,5,5,0,1,15.0,2250.0,Delivered
PO-11840,SKU-019,WH-CENTRAL,SUP-003,2024-12-25,2024-12-30,2024-12-30,250,250,5,5,0,1,15.0,3750.0,Delivered
PO-11841,SKU-019,WH-CENTRAL,SUP-003,2025-01-13,2025-01-18,2025-01-18,200,200,5,5,0,1,15.0,3000.0,Delivered
PO-11842,SKU-019,WH-CENTRAL,SUP-003,2025-01-27,2025-02-01,2025-02-01,250,250,5,5,0,1,15.0,3750.0,Delivered
PO-11843,SKU-019,WH-CENTRAL,SUP-003,2025-02-17,2025-02-22,2025-02-22,300,300,5,5,0,1,15.0,4500.0,Delivered
PO-11844,SKU-019,WH-CENTRAL,SUP-003,2025-03-18,2025-03-23,2025-03-23,250,250,5,5,0,1,15.0,3750.0,Delivered
PO-11845,SKU-019,WH-CENTRAL,SUP-003,2025-04-08,2025-04-13,2025-04-12,250,250,5,4,-1,1,15.0,3750.0,Delivered
PO-11846,SKU-019,WH-CENTRAL,SUP-003,2025-04-25,2025-04-30,2025-04-30,200,200,5,5,0,1,15.0,3000.0,Delivered
PO-11847,SKU-019,WH-CENTRAL,SUP-003,2025-05-13,2025-05-18,2025-05-18,100,100,5,5,0,1,15.0,1500.0,Delivered
PO-11848,SKU-019,WH-CENTRAL,SUP-003,2025-06-06,2025-06-11,2025-06-10,150,150,5,4,-1,1,15.0,2250.0,Delivered
PO-11849,SKU-019,WH-CENTRAL,SUP-003,2025-07-03,2025-07-08,2025-07-07,200,200,5,4,-1,1,15.0,3000.0,Delivered
PO-11850,SKU-019,WH-CENTRAL,SUP-003,2025-07-27,2025-08-01,2025-08-01,150,150,5,5,0,1,15.0,2250.0,Delivered
PO-11851,SKU-019,WH-CENTRAL,SUP-003,2025-08-18,2025-08-23,2025-08-22,100,100,5,4,-1,1,15.0,1500.0,Delivered
PO-11852,SKU-019,WH-CENTRAL,SUP-003,2025-09-13,2025-09-18,2025-09-18,150,150,5,5,0,1,15.0,2250.0,Delivered
PO-11853,SKU-019,WH-CENTRAL,SUP-003,2025-10-10,2025-10-15,2025-10-15,300,300,5,5,0,1,15.0,4500.0,Delivered
PO-11854,SKU-019,WH-CENTRAL,SUP-003,2025-11-01,2025-11-06,2025-11-06,300,300,5,5,0,1,15.0,4500.0,Delivered
PO-11855,SKU-019,WH-CENTRAL,SUP-003,2025-11-26,2025-12-01,2025-12-01,150,150,5,5,0,1,15.0,2250.0,Delivered
PO-11856,SKU-019,WH-WEST,SUP-003,2024-01-02,2024-01-07,2024-01-07,300,300,5,5,0,1,15.0,4500.0,Delivered
PO-11857,SKU-019,WH-WEST,SUP-003,2024-01-30,2024-02-04,2024-02-04,200,200,5,5,0,1,15.0,3000.0,Delivered
PO-11858,SKU-019,WH-WEST,SUP-003,2024-02-22,2024-02-27,2024-02-27,200,200,5,5,0,1,15.0,3000.0,Delivered
PO-11859,SKU-019,WH-WEST,SUP-003,2024-03-13,2024-03-18,2024-03-18,100,100,5,5,0,1,15.0,1500.0,Delivered
PO-11860,SKU-019,WH-WEST,SUP-003,2024-04-08,2024-04-13,2024-04-13,200,200,5,5,0,1,15.0,3000.0,Delivered
PO-11861,SKU-019,WH-WEST,SUP-003,2024-04-28,2024-05-03,2024-05-03,300,300,5,5,0,1,15.0,4500.0,Delivered
PO-11862,SKU-019,WH-WEST,SUP-003,2024-05-27,2024-06-01,2024-06-01,200,200,5,5,0,1,15.0,3000.0,Delivered
PO-11863,SKU-019,WH-WEST,SUP-003,2024-06-19,2024-06-24,2024-06-24,150,150,5,5,0,1,15.0,2250.0,Delivered
PO-11864,SKU-019,WH-WEST,SUP-003,2024-07-16,2024-07-21,2024-07-20,150,150,5,4,-1,1,15.0,2250.0,Delivered
PO-11865,SKU-019,WH-WEST,SUP-003,2024-08-09,2024-08-14,2024-08-14,100,100,5,5,0,1,15.0,1500.0,Delivered
PO-11866,SKU-019,WH-WEST,SUP-003,2024-09-03,2024-09-08,2024-09-07,200,200,5,4,-1,1,15.0,3000.0,Delivered
PO-11867,SKU-019,WH-WEST,SUP-003,2024-09-18,2024-09-23,2024-09-23,150,150,5,5,0,1,15.0,2250.0,Delivered
PO-11868,SKU-019,WH-WEST,SUP-003,2024-10-14,2024-10-19,2024-10-19,250,250,5,5,0,1,15.0,3750.0,Delivered
PO-11869,SKU-019,WH-WEST,SUP-003,2024-11-10,2024-11-15,2024-11-15,200,200,5,5,0,1,15.0,3000.0,Delivered
PO-11870,SKU-019,WH-WEST,SUP-003,2024-12-06,2024-12-11,2024-12-11,100,100,5,5,0,1,15.0,1500.0,Delivered
PO-11871,SKU-019,WH-WEST,SUP-003,2024-12-21,2024-12-26,2024-12-26,300,300,5,5,0,1,15.0,4500.0,Delivered
PO-11872,SKU-019,WH-WEST,SUP-003,2025-01-10,2025-01-15,2025-01-15,300,300,5,5,0,1,15.0,4500.0,Delivered
PO-11873,SKU-019,WH-WEST,SUP-003,2025-01-24,2025-01-29,2025-01-29,150,150,5,5,0,1,15.0,2250.0,Delivered
PO-11874,SKU-019,WH-WEST,SUP-003,2025-02-07,2025-02-12,2025-02-12,150,150,5,5,0,1,15.0,2250.0,Delivered
PO-11875,SKU-019,WH-WEST,SUP-003,2025-02-23,2025-02-28,2025-02-27,150,150,5,4,-1,1,15.0,2250.0,Delivered
PO-11876,SKU-019,WH-WEST,SUP-003,2025-03-24,2025-03-29,2025-03-29,200,200,5,5,0,1,15.0,3000.0,Delivered
PO-11877,SKU-019,WH-WEST,SUP-003,2025-04-21,2025-04-26,2025-04-25,100,100,5,4,-1,1,15.0,1500.0,Delivered
PO-11878,SKU-019,WH-WEST,SUP-003,2025-05-05,2025-05-10,2025-05-10,100,100,5,5,0,1,15.0,1500.0,Delivered
PO-11879,SKU-019,WH-WEST,SUP-003,2025-05-22,2025-05-27,2025-05-27,250,250,5,5,0,1,15.0,3750.0,Delivered
PO-11880,SKU-019,WH-WEST,SUP-003,2025-06-14,2025-06-19,2025-06-18,300,300,5,4,-1,1,15.0,4500.0,Delivered
PO-11881,SKU-019,WH-WEST,SUP-003,2025-07-04,2025-07-09,2025-07-09,100,100,5,5,0,1,15.0,1500.0,Delivered
PO-11882,SKU-019,WH-WEST,SUP-003,2025-07-23,2025-07-28,2025-07-28,100,100,5,5,0,1,15.0,1500.0,Delivered
PO-11883,SKU-019,WH-WEST,SUP-003,2025-08-07,2025-08-12,2025-08-12,150,150,5,5,0,1,15.0,2250.0,Delivered
PO-11884,SKU-019,WH-WEST,SUP-003,2025-09-01,2025-09-06,2025-09-06,300,300,5,5,0,1,15.0,4500.0,Delivered
PO-11885,SKU-019,WH-WEST,SUP-003,2025-09-21,2025-09-26,2025-09-26,100,100,5,5,0,1,15.0,1500.0,Delivered
PO-11886,SKU-019,WH-WEST,SUP-003,2025-10-16,2025-10-21,2025-10-22,250,250,5,6,1,0,15.0,3750.0,Delivered
PO-11887,SKU-019,WH-WEST,SUP-003,2025-11-08,2025-11-13,2025-11-13,100,100,5,5,0,1,15.0,1500.0,Delivered
PO-11888,SKU-020,WH-EAST,SUP-005,2024-01-14,2024-01-28,2024-01-28,30,30,14,14,0,1,195.0,5850.0,Delivered
PO-11889,SKU-020,WH-EAST,SUP-005,2024-01-29,2024-02-12,2024-02-12,30,30,14,14,0,1,195.0,5850.0,Delivered
PO-11890,SKU-020,WH-EAST,SUP-005,2024-02-20,2024-03-05,2024-03-05,12,12,14,14,0,1,195.0,2340.0,Delivered
PO-11891,SKU-020,WH-EAST,SUP-005,2024-03-10,2024-03-24,2024-03-23,12,12,14,13,-1,1,195.0,2340.0,Delivered
PO-11892,SKU-020,WH-EAST,SUP-005,2024-04-04,2024-04-18,2024-04-18,36,36,14,14,0,1,195.0,7020.0,Delivered
PO-11893,SKU-020,WH-EAST,SUP-005,2024-04-19,2024-05-03,2024-05-05,24,24,14,16,2,0,195.0,4680.0,Delivered
PO-11894,SKU-020,WH-EAST,SUP-005,2024-05-03,2024-05-17,2024-05-17,12,12,14,14,0,1,195.0,2340.0,Delivered
PO-11895,SKU-020,WH-EAST,SUP-005,2024-05-20,2024-06-03,2024-06-03,18,18,14,14,0,1,195.0,3510.0,Delivered
PO-11896,SKU-020,WH-EAST,SUP-005,2024-06-12,2024-06-26,2024-06-25,36,36,14,13,-1,1,195.0,7020.0,Delivered
PO-11897,SKU-020,WH-EAST,SUP-005,2024-07-05,2024-07-19,2024-07-19,30,30,14,14,0,1,195.0,5850.0,Delivered
PO-11898,SKU-020,WH-EAST,SUP-005,2024-07-26,2024-08-09,2024-08-09,30,30,14,14,0,1,195.0,5850.0,Delivered
PO-11899,SKU-020,WH-EAST,SUP-005,2024-08-20,2024-09-03,2024-09-02,24,24,14,13,-1,1,195.0,4680.0,Delivered
PO-11900,SKU-020,WH-EAST,SUP-005,2024-09-16,2024-09-30,2024-09-30,24,24,14,14,0,1,195.0,4680.0,Delivered
PO-11901,SKU-020,WH-EAST,SUP-005,2024-10-13,2024-10-27,2024-10-27,30,30,14,14,0,1,195.0,5850.0,Delivered
PO-11902,SKU-020,WH-EAST,SUP-005,2024-10-31,2024-11-14,2024-11-14,24,24,14,14,0,1,195.0,4680.0,Delivered
PO-11903,SKU-020,WH-EAST,SUP-005,2024-11-19,2024-12-03,2024-12-03,12,12,14,14,0,1,195.0,2340.0,Delivered
PO-11904,SKU-020,WH-EAST,SUP-005,2024-12-16,2024-12-30,2024-12-30,36,36,14,14,0,1,195.0,7020.0,Delivered
PO-11905,SKU-020,WH-EAST,SUP-005,2025-01-08,2025-01-22,2025-01-19,24,24,14,11,-3,1,195.0,4680.0,Delivered
PO-11906,SKU-020,WH-EAST,SUP-005,2025-02-02,2025-02-16,2025-02-13,18,18,14,11,-3,1,195.0,3510.0,Delivered
PO-11907,SKU-020,WH-EAST,SUP-005,2025-02-26,2025-03-12,2025-03-10,30,30,14,12,-2,1,195.0,5850.0,Delivered
PO-11908,SKU-020,WH-EAST,SUP-005,2025-03-25,2025-04-08,2025-04-07,36,36,14,13,-1,1,195.0,7020.0,Delivered
PO-11909,SKU-020,WH-EAST,SUP-005,2025-04-08,2025-04-22,2025-04-22,24,24,14,14,0,1,195.0,4680.0,Delivered
PO-11910,SKU-020,WH-EAST,SUP-005,2025-04-30,2025-05-14,2025-05-14,30,30,14,14,0,1,195.0,5850.0,Delivered
PO-11911,SKU-020,WH-EAST,SUP-005,2025-05-19,2025-06-02,2025-06-01,30,30,14,13,-1,1,195.0,5850.0,Delivered
PO-11912,SKU-020,WH-EAST,SUP-005,2025-06-09,2025-06-23,2025-06-23,18,18,14,14,0,1,195.0,3510.0,Delivered
PO-11913,SKU-020,WH-EAST,SUP-005,2025-06-27,2025-07-11,2025-07-11,24,24,14,14,0,1,195.0,4680.0,Delivered
PO-11914,SKU-020,WH-EAST,SUP-005,2025-07-24,2025-08-07,2025-08-07,24,24,14,14,0,1,195.0,4680.0,Delivered
PO-11915,SKU-020,WH-EAST,SUP-005,2025-08-09,2025-08-23,2025-08-23,24,24,14,14,0,1,195.0,4680.0,Delivered
PO-11916,SKU-020,WH-EAST,SUP-005,2025-09-04,2025-09-18,2025-09-17,18,18,14,13,-1,1,195.0,3510.0,Delivered
PO-11917,SKU-020,WH-EAST,SUP-005,2025-09-21,2025-10-05,2025-10-05,24,24,14,14,0,1,195.0,4680.0,Delivered
PO-11918,SKU-020,WH-EAST,SUP-005,2025-10-14,2025-10-28,2025-10-28,30,30,14,14,0,1,195.0,5850.0,Delivered
PO-11919,SKU-020,WH-EAST,SUP-005,2025-11-07,2025-11-21,2025-11-20,30,30,14,13,-1,1,195.0,5850.0,Delivered
PO-11920,SKU-020,WH-EAST,SUP-005,2025-11-30,2025-12-14,2025-12-13,36,36,14,13,-1,1,195.0,7020.0,Delivered
PO-11921,SKU-020,WH-CENTRAL,SUP-005,2024-01-13,2024-01-27,2024-01-26,24,24,14,13,-1,1,195.0,4680.0,Delivered
PO-11922,SKU-020,WH-CENTRAL,SUP-005,2024-02-08,2024-02-22,2024-03-02,18,18,14,23,9,0,195.0,3510.0,Delivered
PO-11923,SKU-020,WH-CENTRAL,SUP-005,2024-02-28,2024-03-13,2024-03-13,30,30,14,14,0,1,195.0,5850.0,Delivered
PO-11924,SKU-020,WH-CENTRAL,SUP-005,2024-03-24,2024-04-07,2024-04-07,30,30,14,14,0,1,195.0,5850.0,Delivered
PO-11925,SKU-020,WH-CENTRAL,SUP-005,2024-04-21,2024-05-05,2024-05-05,12,12,14,14,0,1,195.0,2340.0,Delivered
PO-11926,SKU-020,WH-CENTRAL,SUP-005,2024-05-14,2024-05-28,2024-05-28,30,30,14,14,0,1,195.0,5850.0,Delivered
PO-11927,SKU-020,WH-CENTRAL,SUP-005,2024-05-31,2024-06-14,2024-06-12,36,36,14,12,-2,1,195.0,7020.0,Delivered
PO-11928,SKU-020,WH-CENTRAL,SUP-005,2024-06-28,2024-07-12,2024-07-11,30,30,14,13,-1,1,195.0,5850.0,Delivered
PO-11929,SKU-020,WH-CENTRAL,SUP-005,2024-07-21,2024-08-04,2024-08-04,30,30,14,14,0,1,195.0,5850.0,Delivered
PO-11930,SKU-020,WH-CENTRAL,SUP-005,2024-08-16,2024-08-30,2024-08-30,12,12,14,14,0,1,195.0,2340.0,Delivered
PO-11931,SKU-020,WH-CENTRAL,SUP-005,2024-09-10,2024-09-24,2024-10-12,24,24,14,32,18,0,195.0,4680.0,Delivered
PO-11932,SKU-020,WH-CENTRAL,SUP-005,2024-10-05,2024-10-19,2024-10-19,30,30,14,14,0,1,195.0,5850.0,Delivered
PO-11933,SKU-020,WH-CENTRAL,SUP-005,2024-10-23,2024-11-06,2024-11-06,12,12,14,14,0,1,195.0,2340.0,Delivered
PO-11934,SKU-020,WH-CENTRAL,SUP-005,2024-11-10,2024-11-24,2024-11-24,18,18,14,14,0,1,195.0,3510.0,Delivered
PO-11935,SKU-020,WH-CENTRAL,SUP-005,2024-12-09,2024-12-23,2024-12-23,24,24,14,14,0,1,195.0,4680.0,Delivered
PO-11936,SKU-020,WH-CENTRAL,SUP-005,2024-12-26,2025-01-09,2025-01-09,18,18,14,14,0,1,195.0,3510.0,Delivered
PO-11937,SKU-020,WH-CENTRAL,SUP-005,2025-01-14,2025-01-28,2025-01-28,30,30,14,14,0,1,195.0,5850.0,Delivered
PO-11938,SKU-020,WH-CENTRAL,SUP-005,2025-01-29,2025-02-12,2025-02-12,36,36,14,14,0,1,195.0,7020.0,Delivered
PO-11939,SKU-020,WH-CENTRAL,SUP-005,2025-02-15,2025-03-01,2025-03-01,24,24,14,14,0,1,195.0,4680.0,Delivered
PO-11940,SKU-020,WH-CENTRAL,SUP-005,2025-03-02,2025-03-16,2025-03-17,24,24,14,15,1,0,195.0,4680.0,Delivered
PO-11941,SKU-020,WH-CENTRAL,SUP-005,2025-03-30,2025-04-13,2025-04-13,18,18,14,14,0,1,195.0,3510.0,Delivered
PO-11942,SKU-020,WH-CENTRAL,SUP-005,2025-04-16,2025-04-30,2025-04-30,30,30,14,14,0,1,195.0,5850.0,Delivered
PO-11943,SKU-020,WH-CENTRAL,SUP-005,2025-05-09,2025-05-23,2025-05-23,30,30,14,14,0,1,195.0,5850.0,Delivered
PO-11944,SKU-020,WH-CENTRAL,SUP-005,2025-05-25,2025-06-08,2025-06-08,36,36,14,14,0,1,195.0,7020.0,Delivered
PO-11945,SKU-020,WH-CENTRAL,SUP-005,2025-06-19,2025-07-03,2025-07-02,12,12,14,13,-1,1,195.0,2340.0,Delivered
PO-11946,SKU-020,WH-CENTRAL,SUP-005,2025-07-10,2025-07-24,2025-07-24,12,12,14,14,0,1,195.0,2340.0,Delivered
PO-11947,SKU-020,WH-CENTRAL,SUP-005,2025-07-26,2025-08-09,2025-08-07,18,18,14,12,-2,1,195.0,3510.0,Delivered
PO-11948,SKU-020,WH-CENTRAL,SUP-005,2025-08-16,2025-08-30,2025-08-29,30,30,14,13,-1,1,195.0,5850.0,Delivered
PO-11949,SKU-020,WH-CENTRAL,SUP-005,2025-09-01,2025-09-15,2025-09-14,30,30,14,13,-1,1,195.0,5850.0,Delivered
PO-11950,SKU-020,WH-CENTRAL,SUP-005,2025-09-17,2025-10-01,2025-10-01,12,12,14,14,0,1,195.0,2340.0,Delivered
PO-11951,SKU-020,WH-CENTRAL,SUP-005,2025-10-02,2025-10-16,2025-10-16,12,12,14,14,0,1,195.0,2340.0,Delivered
PO-11952,SKU-020,WH-CENTRAL,SUP-005,2025-10-27,2025-11-10,2025-11-10,12,12,14,14,0,1,195.0,2340.0,Delivered
PO-11953,SKU-020,WH-CENTRAL,SUP-005,2025-11-14,2025-11-28,2025-11-28,18,18,14,14,0,1,195.0,3510.0,Delivered
PO-11954,SKU-020,WH-CENTRAL,SUP-005,2025-12-01,2025-12-15,2025-12-16,18,18,14,15,1,0,195.0,3510.0,Delivered
PO-11955,SKU-020,WH-WEST,SUP-005,2024-01-13,2024-01-27,2024-01-27,12,12,14,14,0,1,195.0,2340.0,Delivered
PO-11956,SKU-020,WH-WEST,SUP-005,2024-02-06,2024-02-20,2024-02-20,36,36,14,14,0,1,195.0,7020.0,Delivered
PO-11957,SKU-020,WH-WEST,SUP-005,2024-02-25,2024-03-10,2024-03-09,12,12,14,13,-1,1,195.0,2340.0,Delivered
PO-11958,SKU-020,WH-WEST,SUP-005,2024-03-10,2024-03-24,2024-03-24,24,24,14,14,0,1,195.0,4680.0,Delivered
PO-11959,SKU-020,WH-WEST,SUP-005,2024-03-28,2024-04-11,2024-04-07,24,24,14,10,-4,1,195.0,4680.0,Delivered
PO-11960,SKU-020,WH-WEST,SUP-005,2024-04-26,2024-05-10,2024-05-09,30,30,14,13,-1,1,195.0,5850.0,Delivered
PO-11961,SKU-020,WH-WEST,SUP-005,2024-05-14,2024-05-28,2024-05-30,18,18,14,16,2,0,195.0,3510.0,Delivered
PO-11962,SKU-020,WH-WEST,SUP-005,2024-06-11,2024-06-25,2024-06-25,12,12,14,14,0,1,195.0,2340.0,Delivered
PO-11963,SKU-020,WH-WEST,SUP-005,2024-07-01,2024-07-15,2024-07-15,30,30,14,14,0,1,195.0,5850.0,Delivered
PO-11964,SKU-020,WH-WEST,SUP-005,2024-07-21,2024-08-04,2024-08-03,30,30,14,13,-1,1,195.0,5850.0,Delivered
PO-11965,SKU-020,WH-WEST,SUP-005,2024-08-05,2024-08-19,2024-08-19,36,36,14,14,0,1,195.0,7020.0,Delivered
PO-11966,SKU-020,WH-WEST,SUP-005,2024-08-30,2024-09-13,2024-09-11,12,12,14,12,-2,1,195.0,2340.0,Delivered
PO-11967,SKU-020,WH-WEST,SUP-005,2024-09-15,2024-09-29,2024-09-28,18,18,14,13,-1,1,195.0,3510.0,Delivered
PO-11968,SKU-020,WH-WEST,SUP-005,2024-10-02,2024-10-16,2024-10-15,36,36,14,13,-1,1,195.0,7020.0,Delivered
PO-11969,SKU-020,WH-WEST,SUP-005,2024-10-28,2024-11-11,2024-11-11,18,18,14,14,0,1,195.0,3510.0,Delivered
PO-11970,SKU-020,WH-WEST,SUP-005,2024-11-15,2024-11-29,2024-11-29,36,36,14,14,0,1,195.0,7020.0,Delivered
PO-11971,SKU-020,WH-WEST,SUP-005,2024-12-11,2024-12-25,2024-12-25,36,36,14,14,0,1,195.0,7020.0,Delivered
PO-11972,SKU-020,WH-WEST,SUP-005,2024-12-30,2025-01-13,2025-01-12,12,12,14,13,-1,1,195.0,2340.0,Delivered
PO-11973,SKU-020,WH-WEST,SUP-005,2025-01-18,2025-02-01,2025-01-30,18,18,14,12,-2,1,195.0,3510.0,Delivered
PO-11974,SKU-020,WH-WEST,SUP-005,2025-02-07,2025-02-21,2025-02-19,36,36,14,12,-2,1,195.0,7020.0,Delivered
PO-11975,SKU-020,WH-WEST,SUP-005,2025-03-02,2025-03-16,2025-03-15,12,12,14,13,-1,1,195.0,2340.0,Delivered
PO-11976,SKU-020,WH-WEST,SUP-005,2025-03-16,2025-03-30,2025-03-27,24,24,14,11,-3,1,195.0,4680.0,Delivered
PO-11977,SKU-020,WH-WEST,SUP-005,2025-04-05,2025-04-19,2025-04-19,18,18,14,14,0,1,195.0,3510.0,Delivered
PO-11978,SKU-020,WH-WEST,SUP-005,2025-04-20,2025-05-04,2025-05-16,24,24,14,26,12,0,195.0,4680.0,Delivered
PO-11979,SKU-020,WH-WEST,SUP-005,2025-05-12,2025-05-26,2025-05-26,12,12,14,14,0,1,195.0,2340.0,Delivered
PO-11980,SKU-020,WH-WEST,SUP-005,2025-05-26,2025-06-09,2025-06-09,12,12,14,14,0,1,195.0,2340.0,Delivered
PO-11981,SKU-020,WH-WEST,SUP-005,2025-06-19,2025-07-03,2025-07-03,30,30,14,14,0,1,195.0,5850.0,Delivered
PO-11982,SKU-020,WH-WEST,SUP-005,2025-07-15,2025-07-29,2025-07-29,24,24,14,14,0,1,195.0,4680.0,Delivered
PO-11983,SKU-020,WH-WEST,SUP-005,2025-08-03,2025-08-17,2025-08-22,36,36,14,19,5,0,195.0,7020.0,Delivered
PO-11984,SKU-020,WH-WEST,SUP-005,2025-08-29,2025-09-12,2025-09-12,36,36,14,14,0,1,195.0,7020.0,Delivered
PO-11985,SKU-020,WH-WEST,SUP-005,2025-09-20,2025-10-04,2025-10-04,24,24,14,14,0,1,195.0,4680.0,Delivered
PO-11986,SKU-020,WH-WEST,SUP-005,2025-10-16,2025-10-30,2025-11-10,24,24,14,25,11,0,195.0,4680.0,Delivered
PO-11987,SKU-020,WH-WEST,SUP-005,2025-11-13,2025-11-27,2025-11-27,12,12,14,14,0,1,195.0,2340.0,Delivered
PO-11988,SKU-021,WH-EAST,SUP-003,2024-01-12,2024-01-17,2024-01-17,200,200,5,5,0,1,18.0,3600.0,Delivered
PO-11989,SKU-021,WH-EAST,SUP-003,2024-02-04,2024-02-09,2024-02-09,200,200,5,5,0,1,18.0,3600.0,Delivered
PO-11990,SKU-021,WH-EAST,SUP-003,2024-02-26,2024-03-02,2024-03-01,500,500,5,4,-1,1,18.0,9000.0,Delivered
PO-11991,SKU-021,WH-EAST,SUP-003,2024-03-26,2024-03-31,2024-03-31,300,300,5,5,0,1,18.0,5400.0,Delivered
PO-11992,SKU-021,WH-EAST,SUP-003,2024-04-17,2024-04-22,2024-04-22,300,300,5,5,0,1,18.0,5400.0,Delivered
PO-11993,SKU-021,WH-EAST,SUP-003,2024-05-16,2024-05-21,2024-05-21,200,200,5,5,0,1,18.0,3600.0,Delivered
PO-11994,SKU-021,WH-EAST,SUP-003,2024-05-30,2024-06-04,2024-06-04,200,200,5,5,0,1,18.0,3600.0,Delivered
PO-11995,SKU-021,WH-EAST,SUP-003,2024-06-26,2024-07-01,2024-07-01,400,400,5,5,0,1,18.0,7200.0,Delivered
PO-11996,SKU-021,WH-EAST,SUP-003,2024-07-25,2024-07-30,2024-07-29,500,500,5,4,-1,1,18.0,9000.0,Delivered
PO-11997,SKU-021,WH-EAST,SUP-003,2024-08-10,2024-08-15,2024-08-15,300,300,5,5,0,1,18.0,5400.0,Delivered
PO-11998,SKU-021,WH-EAST,SUP-003,2024-09-07,2024-09-12,2024-09-12,300,300,5,5,0,1,18.0,5400.0,Delivered
PO-11999,SKU-021,WH-EAST,SUP-003,2024-10-03,2024-10-08,2024-10-08,200,200,5,5,0,1,18.0,3600.0,Delivered
PO-12000,SKU-021,WH-EAST,SUP-003,2024-10-17,2024-10-22,2024-10-22,600,600,5,5,0,1,18.0,10800.0,Delivered
PO-12001,SKU-021,WH-EAST,SUP-003,2024-11-03,2024-11-08,2024-11-08,300,300,5,5,0,1,18.0,5400.0,Delivered
PO-12002,SKU-021,WH-EAST,SUP-003,2024-11-27,2024-12-02,2024-12-02,200,200,5,5,0,1,18.0,3600.0,Delivered
PO-12003,SKU-021,WH-EAST,SUP-003,2024-12-21,2024-12-26,2024-12-26,400,400,5,5,0,1,18.0,7200.0,Delivered
PO-12004,SKU-021,WH-EAST,SUP-003,2025-01-14,2025-01-19,2025-01-18,300,300,5,4,-1,1,18.0,5400.0,Delivered
PO-12005,SKU-021,WH-EAST,SUP-003,2025-01-31,2025-02-05,2025-02-05,500,500,5,5,0,1,18.0,9000.0,Delivered
PO-12006,SKU-021,WH-EAST,SUP-003,2025-03-01,2025-03-06,2025-03-06,200,200,5,5,0,1,18.0,3600.0,Delivered
PO-12007,SKU-021,WH-EAST,SUP-003,2025-03-25,2025-03-30,2025-03-28,200,200,5,3,-2,1,18.0,3600.0,Delivered
PO-12008,SKU-021,WH-EAST,SUP-003,2025-04-12,2025-04-17,2025-04-17,500,500,5,5,0,1,18.0,9000.0,Delivered
PO-12009,SKU-021,WH-EAST,SUP-003,2025-04-26,2025-05-01,2025-05-01,400,400,5,5,0,1,18.0,7200.0,Delivered
PO-12010,SKU-021,WH-EAST,SUP-003,2025-05-12,2025-05-17,2025-05-16,200,200,5,4,-1,1,18.0,3600.0,Delivered
PO-12011,SKU-021,WH-EAST,SUP-003,2025-05-31,2025-06-05,2025-06-05,400,400,5,5,0,1,18.0,7200.0,Delivered
PO-12012,SKU-021,WH-EAST,SUP-003,2025-06-25,2025-06-30,2025-06-30,500,500,5,5,0,1,18.0,9000.0,Delivered
PO-12013,SKU-021,WH-EAST,SUP-003,2025-07-17,2025-07-22,2025-07-22,300,300,5,5,0,1,18.0,5400.0,Delivered
PO-12014,SKU-021,WH-EAST,SUP-003,2025-08-07,2025-08-12,2025-08-19,400,400,5,12,7,0,18.0,7200.0,Delivered
PO-12015,SKU-021,WH-EAST,SUP-003,2025-08-30,2025-09-04,2025-09-03,500,500,5,4,-1,1,18.0,9000.0,Delivered
PO-12016,SKU-021,WH-EAST,SUP-003,2025-09-17,2025-09-22,2025-09-22,300,300,5,5,0,1,18.0,5400.0,Delivered
PO-12017,SKU-021,WH-EAST,SUP-003,2025-10-04,2025-10-09,2025-10-09,500,500,5,5,0,1,18.0,9000.0,Delivered
PO-12018,SKU-021,WH-EAST,SUP-003,2025-10-21,2025-10-26,2025-10-25,300,300,5,4,-1,1,18.0,5400.0,Delivered
PO-12019,SKU-021,WH-EAST,SUP-003,2025-11-07,2025-11-12,2025-11-11,300,300,5,4,-1,1,18.0,5400.0,Delivered
PO-12020,SKU-021,WH-CENTRAL,SUP-003,2024-01-13,2024-01-18,2024-01-18,300,300,5,5,0,1,18.0,5400.0,Delivered
PO-12021,SKU-021,WH-CENTRAL,SUP-003,2024-02-06,2024-02-11,2024-02-11,400,400,5,5,0,1,18.0,7200.0,Delivered
PO-12022,SKU-021,WH-CENTRAL,SUP-003,2024-02-26,2024-03-02,2024-03-01,600,600,5,4,-1,1,18.0,10800.0,Delivered
PO-12023,SKU-021,WH-CENTRAL,SUP-003,2024-03-12,2024-03-17,2024-03-17,400,400,5,5,0,1,18.0,7200.0,Delivered
PO-12024,SKU-021,WH-CENTRAL,SUP-003,2024-03-31,2024-04-05,2024-04-05,400,400,5,5,0,1,18.0,7200.0,Delivered
PO-12025,SKU-021,WH-CENTRAL,SUP-003,2024-04-25,2024-04-30,2024-04-30,600,600,5,5,0,1,18.0,10800.0,Delivered
PO-12026,SKU-021,WH-CENTRAL,SUP-003,2024-05-16,2024-05-21,2024-05-21,300,300,5,5,0,1,18.0,5400.0,Delivered
PO-12027,SKU-021,WH-CENTRAL,SUP-003,2024-06-07,2024-06-12,2024-06-12,600,600,5,5,0,1,18.0,10800.0,Delivered
PO-12028,SKU-021,WH-CENTRAL,SUP-003,2024-07-03,2024-07-08,2024-07-16,600,600,5,13,8,0,18.0,10800.0,Delivered
PO-12029,SKU-021,WH-CENTRAL,SUP-003,2024-07-30,2024-08-04,2024-08-03,300,300,5,4,-1,1,18.0,5400.0,Delivered
PO-12030,SKU-021,WH-CENTRAL,SUP-003,2024-08-22,2024-08-27,2024-08-26,200,200,5,4,-1,1,18.0,3600.0,Delivered
PO-12031,SKU-021,WH-CENTRAL,SUP-003,2024-09-11,2024-09-16,2024-09-16,200,200,5,5,0,1,18.0,3600.0,Delivered
PO-12032,SKU-021,WH-CENTRAL,SUP-003,2024-10-05,2024-10-10,2024-10-10,500,500,5,5,0,1,18.0,9000.0,Delivered
PO-12033,SKU-021,WH-CENTRAL,SUP-003,2024-10-22,2024-10-27,2024-10-27,400,400,5,5,0,1,18.0,7200.0,Delivered
PO-12034,SKU-021,WH-CENTRAL,SUP-003,2024-11-10,2024-11-15,2024-11-14,300,300,5,4,-1,1,18.0,5400.0,Delivered
PO-12035,SKU-021,WH-CENTRAL,SUP-003,2024-11-30,2024-12-05,2024-12-04,200,200,5,4,-1,1,18.0,3600.0,Delivered
PO-12036,SKU-021,WH-CENTRAL,SUP-003,2024-12-19,2024-12-24,2024-12-24,500,500,5,5,0,1,18.0,9000.0,Delivered
PO-12037,SKU-021,WH-CENTRAL,SUP-003,2025-01-03,2025-01-08,2025-01-08,600,600,5,5,0,1,18.0,10800.0,Delivered
PO-12038,SKU-021,WH-CENTRAL,SUP-003,2025-01-24,2025-01-29,2025-01-29,400,400,5,5,0,1,18.0,7200.0,Delivered
PO-12039,SKU-021,WH-CENTRAL,SUP-003,2025-02-19,2025-02-24,2025-02-24,400,400,5,5,0,1,18.0,7200.0,Delivered
PO-12040,SKU-021,WH-CENTRAL,SUP-003,2025-03-09,2025-03-14,2025-03-14,400,400,5,5,0,1,18.0,7200.0,Delivered
PO-12041,SKU-021,WH-CENTRAL,SUP-003,2025-03-30,2025-04-04,2025-04-04,200,200,5,5,0,1,18.0,3600.0,Delivered
PO-12042,SKU-021,WH-CENTRAL,SUP-003,2025-04-20,2025-04-25,2025-04-25,600,600,5,5,0,1,18.0,10800.0,Delivered
PO-12043,SKU-021,WH-CENTRAL,SUP-003,2025-05-18,2025-05-23,2025-05-23,200,200,5,5,0,1,18.0,3600.0,Delivered
PO-12044,SKU-021,WH-CENTRAL,SUP-003,2025-06-11,2025-06-16,2025-06-16,600,600,5,5,0,1,18.0,10800.0,Delivered
PO-12045,SKU-021,WH-CENTRAL,SUP-003,2025-07-02,2025-07-07,2025-07-07,500,500,5,5,0,1,18.0,9000.0,Delivered
PO-12046,SKU-021,WH-CENTRAL,SUP-003,2025-07-19,2025-07-24,2025-07-24,600,600,5,5,0,1,18.0,10800.0,Delivered
PO-12047,SKU-021,WH-CENTRAL,SUP-003,2025-08-08,2025-08-13,2025-08-13,400,400,5,5,0,1,18.0,7200.0,Delivered
PO-12048,SKU-021,WH-CENTRAL,SUP-003,2025-08-24,2025-08-29,2025-09-04,200,200,5,11,6,0,18.0,3600.0,Delivered
PO-12049,SKU-021,WH-CENTRAL,SUP-003,2025-09-11,2025-09-16,2025-09-16,200,200,5,5,0,1,18.0,3600.0,Delivered
PO-12050,SKU-021,WH-CENTRAL,SUP-003,2025-09-25,2025-09-30,2025-09-30,400,400,5,5,0,1,18.0,7200.0,Delivered
PO-12051,SKU-021,WH-CENTRAL,SUP-003,2025-10-11,2025-10-16,2025-10-18,300,300,5,7,2,0,18.0,5400.0,Delivered
PO-12052,SKU-021,WH-CENTRAL,SUP-003,2025-11-07,2025-11-12,2025-11-12,400,400,5,5,0,1,18.0,7200.0,Delivered
PO-12053,SKU-021,WH-CENTRAL,SUP-003,2025-11-26,2025-12-01,2025-12-01,300,300,5,5,0,1,18.0,5400.0,Delivered
PO-12054,SKU-021,WH-WEST,SUP-003,2024-01-09,2024-01-14,2024-01-14,500,500,5,5,0,1,18.0,9000.0,Delivered
PO-12055,SKU-021,WH-WEST,SUP-003,2024-01-25,2024-01-30,2024-01-30,400,400,5,5,0,1,18.0,7200.0,Delivered
PO-12056,SKU-021,WH-WEST,SUP-003,2024-02-14,2024-02-19,2024-02-18,200,200,5,4,-1,1,18.0,3600.0,Delivered
PO-12057,SKU-021,WH-WEST,SUP-003,2024-03-01,2024-03-06,2024-03-06,500,500,5,5,0,1,18.0,9000.0,Delivered
PO-12058,SKU-021,WH-WEST,SUP-003,2024-03-26,2024-03-31,2024-03-31,500,500,5,5,0,1,18.0,9000.0,Delivered
PO-12059,SKU-021,WH-WEST,SUP-003,2024-04-13,2024-04-18,2024-04-18,200,200,5,5,0,1,18.0,3600.0,Delivered
PO-12060,SKU-021,WH-WEST,SUP-003,2024-04-28,2024-05-03,2024-05-03,600,600,5,5,0,1,18.0,10800.0,Delivered
PO-12061,SKU-021,WH-WEST,SUP-003,2024-05-14,2024-05-19,2024-05-19,600,600,5,5,0,1,18.0,10800.0,Delivered
PO-12062,SKU-021,WH-WEST,SUP-003,2024-06-03,2024-06-08,2024-06-08,400,400,5,5,0,1,18.0,7200.0,Delivered
PO-12063,SKU-021,WH-WEST,SUP-003,2024-06-17,2024-06-22,2024-06-22,200,200,5,5,0,1,18.0,3600.0,Delivered
PO-12064,SKU-021,WH-WEST,SUP-003,2024-07-05,2024-07-10,2024-07-10,300,300,5,5,0,1,18.0,5400.0,Delivered
PO-12065,SKU-021,WH-WEST,SUP-003,2024-07-28,2024-08-02,2024-08-02,300,300,5,5,0,1,18.0,5400.0,Delivered
PO-12066,SKU-021,WH-WEST,SUP-003,2024-08-12,2024-08-17,2024-08-17,200,200,5,5,0,1,18.0,3600.0,Delivered
PO-12067,SKU-021,WH-WEST,SUP-003,2024-09-05,2024-09-10,2024-09-10,600,600,5,5,0,1,18.0,10800.0,Delivered
PO-12068,SKU-021,WH-WEST,SUP-003,2024-09-28,2024-10-03,2024-10-06,300,300,5,8,3,0,18.0,5400.0,Delivered
PO-12069,SKU-021,WH-WEST,SUP-003,2024-10-25,2024-10-30,2024-10-30,500,500,5,5,0,1,18.0,9000.0,Delivered
PO-12070,SKU-021,WH-WEST,SUP-003,2024-11-15,2024-11-20,2024-11-20,500,500,5,5,0,1,18.0,9000.0,Delivered
PO-12071,SKU-021,WH-WEST,SUP-003,2024-12-03,2024-12-08,2024-12-08,600,600,5,5,0,1,18.0,10800.0,Delivered
PO-12072,SKU-021,WH-WEST,SUP-003,2024-12-31,2025-01-05,2025-01-05,500,500,5,5,0,1,18.0,9000.0,Delivered
PO-12073,SKU-021,WH-WEST,SUP-003,2025-01-18,2025-01-23,2025-01-23,200,200,5,5,0,1,18.0,3600.0,Delivered
PO-12074,SKU-021,WH-WEST,SUP-003,2025-02-01,2025-02-06,2025-02-06,600,600,5,5,0,1,18.0,10800.0,Delivered
PO-12075,SKU-021,WH-WEST,SUP-003,2025-02-17,2025-02-22,2025-02-22,600,600,5,5,0,1,18.0,10800.0,Delivered
PO-12076,SKU-021,WH-WEST,SUP-003,2025-03-11,2025-03-16,2025-03-16,500,500,5,5,0,1,18.0,9000.0,Delivered
PO-12077,SKU-021,WH-WEST,SUP-003,2025-04-03,2025-04-08,2025-04-08,500,500,5,5,0,1,18.0,9000.0,Delivered
PO-12078,SKU-021,WH-WEST,SUP-003,2025-04-28,2025-05-03,2025-05-03,400,400,5,5,0,1,18.0,7200.0,Delivered
PO-12079,SKU-021,WH-WEST,SUP-003,2025-05-13,2025-05-18,2025-05-18,300,300,5,5,0,1,18.0,5400.0,Delivered
PO-12080,SKU-021,WH-WEST,SUP-003,2025-06-08,2025-06-13,2025-06-13,300,300,5,5,0,1,18.0,5400.0,Delivered
PO-12081,SKU-021,WH-WEST,SUP-003,2025-06-24,2025-06-29,2025-06-29,400,400,5,5,0,1,18.0,7200.0,Delivered
PO-12082,SKU-021,WH-WEST,SUP-003,2025-07-22,2025-07-27,2025-07-27,200,200,5,5,0,1,18.0,3600.0,Delivered
PO-12083,SKU-021,WH-WEST,SUP-003,2025-08-13,2025-08-18,2025-08-18,600,600,5,5,0,1,18.0,10800.0,Delivered
PO-12084,SKU-021,WH-WEST,SUP-003,2025-08-30,2025-09-04,2025-09-03,200,200,5,4,-1,1,18.0,3600.0,Delivered
PO-12085,SKU-021,WH-WEST,SUP-003,2025-09-19,2025-09-24,2025-09-24,200,200,5,5,0,1,18.0,3600.0,Delivered
PO-12086,SKU-021,WH-WEST,SUP-003,2025-10-18,2025-10-23,2025-10-23,400,400,5,5,0,1,18.0,7200.0,Delivered
PO-12087,SKU-021,WH-WEST,SUP-003,2025-11-03,2025-11-08,2025-11-07,400,400,5,4,-1,1,18.0,7200.0,Delivered
PO-12088,SKU-021,WH-WEST,SUP-003,2025-11-30,2025-12-05,2025-12-05,300,300,5,5,0,1,18.0,5400.0,Delivered
PO-12089,SKU-022,WH-EAST,SUP-003,2024-01-03,2024-01-08,2024-01-07,600,600,5,4,-1,1,14.0,8400.0,Delivered
PO-12090,SKU-022,WH-EAST,SUP-003,2024-01-26,2024-01-31,2024-01-31,600,600,5,5,0,1,14.0,8400.0,Delivered
PO-12091,SKU-022,WH-EAST,SUP-003,2024-02-17,2024-02-22,2024-02-21,720,720,5,4,-1,1,14.0,10080.0,Delivered
PO-12092,SKU-022,WH-EAST,SUP-003,2024-03-04,2024-03-09,2024-03-09,480,480,5,5,0,1,14.0,6720.0,Delivered
PO-12093,SKU-022,WH-EAST,SUP-003,2024-03-31,2024-04-05,2024-04-05,600,600,5,5,0,1,14.0,8400.0,Delivered
PO-12094,SKU-022,WH-EAST,SUP-003,2024-04-25,2024-04-30,2024-04-30,360,360,5,5,0,1,14.0,5040.0,Delivered
PO-12095,SKU-022,WH-EAST,SUP-003,2024-05-24,2024-05-29,2024-05-29,360,360,5,5,0,1,14.0,5040.0,Delivered
PO-12096,SKU-022,WH-EAST,SUP-003,2024-06-11,2024-06-16,2024-06-15,360,360,5,4,-1,1,14.0,5040.0,Delivered
PO-12097,SKU-022,WH-EAST,SUP-003,2024-06-28,2024-07-03,2024-07-03,240,240,5,5,0,1,14.0,3360.0,Delivered
PO-12098,SKU-022,WH-EAST,SUP-003,2024-07-24,2024-07-29,2024-07-29,600,600,5,5,0,1,14.0,8400.0,Delivered
PO-12099,SKU-022,WH-EAST,SUP-003,2024-08-13,2024-08-18,2024-08-17,360,360,5,4,-1,1,14.0,5040.0,Delivered
PO-12100,SKU-022,WH-EAST,SUP-003,2024-09-01,2024-09-06,2024-09-05,720,720,5,4,-1,1,14.0,10080.0,Delivered
PO-12101,SKU-022,WH-EAST,SUP-003,2024-09-22,2024-09-27,2024-09-27,360,360,5,5,0,1,14.0,5040.0,Delivered
PO-12102,SKU-022,WH-EAST,SUP-003,2024-10-16,2024-10-21,2024-10-21,600,600,5,5,0,1,14.0,8400.0,Delivered
PO-12103,SKU-022,WH-EAST,SUP-003,2024-11-14,2024-11-19,2024-11-18,240,240,5,4,-1,1,14.0,3360.0,Delivered
PO-12104,SKU-022,WH-EAST,SUP-003,2024-11-29,2024-12-04,2024-12-04,600,600,5,5,0,1,14.0,8400.0,Delivered
PO-12105,SKU-022,WH-EAST,SUP-003,2024-12-26,2024-12-31,2024-12-31,240,240,5,5,0,1,14.0,3360.0,Delivered
PO-12106,SKU-022,WH-EAST,SUP-003,2025-01-18,2025-01-23,2025-01-23,240,240,5,5,0,1,14.0,3360.0,Delivered
PO-12107,SKU-022,WH-EAST,SUP-003,2025-02-06,2025-02-11,2025-02-11,360,360,5,5,0,1,14.0,5040.0,Delivered
PO-12108,SKU-022,WH-EAST,SUP-003,2025-03-03,2025-03-08,2025-03-08,240,240,5,5,0,1,14.0,3360.0,Delivered
PO-12109,SKU-022,WH-EAST,SUP-003,2025-03-27,2025-04-01,2025-04-01,720,720,5,5,0,1,14.0,10080.0,Delivered
PO-12110,SKU-022,WH-EAST,SUP-003,2025-04-13,2025-04-18,2025-04-18,360,360,5,5,0,1,14.0,5040.0,Delivered
PO-12111,SKU-022,WH-EAST,SUP-003,2025-04-27,2025-05-02,2025-05-09,720,720,5,12,7,0,14.0,10080.0,Delivered
PO-12112,SKU-022,WH-EAST,SUP-003,2025-05-12,2025-05-17,2025-05-21,240,240,5,9,4,0,14.0,3360.0,Delivered
PO-12113,SKU-022,WH-EAST,SUP-003,2025-05-27,2025-06-01,2025-05-31,480,480,5,4,-1,1,14.0,6720.0,Delivered
PO-12114,SKU-022,WH-EAST,SUP-003,2025-06-13,2025-06-18,2025-06-18,720,720,5,5,0,1,14.0,10080.0,Delivered
PO-12115,SKU-022,WH-EAST,SUP-003,2025-06-29,2025-07-04,2025-07-04,360,360,5,5,0,1,14.0,5040.0,Delivered
PO-12116,SKU-022,WH-EAST,SUP-003,2025-07-18,2025-07-23,2025-07-23,480,480,5,5,0,1,14.0,6720.0,Delivered
PO-12117,SKU-022,WH-EAST,SUP-003,2025-08-02,2025-08-07,2025-08-07,720,720,5,5,0,1,14.0,10080.0,Delivered
PO-12118,SKU-022,WH-EAST,SUP-003,2025-08-29,2025-09-03,2025-09-03,720,720,5,5,0,1,14.0,10080.0,Delivered
PO-12119,SKU-022,WH-EAST,SUP-003,2025-09-26,2025-10-01,2025-10-01,720,720,5,5,0,1,14.0,10080.0,Delivered
PO-12120,SKU-022,WH-EAST,SUP-003,2025-10-11,2025-10-16,2025-10-16,360,360,5,5,0,1,14.0,5040.0,Delivered
PO-12121,SKU-022,WH-EAST,SUP-003,2025-10-30,2025-11-04,2025-11-04,600,600,5,5,0,1,14.0,8400.0,Delivered
PO-12122,SKU-022,WH-EAST,SUP-003,2025-11-25,2025-11-30,2025-11-30,480,480,5,5,0,1,14.0,6720.0,Delivered
PO-12123,SKU-022,WH-CENTRAL,SUP-003,2024-01-04,2024-01-09,2024-01-09,240,240,5,5,0,1,14.0,3360.0,Delivered
PO-12124,SKU-022,WH-CENTRAL,SUP-003,2024-01-25,2024-01-30,2024-01-30,600,600,5,5,0,1,14.0,8400.0,Delivered
PO-12125,SKU-022,WH-CENTRAL,SUP-003,2024-02-10,2024-02-15,2024-02-14,480,480,5,4,-1,1,14.0,6720.0,Delivered
PO-12126,SKU-022,WH-CENTRAL,SUP-003,2024-03-01,2024-03-06,2024-03-06,480,480,5,5,0,1,14.0,6720.0,Delivered
PO-12127,SKU-022,WH-CENTRAL,SUP-003,2024-03-24,2024-03-29,2024-03-29,360,360,5,5,0,1,14.0,5040.0,Delivered
PO-12128,SKU-022,WH-CENTRAL,SUP-003,2024-04-15,2024-04-20,2024-04-20,240,240,5,5,0,1,14.0,3360.0,Delivered
PO-12129,SKU-022,WH-CENTRAL,SUP-003,2024-05-10,2024-05-15,2024-05-15,600,600,5,5,0,1,14.0,8400.0,Delivered
PO-12130,SKU-022,WH-CENTRAL,SUP-003,2024-05-31,2024-06-05,2024-06-05,600,600,5,5,0,1,14.0,8400.0,Delivered
PO-12131,SKU-022,WH-CENTRAL,SUP-003,2024-06-16,2024-06-21,2024-06-20,240,240,5,4,-1,1,14.0,3360.0,Delivered
PO-12132,SKU-022,WH-CENTRAL,SUP-003,2024-07-11,2024-07-16,2024-07-15,360,360,5,4,-1,1,14.0,5040.0,Delivered
PO-12133,SKU-022,WH-CENTRAL,SUP-003,2024-08-05,2024-08-10,2024-08-10,480,480,5,5,0,1,14.0,6720.0,Delivered
PO-12134,SKU-022,WH-CENTRAL,SUP-003,2024-08-20,2024-08-25,2024-08-24,720,720,5,4,-1,1,14.0,10080.0,Delivered
PO-12135,SKU-022,WH-CENTRAL,SUP-003,2024-09-13,2024-09-18,2024-09-18,480,480,5,5,0,1,14.0,6720.0,Delivered
PO-12136,SKU-022,WH-CENTRAL,SUP-003,2024-10-05,2024-10-10,2024-10-10,360,360,5,5,0,1,14.0,5040.0,Delivered
PO-12137,SKU-022,WH-CENTRAL,SUP-003,2024-10-24,2024-10-29,2024-10-28,480,480,5,4,-1,1,14.0,6720.0,Delivered
PO-12138,SKU-022,WH-CENTRAL,SUP-003,2024-11-19,2024-11-24,2024-11-24,480,480,5,5,0,1,14.0,6720.0,Delivered
PO-12139,SKU-022,WH-CENTRAL,SUP-003,2024-12-15,2024-12-20,2024-12-20,480,480,5,5,0,1,14.0,6720.0,Delivered
PO-12140,SKU-022,WH-CENTRAL,SUP-003,2025-01-08,2025-01-13,2025-01-13,600,600,5,5,0,1,14.0,8400.0,Delivered
PO-12141,SKU-022,WH-CENTRAL,SUP-003,2025-01-28,2025-02-02,2025-02-02,600,600,5,5,0,1,14.0,8400.0,Delivered
PO-12142,SKU-022,WH-CENTRAL,SUP-003,2025-02-13,2025-02-18,2025-02-17,600,600,5,4,-1,1,14.0,8400.0,Delivered
PO-12143,SKU-022,WH-CENTRAL,SUP-003,2025-03-09,2025-03-14,2025-03-14,720,720,5,5,0,1,14.0,10080.0,Delivered
PO-12144,SKU-022,WH-CENTRAL,SUP-003,2025-03-28,2025-04-02,2025-04-05,480,480,5,8,3,0,14.0,6720.0,Delivered
PO-12145,SKU-022,WH-CENTRAL,SUP-003,2025-04-14,2025-04-19,2025-04-19,240,240,5,5,0,1,14.0,3360.0,Delivered
PO-12146,SKU-022,WH-CENTRAL,SUP-003,2025-04-30,2025-05-05,2025-05-05,600,600,5,5,0,1,14.0,8400.0,Delivered
PO-12147,SKU-022,WH-CENTRAL,SUP-003,2025-05-22,2025-05-27,2025-05-30,480,480,5,8,3,0,14.0,6720.0,Delivered
PO-12148,SKU-022,WH-CENTRAL,SUP-003,2025-06-11,2025-06-16,2025-06-15,240,240,5,4,-1,1,14.0,3360.0,Delivered
PO-12149,SKU-022,WH-CENTRAL,SUP-003,2025-06-28,2025-07-03,2025-07-03,720,720,5,5,0,1,14.0,10080.0,Delivered
PO-12150,SKU-022,WH-CENTRAL,SUP-003,2025-07-24,2025-07-29,2025-07-29,360,360,5,5,0,1,14.0,5040.0,Delivered
PO-12151,SKU-022,WH-CENTRAL,SUP-003,2025-08-20,2025-08-25,2025-08-27,360,360,5,7,2,0,14.0,5040.0,Delivered
PO-12152,SKU-022,WH-CENTRAL,SUP-003,2025-09-12,2025-09-17,2025-09-17,720,720,5,5,0,1,14.0,10080.0,Delivered
PO-12153,SKU-022,WH-CENTRAL,SUP-003,2025-10-07,2025-10-12,2025-10-12,360,360,5,5,0,1,14.0,5040.0,Delivered
PO-12154,SKU-022,WH-CENTRAL,SUP-003,2025-11-04,2025-11-09,2025-11-08,360,360,5,4,-1,1,14.0,5040.0,Delivered
PO-12155,SKU-022,WH-CENTRAL,SUP-003,2025-11-21,2025-11-26,2025-11-26,600,600,5,5,0,1,14.0,8400.0,Delivered
PO-12156,SKU-022,WH-WEST,SUP-003,2024-01-02,2024-01-07,2024-01-07,360,360,5,5,0,1,14.0,5040.0,Delivered
PO-12157,SKU-022,WH-WEST,SUP-003,2024-01-16,2024-01-21,2024-01-21,360,360,5,5,0,1,14.0,5040.0,Delivered
PO-12158,SKU-022,WH-WEST,SUP-003,2024-02-10,2024-02-15,2024-02-14,720,720,5,4,-1,1,14.0,10080.0,Delivered
PO-12159,SKU-022,WH-WEST,SUP-003,2024-02-28,2024-03-04,2024-03-03,720,720,5,4,-1,1,14.0,10080.0,Delivered
PO-12160,SKU-022,WH-WEST,SUP-003,2024-03-20,2024-03-25,2024-03-25,480,480,5,5,0,1,14.0,6720.0,Delivered
PO-12161,SKU-022,WH-WEST,SUP-003,2024-04-12,2024-04-17,2024-04-17,480,480,5,5,0,1,14.0,6720.0,Delivered
PO-12162,SKU-022,WH-WEST,SUP-003,2024-05-06,2024-05-11,2024-05-11,360,360,5,5,0,1,14.0,5040.0,Delivered
PO-12163,SKU-022,WH-WEST,SUP-003,2024-05-31,2024-06-05,2024-06-04,240,240,5,4,-1,1,14.0,3360.0,Delivered
PO-12164,SKU-022,WH-WEST,SUP-003,2024-06-15,2024-06-20,2024-06-20,480,480,5,5,0,1,14.0,6720.0,Delivered
PO-12165,SKU-022,WH-WEST,SUP-003,2024-07-09,2024-07-14,2024-07-13,480,480,5,4,-1,1,14.0,6720.0,Delivered
PO-12166,SKU-022,WH-WEST,SUP-003,2024-07-28,2024-08-02,2024-08-02,240,240,5,5,0,1,14.0,3360.0,Delivered
PO-12167,SKU-022,WH-WEST,SUP-003,2024-08-26,2024-08-31,2024-08-30,480,480,5,4,-1,1,14.0,6720.0,Delivered
PO-12168,SKU-022,WH-WEST,SUP-003,2024-09-21,2024-09-26,2024-09-26,600,600,5,5,0,1,14.0,8400.0,Delivered
PO-12169,SKU-022,WH-WEST,SUP-003,2024-10-20,2024-10-25,2024-10-25,720,720,5,5,0,1,14.0,10080.0,Delivered
PO-12170,SKU-022,WH-WEST,SUP-003,2024-11-08,2024-11-13,2024-11-13,480,480,5,5,0,1,14.0,6720.0,Delivered
PO-12171,SKU-022,WH-WEST,SUP-003,2024-11-24,2024-11-29,2024-11-29,240,240,5,5,0,1,14.0,3360.0,Delivered
PO-12172,SKU-022,WH-WEST,SUP-003,2024-12-14,2024-12-19,2024-12-19,480,480,5,5,0,1,14.0,6720.0,Delivered
PO-12173,SKU-022,WH-WEST,SUP-003,2024-12-29,2025-01-03,2025-01-03,360,360,5,5,0,1,14.0,5040.0,Delivered
PO-12174,SKU-022,WH-WEST,SUP-003,2025-01-12,2025-01-17,2025-01-17,360,360,5,5,0,1,14.0,5040.0,Delivered
PO-12175,SKU-022,WH-WEST,SUP-003,2025-01-27,2025-02-01,2025-02-01,480,480,5,5,0,1,14.0,6720.0,Delivered
PO-12176,SKU-022,WH-WEST,SUP-003,2025-02-17,2025-02-22,2025-02-22,600,600,5,5,0,1,14.0,8400.0,Delivered
PO-12177,SKU-022,WH-WEST,SUP-003,2025-03-06,2025-03-11,2025-03-11,720,720,5,5,0,1,14.0,10080.0,Delivered
PO-12178,SKU-022,WH-WEST,SUP-003,2025-03-26,2025-03-31,2025-03-31,480,480,5,5,0,1,14.0,6720.0,Delivered
PO-12179,SKU-022,WH-WEST,SUP-003,2025-04-11,2025-04-16,2025-04-16,360,360,5,5,0,1,14.0,5040.0,Delivered
PO-12180,SKU-022,WH-WEST,SUP-003,2025-05-05,2025-05-10,2025-05-10,720,720,5,5,0,1,14.0,10080.0,Delivered
PO-12181,SKU-022,WH-WEST,SUP-003,2025-05-22,2025-05-27,2025-05-26,720,720,5,4,-1,1,14.0,10080.0,Delivered
PO-12182,SKU-022,WH-WEST,SUP-003,2025-06-11,2025-06-16,2025-06-16,480,480,5,5,0,1,14.0,6720.0,Delivered
PO-12183,SKU-022,WH-WEST,SUP-003,2025-07-03,2025-07-08,2025-07-07,600,600,5,4,-1,1,14.0,8400.0,Delivered
PO-12184,SKU-022,WH-WEST,SUP-003,2025-07-30,2025-08-04,2025-08-03,720,720,5,4,-1,1,14.0,10080.0,Delivered
PO-12185,SKU-022,WH-WEST,SUP-003,2025-08-23,2025-08-28,2025-08-28,480,480,5,5,0,1,14.0,6720.0,Delivered
PO-12186,SKU-022,WH-WEST,SUP-003,2025-09-06,2025-09-11,2025-09-11,360,360,5,5,0,1,14.0,5040.0,Delivered
PO-12187,SKU-022,WH-WEST,SUP-003,2025-10-05,2025-10-10,2025-10-10,240,240,5,5,0,1,14.0,3360.0,Delivered
PO-12188,SKU-022,WH-WEST,SUP-003,2025-11-03,2025-11-08,2025-11-08,480,480,5,5,0,1,14.0,6720.0,Delivered
PO-12189,SKU-022,WH-WEST,SUP-003,2025-11-19,2025-11-24,2025-11-24,600,600,5,5,0,1,14.0,8400.0,Delivered
PO-12190,SKU-023,WH-EAST,SUP-003,2024-01-05,2024-01-10,2024-01-09,400,400,5,4,-1,1,16.5,6600.0,Delivered
PO-12191,SKU-023,WH-EAST,SUP-003,2024-01-29,2024-02-03,2024-02-03,600,600,5,5,0,1,16.5,9900.0,Delivered
PO-12192,SKU-023,WH-EAST,SUP-003,2024-02-27,2024-03-03,2024-03-03,300,300,5,5,0,1,16.5,4950.0,Delivered
PO-12193,SKU-023,WH-EAST,SUP-003,2024-03-22,2024-03-27,2024-03-27,400,400,5,5,0,1,16.5,6600.0,Delivered
PO-12194,SKU-023,WH-EAST,SUP-003,2024-04-11,2024-04-16,2024-04-16,400,400,5,5,0,1,16.5,6600.0,Delivered
PO-12195,SKU-023,WH-EAST,SUP-003,2024-04-29,2024-05-04,2024-05-04,500,500,5,5,0,1,16.5,8250.0,Delivered
PO-12196,SKU-023,WH-EAST,SUP-003,2024-05-16,2024-05-21,2024-05-21,500,500,5,5,0,1,16.5,8250.0,Delivered
PO-12197,SKU-023,WH-EAST,SUP-003,2024-06-11,2024-06-16,2024-06-15,400,400,5,4,-1,1,16.5,6600.0,Delivered
PO-12198,SKU-023,WH-EAST,SUP-003,2024-07-08,2024-07-13,2024-07-13,300,300,5,5,0,1,16.5,4950.0,Delivered
PO-12199,SKU-023,WH-EAST,SUP-003,2024-08-06,2024-08-11,2024-08-11,200,200,5,5,0,1,16.5,3300.0,Delivered
PO-12200,SKU-023,WH-EAST,SUP-003,2024-08-27,2024-09-01,2024-09-01,300,300,5,5,0,1,16.5,4950.0,Delivered
PO-12201,SKU-023,WH-EAST,SUP-003,2024-09-12,2024-09-17,2024-09-17,600,600,5,5,0,1,16.5,9900.0,Delivered
PO-12202,SKU-023,WH-EAST,SUP-003,2024-10-07,2024-10-12,2024-10-11,600,600,5,4,-1,1,16.5,9900.0,Delivered
PO-12203,SKU-023,WH-EAST,SUP-003,2024-10-28,2024-11-02,2024-11-02,200,200,5,5,0,1,16.5,3300.0,Delivered
PO-12204,SKU-023,WH-EAST,SUP-003,2024-11-17,2024-11-22,2024-11-22,600,600,5,5,0,1,16.5,9900.0,Delivered
PO-12205,SKU-023,WH-EAST,SUP-003,2024-12-03,2024-12-08,2024-12-08,200,200,5,5,0,1,16.5,3300.0,Delivered
PO-12206,SKU-023,WH-EAST,SUP-003,2024-12-19,2024-12-24,2024-12-24,200,200,5,5,0,1,16.5,3300.0,Delivered
PO-12207,SKU-023,WH-EAST,SUP-003,2025-01-08,2025-01-13,2025-01-13,300,300,5,5,0,1,16.5,4950.0,Delivered
PO-12208,SKU-023,WH-EAST,SUP-003,2025-02-02,2025-02-07,2025-02-07,400,400,5,5,0,1,16.5,6600.0,Delivered
PO-12209,SKU-023,WH-EAST,SUP-003,2025-02-17,2025-02-22,2025-02-22,200,200,5,5,0,1,16.5,3300.0,Delivered
PO-12210,SKU-023,WH-EAST,SUP-003,2025-03-06,2025-03-11,2025-03-11,400,400,5,5,0,1,16.5,6600.0,Delivered
PO-12211,SKU-023,WH-EAST,SUP-003,2025-03-26,2025-03-31,2025-03-31,600,600,5,5,0,1,16.5,9900.0,Delivered
PO-12212,SKU-023,WH-EAST,SUP-003,2025-04-17,2025-04-22,2025-04-22,600,600,5,5,0,1,16.5,9900.0,Delivered
PO-12213,SKU-023,WH-EAST,SUP-003,2025-05-07,2025-05-12,2025-05-12,200,200,5,5,0,1,16.5,3300.0,Delivered
PO-12214,SKU-023,WH-EAST,SUP-003,2025-06-02,2025-06-07,2025-06-06,500,500,5,4,-1,1,16.5,8250.0,Delivered
PO-12215,SKU-023,WH-EAST,SUP-003,2025-07-01,2025-07-06,2025-07-06,500,500,5,5,0,1,16.5,8250.0,Delivered
PO-12216,SKU-023,WH-EAST,SUP-003,2025-07-30,2025-08-04,2025-08-06,200,200,5,7,2,0,16.5,3300.0,Delivered
PO-12217,SKU-023,WH-EAST,SUP-003,2025-08-22,2025-08-27,2025-08-27,600,600,5,5,0,1,16.5,9900.0,Delivered
PO-12218,SKU-023,WH-EAST,SUP-003,2025-09-15,2025-09-20,2025-09-20,600,600,5,5,0,1,16.5,9900.0,Delivered
PO-12219,SKU-023,WH-EAST,SUP-003,2025-10-13,2025-10-18,2025-10-18,400,400,5,5,0,1,16.5,6600.0,Delivered
PO-12220,SKU-023,WH-EAST,SUP-003,2025-11-01,2025-11-06,2025-11-06,500,500,5,5,0,1,16.5,8250.0,Delivered
PO-12221,SKU-023,WH-EAST,SUP-003,2025-11-19,2025-11-24,2025-11-24,400,400,5,5,0,1,16.5,6600.0,Delivered
PO-12222,SKU-023,WH-CENTRAL,SUP-003,2024-01-15,2024-01-20,2024-01-20,500,500,5,5,0,1,16.5,8250.0,Delivered
PO-12223,SKU-023,WH-CENTRAL,SUP-003,2024-02-01,2024-02-06,2024-02-06,600,600,5,5,0,1,16.5,9900.0,Delivered
PO-12224,SKU-023,WH-CENTRAL,SUP-003,2024-02-18,2024-02-23,2024-02-22,400,400,5,4,-1,1,16.5,6600.0,Delivered
PO-12225,SKU-023,WH-CENTRAL,SUP-003,2024-03-04,2024-03-09,2024-03-09,500,500,5,5,0,1,16.5,8250.0,Delivered
PO-12226,SKU-023,WH-CENTRAL,SUP-003,2024-03-28,2024-04-02,2024-04-02,300,300,5,5,0,1,16.5,4950.0,Delivered
PO-12227,SKU-023,WH-CENTRAL,SUP-003,2024-04-22,2024-04-27,2024-04-27,500,500,5,5,0,1,16.5,8250.0,Delivered
PO-12228,SKU-023,WH-CENTRAL,SUP-003,2024-05-16,2024-05-21,2024-05-21,400,400,5,5,0,1,16.5,6600.0,Delivered
PO-12229,SKU-023,WH-CENTRAL,SUP-003,2024-06-14,2024-06-19,2024-06-19,200,200,5,5,0,1,16.5,3300.0,Delivered
PO-12230,SKU-023,WH-CENTRAL,SUP-003,2024-07-07,2024-07-12,2024-07-12,300,300,5,5,0,1,16.5,4950.0,Delivered
PO-12231,SKU-023,WH-CENTRAL,SUP-003,2024-07-30,2024-08-04,2024-08-03,300,300,5,4,-1,1,16.5,4950.0,Delivered
PO-12232,SKU-023,WH-CENTRAL,SUP-003,2024-08-20,2024-08-25,2024-08-25,400,400,5,5,0,1,16.5,6600.0,Delivered
PO-12233,SKU-023,WH-CENTRAL,SUP-003,2024-09-08,2024-09-13,2024-09-13,400,400,5,5,0,1,16.5,6600.0,Delivered
PO-12234,SKU-023,WH-CENTRAL,SUP-003,2024-09-28,2024-10-03,2024-10-03,600,600,5,5,0,1,16.5,9900.0,Delivered
PO-12235,SKU-023,WH-CENTRAL,SUP-003,2024-10-15,2024-10-20,2024-10-20,500,500,5,5,0,1,16.5,8250.0,Delivered
PO-12236,SKU-023,WH-CENTRAL,SUP-003,2024-11-02,2024-11-07,2024-11-07,300,300,5,5,0,1,16.5,4950.0,Delivered
PO-12237,SKU-023,WH-CENTRAL,SUP-003,2024-11-22,2024-11-27,2024-11-27,500,500,5,5,0,1,16.5,8250.0,Delivered
PO-12238,SKU-023,WH-CENTRAL,SUP-003,2024-12-16,2024-12-21,2024-12-21,400,400,5,5,0,1,16.5,6600.0,Delivered
PO-12239,SKU-023,WH-CENTRAL,SUP-003,2025-01-08,2025-01-13,2025-01-13,200,200,5,5,0,1,16.5,3300.0,Delivered
PO-12240,SKU-023,WH-CENTRAL,SUP-003,2025-01-25,2025-01-30,2025-01-30,600,600,5,5,0,1,16.5,9900.0,Delivered
PO-12241,SKU-023,WH-CENTRAL,SUP-003,2025-02-16,2025-02-21,2025-02-22,600,600,5,6,1,0,16.5,9900.0,Delivered
PO-12242,SKU-023,WH-CENTRAL,SUP-003,2025-03-07,2025-03-12,2025-03-12,600,600,5,5,0,1,16.5,9900.0,Delivered
PO-12243,SKU-023,WH-CENTRAL,SUP-003,2025-03-28,2025-04-02,2025-04-02,600,600,5,5,0,1,16.5,9900.0,Delivered
PO-12244,SKU-023,WH-CENTRAL,SUP-003,2025-04-19,2025-04-24,2025-04-24,400,400,5,5,0,1,16.5,6600.0,Delivered
PO-12245,SKU-023,WH-CENTRAL,SUP-003,2025-05-13,2025-05-18,2025-05-18,500,500,5,5,0,1,16.5,8250.0,Delivered
PO-12246,SKU-023,WH-CENTRAL,SUP-003,2025-06-07,2025-06-12,2025-06-12,400,400,5,5,0,1,16.5,6600.0,Delivered
PO-12247,SKU-023,WH-CENTRAL,SUP-003,2025-07-01,2025-07-06,2025-07-06,400,400,5,5,0,1,16.5,6600.0,Delivered
PO-12248,SKU-023,WH-CENTRAL,SUP-003,2025-07-24,2025-07-29,2025-07-29,500,500,5,5,0,1,16.5,8250.0,Delivered
PO-12249,SKU-023,WH-CENTRAL,SUP-003,2025-08-13,2025-08-18,2025-08-18,300,300,5,5,0,1,16.5,4950.0,Delivered
PO-12250,SKU-023,WH-CENTRAL,SUP-003,2025-08-31,2025-09-05,2025-09-05,400,400,5,5,0,1,16.5,6600.0,Delivered
PO-12251,SKU-023,WH-CENTRAL,SUP-003,2025-09-27,2025-10-02,2025-10-02,400,400,5,5,0,1,16.5,6600.0,Delivered
PO-12252,SKU-023,WH-CENTRAL,SUP-003,2025-10-14,2025-10-19,2025-10-19,200,200,5,5,0,1,16.5,3300.0,Delivered
PO-12253,SKU-023,WH-CENTRAL,SUP-003,2025-10-31,2025-11-05,2025-11-05,400,400,5,5,0,1,16.5,6600.0,Delivered
PO-12254,SKU-023,WH-CENTRAL,SUP-003,2025-11-17,2025-11-22,2025-11-21,400,400,5,4,-1,1,16.5,6600.0,Delivered
PO-12255,SKU-023,WH-WEST,SUP-003,2024-01-10,2024-01-15,2024-01-15,200,200,5,5,0,1,16.5,3300.0,Delivered
PO-12256,SKU-023,WH-WEST,SUP-003,2024-01-26,2024-01-31,2024-01-31,400,400,5,5,0,1,16.5,6600.0,Delivered
PO-12257,SKU-023,WH-WEST,SUP-003,2024-02-10,2024-02-15,2024-02-14,500,500,5,4,-1,1,16.5,8250.0,Delivered
PO-12258,SKU-023,WH-WEST,SUP-003,2024-03-01,2024-03-06,2024-03-06,400,400,5,5,0,1,16.5,6600.0,Delivered
PO-12259,SKU-023,WH-WEST,SUP-003,2024-03-26,2024-03-31,2024-03-31,400,400,5,5,0,1,16.5,6600.0,Delivered
PO-12260,SKU-023,WH-WEST,SUP-003,2024-04-17,2024-04-22,2024-04-22,500,500,5,5,0,1,16.5,8250.0,Delivered
PO-12261,SKU-023,WH-WEST,SUP-003,2024-05-01,2024-05-06,2024-05-06,400,400,5,5,0,1,16.5,6600.0,Delivered
PO-12262,SKU-023,WH-WEST,SUP-003,2024-05-21,2024-05-26,2024-05-26,600,600,5,5,0,1,16.5,9900.0,Delivered
PO-12263,SKU-023,WH-WEST,SUP-003,2024-06-14,2024-06-19,2024-06-19,500,500,5,5,0,1,16.5,8250.0,Delivered
PO-12264,SKU-023,WH-WEST,SUP-003,2024-07-07,2024-07-12,2024-07-13,500,500,5,6,1,0,16.5,8250.0,Delivered
PO-12265,SKU-023,WH-WEST,SUP-003,2024-08-02,2024-08-07,2024-08-07,400,400,5,5,0,1,16.5,6600.0,Delivered
PO-12266,SKU-023,WH-WEST,SUP-003,2024-08-18,2024-08-23,2024-08-23,300,300,5,5,0,1,16.5,4950.0,Delivered
PO-12267,SKU-023,WH-WEST,SUP-003,2024-09-16,2024-09-21,2024-09-20,600,600,5,4,-1,1,16.5,9900.0,Delivered
PO-12268,SKU-023,WH-WEST,SUP-003,2024-10-08,2024-10-13,2024-10-13,300,300,5,5,0,1,16.5,4950.0,Delivered
PO-12269,SKU-023,WH-WEST,SUP-003,2024-11-03,2024-11-08,2024-11-12,600,600,5,9,4,0,16.5,9900.0,Delivered
PO-12270,SKU-023,WH-WEST,SUP-003,2024-11-27,2024-12-02,2024-12-02,400,400,5,5,0,1,16.5,6600.0,Delivered
PO-12271,SKU-023,WH-WEST,SUP-003,2024-12-17,2024-12-22,2024-12-22,400,400,5,5,0,1,16.5,6600.0,Delivered
PO-12272,SKU-023,WH-WEST,SUP-003,2025-01-10,2025-01-15,2025-01-15,500,500,5,5,0,1,16.5,8250.0,Delivered
PO-12273,SKU-023,WH-WEST,SUP-003,2025-01-30,2025-02-04,2025-02-04,400,400,5,5,0,1,16.5,6600.0,Delivered
PO-12274,SKU-023,WH-WEST,SUP-003,2025-02-22,2025-02-27,2025-02-27,400,400,5,5,0,1,16.5,6600.0,Delivered
PO-12275,SKU-023,WH-WEST,SUP-003,2025-03-22,2025-03-27,2025-03-26,600,600,5,4,-1,1,16.5,9900.0,Delivered
PO-12276,SKU-023,WH-WEST,SUP-003,2025-04-18,2025-04-23,2025-04-23,300,300,5,5,0,1,16.5,4950.0,Delivered
PO-12277,SKU-023,WH-WEST,SUP-003,2025-05-16,2025-05-21,2025-05-21,300,300,5,5,0,1,16.5,4950.0,Delivered
PO-12278,SKU-023,WH-WEST,SUP-003,2025-06-10,2025-06-15,2025-06-15,400,400,5,5,0,1,16.5,6600.0,Delivered
PO-12279,SKU-023,WH-WEST,SUP-003,2025-07-09,2025-07-14,2025-07-13,500,500,5,4,-1,1,16.5,8250.0,Delivered
PO-12280,SKU-023,WH-WEST,SUP-003,2025-07-26,2025-07-31,2025-07-31,400,400,5,5,0,1,16.5,6600.0,Delivered
PO-12281,SKU-023,WH-WEST,SUP-003,2025-08-18,2025-08-23,2025-08-23,200,200,5,5,0,1,16.5,3300.0,Delivered
PO-12282,SKU-023,WH-WEST,SUP-003,2025-09-13,2025-09-18,2025-09-18,300,300,5,5,0,1,16.5,4950.0,Delivered
PO-12283,SKU-023,WH-WEST,SUP-003,2025-10-03,2025-10-08,2025-10-08,300,300,5,5,0,1,16.5,4950.0,Delivered
PO-12284,SKU-023,WH-WEST,SUP-003,2025-10-27,2025-11-01,2025-11-01,500,500,5,5,0,1,16.5,8250.0,Delivered
PO-12285,SKU-023,WH-WEST,SUP-003,2025-11-22,2025-11-27,2025-11-27,300,300,5,5,0,1,16.5,4950.0,Delivered
PO-12286,SKU-024,WH-EAST,SUP-003,2024-01-14,2024-01-19,2024-01-23,320,320,5,9,4,0,21.0,6720.0,Delivered
PO-12287,SKU-024,WH-EAST,SUP-003,2024-02-09,2024-02-14,2024-02-13,160,160,5,4,-1,1,21.0,3360.0,Delivered
PO-12288,SKU-024,WH-EAST,SUP-003,2024-03-02,2024-03-07,2024-03-07,240,240,5,5,0,1,21.0,5040.0,Delivered
PO-12289,SKU-024,WH-EAST,SUP-003,2024-03-21,2024-03-26,2024-03-25,240,240,5,4,-1,1,21.0,5040.0,Delivered
PO-12290,SKU-024,WH-EAST,SUP-003,2024-04-08,2024-04-13,2024-04-13,400,400,5,5,0,1,21.0,8400.0,Delivered
PO-12291,SKU-024,WH-EAST,SUP-003,2024-04-24,2024-04-29,2024-04-29,240,240,5,5,0,1,21.0,5040.0,Delivered
PO-12292,SKU-024,WH-EAST,SUP-003,2024-05-15,2024-05-20,2024-05-20,240,240,5,5,0,1,21.0,5040.0,Delivered
PO-12293,SKU-024,WH-EAST,SUP-003,2024-06-01,2024-06-06,2024-06-06,320,320,5,5,0,1,21.0,6720.0,Delivered
PO-12294,SKU-024,WH-EAST,SUP-003,2024-06-20,2024-06-25,2024-06-25,400,400,5,5,0,1,21.0,8400.0,Delivered
PO-12295,SKU-024,WH-EAST,SUP-003,2024-07-08,2024-07-13,2024-07-13,160,160,5,5,0,1,21.0,3360.0,Delivered
PO-12296,SKU-024,WH-EAST,SUP-003,2024-07-24,2024-07-29,2024-08-02,400,400,5,9,4,0,21.0,8400.0,Delivered
PO-12297,SKU-024,WH-EAST,SUP-003,2024-08-18,2024-08-23,2024-08-23,160,160,5,5,0,1,21.0,3360.0,Delivered
PO-12298,SKU-024,WH-EAST,SUP-003,2024-09-09,2024-09-14,2024-09-14,160,160,5,5,0,1,21.0,3360.0,Delivered
PO-12299,SKU-024,WH-EAST,SUP-003,2024-10-04,2024-10-09,2024-10-09,240,240,5,5,0,1,21.0,5040.0,Delivered
PO-12300,SKU-024,WH-EAST,SUP-003,2024-10-31,2024-11-05,2024-11-05,240,240,5,5,0,1,21.0,5040.0,Delivered
PO-12301,SKU-024,WH-EAST,SUP-003,2024-11-26,2024-12-01,2024-11-29,160,160,5,3,-2,1,21.0,3360.0,Delivered
PO-12302,SKU-024,WH-EAST,SUP-003,2024-12-24,2024-12-29,2024-12-28,160,160,5,4,-1,1,21.0,3360.0,Delivered
PO-12303,SKU-024,WH-EAST,SUP-003,2025-01-17,2025-01-22,2025-01-21,320,320,5,4,-1,1,21.0,6720.0,Delivered
PO-12304,SKU-024,WH-EAST,SUP-003,2025-02-06,2025-02-11,2025-02-17,400,400,5,11,6,0,21.0,8400.0,Delivered
PO-12305,SKU-024,WH-EAST,SUP-003,2025-02-26,2025-03-03,2025-03-03,320,320,5,5,0,1,21.0,6720.0,Delivered
PO-12306,SKU-024,WH-EAST,SUP-003,2025-03-27,2025-04-01,2025-04-01,400,400,5,5,0,1,21.0,8400.0,Delivered
PO-12307,SKU-024,WH-EAST,SUP-003,2025-04-17,2025-04-22,2025-04-22,320,320,5,5,0,1,21.0,6720.0,Delivered
PO-12308,SKU-024,WH-EAST,SUP-003,2025-05-07,2025-05-12,2025-05-11,480,480,5,4,-1,1,21.0,10080.0,Delivered
PO-12309,SKU-024,WH-EAST,SUP-003,2025-06-04,2025-06-09,2025-06-08,320,320,5,4,-1,1,21.0,6720.0,Delivered
PO-12310,SKU-024,WH-EAST,SUP-003,2025-06-25,2025-06-30,2025-06-30,400,400,5,5,0,1,21.0,8400.0,Delivered
PO-12311,SKU-024,WH-EAST,SUP-003,2025-07-15,2025-07-20,2025-07-20,320,320,5,5,0,1,21.0,6720.0,Delivered
PO-12312,SKU-024,WH-EAST,SUP-003,2025-07-30,2025-08-04,2025-08-04,160,160,5,5,0,1,21.0,3360.0,Delivered
PO-12313,SKU-024,WH-EAST,SUP-003,2025-08-21,2025-08-26,2025-08-26,400,400,5,5,0,1,21.0,8400.0,Delivered
PO-12314,SKU-024,WH-EAST,SUP-003,2025-09-13,2025-09-18,2025-09-18,320,320,5,5,0,1,21.0,6720.0,Delivered
PO-12315,SKU-024,WH-EAST,SUP-003,2025-10-08,2025-10-13,2025-10-12,240,240,5,4,-1,1,21.0,5040.0,Delivered
PO-12316,SKU-024,WH-EAST,SUP-003,2025-10-24,2025-10-29,2025-10-29,320,320,5,5,0,1,21.0,6720.0,Delivered
PO-12317,SKU-024,WH-EAST,SUP-003,2025-11-14,2025-11-19,2025-11-19,320,320,5,5,0,1,21.0,6720.0,Delivered
PO-12318,SKU-024,WH-EAST,SUP-003,2025-11-28,2025-12-03,2025-12-03,400,400,5,5,0,1,21.0,8400.0,Delivered
PO-12319,SKU-024,WH-CENTRAL,SUP-003,2024-01-10,2024-01-15,2024-01-14,320,320,5,4,-1,1,21.0,6720.0,Delivered
PO-12320,SKU-024,WH-CENTRAL,SUP-003,2024-02-05,2024-02-10,2024-02-09,240,240,5,4,-1,1,21.0,5040.0,Delivered
PO-12321,SKU-024,WH-CENTRAL,SUP-003,2024-03-03,2024-03-08,2024-03-08,320,320,5,5,0,1,21.0,6720.0,Delivered
PO-12322,SKU-024,WH-CENTRAL,SUP-003,2024-03-28,2024-04-02,2024-04-01,320,320,5,4,-1,1,21.0,6720.0,Delivered
PO-12323,SKU-024,WH-CENTRAL,SUP-003,2024-04-15,2024-04-20,2024-04-20,480,480,5,5,0,1,21.0,10080.0,Delivered
PO-12324,SKU-024,WH-CENTRAL,SUP-003,2024-05-03,2024-05-08,2024-05-08,320,320,5,5,0,1,21.0,6720.0,Delivered
PO-12325,SKU-024,WH-CENTRAL,SUP-003,2024-05-19,2024-05-24,2024-05-23,160,160,5,4,-1,1,21.0,3360.0,Delivered
PO-12326,SKU-024,WH-CENTRAL,SUP-003,2024-06-08,2024-06-13,2024-06-13,400,400,5,5,0,1,21.0,8400.0,Delivered
PO-12327,SKU-024,WH-CENTRAL,SUP-003,2024-07-07,2024-07-12,2024-07-12,480,480,5,5,0,1,21.0,10080.0,Delivered
PO-12328,SKU-024,WH-CENTRAL,SUP-003,2024-07-30,2024-08-04,2024-08-04,160,160,5,5,0,1,21.0,3360.0,Delivered
PO-12329,SKU-024,WH-CENTRAL,SUP-003,2024-08-16,2024-08-21,2024-08-21,320,320,5,5,0,1,21.0,6720.0,Delivered
PO-12330,SKU-024,WH-CENTRAL,SUP-003,2024-08-31,2024-09-05,2024-09-04,240,240,5,4,-1,1,21.0,5040.0,Delivered
PO-12331,SKU-024,WH-CENTRAL,SUP-003,2024-09-24,2024-09-29,2024-09-29,240,240,5,5,0,1,21.0,5040.0,Delivered
PO-12332,SKU-024,WH-CENTRAL,SUP-003,2024-10-20,2024-10-25,2024-10-25,240,240,5,5,0,1,21.0,5040.0,Delivered
PO-12333,SKU-024,WH-CENTRAL,SUP-003,2024-11-13,2024-11-18,2024-11-17,240,240,5,4,-1,1,21.0,5040.0,Delivered
PO-12334,SKU-024,WH-CENTRAL,SUP-003,2024-11-30,2024-12-05,2024-12-05,240,240,5,5,0,1,21.0,5040.0,Delivered
PO-12335,SKU-024,WH-CENTRAL,SUP-003,2024-12-16,2024-12-21,2024-12-21,240,240,5,5,0,1,21.0,5040.0,Delivered
PO-12336,SKU-024,WH-CENTRAL,SUP-003,2025-01-13,2025-01-18,2025-01-18,240,240,5,5,0,1,21.0,5040.0,Delivered
PO-12337,SKU-024,WH-CENTRAL,SUP-003,2025-02-03,2025-02-08,2025-02-08,400,400,5,5,0,1,21.0,8400.0,Delivered
PO-12338,SKU-024,WH-CENTRAL,SUP-003,2025-02-20,2025-02-25,2025-02-24,160,160,5,4,-1,1,21.0,3360.0,Delivered
PO-12339,SKU-024,WH-CENTRAL,SUP-003,2025-03-15,2025-03-20,2025-03-20,480,480,5,5,0,1,21.0,10080.0,Delivered
PO-12340,SKU-024,WH-CENTRAL,SUP-003,2025-04-06,2025-04-11,2025-04-10,320,320,5,4,-1,1,21.0,6720.0,Delivered
PO-12341,SKU-024,WH-CENTRAL,SUP-003,2025-04-28,2025-05-03,2025-05-06,480,480,5,8,3,0,21.0,10080.0,Delivered
PO-12342,SKU-024,WH-CENTRAL,SUP-003,2025-05-13,2025-05-18,2025-05-17,480,480,5,4,-1,1,21.0,10080.0,Delivered
PO-12343,SKU-024,WH-CENTRAL,SUP-003,2025-05-29,2025-06-03,2025-06-03,240,240,5,5,0,1,21.0,5040.0,Delivered
PO-12344,SKU-024,WH-CENTRAL,SUP-003,2025-06-23,2025-06-28,2025-06-27,480,480,5,4,-1,1,21.0,10080.0,Delivered
PO-12345,SKU-024,WH-CENTRAL,SUP-003,2025-07-13,2025-07-18,2025-07-18,400,400,5,5,0,1,21.0,8400.0,Delivered
PO-12346,SKU-024,WH-CENTRAL,SUP-003,2025-08-09,2025-08-14,2025-08-14,320,320,5,5,0,1,21.0,6720.0,Delivered
PO-12347,SKU-024,WH-CENTRAL,SUP-003,2025-09-02,2025-09-07,2025-09-07,160,160,5,5,0,1,21.0,3360.0,Delivered
PO-12348,SKU-024,WH-CENTRAL,SUP-003,2025-09-29,2025-10-04,2025-10-03,160,160,5,4,-1,1,21.0,3360.0,Delivered
PO-12349,SKU-024,WH-CENTRAL,SUP-003,2025-10-13,2025-10-18,2025-10-18,160,160,5,5,0,1,21.0,3360.0,Delivered
PO-12350,SKU-024,WH-CENTRAL,SUP-003,2025-11-02,2025-11-07,2025-11-06,160,160,5,4,-1,1,21.0,3360.0,Delivered
PO-12351,SKU-024,WH-CENTRAL,SUP-003,2025-11-16,2025-11-21,2025-11-21,400,400,5,5,0,1,21.0,8400.0,Delivered
PO-12352,SKU-024,WH-WEST,SUP-003,2024-01-06,2024-01-11,2024-01-11,240,240,5,5,0,1,21.0,5040.0,Delivered
PO-12353,SKU-024,WH-WEST,SUP-003,2024-02-03,2024-02-08,2024-02-07,240,240,5,4,-1,1,21.0,5040.0,Delivered
PO-12354,SKU-024,WH-WEST,SUP-003,2024-02-25,2024-03-01,2024-03-01,240,240,5,5,0,1,21.0,5040.0,Delivered
PO-12355,SKU-024,WH-WEST,SUP-003,2024-03-13,2024-03-18,2024-03-17,400,400,5,4,-1,1,21.0,8400.0,Delivered
PO-12356,SKU-024,WH-WEST,SUP-003,2024-03-31,2024-04-05,2024-04-04,320,320,5,4,-1,1,21.0,6720.0,Delivered
PO-12357,SKU-024,WH-WEST,SUP-003,2024-04-16,2024-04-21,2024-04-21,400,400,5,5,0,1,21.0,8400.0,Delivered
PO-12358,SKU-024,WH-WEST,SUP-003,2024-05-09,2024-05-14,2024-05-14,320,320,5,5,0,1,21.0,6720.0,Delivered
PO-12359,SKU-024,WH-WEST,SUP-003,2024-06-05,2024-06-10,2024-06-09,320,320,5,4,-1,1,21.0,6720.0,Delivered
PO-12360,SKU-024,WH-WEST,SUP-003,2024-06-30,2024-07-05,2024-07-05,480,480,5,5,0,1,21.0,10080.0,Delivered
PO-12361,SKU-024,WH-WEST,SUP-003,2024-07-18,2024-07-23,2024-07-22,400,400,5,4,-1,1,21.0,8400.0,Delivered
PO-12362,SKU-024,WH-WEST,SUP-003,2024-08-13,2024-08-18,2024-08-18,240,240,5,5,0,1,21.0,5040.0,Delivered
PO-12363,SKU-024,WH-WEST,SUP-003,2024-09-06,2024-09-11,2024-09-11,160,160,5,5,0,1,21.0,3360.0,Delivered
PO-12364,SKU-024,WH-WEST,SUP-003,2024-10-03,2024-10-08,2024-10-07,240,240,5,4,-1,1,21.0,5040.0,Delivered
PO-12365,SKU-024,WH-WEST,SUP-003,2024-10-25,2024-10-30,2024-10-30,160,160,5,5,0,1,21.0,3360.0,Delivered
PO-12366,SKU-024,WH-WEST,SUP-003,2024-11-19,2024-11-24,2024-11-23,320,320,5,4,-1,1,21.0,6720.0,Delivered
PO-12367,SKU-024,WH-WEST,SUP-003,2024-12-04,2024-12-09,2024-12-09,480,480,5,5,0,1,21.0,10080.0,Delivered
PO-12368,SKU-024,WH-WEST,SUP-003,2024-12-26,2024-12-31,2024-12-31,240,240,5,5,0,1,21.0,5040.0,Delivered
PO-12369,SKU-024,WH-WEST,SUP-003,2025-01-24,2025-01-29,2025-01-29,240,240,5,5,0,1,21.0,5040.0,Delivered
PO-12370,SKU-024,WH-WEST,SUP-003,2025-02-13,2025-02-18,2025-02-18,160,160,5,5,0,1,21.0,3360.0,Delivered
PO-12371,SKU-024,WH-WEST,SUP-003,2025-03-02,2025-03-07,2025-03-09,480,480,5,7,2,0,21.0,10080.0,Delivered
PO-12372,SKU-024,WH-WEST,SUP-003,2025-03-20,2025-03-25,2025-03-25,320,320,5,5,0,1,21.0,6720.0,Delivered
PO-12373,SKU-024,WH-WEST,SUP-003,2025-04-03,2025-04-08,2025-04-07,320,320,5,4,-1,1,21.0,6720.0,Delivered
PO-12374,SKU-024,WH-WEST,SUP-003,2025-04-19,2025-04-24,2025-04-24,400,400,5,5,0,1,21.0,8400.0,Delivered
PO-12375,SKU-024,WH-WEST,SUP-003,2025-05-06,2025-05-11,2025-05-11,160,160,5,5,0,1,21.0,3360.0,Delivered
PO-12376,SKU-024,WH-WEST,SUP-003,2025-05-31,2025-06-05,2025-06-05,240,240,5,5,0,1,21.0,5040.0,Delivered
PO-12377,SKU-024,WH-WEST,SUP-003,2025-06-27,2025-07-02,2025-07-02,480,480,5,5,0,1,21.0,10080.0,Delivered
PO-12378,SKU-024,WH-WEST,SUP-003,2025-07-22,2025-07-27,2025-07-27,320,320,5,5,0,1,21.0,6720.0,Delivered
PO-12379,SKU-024,WH-WEST,SUP-003,2025-08-10,2025-08-15,2025-08-13,320,320,5,3,-2,1,21.0,6720.0,Delivered
PO-12380,SKU-024,WH-WEST,SUP-003,2025-08-30,2025-09-04,2025-09-04,400,400,5,5,0,1,21.0,8400.0,Delivered
PO-12381,SKU-024,WH-WEST,SUP-003,2025-09-21,2025-09-26,2025-09-26,160,160,5,5,0,1,21.0,3360.0,Delivered
PO-12382,SKU-024,WH-WEST,SUP-003,2025-10-08,2025-10-13,2025-10-12,400,400,5,4,-1,1,21.0,8400.0,Delivered
PO-12383,SKU-024,WH-WEST,SUP-003,2025-10-31,2025-11-05,2025-11-05,400,400,5,5,0,1,21.0,8400.0,Delivered
PO-12384,SKU-024,WH-WEST,SUP-003,2025-11-16,2025-11-21,2025-11-21,400,400,5,5,0,1,21.0,8400.0,Delivered
PO-12385,SKU-024,WH-WEST,SUP-003,2025-12-01,2025-12-06,2025-12-06,160,160,5,5,0,1,21.0,3360.0,Delivered
PO-12386,SKU-025,WH-EAST,SUP-003,2024-01-02,2024-01-07,2024-01-07,900,900,5,5,0,1,9.5,8550.0,Delivered
PO-12387,SKU-025,WH-EAST,SUP-003,2024-01-23,2024-01-28,2024-01-27,450,450,5,4,-1,1,9.5,4275.0,Delivered
PO-12388,SKU-025,WH-EAST,SUP-003,2024-02-13,2024-02-18,2024-02-18,900,900,5,5,0,1,9.5,8550.0,Delivered
PO-12389,SKU-025,WH-EAST,SUP-003,2024-03-09,2024-03-14,2024-03-14,750,750,5,5,0,1,9.5,7125.0,Delivered
PO-12390,SKU-025,WH-EAST,SUP-003,2024-03-31,2024-04-05,2024-04-04,600,600,5,4,-1,1,9.5,5700.0,Delivered
PO-12391,SKU-025,WH-EAST,SUP-003,2024-04-19,2024-04-24,2024-04-30,900,900,5,11,6,0,9.5,8550.0,Delivered
PO-12392,SKU-025,WH-EAST,SUP-003,2024-05-12,2024-05-17,2024-05-17,750,750,5,5,0,1,9.5,7125.0,Delivered
PO-12393,SKU-025,WH-EAST,SUP-003,2024-06-07,2024-06-12,2024-06-12,300,300,5,5,0,1,9.5,2850.0,Delivered
PO-12394,SKU-025,WH-EAST,SUP-003,2024-07-05,2024-07-10,2024-07-09,900,900,5,4,-1,1,9.5,8550.0,Delivered
PO-12395,SKU-025,WH-EAST,SUP-003,2024-07-26,2024-07-31,2024-07-31,300,300,5,5,0,1,9.5,2850.0,Delivered
PO-12396,SKU-025,WH-EAST,SUP-003,2024-08-16,2024-08-21,2024-08-21,900,900,5,5,0,1,9.5,8550.0,Delivered
PO-12397,SKU-025,WH-EAST,SUP-003,2024-09-12,2024-09-17,2024-09-17,600,600,5,5,0,1,9.5,5700.0,Delivered
PO-12398,SKU-025,WH-EAST,SUP-003,2024-10-06,2024-10-11,2024-10-11,900,900,5,5,0,1,9.5,8550.0,Delivered
PO-12399,SKU-025,WH-EAST,SUP-003,2024-10-27,2024-11-01,2024-11-01,600,600,5,5,0,1,9.5,5700.0,Delivered
PO-12400,SKU-025,WH-EAST,SUP-003,2024-11-20,2024-11-25,2024-11-25,750,750,5,5,0,1,9.5,7125.0,Delivered
PO-12401,SKU-025,WH-EAST,SUP-003,2024-12-10,2024-12-15,2024-12-15,300,300,5,5,0,1,9.5,2850.0,Delivered
PO-12402,SKU-025,WH-EAST,SUP-003,2025-01-01,2025-01-06,2025-01-06,300,300,5,5,0,1,9.5,2850.0,Delivered
PO-12403,SKU-025,WH-EAST,SUP-003,2025-01-29,2025-02-03,2025-02-03,450,450,5,5,0,1,9.5,4275.0,Delivered
PO-12404,SKU-025,WH-EAST,SUP-003,2025-02-20,2025-02-25,2025-02-25,900,900,5,5,0,1,9.5,8550.0,Delivered
PO-12405,SKU-025,WH-EAST,SUP-003,2025-03-19,2025-03-24,2025-03-24,750,750,5,5,0,1,9.5,7125.0,Delivered
PO-12406,SKU-025,WH-EAST,SUP-003,2025-04-12,2025-04-17,2025-04-17,300,300,5,5,0,1,9.5,2850.0,Delivered
PO-12407,SKU-025,WH-EAST,SUP-003,2025-04-27,2025-05-02,2025-05-02,450,450,5,5,0,1,9.5,4275.0,Delivered
PO-12408,SKU-025,WH-EAST,SUP-003,2025-05-18,2025-05-23,2025-05-23,750,750,5,5,0,1,9.5,7125.0,Delivered
PO-12409,SKU-025,WH-EAST,SUP-003,2025-06-02,2025-06-07,2025-06-06,750,750,5,4,-1,1,9.5,7125.0,Delivered
PO-12410,SKU-025,WH-EAST,SUP-003,2025-06-25,2025-06-30,2025-06-30,300,300,5,5,0,1,9.5,2850.0,Delivered
PO-12411,SKU-025,WH-EAST,SUP-003,2025-07-23,2025-07-28,2025-07-27,900,900,5,4,-1,1,9.5,8550.0,Delivered
PO-12412,SKU-025,WH-EAST,SUP-003,2025-08-15,2025-08-20,2025-08-20,900,900,5,5,0,1,9.5,8550.0,Delivered
PO-12413,SKU-025,WH-EAST,SUP-003,2025-09-03,2025-09-08,2025-09-08,750,750,5,5,0,1,9.5,7125.0,Delivered
PO-12414,SKU-025,WH-EAST,SUP-003,2025-09-26,2025-10-01,2025-10-01,450,450,5,5,0,1,9.5,4275.0,Delivered
PO-12415,SKU-025,WH-EAST,SUP-003,2025-10-19,2025-10-24,2025-10-24,450,450,5,5,0,1,9.5,4275.0,Delivered
PO-12416,SKU-025,WH-EAST,SUP-003,2025-11-08,2025-11-13,2025-11-13,300,300,5,5,0,1,9.5,2850.0,Delivered
PO-12417,SKU-025,WH-EAST,SUP-003,2025-12-01,2025-12-06,2025-12-05,750,750,5,4,-1,1,9.5,7125.0,Delivered
PO-12418,SKU-025,WH-CENTRAL,SUP-003,2024-01-11,2024-01-16,2024-01-16,450,450,5,5,0,1,9.5,4275.0,Delivered
PO-12419,SKU-025,WH-CENTRAL,SUP-003,2024-01-28,2024-02-02,2024-02-02,600,600,5,5,0,1,9.5,5700.0,Delivered
PO-12420,SKU-025,WH-CENTRAL,SUP-003,2024-02-12,2024-02-17,2024-02-17,900,900,5,5,0,1,9.5,8550.0,Delivered
PO-12421,SKU-025,WH-CENTRAL,SUP-003,2024-03-10,2024-03-15,2024-03-15,600,600,5,5,0,1,9.5,5700.0,Delivered
PO-12422,SKU-025,WH-CENTRAL,SUP-003,2024-03-24,2024-03-29,2024-03-29,450,450,5,5,0,1,9.5,4275.0,Delivered
PO-12423,SKU-025,WH-CENTRAL,SUP-003,2024-04-14,2024-04-19,2024-04-18,600,600,5,4,-1,1,9.5,5700.0,Delivered
PO-12424,SKU-025,WH-CENTRAL,SUP-003,2024-05-08,2024-05-13,2024-05-13,450,450,5,5,0,1,9.5,4275.0,Delivered
PO-12425,SKU-025,WH-CENTRAL,SUP-003,2024-05-27,2024-06-01,2024-06-01,300,300,5,5,0,1,9.5,2850.0,Delivered
PO-12426,SKU-025,WH-CENTRAL,SUP-003,2024-06-17,2024-06-22,2024-06-22,600,600,5,5,0,1,9.5,5700.0,Delivered
PO-12427,SKU-025,WH-CENTRAL,SUP-003,2024-07-07,2024-07-12,2024-07-12,600,600,5,5,0,1,9.5,5700.0,Delivered
PO-12428,SKU-025,WH-CENTRAL,SUP-003,2024-07-30,2024-08-04,2024-08-04,750,750,5,5,0,1,9.5,7125.0,Delivered
PO-12429,SKU-025,WH-CENTRAL,SUP-003,2024-08-20,2024-08-25,2024-08-24,900,900,5,4,-1,1,9.5,8550.0,Delivered
PO-12430,SKU-025,WH-CENTRAL,SUP-003,2024-09-07,2024-09-12,2024-09-12,300,300,5,5,0,1,9.5,2850.0,Delivered
PO-12431,SKU-025,WH-CENTRAL,SUP-003,2024-10-01,2024-10-06,2024-10-06,450,450,5,5,0,1,9.5,4275.0,Delivered
PO-12432,SKU-025,WH-CENTRAL,SUP-003,2024-10-19,2024-10-24,2024-10-23,900,900,5,4,-1,1,9.5,8550.0,Delivered
PO-12433,SKU-025,WH-CENTRAL,SUP-003,2024-11-06,2024-11-11,2024-11-11,750,750,5,5,0,1,9.5,7125.0,Delivered
PO-12434,SKU-025,WH-CENTRAL,SUP-003,2024-11-25,2024-11-30,2024-11-30,900,900,5,5,0,1,9.5,8550.0,Delivered
PO-12435,SKU-025,WH-CENTRAL,SUP-003,2024-12-23,2024-12-28,2024-12-28,450,450,5,5,0,1,9.5,4275.0,Delivered
PO-12436,SKU-025,WH-CENTRAL,SUP-003,2025-01-06,2025-01-11,2025-01-11,900,900,5,5,0,1,9.5,8550.0,Delivered
PO-12437,SKU-025,WH-CENTRAL,SUP-003,2025-01-21,2025-01-26,2025-01-26,750,750,5,5,0,1,9.5,7125.0,Delivered
PO-12438,SKU-025,WH-CENTRAL,SUP-003,2025-02-10,2025-02-15,2025-02-15,750,750,5,5,0,1,9.5,7125.0,Delivered
PO-12439,SKU-025,WH-CENTRAL,SUP-003,2025-03-11,2025-03-16,2025-03-16,750,750,5,5,0,1,9.5,7125.0,Delivered
PO-12440,SKU-025,WH-CENTRAL,SUP-003,2025-04-06,2025-04-11,2025-04-11,900,900,5,5,0,1,9.5,8550.0,Delivered
PO-12441,SKU-025,WH-CENTRAL,SUP-003,2025-04-25,2025-04-30,2025-04-29,450,450,5,4,-1,1,9.5,4275.0,Delivered
PO-12442,SKU-025,WH-CENTRAL,SUP-003,2025-05-18,2025-05-23,2025-05-23,450,450,5,5,0,1,9.5,4275.0,Delivered
PO-12443,SKU-025,WH-CENTRAL,SUP-003,2025-06-14,2025-06-19,2025-06-19,450,450,5,5,0,1,9.5,4275.0,Delivered
PO-12444,SKU-025,WH-CENTRAL,SUP-003,2025-06-28,2025-07-03,2025-07-03,750,750,5,5,0,1,9.5,7125.0,Delivered
PO-12445,SKU-025,WH-CENTRAL,SUP-003,2025-07-21,2025-07-26,2025-07-26,900,900,5,5,0,1,9.5,8550.0,Delivered
PO-12446,SKU-025,WH-CENTRAL,SUP-003,2025-08-17,2025-08-22,2025-08-22,450,450,5,5,0,1,9.5,4275.0,Delivered
PO-12447,SKU-025,WH-CENTRAL,SUP-003,2025-09-05,2025-09-10,2025-09-10,450,450,5,5,0,1,9.5,4275.0,Delivered
PO-12448,SKU-025,WH-CENTRAL,SUP-003,2025-10-04,2025-10-09,2025-10-09,300,300,5,5,0,1,9.5,2850.0,Delivered
PO-12449,SKU-025,WH-CENTRAL,SUP-003,2025-10-30,2025-11-04,2025-11-04,600,600,5,5,0,1,9.5,5700.0,Delivered
PO-12450,SKU-025,WH-CENTRAL,SUP-003,2025-11-26,2025-12-01,2025-12-01,450,450,5,5,0,1,9.5,4275.0,Delivered
PO-12451,SKU-025,WH-WEST,SUP-003,2024-01-13,2024-01-18,2024-01-18,750,750,5,5,0,1,9.5,7125.0,Delivered
PO-12452,SKU-025,WH-WEST,SUP-003,2024-01-31,2024-02-05,2024-02-05,300,300,5,5,0,1,9.5,2850.0,Delivered
PO-12453,SKU-025,WH-WEST,SUP-003,2024-02-24,2024-02-29,2024-02-29,900,900,5,5,0,1,9.5,8550.0,Delivered
PO-12454,SKU-025,WH-WEST,SUP-003,2024-03-20,2024-03-25,2024-03-25,750,750,5,5,0,1,9.5,7125.0,Delivered
PO-12455,SKU-025,WH-WEST,SUP-003,2024-04-06,2024-04-11,2024-04-11,750,750,5,5,0,1,9.5,7125.0,Delivered
PO-12456,SKU-025,WH-WEST,SUP-003,2024-04-23,2024-04-28,2024-04-28,600,600,5,5,0,1,9.5,5700.0,Delivered
PO-12457,SKU-025,WH-WEST,SUP-003,2024-05-14,2024-05-19,2024-05-19,300,300,5,5,0,1,9.5,2850.0,Delivered
PO-12458,SKU-025,WH-WEST,SUP-003,2024-05-31,2024-06-05,2024-06-04,450,450,5,4,-1,1,9.5,4275.0,Delivered
PO-12459,SKU-025,WH-WEST,SUP-003,2024-06-17,2024-06-22,2024-06-22,600,600,5,5,0,1,9.5,5700.0,Delivered
PO-12460,SKU-025,WH-WEST,SUP-003,2024-07-08,2024-07-13,2024-07-13,600,600,5,5,0,1,9.5,5700.0,Delivered
PO-12461,SKU-025,WH-WEST,SUP-003,2024-07-22,2024-07-27,2024-07-26,600,600,5,4,-1,1,9.5,5700.0,Delivered
PO-12462,SKU-025,WH-WEST,SUP-003,2024-08-09,2024-08-14,2024-08-16,900,900,5,7,2,0,9.5,8550.0,Delivered
PO-12463,SKU-025,WH-WEST,SUP-003,2024-08-27,2024-09-01,2024-09-01,600,600,5,5,0,1,9.5,5700.0,Delivered
PO-12464,SKU-025,WH-WEST,SUP-003,2024-09-18,2024-09-23,2024-09-22,300,300,5,4,-1,1,9.5,2850.0,Delivered
PO-12465,SKU-025,WH-WEST,SUP-003,2024-10-08,2024-10-13,2024-10-13,600,600,5,5,0,1,9.5,5700.0,Delivered
PO-12466,SKU-025,WH-WEST,SUP-003,2024-10-31,2024-11-05,2024-11-05,750,750,5,5,0,1,9.5,7125.0,Delivered
PO-12467,SKU-025,WH-WEST,SUP-003,2024-11-24,2024-11-29,2024-11-28,300,300,5,4,-1,1,9.5,2850.0,Delivered
PO-12468,SKU-025,WH-WEST,SUP-003,2024-12-12,2024-12-17,2024-12-17,450,450,5,5,0,1,9.5,4275.0,Delivered
PO-12469,SKU-025,WH-WEST,SUP-003,2025-01-08,2025-01-13,2025-01-13,750,750,5,5,0,1,9.5,7125.0,Delivered
PO-12470,SKU-025,WH-WEST,SUP-003,2025-01-28,2025-02-02,2025-02-01,900,900,5,4,-1,1,9.5,8550.0,Delivered
PO-12471,SKU-025,WH-WEST,SUP-003,2025-02-13,2025-02-18,2025-02-18,600,600,5,5,0,1,9.5,5700.0,Delivered
PO-12472,SKU-025,WH-WEST,SUP-003,2025-03-11,2025-03-16,2025-03-16,900,900,5,5,0,1,9.5,8550.0,Delivered
PO-12473,SKU-025,WH-WEST,SUP-003,2025-04-01,2025-04-06,2025-04-06,900,900,5,5,0,1,9.5,8550.0,Delivered
PO-12474,SKU-025,WH-WEST,SUP-003,2025-04-24,2025-04-29,2025-04-29,600,600,5,5,0,1,9.5,5700.0,Delivered
PO-12475,SKU-025,WH-WEST,SUP-003,2025-05-19,2025-05-24,2025-05-23,300,300,5,4,-1,1,9.5,2850.0,Delivered
PO-12476,SKU-025,WH-WEST,SUP-003,2025-06-04,2025-06-09,2025-06-09,600,600,5,5,0,1,9.5,5700.0,Delivered
PO-12477,SKU-025,WH-WEST,SUP-003,2025-06-24,2025-06-29,2025-06-29,450,450,5,5,0,1,9.5,4275.0,Delivered
PO-12478,SKU-025,WH-WEST,SUP-003,2025-07-23,2025-07-28,2025-07-27,900,900,5,4,-1,1,9.5,8550.0,Delivered
PO-12479,SKU-025,WH-WEST,SUP-003,2025-08-07,2025-08-12,2025-08-11,900,900,5,4,-1,1,9.5,8550.0,Delivered
PO-12480,SKU-025,WH-WEST,SUP-003,2025-09-01,2025-09-06,2025-09-06,450,450,5,5,0,1,9.5,4275.0,Delivered
PO-12481,SKU-025,WH-WEST,SUP-003,2025-09-22,2025-09-27,2025-09-27,300,300,5,5,0,1,9.5,2850.0,Delivered
PO-12482,SKU-025,WH-WEST,SUP-003,2025-10-20,2025-10-25,2025-10-24,900,900,5,4,-1,1,9.5,8550.0,Delivered
PO-12483,SKU-025,WH-WEST,SUP-003,2025-11-03,2025-11-08,2025-11-07,450,450,5,4,-1,1,9.5,4275.0,Delivered
PO-12484,SKU-025,WH-WEST,SUP-003,2025-11-29,2025-12-04,2025-12-03,600,600,5,4,-1,1,9.5,5700.0,Delivered
PO-12485,SKU-026,WH-EAST,SUP-001,2024-01-14,2024-01-21,2024-01-20,160,160,7,6,-1,1,32.0,5120.0,Delivered
PO-12486,SKU-026,WH-EAST,SUP-001,2024-02-05,2024-02-12,2024-02-12,160,160,7,7,0,1,32.0,5120.0,Delivered
PO-12487,SKU-026,WH-EAST,SUP-001,2024-03-05,2024-03-12,2024-03-12,120,120,7,7,0,1,32.0,3840.0,Delivered
PO-12488,SKU-026,WH-EAST,SUP-001,2024-03-27,2024-04-03,2024-04-03,160,160,7,7,0,1,32.0,5120.0,Delivered
PO-12489,SKU-026,WH-EAST,SUP-001,2024-04-24,2024-05-01,2024-04-30,80,80,7,6,-1,1,32.0,2560.0,Delivered
PO-12490,SKU-026,WH-EAST,SUP-001,2024-05-15,2024-05-22,2024-05-22,120,120,7,7,0,1,32.0,3840.0,Delivered
PO-12491,SKU-026,WH-EAST,SUP-001,2024-06-09,2024-06-16,2024-06-14,120,120,7,5,-2,1,32.0,3840.0,Delivered
PO-12492,SKU-026,WH-EAST,SUP-001,2024-07-03,2024-07-10,2024-07-21,160,160,7,18,11,0,32.0,5120.0,Delivered
PO-12493,SKU-026,WH-EAST,SUP-001,2024-07-26,2024-08-02,2024-08-01,120,120,7,6,-1,1,32.0,3840.0,Delivered
PO-12494,SKU-026,WH-EAST,SUP-001,2024-08-23,2024-08-30,2024-08-30,200,200,7,7,0,1,32.0,6400.0,Delivered
PO-12495,SKU-026,WH-EAST,SUP-001,2024-09-06,2024-09-13,2024-09-13,80,80,7,7,0,1,32.0,2560.0,Delivered
PO-12496,SKU-026,WH-EAST,SUP-001,2024-09-29,2024-10-06,2024-10-06,120,120,7,7,0,1,32.0,3840.0,Delivered
PO-12497,SKU-026,WH-EAST,SUP-001,2024-10-15,2024-10-22,2024-10-22,240,240,7,7,0,1,32.0,7680.0,Delivered
PO-12498,SKU-026,WH-EAST,SUP-001,2024-11-02,2024-11-09,2024-11-09,200,200,7,7,0,1,32.0,6400.0,Delivered
PO-12499,SKU-026,WH-EAST,SUP-001,2024-11-30,2024-12-07,2024-12-07,80,80,7,7,0,1,32.0,2560.0,Delivered
PO-12500,SKU-026,WH-EAST,SUP-001,2024-12-24,2024-12-31,2024-12-30,200,200,7,6,-1,1,32.0,6400.0,Delivered
PO-12501,SKU-026,WH-EAST,SUP-001,2025-01-17,2025-01-24,2025-01-22,160,160,7,5,-2,1,32.0,5120.0,Delivered
PO-12502,SKU-026,WH-EAST,SUP-001,2025-02-13,2025-02-20,2025-02-20,160,160,7,7,0,1,32.0,5120.0,Delivered
PO-12503,SKU-026,WH-EAST,SUP-001,2025-03-12,2025-03-19,2025-03-18,80,80,7,6,-1,1,32.0,2560.0,Delivered
PO-12504,SKU-026,WH-EAST,SUP-001,2025-04-03,2025-04-10,2025-04-10,240,240,7,7,0,1,32.0,7680.0,Delivered
PO-12505,SKU-026,WH-EAST,SUP-001,2025-04-25,2025-05-02,2025-05-02,80,80,7,7,0,1,32.0,2560.0,Delivered
PO-12506,SKU-026,WH-EAST,SUP-001,2025-05-19,2025-05-26,2025-05-25,80,80,7,6,-1,1,32.0,2560.0,Delivered
PO-12507,SKU-026,WH-EAST,SUP-001,2025-06-13,2025-06-20,2025-06-20,80,80,7,7,0,1,32.0,2560.0,Delivered
PO-12508,SKU-026,WH-EAST,SUP-001,2025-07-01,2025-07-08,2025-07-08,160,160,7,7,0,1,32.0,5120.0,Delivered
PO-12509,SKU-026,WH-EAST,SUP-001,2025-07-23,2025-07-30,2025-07-30,200,200,7,7,0,1,32.0,6400.0,Delivered
PO-12510,SKU-026,WH-EAST,SUP-001,2025-08-15,2025-08-22,2025-08-22,80,80,7,7,0,1,32.0,2560.0,Delivered
PO-12511,SKU-026,WH-EAST,SUP-001,2025-09-10,2025-09-17,2025-09-17,80,80,7,7,0,1,32.0,2560.0,Delivered
PO-12512,SKU-026,WH-EAST,SUP-001,2025-10-09,2025-10-16,2025-10-19,240,240,7,10,3,0,32.0,7680.0,Delivered
PO-12513,SKU-026,WH-EAST,SUP-001,2025-10-30,2025-11-06,2025-11-06,80,80,7,7,0,1,32.0,2560.0,Delivered
PO-12514,SKU-026,WH-EAST,SUP-001,2025-11-13,2025-11-20,2025-11-19,240,240,7,6,-1,1,32.0,7680.0,Delivered
PO-12515,SKU-026,WH-CENTRAL,SUP-001,2024-01-13,2024-01-20,2024-01-20,200,200,7,7,0,1,32.0,6400.0,Delivered
PO-12516,SKU-026,WH-CENTRAL,SUP-001,2024-02-09,2024-02-16,2024-02-16,120,120,7,7,0,1,32.0,3840.0,Delivered
PO-12517,SKU-026,WH-CENTRAL,SUP-001,2024-03-01,2024-03-08,2024-03-08,200,200,7,7,0,1,32.0,6400.0,Delivered
PO-12518,SKU-026,WH-CENTRAL,SUP-001,2024-03-21,2024-03-28,2024-03-28,200,200,7,7,0,1,32.0,6400.0,Delivered
PO-12519,SKU-026,WH-CENTRAL,SUP-001,2024-04-11,2024-04-18,2024-04-18,80,80,7,7,0,1,32.0,2560.0,Delivered
PO-12520,SKU-026,WH-CENTRAL,SUP-001,2024-04-30,2024-05-07,2024-05-07,120,120,7,7,0,1,32.0,3840.0,Delivered
PO-12521,SKU-026,WH-CENTRAL,SUP-001,2024-05-18,2024-05-25,2024-05-25,160,160,7,7,0,1,32.0,5120.0,Delivered
PO-12522,SKU-026,WH-CENTRAL,SUP-001,2024-06-08,2024-06-15,2024-06-13,240,240,7,5,-2,1,32.0,7680.0,Delivered
PO-12523,SKU-026,WH-CENTRAL,SUP-001,2024-06-28,2024-07-05,2024-07-05,80,80,7,7,0,1,32.0,2560.0,Delivered
PO-12524,SKU-026,WH-CENTRAL,SUP-001,2024-07-14,2024-07-21,2024-07-21,240,240,7,7,0,1,32.0,7680.0,Delivered
PO-12525,SKU-026,WH-CENTRAL,SUP-001,2024-08-01,2024-08-08,2024-08-07,120,120,7,6,-1,1,32.0,3840.0,Delivered
PO-12526,SKU-026,WH-CENTRAL,SUP-001,2024-08-23,2024-08-30,2024-08-30,120,120,7,7,0,1,32.0,3840.0,Delivered
PO-12527,SKU-026,WH-CENTRAL,SUP-001,2024-09-10,2024-09-17,2024-09-17,240,240,7,7,0,1,32.0,7680.0,Delivered
PO-12528,SKU-026,WH-CENTRAL,SUP-001,2024-10-09,2024-10-16,2024-10-16,80,80,7,7,0,1,32.0,2560.0,Delivered
PO-12529,SKU-026,WH-CENTRAL,SUP-001,2024-10-28,2024-11-04,2024-11-04,80,80,7,7,0,1,32.0,2560.0,Delivered
PO-12530,SKU-026,WH-CENTRAL,SUP-001,2024-11-26,2024-12-03,2024-12-03,240,240,7,7,0,1,32.0,7680.0,Delivered
PO-12531,SKU-026,WH-CENTRAL,SUP-001,2024-12-18,2024-12-25,2024-12-25,240,240,7,7,0,1,32.0,7680.0,Delivered
PO-12532,SKU-026,WH-CENTRAL,SUP-001,2025-01-14,2025-01-21,2025-01-20,160,160,7,6,-1,1,32.0,5120.0,Delivered
PO-12533,SKU-026,WH-CENTRAL,SUP-001,2025-02-10,2025-02-17,2025-02-17,120,120,7,7,0,1,32.0,3840.0,Delivered
PO-12534,SKU-026,WH-CENTRAL,SUP-001,2025-03-08,2025-03-15,2025-03-15,200,200,7,7,0,1,32.0,6400.0,Delivered
PO-12535,SKU-026,WH-CENTRAL,SUP-001,2025-04-06,2025-04-13,2025-04-13,160,160,7,7,0,1,32.0,5120.0,Delivered
PO-12536,SKU-026,WH-CENTRAL,SUP-001,2025-05-01,2025-05-08,2025-05-08,160,160,7,7,0,1,32.0,5120.0,Delivered
PO-12537,SKU-026,WH-CENTRAL,SUP-001,2025-05-20,2025-05-27,2025-05-27,80,80,7,7,0,1,32.0,2560.0,Delivered
PO-12538,SKU-026,WH-CENTRAL,SUP-001,2025-06-18,2025-06-25,2025-06-25,80,80,7,7,0,1,32.0,2560.0,Delivered
PO-12539,SKU-026,WH-CENTRAL,SUP-001,2025-07-17,2025-07-24,2025-07-23,120,120,7,6,-1,1,32.0,3840.0,Delivered
PO-12540,SKU-026,WH-CENTRAL,SUP-001,2025-08-05,2025-08-12,2025-08-12,120,120,7,7,0,1,32.0,3840.0,Delivered
PO-12541,SKU-026,WH-CENTRAL,SUP-001,2025-08-28,2025-09-04,2025-09-03,160,160,7,6,-1,1,32.0,5120.0,Delivered
PO-12542,SKU-026,WH-CENTRAL,SUP-001,2025-09-23,2025-09-30,2025-09-30,120,120,7,7,0,1,32.0,3840.0,Delivered
PO-12543,SKU-026,WH-CENTRAL,SUP-001,2025-10-09,2025-10-16,2025-10-16,80,80,7,7,0,1,32.0,2560.0,Delivered
PO-12544,SKU-026,WH-CENTRAL,SUP-001,2025-11-07,2025-11-14,2025-11-14,120,120,7,7,0,1,32.0,3840.0,Delivered
PO-12545,SKU-026,WH-WEST,SUP-001,2024-01-12,2024-01-19,2024-01-19,200,200,7,7,0,1,32.0,6400.0,Delivered
PO-12546,SKU-026,WH-WEST,SUP-001,2024-02-09,2024-02-16,2024-02-16,160,160,7,7,0,1,32.0,5120.0,Delivered
PO-12547,SKU-026,WH-WEST,SUP-001,2024-03-01,2024-03-08,2024-03-08,160,160,7,7,0,1,32.0,5120.0,Delivered
PO-12548,SKU-026,WH-WEST,SUP-001,2024-03-21,2024-03-28,2024-03-28,160,160,7,7,0,1,32.0,5120.0,Delivered
PO-12549,SKU-026,WH-WEST,SUP-001,2024-04-08,2024-04-15,2024-04-14,120,120,7,6,-1,1,32.0,3840.0,Delivered
PO-12550,SKU-026,WH-WEST,SUP-001,2024-05-01,2024-05-08,2024-05-08,120,120,7,7,0,1,32.0,3840.0,Delivered
PO-12551,SKU-026,WH-WEST,SUP-001,2024-05-27,2024-06-03,2024-06-03,80,80,7,7,0,1,32.0,2560.0,Delivered
PO-12552,SKU-026,WH-WEST,SUP-001,2024-06-24,2024-07-01,2024-07-01,160,160,7,7,0,1,32.0,5120.0,Delivered
PO-12553,SKU-026,WH-WEST,SUP-001,2024-07-21,2024-07-28,2024-07-28,200,200,7,7,0,1,32.0,6400.0,Delivered
PO-12554,SKU-026,WH-WEST,SUP-001,2024-08-12,2024-08-19,2024-08-19,200,200,7,7,0,1,32.0,6400.0,Delivered
PO-12555,SKU-026,WH-WEST,SUP-001,2024-09-08,2024-09-15,2024-09-15,200,200,7,7,0,1,32.0,6400.0,Delivered
PO-12556,SKU-026,WH-WEST,SUP-001,2024-09-27,2024-10-04,2024-10-04,240,240,7,7,0,1,32.0,7680.0,Delivered
PO-12557,SKU-026,WH-WEST,SUP-001,2024-10-12,2024-10-19,2024-10-19,160,160,7,7,0,1,32.0,5120.0,Delivered
PO-12558,SKU-026,WH-WEST,SUP-001,2024-11-06,2024-11-13,2024-11-12,200,200,7,6,-1,1,32.0,6400.0,Delivered
PO-12559,SKU-026,WH-WEST,SUP-001,2024-12-01,2024-12-08,2024-12-08,160,160,7,7,0,1,32.0,5120.0,Delivered
PO-12560,SKU-026,WH-WEST,SUP-001,2024-12-27,2025-01-03,2025-01-03,240,240,7,7,0,1,32.0,7680.0,Delivered
PO-12561,SKU-026,WH-WEST,SUP-001,2025-01-19,2025-01-26,2025-01-26,120,120,7,7,0,1,32.0,3840.0,Delivered
PO-12562,SKU-026,WH-WEST,SUP-001,2025-02-08,2025-02-15,2025-02-15,200,200,7,7,0,1,32.0,6400.0,Delivered
PO-12563,SKU-026,WH-WEST,SUP-001,2025-03-09,2025-03-16,2025-03-16,160,160,7,7,0,1,32.0,5120.0,Delivered
PO-12564,SKU-026,WH-WEST,SUP-001,2025-04-02,2025-04-09,2025-04-09,160,160,7,7,0,1,32.0,5120.0,Delivered
PO-12565,SKU-026,WH-WEST,SUP-001,2025-04-18,2025-04-25,2025-04-25,80,80,7,7,0,1,32.0,2560.0,Delivered
PO-12566,SKU-026,WH-WEST,SUP-001,2025-05-17,2025-05-24,2025-05-24,200,200,7,7,0,1,32.0,6400.0,Delivered
PO-12567,SKU-026,WH-WEST,SUP-001,2025-06-07,2025-06-14,2025-06-16,200,200,7,9,2,0,32.0,6400.0,Delivered
PO-12568,SKU-026,WH-WEST,SUP-001,2025-07-02,2025-07-09,2025-07-08,200,200,7,6,-1,1,32.0,6400.0,Delivered
PO-12569,SKU-026,WH-WEST,SUP-001,2025-07-29,2025-08-05,2025-08-03,240,240,7,5,-2,1,32.0,7680.0,Delivered
PO-12570,SKU-026,WH-WEST,SUP-001,2025-08-25,2025-09-01,2025-09-01,160,160,7,7,0,1,32.0,5120.0,Delivered
PO-12571,SKU-026,WH-WEST,SUP-001,2025-09-17,2025-09-24,2025-09-24,80,80,7,7,0,1,32.0,2560.0,Delivered
PO-12572,SKU-026,WH-WEST,SUP-001,2025-10-01,2025-10-08,2025-10-07,200,200,7,6,-1,1,32.0,6400.0,Delivered
PO-12573,SKU-026,WH-WEST,SUP-001,2025-10-23,2025-10-30,2025-10-29,120,120,7,6,-1,1,32.0,3840.0,Delivered
PO-12574,SKU-026,WH-WEST,SUP-001,2025-11-18,2025-11-25,2025-11-25,240,240,7,7,0,1,32.0,7680.0,Delivered
PO-12575,SKU-027,WH-EAST,SUP-007,2024-01-06,2024-01-16,2024-01-16,240,240,10,10,0,1,27.0,6480.0,Delivered
PO-12576,SKU-027,WH-EAST,SUP-007,2024-01-22,2024-02-01,2024-01-31,180,180,10,9,-1,1,27.0,4860.0,Delivered
PO-12577,SKU-027,WH-EAST,SUP-007,2024-02-17,2024-02-27,2024-02-27,120,120,10,10,0,1,27.0,3240.0,Delivered
PO-12578,SKU-027,WH-EAST,SUP-007,2024-03-11,2024-03-21,2024-03-21,120,120,10,10,0,1,27.0,3240.0,Delivered
PO-12579,SKU-027,WH-EAST,SUP-007,2024-03-30,2024-04-09,2024-04-09,240,240,10,10,0,1,27.0,6480.0,Delivered
PO-12580,SKU-027,WH-EAST,SUP-007,2024-04-26,2024-05-06,2024-05-06,180,180,10,10,0,1,27.0,4860.0,Delivered
PO-12581,SKU-027,WH-EAST,SUP-007,2024-05-17,2024-05-27,2024-05-27,180,180,10,10,0,1,27.0,4860.0,Delivered
PO-12582,SKU-027,WH-EAST,SUP-007,2024-06-14,2024-06-24,2024-06-23,180,180,10,9,-1,1,27.0,4860.0,Delivered
PO-12583,SKU-027,WH-EAST,SUP-007,2024-07-07,2024-07-17,2024-07-17,240,240,10,10,0,1,27.0,6480.0,Delivered
PO-12584,SKU-027,WH-EAST,SUP-007,2024-08-02,2024-08-12,2024-08-11,240,240,10,9,-1,1,27.0,6480.0,Delivered
PO-12585,SKU-027,WH-EAST,SUP-007,2024-08-31,2024-09-10,2024-09-11,120,120,10,11,1,0,27.0,3240.0,Delivered
PO-12586,SKU-027,WH-EAST,SUP-007,2024-09-16,2024-09-26,2024-09-24,360,360,10,8,-2,1,27.0,9720.0,Delivered
PO-12587,SKU-027,WH-EAST,SUP-007,2024-10-01,2024-10-11,2024-10-19,120,120,10,18,8,0,27.0,3240.0,Delivered
PO-12588,SKU-027,WH-EAST,SUP-007,2024-10-25,2024-11-04,2024-11-03,240,240,10,9,-1,1,27.0,6480.0,Delivered
PO-12589,SKU-027,WH-EAST,SUP-007,2024-11-17,2024-11-27,2024-11-27,120,120,10,10,0,1,27.0,3240.0,Delivered
PO-12590,SKU-027,WH-EAST,SUP-007,2024-12-04,2024-12-14,2024-12-14,360,360,10,10,0,1,27.0,9720.0,Delivered
PO-12591,SKU-027,WH-EAST,SUP-007,2024-12-30,2025-01-09,2025-01-09,240,240,10,10,0,1,27.0,6480.0,Delivered
PO-12592,SKU-027,WH-EAST,SUP-007,2025-01-23,2025-02-02,2025-02-02,360,360,10,10,0,1,27.0,9720.0,Delivered
PO-12593,SKU-027,WH-EAST,SUP-007,2025-02-08,2025-02-18,2025-02-18,180,180,10,10,0,1,27.0,4860.0,Delivered
PO-12594,SKU-027,WH-EAST,SUP-007,2025-02-26,2025-03-08,2025-03-05,300,300,10,7,-3,1,27.0,8100.0,Delivered
PO-12595,SKU-027,WH-EAST,SUP-007,2025-03-27,2025-04-06,2025-04-06,300,300,10,10,0,1,27.0,8100.0,Delivered
PO-12596,SKU-027,WH-EAST,SUP-007,2025-04-18,2025-04-28,2025-04-29,120,120,10,11,1,0,27.0,3240.0,Delivered
PO-12597,SKU-027,WH-EAST,SUP-007,2025-05-10,2025-05-20,2025-05-20,180,180,10,10,0,1,27.0,4860.0,Delivered
PO-12598,SKU-027,WH-EAST,SUP-007,2025-05-27,2025-06-06,2025-06-06,300,300,10,10,0,1,27.0,8100.0,Delivered
PO-12599,SKU-027,WH-EAST,SUP-007,2025-06-24,2025-07-04,2025-07-08,120,120,10,14,4,0,27.0,3240.0,Delivered
PO-12600,SKU-027,WH-EAST,SUP-007,2025-07-22,2025-08-01,2025-08-03,360,360,10,12,2,0,27.0,9720.0,Delivered
PO-12601,SKU-027,WH-EAST,SUP-007,2025-08-18,2025-08-28,2025-08-28,360,360,10,10,0,1,27.0,9720.0,Delivered
PO-12602,SKU-027,WH-EAST,SUP-007,2025-09-14,2025-09-24,2025-09-23,360,360,10,9,-1,1,27.0,9720.0,Delivered
PO-12603,SKU-027,WH-EAST,SUP-007,2025-10-12,2025-10-22,2025-10-23,300,300,10,11,1,0,27.0,8100.0,Delivered
PO-12604,SKU-027,WH-EAST,SUP-007,2025-11-05,2025-11-15,2025-11-15,180,180,10,10,0,1,27.0,4860.0,Delivered
PO-12605,SKU-027,WH-EAST,SUP-007,2025-11-20,2025-11-30,2025-11-30,300,300,10,10,0,1,27.0,8100.0,Delivered
PO-12606,SKU-027,WH-CENTRAL,SUP-007,2024-01-08,2024-01-18,2024-01-18,180,180,10,10,0,1,27.0,4860.0,Delivered
PO-12607,SKU-027,WH-CENTRAL,SUP-007,2024-01-24,2024-02-03,2024-02-03,180,180,10,10,0,1,27.0,4860.0,Delivered
PO-12608,SKU-027,WH-CENTRAL,SUP-007,2024-02-14,2024-02-24,2024-03-01,240,240,10,16,6,0,27.0,6480.0,Delivered
PO-12609,SKU-027,WH-CENTRAL,SUP-007,2024-03-06,2024-03-16,2024-03-16,300,300,10,10,0,1,27.0,8100.0,Delivered
PO-12610,SKU-027,WH-CENTRAL,SUP-007,2024-03-27,2024-04-06,2024-04-05,300,300,10,9,-1,1,27.0,8100.0,Delivered
PO-12611,SKU-027,WH-CENTRAL,SUP-007,2024-04-25,2024-05-05,2024-05-03,300,300,10,8,-2,1,27.0,8100.0,Delivered
PO-12612,SKU-027,WH-CENTRAL,SUP-007,2024-05-09,2024-05-19,2024-05-19,180,180,10,10,0,1,27.0,4860.0,Delivered
PO-12613,SKU-027,WH-CENTRAL,SUP-007,2024-06-03,2024-06-13,2024-06-12,120,120,10,9,-1,1,27.0,3240.0,Delivered
PO-12614,SKU-027,WH-CENTRAL,SUP-007,2024-06-21,2024-07-01,2024-06-30,180,180,10,9,-1,1,27.0,4860.0,Delivered
PO-12615,SKU-027,WH-CENTRAL,SUP-007,2024-07-18,2024-07-28,2024-07-27,360,360,10,9,-1,1,27.0,9720.0,Delivered
PO-12616,SKU-027,WH-CENTRAL,SUP-007,2024-08-11,2024-08-21,2024-08-21,300,300,10,10,0,1,27.0,8100.0,Delivered
PO-12617,SKU-027,WH-CENTRAL,SUP-007,2024-09-03,2024-09-13,2024-09-13,120,120,10,10,0,1,27.0,3240.0,Delivered
PO-12618,SKU-027,WH-CENTRAL,SUP-007,2024-09-29,2024-10-09,2024-10-10,120,120,10,11,1,0,27.0,3240.0,Delivered
PO-12619,SKU-027,WH-CENTRAL,SUP-007,2024-10-18,2024-10-28,2024-10-28,180,180,10,10,0,1,27.0,4860.0,Delivered
PO-12620,SKU-027,WH-CENTRAL,SUP-007,2024-11-08,2024-11-18,2024-11-16,300,300,10,8,-2,1,27.0,8100.0,Delivered
PO-12621,SKU-027,WH-CENTRAL,SUP-007,2024-11-30,2024-12-10,2024-12-09,120,120,10,9,-1,1,27.0,3240.0,Delivered
PO-12622,SKU-027,WH-CENTRAL,SUP-007,2024-12-20,2024-12-30,2024-12-29,240,240,10,9,-1,1,27.0,6480.0,Delivered
PO-12623,SKU-027,WH-CENTRAL,SUP-007,2025-01-03,2025-01-13,2025-01-13,360,360,10,10,0,1,27.0,9720.0,Delivered
PO-12624,SKU-027,WH-CENTRAL,SUP-007,2025-01-30,2025-02-09,2025-02-09,300,300,10,10,0,1,27.0,8100.0,Delivered
PO-12625,SKU-027,WH-CENTRAL,SUP-007,2025-02-25,2025-03-07,2025-03-07,120,120,10,10,0,1,27.0,3240.0,Delivered
PO-12626,SKU-027,WH-CENTRAL,SUP-007,2025-03-16,2025-03-26,2025-03-27,360,360,10,11,1,0,27.0,9720.0,Delivered
PO-12627,SKU-027,WH-CENTRAL,SUP-007,2025-04-05,2025-04-15,2025-04-13,120,120,10,8,-2,1,27.0,3240.0,Delivered
PO-12628,SKU-027,WH-CENTRAL,SUP-007,2025-04-24,2025-05-04,2025-05-04,300,300,10,10,0,1,27.0,8100.0,Delivered
PO-12629,SKU-027,WH-CENTRAL,SUP-007,2025-05-08,2025-05-18,2025-05-18,300,300,10,10,0,1,27.0,8100.0,Delivered
PO-12630,SKU-027,WH-CENTRAL,SUP-007,2025-06-06,2025-06-16,2025-06-16,360,360,10,10,0,1,27.0,9720.0,Delivered
PO-12631,SKU-027,WH-CENTRAL,SUP-007,2025-07-05,2025-07-15,2025-07-15,180,180,10,10,0,1,27.0,4860.0,Delivered
PO-12632,SKU-027,WH-CENTRAL,SUP-007,2025-07-23,2025-08-02,2025-08-01,180,180,10,9,-1,1,27.0,4860.0,Delivered
PO-12633,SKU-027,WH-CENTRAL,SUP-007,2025-08-09,2025-08-19,2025-08-19,120,120,10,10,0,1,27.0,3240.0,Delivered
PO-12634,SKU-027,WH-CENTRAL,SUP-007,2025-08-25,2025-09-04,2025-09-06,300,300,10,12,2,0,27.0,8100.0,Delivered
PO-12635,SKU-027,WH-CENTRAL,SUP-007,2025-09-17,2025-09-27,2025-09-26,240,240,10,9,-1,1,27.0,6480.0,Delivered
PO-12636,SKU-027,WH-CENTRAL,SUP-007,2025-10-16,2025-10-26,2025-10-26,120,120,10,10,0,1,27.0,3240.0,Delivered
PO-12637,SKU-027,WH-CENTRAL,SUP-007,2025-10-31,2025-11-10,2025-11-10,180,180,10,10,0,1,27.0,4860.0,Delivered
PO-12638,SKU-027,WH-CENTRAL,SUP-007,2025-11-15,2025-11-25,2025-11-25,300,300,10,10,0,1,27.0,8100.0,Delivered
PO-12639,SKU-027,WH-WEST,SUP-007,2024-01-11,2024-01-21,2024-01-20,240,240,10,9,-1,1,27.0,6480.0,Delivered
PO-12640,SKU-027,WH-WEST,SUP-007,2024-01-30,2024-02-09,2024-02-09,360,360,10,10,0,1,27.0,9720.0,Delivered
PO-12641,SKU-027,WH-WEST,SUP-007,2024-02-21,2024-03-02,2024-03-02,360,360,10,10,0,1,27.0,9720.0,Delivered
PO-12642,SKU-027,WH-WEST,SUP-007,2024-03-07,2024-03-17,2024-03-17,240,240,10,10,0,1,27.0,6480.0,Delivered
PO-12643,SKU-027,WH-WEST,SUP-007,2024-03-23,2024-04-02,2024-04-02,240,240,10,10,0,1,27.0,6480.0,Delivered
PO-12644,SKU-027,WH-WEST,SUP-007,2024-04-20,2024-04-30,2024-04-30,360,360,10,10,0,1,27.0,9720.0,Delivered
PO-12645,SKU-027,WH-WEST,SUP-007,2024-05-17,2024-05-27,2024-05-26,120,120,10,9,-1,1,27.0,3240.0,Delivered
PO-12646,SKU-027,WH-WEST,SUP-007,2024-06-14,2024-06-24,2024-06-24,240,240,10,10,0,1,27.0,6480.0,Delivered
PO-12647,SKU-027,WH-WEST,SUP-007,2024-07-07,2024-07-17,2024-07-17,240,240,10,10,0,1,27.0,6480.0,Delivered
PO-12648,SKU-027,WH-WEST,SUP-007,2024-07-27,2024-08-06,2024-08-05,180,180,10,9,-1,1,27.0,4860.0,Delivered
PO-12649,SKU-027,WH-WEST,SUP-007,2024-08-15,2024-08-25,2024-08-25,180,180,10,10,0,1,27.0,4860.0,Delivered
PO-12650,SKU-027,WH-WEST,SUP-007,2024-09-10,2024-09-20,2024-09-20,300,300,10,10,0,1,27.0,8100.0,Delivered
PO-12651,SKU-027,WH-WEST,SUP-007,2024-10-07,2024-10-17,2024-10-17,240,240,10,10,0,1,27.0,6480.0,Delivered
PO-12652,SKU-027,WH-WEST,SUP-007,2024-10-26,2024-11-05,2024-11-05,120,120,10,10,0,1,27.0,3240.0,Delivered
PO-12653,SKU-027,WH-WEST,SUP-007,2024-11-17,2024-11-27,2024-11-27,120,120,10,10,0,1,27.0,3240.0,Delivered
PO-12654,SKU-027,WH-WEST,SUP-007,2024-12-15,2024-12-25,2024-12-23,300,300,10,8,-2,1,27.0,8100.0,Delivered
PO-12655,SKU-027,WH-WEST,SUP-007,2025-01-10,2025-01-20,2025-01-20,180,180,10,10,0,1,27.0,4860.0,Delivered
PO-12656,SKU-027,WH-WEST,SUP-007,2025-02-06,2025-02-16,2025-02-15,300,300,10,9,-1,1,27.0,8100.0,Delivered
PO-12657,SKU-027,WH-WEST,SUP-007,2025-03-04,2025-03-14,2025-03-14,180,180,10,10,0,1,27.0,4860.0,Delivered
PO-12658,SKU-027,WH-WEST,SUP-007,2025-04-02,2025-04-12,2025-04-12,300,300,10,10,0,1,27.0,8100.0,Delivered
PO-12659,SKU-027,WH-WEST,SUP-007,2025-04-20,2025-04-30,2025-04-29,180,180,10,9,-1,1,27.0,4860.0,Delivered
PO-12660,SKU-027,WH-WEST,SUP-007,2025-05-14,2025-05-24,2025-05-24,300,300,10,10,0,1,27.0,8100.0,Delivered
PO-12661,SKU-027,WH-WEST,SUP-007,2025-06-01,2025-06-11,2025-06-10,240,240,10,9,-1,1,27.0,6480.0,Delivered
PO-12662,SKU-027,WH-WEST,SUP-007,2025-06-17,2025-06-27,2025-06-26,180,180,10,9,-1,1,27.0,4860.0,Delivered
PO-12663,SKU-027,WH-WEST,SUP-007,2025-07-16,2025-07-26,2025-07-26,240,240,10,10,0,1,27.0,6480.0,Delivered
PO-12664,SKU-027,WH-WEST,SUP-007,2025-08-10,2025-08-20,2025-08-20,240,240,10,10,0,1,27.0,6480.0,Delivered
PO-12665,SKU-027,WH-WEST,SUP-007,2025-08-30,2025-09-09,2025-09-08,300,300,10,9,-1,1,27.0,8100.0,Delivered
PO-12666,SKU-027,WH-WEST,SUP-007,2025-09-16,2025-09-26,2025-09-26,240,240,10,10,0,1,27.0,6480.0,Delivered
PO-12667,SKU-027,WH-WEST,SUP-007,2025-09-30,2025-10-10,2025-10-09,240,240,10,9,-1,1,27.0,6480.0,Delivered
PO-12668,SKU-027,WH-WEST,SUP-007,2025-10-22,2025-11-01,2025-10-30,120,120,10,8,-2,1,27.0,3240.0,Delivered
PO-12669,SKU-027,WH-WEST,SUP-007,2025-11-05,2025-11-15,2025-11-15,300,300,10,10,0,1,27.0,8100.0,Delivered
PO-12670,SKU-027,WH-WEST,SUP-007,2025-11-28,2025-12-08,2025-12-07,180,180,10,9,-1,1,27.0,4860.0,Delivered
PO-12671,SKU-028,WH-EAST,SUP-007,2024-01-07,2024-01-17,2024-01-17,150,150,10,10,0,1,24.0,3600.0,Delivered
PO-12672,SKU-028,WH-EAST,SUP-007,2024-01-29,2024-02-08,2024-02-08,300,300,10,10,0,1,24.0,7200.0,Delivered
PO-12673,SKU-028,WH-EAST,SUP-007,2024-02-18,2024-02-28,2024-02-28,300,300,10,10,0,1,24.0,7200.0,Delivered
PO-12674,SKU-028,WH-EAST,SUP-007,2024-03-03,2024-03-13,2024-03-13,250,250,10,10,0,1,24.0,6000.0,Delivered
PO-12675,SKU-028,WH-EAST,SUP-007,2024-03-18,2024-03-28,2024-03-28,100,100,10,10,0,1,24.0,2400.0,Delivered
PO-12676,SKU-028,WH-EAST,SUP-007,2024-04-11,2024-04-21,2024-04-21,250,250,10,10,0,1,24.0,6000.0,Delivered
PO-12677,SKU-028,WH-EAST,SUP-007,2024-04-27,2024-05-07,2024-05-07,200,200,10,10,0,1,24.0,4800.0,Delivered
PO-12678,SKU-028,WH-EAST,SUP-007,2024-05-21,2024-05-31,2024-05-31,150,150,10,10,0,1,24.0,3600.0,Delivered
PO-12679,SKU-028,WH-EAST,SUP-007,2024-06-13,2024-06-23,2024-06-23,150,150,10,10,0,1,24.0,3600.0,Delivered
PO-12680,SKU-028,WH-EAST,SUP-007,2024-07-08,2024-07-18,2024-07-16,100,100,10,8,-2,1,24.0,2400.0,Delivered
PO-12681,SKU-028,WH-EAST,SUP-007,2024-08-06,2024-08-16,2024-08-16,150,150,10,10,0,1,24.0,3600.0,Delivered
PO-12682,SKU-028,WH-EAST,SUP-007,2024-08-22,2024-09-01,2024-09-01,250,250,10,10,0,1,24.0,6000.0,Delivered
PO-12683,SKU-028,WH-EAST,SUP-007,2024-09-05,2024-09-15,2024-09-15,200,200,10,10,0,1,24.0,4800.0,Delivered
PO-12684,SKU-028,WH-EAST,SUP-007,2024-09-27,2024-10-07,2024-10-07,300,300,10,10,0,1,24.0,7200.0,Delivered
PO-12685,SKU-028,WH-EAST,SUP-007,2024-10-18,2024-10-28,2024-10-28,250,250,10,10,0,1,24.0,6000.0,Delivered
PO-12686,SKU-028,WH-EAST,SUP-007,2024-11-07,2024-11-17,2024-11-17,300,300,10,10,0,1,24.0,7200.0,Delivered
PO-12687,SKU-028,WH-EAST,SUP-007,2024-12-05,2024-12-15,2024-12-15,250,250,10,10,0,1,24.0,6000.0,Delivered
PO-12688,SKU-028,WH-EAST,SUP-007,2024-12-21,2024-12-31,2024-12-31,100,100,10,10,0,1,24.0,2400.0,Delivered
PO-12689,SKU-028,WH-EAST,SUP-007,2025-01-05,2025-01-15,2025-01-15,300,300,10,10,0,1,24.0,7200.0,Delivered
PO-12690,SKU-028,WH-EAST,SUP-007,2025-01-28,2025-02-07,2025-02-05,100,100,10,8,-2,1,24.0,2400.0,Delivered
PO-12691,SKU-028,WH-EAST,SUP-007,2025-02-12,2025-02-22,2025-02-22,300,300,10,10,0,1,24.0,7200.0,Delivered
PO-12692,SKU-028,WH-EAST,SUP-007,2025-03-01,2025-03-11,2025-03-11,200,200,10,10,0,1,24.0,4800.0,Delivered
PO-12693,SKU-028,WH-EAST,SUP-007,2025-03-27,2025-04-06,2025-04-06,150,150,10,10,0,1,24.0,3600.0,Delivered
PO-12694,SKU-028,WH-EAST,SUP-007,2025-04-23,2025-05-03,2025-05-01,300,300,10,8,-2,1,24.0,7200.0,Delivered
PO-12695,SKU-028,WH-EAST,SUP-007,2025-05-14,2025-05-24,2025-05-24,250,250,10,10,0,1,24.0,6000.0,Delivered
PO-12696,SKU-028,WH-EAST,SUP-007,2025-05-30,2025-06-09,2025-06-09,150,150,10,10,0,1,24.0,3600.0,Delivered
PO-12697,SKU-028,WH-EAST,SUP-007,2025-06-23,2025-07-03,2025-07-03,100,100,10,10,0,1,24.0,2400.0,Delivered
PO-12698,SKU-028,WH-EAST,SUP-007,2025-07-13,2025-07-23,2025-07-22,200,200,10,9,-1,1,24.0,4800.0,Delivered
PO-12699,SKU-028,WH-EAST,SUP-007,2025-08-03,2025-08-13,2025-08-13,150,150,10,10,0,1,24.0,3600.0,Delivered
PO-12700,SKU-028,WH-EAST,SUP-007,2025-08-18,2025-08-28,2025-08-28,150,150,10,10,0,1,24.0,3600.0,Delivered
PO-12701,SKU-028,WH-EAST,SUP-007,2025-09-16,2025-09-26,2025-09-27,200,200,10,11,1,0,24.0,4800.0,Delivered
PO-12702,SKU-028,WH-EAST,SUP-007,2025-10-12,2025-10-22,2025-10-22,250,250,10,10,0,1,24.0,6000.0,Delivered
PO-12703,SKU-028,WH-EAST,SUP-007,2025-11-10,2025-11-20,2025-11-19,250,250,10,9,-1,1,24.0,6000.0,Delivered
PO-12704,SKU-028,WH-CENTRAL,SUP-007,2024-01-08,2024-01-18,2024-01-17,250,250,10,9,-1,1,24.0,6000.0,Delivered
PO-12705,SKU-028,WH-CENTRAL,SUP-007,2024-01-28,2024-02-07,2024-02-07,200,200,10,10,0,1,24.0,4800.0,Delivered
PO-12706,SKU-028,WH-CENTRAL,SUP-007,2024-02-26,2024-03-07,2024-03-07,150,150,10,10,0,1,24.0,3600.0,Delivered
PO-12707,SKU-028,WH-CENTRAL,SUP-007,2024-03-16,2024-03-26,2024-03-26,150,150,10,10,0,1,24.0,3600.0,Delivered
PO-12708,SKU-028,WH-CENTRAL,SUP-007,2024-04-13,2024-04-23,2024-04-23,100,100,10,10,0,1,24.0,2400.0,Delivered
PO-12709,SKU-028,WH-CENTRAL,SUP-007,2024-05-05,2024-05-15,2024-05-14,200,200,10,9,-1,1,24.0,4800.0,Delivered
PO-12710,SKU-028,WH-CENTRAL,SUP-007,2024-05-28,2024-06-07,2024-06-11,100,100,10,14,4,0,24.0,2400.0,Delivered
PO-12711,SKU-028,WH-CENTRAL,SUP-007,2024-06-25,2024-07-05,2024-07-02,100,100,10,7,-3,1,24.0,2400.0,Delivered
PO-12712,SKU-028,WH-CENTRAL,SUP-007,2024-07-23,2024-08-02,2024-08-02,200,200,10,10,0,1,24.0,4800.0,Delivered
PO-12713,SKU-028,WH-CENTRAL,SUP-007,2024-08-21,2024-08-31,2024-08-31,100,100,10,10,0,1,24.0,2400.0,Delivered
PO-12714,SKU-028,WH-CENTRAL,SUP-007,2024-09-06,2024-09-16,2024-09-15,100,100,10,9,-1,1,24.0,2400.0,Delivered
PO-12715,SKU-028,WH-CENTRAL,SUP-007,2024-10-04,2024-10-14,2024-10-12,300,300,10,8,-2,1,24.0,7200.0,Delivered
PO-12716,SKU-028,WH-CENTRAL,SUP-007,2024-11-02,2024-11-12,2024-11-12,300,300,10,10,0,1,24.0,7200.0,Delivered
PO-12717,SKU-028,WH-CENTRAL,SUP-007,2024-11-19,2024-11-29,2024-12-01,300,300,10,12,2,0,24.0,7200.0,Delivered
PO-12718,SKU-028,WH-CENTRAL,SUP-007,2024-12-06,2024-12-16,2024-12-16,300,300,10,10,0,1,24.0,7200.0,Delivered
PO-12719,SKU-028,WH-CENTRAL,SUP-007,2024-12-26,2025-01-05,2025-01-05,300,300,10,10,0,1,24.0,7200.0,Delivered
PO-12720,SKU-028,WH-CENTRAL,SUP-007,2025-01-12,2025-01-22,2025-01-21,100,100,10,9,-1,1,24.0,2400.0,Delivered
PO-12721,SKU-028,WH-CENTRAL,SUP-007,2025-02-05,2025-02-15,2025-02-15,100,100,10,10,0,1,24.0,2400.0,Delivered
PO-12722,SKU-028,WH-CENTRAL,SUP-007,2025-03-05,2025-03-15,2025-03-14,300,300,10,9,-1,1,24.0,7200.0,Delivered
PO-12723,SKU-028,WH-CENTRAL,SUP-007,2025-04-01,2025-04-11,2025-04-09,150,150,10,8,-2,1,24.0,3600.0,Delivered
PO-12724,SKU-028,WH-CENTRAL,SUP-007,2025-04-20,2025-04-30,2025-04-30,150,150,10,10,0,1,24.0,3600.0,Delivered
PO-12725,SKU-028,WH-CENTRAL,SUP-007,2025-05-05,2025-05-15,2025-05-15,100,100,10,10,0,1,24.0,2400.0,Delivered
PO-12726,SKU-028,WH-CENTRAL,SUP-007,2025-05-29,2025-06-08,2025-06-08,100,100,10,10,0,1,24.0,2400.0,Delivered
PO-12727,SKU-028,WH-CENTRAL,SUP-007,2025-06-12,2025-06-22,2025-06-21,300,300,10,9,-1,1,24.0,7200.0,Delivered
PO-12728,SKU-028,WH-CENTRAL,SUP-007,2025-07-01,2025-07-11,2025-07-11,300,300,10,10,0,1,24.0,7200.0,Delivered
PO-12729,SKU-028,WH-CENTRAL,SUP-007,2025-07-24,2025-08-03,2025-08-01,100,100,10,8,-2,1,24.0,2400.0,Delivered
PO-12730,SKU-028,WH-CENTRAL,SUP-007,2025-08-14,2025-08-24,2025-08-24,200,200,10,10,0,1,24.0,4800.0,Delivered
PO-12731,SKU-028,WH-CENTRAL,SUP-007,2025-09-10,2025-09-20,2025-09-20,300,300,10,10,0,1,24.0,7200.0,Delivered
PO-12732,SKU-028,WH-CENTRAL,SUP-007,2025-09-28,2025-10-08,2025-10-08,200,200,10,10,0,1,24.0,4800.0,Delivered
PO-12733,SKU-028,WH-CENTRAL,SUP-007,2025-10-24,2025-11-03,2025-11-03,100,100,10,10,0,1,24.0,2400.0,Delivered
PO-12734,SKU-028,WH-CENTRAL,SUP-007,2025-11-08,2025-11-18,2025-11-17,100,100,10,9,-1,1,24.0,2400.0,Delivered
PO-12735,SKU-028,WH-CENTRAL,SUP-007,2025-11-25,2025-12-05,2025-12-05,100,100,10,10,0,1,24.0,2400.0,Delivered
PO-12736,SKU-028,WH-WEST,SUP-007,2024-01-05,2024-01-15,2024-01-15,200,200,10,10,0,1,24.0,4800.0,Delivered
PO-12737,SKU-028,WH-WEST,SUP-007,2024-01-19,2024-01-29,2024-01-29,150,150,10,10,0,1,24.0,3600.0,Delivered
PO-12738,SKU-028,WH-WEST,SUP-007,2024-02-11,2024-02-21,2024-02-21,200,200,10,10,0,1,24.0,4800.0,Delivered
PO-12739,SKU-028,WH-WEST,SUP-007,2024-02-27,2024-03-08,2024-03-07,250,250,10,9,-1,1,24.0,6000.0,Delivered
PO-12740,SKU-028,WH-WEST,SUP-007,2024-03-25,2024-04-04,2024-04-04,150,150,10,10,0,1,24.0,3600.0,Delivered
PO-12741,SKU-028,WH-WEST,SUP-007,2024-04-11,2024-04-21,2024-04-21,150,150,10,10,0,1,24.0,3600.0,Delivered
PO-12742,SKU-028,WH-WEST,SUP-007,2024-05-04,2024-05-14,2024-05-14,100,100,10,10,0,1,24.0,2400.0,Delivered
PO-12743,SKU-028,WH-WEST,SUP-007,2024-05-21,2024-05-31,2024-05-28,100,100,10,7,-3,1,24.0,2400.0,Delivered
PO-12744,SKU-028,WH-WEST,SUP-007,2024-06-04,2024-06-14,2024-06-13,300,300,10,9,-1,1,24.0,7200.0,Delivered
PO-12745,SKU-028,WH-WEST,SUP-007,2024-06-29,2024-07-09,2024-07-09,300,300,10,10,0,1,24.0,7200.0,Delivered
PO-12746,SKU-028,WH-WEST,SUP-007,2024-07-21,2024-07-31,2024-07-29,100,100,10,8,-2,1,24.0,2400.0,Delivered
PO-12747,SKU-028,WH-WEST,SUP-007,2024-08-12,2024-08-22,2024-08-22,300,300,10,10,0,1,24.0,7200.0,Delivered
PO-12748,SKU-028,WH-WEST,SUP-007,2024-08-29,2024-09-08,2024-09-08,200,200,10,10,0,1,24.0,4800.0,Delivered
PO-12749,SKU-028,WH-WEST,SUP-007,2024-09-19,2024-09-29,2024-09-29,250,250,10,10,0,1,24.0,6000.0,Delivered
PO-12750,SKU-028,WH-WEST,SUP-007,2024-10-04,2024-10-14,2024-10-14,200,200,10,10,0,1,24.0,4800.0,Delivered
PO-12751,SKU-028,WH-WEST,SUP-007,2024-10-29,2024-11-08,2024-11-07,200,200,10,9,-1,1,24.0,4800.0,Delivered
PO-12752,SKU-028,WH-WEST,SUP-007,2024-11-19,2024-11-29,2024-11-29,250,250,10,10,0,1,24.0,6000.0,Delivered
PO-12753,SKU-028,WH-WEST,SUP-007,2024-12-17,2024-12-27,2024-12-26,300,300,10,9,-1,1,24.0,7200.0,Delivered
PO-12754,SKU-028,WH-WEST,SUP-007,2025-01-14,2025-01-24,2025-01-24,200,200,10,10,0,1,24.0,4800.0,Delivered
PO-12755,SKU-028,WH-WEST,SUP-007,2025-01-30,2025-02-09,2025-02-09,250,250,10,10,0,1,24.0,6000.0,Delivered
PO-12756,SKU-028,WH-WEST,SUP-007,2025-02-28,2025-03-10,2025-03-10,300,300,10,10,0,1,24.0,7200.0,Delivered
PO-12757,SKU-028,WH-WEST,SUP-007,2025-03-25,2025-04-04,2025-04-04,100,100,10,10,0,1,24.0,2400.0,Delivered
PO-12758,SKU-028,WH-WEST,SUP-007,2025-04-13,2025-04-23,2025-04-23,250,250,10,10,0,1,24.0,6000.0,Delivered
PO-12759,SKU-028,WH-WEST,SUP-007,2025-05-04,2025-05-14,2025-05-16,300,300,10,12,2,0,24.0,7200.0,Delivered
PO-12760,SKU-028,WH-WEST,SUP-007,2025-05-28,2025-06-07,2025-06-06,200,200,10,9,-1,1,24.0,4800.0,Delivered
PO-12761,SKU-028,WH-WEST,SUP-007,2025-06-15,2025-06-25,2025-06-25,250,250,10,10,0,1,24.0,6000.0,Delivered
PO-12762,SKU-028,WH-WEST,SUP-007,2025-07-07,2025-07-17,2025-07-17,300,300,10,10,0,1,24.0,7200.0,Delivered
PO-12763,SKU-028,WH-WEST,SUP-007,2025-07-31,2025-08-10,2025-08-10,250,250,10,10,0,1,24.0,6000.0,Delivered
PO-12764,SKU-028,WH-WEST,SUP-007,2025-08-28,2025-09-07,2025-09-06,300,300,10,9,-1,1,24.0,7200.0,Delivered
PO-12765,SKU-028,WH-WEST,SUP-007,2025-09-19,2025-09-29,2025-09-29,100,100,10,10,0,1,24.0,2400.0,Delivered
PO-12766,SKU-028,WH-WEST,SUP-007,2025-10-10,2025-10-20,2025-10-20,100,100,10,10,0,1,24.0,2400.0,Delivered
PO-12767,SKU-028,WH-WEST,SUP-007,2025-11-05,2025-11-15,2025-11-15,150,150,10,10,0,1,24.0,3600.0,Delivered
PO-12768,SKU-028,WH-WEST,SUP-007,2025-11-29,2025-12-09,2025-12-09,150,150,10,10,0,1,24.0,3600.0,Delivered
PO-12769,SKU-029,WH-EAST,SUP-003,2024-01-15,2024-01-20,2024-01-20,450,450,5,5,0,1,15.0,6750.0,Delivered
PO-12770,SKU-029,WH-EAST,SUP-003,2024-01-29,2024-02-03,2024-02-03,180,180,5,5,0,1,15.0,2700.0,Delivered
PO-12771,SKU-029,WH-EAST,SUP-003,2024-02-20,2024-02-25,2024-02-24,270,270,5,4,-1,1,15.0,4050.0,Delivered
PO-12772,SKU-029,WH-EAST,SUP-003,2024-03-16,2024-03-21,2024-03-21,360,360,5,5,0,1,15.0,5400.0,Delivered
PO-12773,SKU-029,WH-EAST,SUP-003,2024-04-02,2024-04-07,2024-04-07,180,180,5,5,0,1,15.0,2700.0,Delivered
PO-12774,SKU-029,WH-EAST,SUP-003,2024-04-25,2024-04-30,2024-04-30,180,180,5,5,0,1,15.0,2700.0,Delivered
PO-12775,SKU-029,WH-EAST,SUP-003,2024-05-10,2024-05-15,2024-05-15,450,450,5,5,0,1,15.0,6750.0,Delivered
PO-12776,SKU-029,WH-EAST,SUP-003,2024-06-01,2024-06-06,2024-06-05,540,540,5,4,-1,1,15.0,8100.0,Delivered
PO-12777,SKU-029,WH-EAST,SUP-003,2024-06-16,2024-06-21,2024-06-21,180,180,5,5,0,1,15.0,2700.0,Delivered
PO-12778,SKU-029,WH-EAST,SUP-003,2024-07-09,2024-07-14,2024-07-14,540,540,5,5,0,1,15.0,8100.0,Delivered
PO-12779,SKU-029,WH-EAST,SUP-003,2024-07-30,2024-08-04,2024-08-04,360,360,5,5,0,1,15.0,5400.0,Delivered
PO-12780,SKU-029,WH-EAST,SUP-003,2024-08-28,2024-09-02,2024-09-02,360,360,5,5,0,1,15.0,5400.0,Delivered
PO-12781,SKU-029,WH-EAST,SUP-003,2024-09-24,2024-09-29,2024-09-29,180,180,5,5,0,1,15.0,2700.0,Delivered
PO-12782,SKU-029,WH-EAST,SUP-003,2024-10-21,2024-10-26,2024-10-26,360,360,5,5,0,1,15.0,5400.0,Delivered
PO-12783,SKU-029,WH-EAST,SUP-003,2024-11-05,2024-11-10,2024-11-18,270,270,5,13,8,0,15.0,4050.0,Delivered
PO-12784,SKU-029,WH-EAST,SUP-003,2024-12-04,2024-12-09,2024-12-09,180,180,5,5,0,1,15.0,2700.0,Delivered
PO-12785,SKU-029,WH-EAST,SUP-003,2024-12-18,2024-12-23,2024-12-23,540,540,5,5,0,1,15.0,8100.0,Delivered
PO-12786,SKU-029,WH-EAST,SUP-003,2025-01-12,2025-01-17,2025-01-16,180,180,5,4,-1,1,15.0,2700.0,Delivered
PO-12787,SKU-029,WH-EAST,SUP-003,2025-02-10,2025-02-15,2025-02-15,360,360,5,5,0,1,15.0,5400.0,Delivered
PO-12788,SKU-029,WH-EAST,SUP-003,2025-03-08,2025-03-13,2025-03-13,450,450,5,5,0,1,15.0,6750.0,Delivered
PO-12789,SKU-029,WH-EAST,SUP-003,2025-04-01,2025-04-06,2025-04-06,450,450,5,5,0,1,15.0,6750.0,Delivered
PO-12790,SKU-029,WH-EAST,SUP-003,2025-04-29,2025-05-04,2025-05-04,540,540,5,5,0,1,15.0,8100.0,Delivered
PO-12791,SKU-029,WH-EAST,SUP-003,2025-05-25,2025-05-30,2025-05-30,540,540,5,5,0,1,15.0,8100.0,Delivered
PO-12792,SKU-029,WH-EAST,SUP-003,2025-06-21,2025-06-26,2025-06-26,450,450,5,5,0,1,15.0,6750.0,Delivered
PO-12793,SKU-029,WH-EAST,SUP-003,2025-07-14,2025-07-19,2025-07-19,450,450,5,5,0,1,15.0,6750.0,Delivered
PO-12794,SKU-029,WH-EAST,SUP-003,2025-08-09,2025-08-14,2025-08-14,270,270,5,5,0,1,15.0,4050.0,Delivered
PO-12795,SKU-029,WH-EAST,SUP-003,2025-09-07,2025-09-12,2025-09-12,270,270,5,5,0,1,15.0,4050.0,Delivered
PO-12796,SKU-029,WH-EAST,SUP-003,2025-10-02,2025-10-07,2025-10-07,360,360,5,5,0,1,15.0,5400.0,Delivered
PO-12797,SKU-029,WH-EAST,SUP-003,2025-10-16,2025-10-21,2025-10-20,540,540,5,4,-1,1,15.0,8100.0,Delivered
PO-12798,SKU-029,WH-EAST,SUP-003,2025-11-09,2025-11-14,2025-11-14,450,450,5,5,0,1,15.0,6750.0,Delivered
PO-12799,SKU-029,WH-EAST,SUP-003,2025-11-28,2025-12-03,2025-12-03,360,360,5,5,0,1,15.0,5400.0,Delivered
PO-12800,SKU-029,WH-CENTRAL,SUP-003,2024-01-06,2024-01-11,2024-01-11,180,180,5,5,0,1,15.0,2700.0,Delivered
PO-12801,SKU-029,WH-CENTRAL,SUP-003,2024-01-23,2024-01-28,2024-01-28,360,360,5,5,0,1,15.0,5400.0,Delivered
PO-12802,SKU-029,WH-CENTRAL,SUP-003,2024-02-07,2024-02-12,2024-02-12,180,180,5,5,0,1,15.0,2700.0,Delivered
PO-12803,SKU-029,WH-CENTRAL,SUP-003,2024-03-07,2024-03-12,2024-03-12,180,180,5,5,0,1,15.0,2700.0,Delivered
PO-12804,SKU-029,WH-CENTRAL,SUP-003,2024-04-05,2024-04-10,2024-04-10,450,450,5,5,0,1,15.0,6750.0,Delivered
PO-12805,SKU-029,WH-CENTRAL,SUP-003,2024-04-29,2024-05-04,2024-05-04,180,180,5,5,0,1,15.0,2700.0,Delivered
PO-12806,SKU-029,WH-CENTRAL,SUP-003,2024-05-19,2024-05-24,2024-05-24,360,360,5,5,0,1,15.0,5400.0,Delivered
PO-12807,SKU-029,WH-CENTRAL,SUP-003,2024-06-14,2024-06-19,2024-06-18,540,540,5,4,-1,1,15.0,8100.0,Delivered
PO-12808,SKU-029,WH-CENTRAL,SUP-003,2024-07-06,2024-07-11,2024-07-10,450,450,5,4,-1,1,15.0,6750.0,Delivered
PO-12809,SKU-029,WH-CENTRAL,SUP-003,2024-07-24,2024-07-29,2024-07-28,360,360,5,4,-1,1,15.0,5400.0,Delivered
PO-12810,SKU-029,WH-CENTRAL,SUP-003,2024-08-16,2024-08-21,2024-08-21,450,450,5,5,0,1,15.0,6750.0,Delivered
PO-12811,SKU-029,WH-CENTRAL,SUP-003,2024-09-03,2024-09-08,2024-09-08,450,450,5,5,0,1,15.0,6750.0,Delivered
PO-12812,SKU-029,WH-CENTRAL,SUP-003,2024-09-22,2024-09-27,2024-09-27,180,180,5,5,0,1,15.0,2700.0,Delivered
PO-12813,SKU-029,WH-CENTRAL,SUP-003,2024-10-13,2024-10-18,2024-10-17,270,270,5,4,-1,1,15.0,4050.0,Delivered
PO-12814,SKU-029,WH-CENTRAL,SUP-003,2024-10-27,2024-11-01,2024-11-01,270,270,5,5,0,1,15.0,4050.0,Delivered
PO-12815,SKU-029,WH-CENTRAL,SUP-003,2024-11-18,2024-11-23,2024-11-23,180,180,5,5,0,1,15.0,2700.0,Delivered
PO-12816,SKU-029,WH-CENTRAL,SUP-003,2024-12-14,2024-12-19,2024-12-19,450,450,5,5,0,1,15.0,6750.0,Delivered
PO-12817,SKU-029,WH-CENTRAL,SUP-003,2025-01-05,2025-01-10,2025-01-10,180,180,5,5,0,1,15.0,2700.0,Delivered
PO-12818,SKU-029,WH-CENTRAL,SUP-003,2025-01-25,2025-01-30,2025-01-30,180,180,5,5,0,1,15.0,2700.0,Delivered
PO-12819,SKU-029,WH-CENTRAL,SUP-003,2025-02-09,2025-02-14,2025-02-13,450,450,5,4,-1,1,15.0,6750.0,Delivered
PO-12820,SKU-029,WH-CENTRAL,SUP-003,2025-03-09,2025-03-14,2025-03-14,270,270,5,5,0,1,15.0,4050.0,Delivered
PO-12821,SKU-029,WH-CENTRAL,SUP-003,2025-04-02,2025-04-07,2025-04-07,540,540,5,5,0,1,15.0,8100.0,Delivered
PO-12822,SKU-029,WH-CENTRAL,SUP-003,2025-04-30,2025-05-05,2025-05-04,180,180,5,4,-1,1,15.0,2700.0,Delivered
PO-12823,SKU-029,WH-CENTRAL,SUP-003,2025-05-27,2025-06-01,2025-06-01,270,270,5,5,0,1,15.0,4050.0,Delivered
PO-12824,SKU-029,WH-CENTRAL,SUP-003,2025-06-14,2025-06-19,2025-06-19,540,540,5,5,0,1,15.0,8100.0,Delivered
PO-12825,SKU-029,WH-CENTRAL,SUP-003,2025-07-05,2025-07-10,2025-07-10,270,270,5,5,0,1,15.0,4050.0,Delivered
PO-12826,SKU-029,WH-CENTRAL,SUP-003,2025-07-27,2025-08-01,2025-08-01,270,270,5,5,0,1,15.0,4050.0,Delivered
PO-12827,SKU-029,WH-CENTRAL,SUP-003,2025-08-17,2025-08-22,2025-08-22,540,540,5,5,0,1,15.0,8100.0,Delivered
PO-12828,SKU-029,WH-CENTRAL,SUP-003,2025-09-10,2025-09-15,2025-09-15,180,180,5,5,0,1,15.0,2700.0,Delivered
PO-12829,SKU-029,WH-CENTRAL,SUP-003,2025-10-06,2025-10-11,2025-10-11,360,360,5,5,0,1,15.0,5400.0,Delivered
PO-12830,SKU-029,WH-CENTRAL,SUP-003,2025-10-27,2025-11-01,2025-11-01,180,180,5,5,0,1,15.0,2700.0,Delivered
PO-12831,SKU-029,WH-CENTRAL,SUP-003,2025-11-12,2025-11-17,2025-11-16,540,540,5,4,-1,1,15.0,8100.0,Delivered
PO-12832,SKU-029,WH-WEST,SUP-003,2024-01-04,2024-01-09,2024-01-09,180,180,5,5,0,1,15.0,2700.0,Delivered
PO-12833,SKU-029,WH-WEST,SUP-003,2024-01-24,2024-01-29,2024-01-29,270,270,5,5,0,1,15.0,4050.0,Delivered
PO-12834,SKU-029,WH-WEST,SUP-003,2024-02-12,2024-02-17,2024-02-16,450,450,5,4,-1,1,15.0,6750.0,Delivered
PO-12835,SKU-029,WH-WEST,SUP-003,2024-02-29,2024-03-05,2024-03-05,450,450,5,5,0,1,15.0,6750.0,Delivered
PO-12836,SKU-029,WH-WEST,SUP-003,2024-03-20,2024-03-25,2024-03-25,540,540,5,5,0,1,15.0,8100.0,Delivered
PO-12837,SKU-029,WH-WEST,SUP-003,2024-04-11,2024-04-16,2024-04-16,270,270,5,5,0,1,15.0,4050.0,Delivered
PO-12838,SKU-029,WH-WEST,SUP-003,2024-05-03,2024-05-08,2024-05-08,540,540,5,5,0,1,15.0,8100.0,Delivered
PO-12839,SKU-029,WH-WEST,SUP-003,2024-05-25,2024-05-30,2024-05-29,450,450,5,4,-1,1,15.0,6750.0,Delivered
PO-12840,SKU-029,WH-WEST,SUP-003,2024-06-18,2024-06-23,2024-06-23,270,270,5,5,0,1,15.0,4050.0,Delivered
PO-12841,SKU-029,WH-WEST,SUP-003,2024-07-14,2024-07-19,2024-07-18,360,360,5,4,-1,1,15.0,5400.0,Delivered
PO-12842,SKU-029,WH-WEST,SUP-003,2024-08-11,2024-08-16,2024-08-16,360,360,5,5,0,1,15.0,5400.0,Delivered
PO-12843,SKU-029,WH-WEST,SUP-003,2024-08-30,2024-09-04,2024-09-04,180,180,5,5,0,1,15.0,2700.0,Delivered
PO-12844,SKU-029,WH-WEST,SUP-003,2024-09-16,2024-09-21,2024-09-21,360,360,5,5,0,1,15.0,5400.0,Delivered
PO-12845,SKU-029,WH-WEST,SUP-003,2024-10-06,2024-10-11,2024-10-11,270,270,5,5,0,1,15.0,4050.0,Delivered
PO-12846,SKU-029,WH-WEST,SUP-003,2024-10-23,2024-10-28,2024-10-28,360,360,5,5,0,1,15.0,5400.0,Delivered
PO-12847,SKU-029,WH-WEST,SUP-003,2024-11-15,2024-11-20,2024-11-20,540,540,5,5,0,1,15.0,8100.0,Delivered
PO-12848,SKU-029,WH-WEST,SUP-003,2024-11-30,2024-12-05,2024-12-05,360,360,5,5,0,1,15.0,5400.0,Delivered
PO-12849,SKU-029,WH-WEST,SUP-003,2024-12-25,2024-12-30,2024-12-30,450,450,5,5,0,1,15.0,6750.0,Delivered
PO-12850,SKU-029,WH-WEST,SUP-003,2025-01-10,2025-01-15,2025-01-15,360,360,5,5,0,1,15.0,5400.0,Delivered
PO-12851,SKU-029,WH-WEST,SUP-003,2025-02-07,2025-02-12,2025-02-12,270,270,5,5,0,1,15.0,4050.0,Delivered
PO-12852,SKU-029,WH-WEST,SUP-003,2025-03-08,2025-03-13,2025-03-12,180,180,5,4,-1,1,15.0,2700.0,Delivered
PO-12853,SKU-029,WH-WEST,SUP-003,2025-03-30,2025-04-04,2025-04-04,180,180,5,5,0,1,15.0,2700.0,Delivered
PO-12854,SKU-029,WH-WEST,SUP-003,2025-04-16,2025-04-21,2025-04-21,180,180,5,5,0,1,15.0,2700.0,Delivered
PO-12855,SKU-029,WH-WEST,SUP-003,2025-05-06,2025-05-11,2025-05-10,450,450,5,4,-1,1,15.0,6750.0,Delivered
PO-12856,SKU-029,WH-WEST,SUP-003,2025-05-30,2025-06-04,2025-06-04,450,450,5,5,0,1,15.0,6750.0,Delivered
PO-12857,SKU-029,WH-WEST,SUP-003,2025-06-14,2025-06-19,2025-06-19,180,180,5,5,0,1,15.0,2700.0,Delivered
PO-12858,SKU-029,WH-WEST,SUP-003,2025-06-29,2025-07-04,2025-07-04,450,450,5,5,0,1,15.0,6750.0,Delivered
PO-12859,SKU-029,WH-WEST,SUP-003,2025-07-26,2025-07-31,2025-07-31,360,360,5,5,0,1,15.0,5400.0,Delivered
PO-12860,SKU-029,WH-WEST,SUP-003,2025-08-18,2025-08-23,2025-08-22,180,180,5,4,-1,1,15.0,2700.0,Delivered
PO-12861,SKU-029,WH-WEST,SUP-003,2025-09-07,2025-09-12,2025-09-12,450,450,5,5,0,1,15.0,6750.0,Delivered
PO-12862,SKU-029,WH-WEST,SUP-003,2025-10-01,2025-10-06,2025-10-06,450,450,5,5,0,1,15.0,6750.0,Delivered
PO-12863,SKU-029,WH-WEST,SUP-003,2025-10-16,2025-10-21,2025-10-21,360,360,5,5,0,1,15.0,5400.0,Delivered
PO-12864,SKU-029,WH-WEST,SUP-003,2025-11-10,2025-11-15,2025-11-15,360,360,5,5,0,1,15.0,5400.0,Delivered
PO-12865,SKU-029,WH-WEST,SUP-003,2025-11-25,2025-11-30,2025-11-29,180,180,5,4,-1,1,15.0,2700.0,Delivered
PO-12866,SKU-030,WH-EAST,SUP-003,2024-01-06,2024-01-11,2024-01-11,360,360,5,5,0,1,11.0,3960.0,Delivered
PO-12867,SKU-030,WH-EAST,SUP-003,2024-02-02,2024-02-07,2024-02-07,600,600,5,5,0,1,11.0,6600.0,Delivered
PO-12868,SKU-030,WH-EAST,SUP-003,2024-02-25,2024-03-01,2024-03-01,720,720,5,5,0,1,11.0,7920.0,Delivered
PO-12869,SKU-030,WH-EAST,SUP-003,2024-03-16,2024-03-21,2024-03-21,360,360,5,5,0,1,11.0,3960.0,Delivered
PO-12870,SKU-030,WH-EAST,SUP-003,2024-03-30,2024-04-04,2024-04-04,360,360,5,5,0,1,11.0,3960.0,Delivered
PO-12871,SKU-030,WH-EAST,SUP-003,2024-04-22,2024-04-27,2024-04-27,360,360,5,5,0,1,11.0,3960.0,Delivered
PO-12872,SKU-030,WH-EAST,SUP-003,2024-05-15,2024-05-20,2024-05-20,240,240,5,5,0,1,11.0,2640.0,Delivered
PO-12873,SKU-030,WH-EAST,SUP-003,2024-06-04,2024-06-09,2024-06-09,360,360,5,5,0,1,11.0,3960.0,Delivered
PO-12874,SKU-030,WH-EAST,SUP-003,2024-06-20,2024-06-25,2024-06-24,600,600,5,4,-1,1,11.0,6600.0,Delivered
PO-12875,SKU-030,WH-EAST,SUP-003,2024-07-12,2024-07-17,2024-07-17,600,600,5,5,0,1,11.0,6600.0,Delivered
PO-12876,SKU-030,WH-EAST,SUP-003,2024-07-28,2024-08-02,2024-08-02,240,240,5,5,0,1,11.0,2640.0,Delivered
PO-12877,SKU-030,WH-EAST,SUP-003,2024-08-12,2024-08-17,2024-08-17,360,360,5,5,0,1,11.0,3960.0,Delivered
PO-12878,SKU-030,WH-EAST,SUP-003,2024-09-10,2024-09-15,2024-09-15,360,360,5,5,0,1,11.0,3960.0,Delivered
PO-12879,SKU-030,WH-EAST,SUP-003,2024-10-09,2024-10-14,2024-10-14,360,360,5,5,0,1,11.0,3960.0,Delivered
PO-12880,SKU-030,WH-EAST,SUP-003,2024-11-05,2024-11-10,2024-11-10,600,600,5,5,0,1,11.0,6600.0,Delivered
PO-12881,SKU-030,WH-EAST,SUP-003,2024-12-01,2024-12-06,2024-12-06,240,240,5,5,0,1,11.0,2640.0,Delivered
PO-12882,SKU-030,WH-EAST,SUP-003,2024-12-26,2024-12-31,2024-12-31,480,480,5,5,0,1,11.0,5280.0,Delivered
PO-12883,SKU-030,WH-EAST,SUP-003,2025-01-24,2025-01-29,2025-01-29,720,720,5,5,0,1,11.0,7920.0,Delivered
PO-12884,SKU-030,WH-EAST,SUP-003,2025-02-11,2025-02-16,2025-02-16,720,720,5,5,0,1,11.0,7920.0,Delivered
PO-12885,SKU-030,WH-EAST,SUP-003,2025-03-09,2025-03-14,2025-03-14,600,600,5,5,0,1,11.0,6600.0,Delivered
PO-12886,SKU-030,WH-EAST,SUP-003,2025-04-01,2025-04-06,2025-04-06,360,360,5,5,0,1,11.0,3960.0,Delivered
PO-12887,SKU-030,WH-EAST,SUP-003,2025-04-28,2025-05-03,2025-05-03,360,360,5,5,0,1,11.0,3960.0,Delivered
PO-12888,SKU-030,WH-EAST,SUP-003,2025-05-19,2025-05-24,2025-05-24,360,360,5,5,0,1,11.0,3960.0,Delivered
PO-12889,SKU-030,WH-EAST,SUP-003,2025-06-02,2025-06-07,2025-06-11,240,240,5,9,4,0,11.0,2640.0,Delivered
PO-12890,SKU-030,WH-EAST,SUP-003,2025-06-22,2025-06-27,2025-06-27,600,600,5,5,0,1,11.0,6600.0,Delivered
PO-12891,SKU-030,WH-EAST,SUP-003,2025-07-07,2025-07-12,2025-07-12,240,240,5,5,0,1,11.0,2640.0,Delivered
PO-12892,SKU-030,WH-EAST,SUP-003,2025-08-03,2025-08-08,2025-08-08,240,240,5,5,0,1,11.0,2640.0,Delivered
PO-12893,SKU-030,WH-EAST,SUP-003,2025-08-18,2025-08-23,2025-08-23,480,480,5,5,0,1,11.0,5280.0,Delivered
PO-12894,SKU-030,WH-EAST,SUP-003,2025-09-15,2025-09-20,2025-09-20,600,600,5,5,0,1,11.0,6600.0,Delivered
PO-12895,SKU-030,WH-EAST,SUP-003,2025-10-06,2025-10-11,2025-10-11,600,600,5,5,0,1,11.0,6600.0,Delivered
PO-12896,SKU-030,WH-EAST,SUP-003,2025-10-25,2025-10-30,2025-10-30,480,480,5,5,0,1,11.0,5280.0,Delivered
PO-12897,SKU-030,WH-EAST,SUP-003,2025-11-17,2025-11-22,2025-11-22,360,360,5,5,0,1,11.0,3960.0,Delivered
PO-12898,SKU-030,WH-CENTRAL,SUP-003,2024-01-02,2024-01-07,2024-01-07,360,360,5,5,0,1,11.0,3960.0,Delivered
PO-12899,SKU-030,WH-CENTRAL,SUP-003,2024-01-21,2024-01-26,2024-01-26,360,360,5,5,0,1,11.0,3960.0,Delivered
PO-12900,SKU-030,WH-CENTRAL,SUP-003,2024-02-19,2024-02-24,2024-02-24,720,720,5,5,0,1,11.0,7920.0,Delivered
PO-12901,SKU-030,WH-CENTRAL,SUP-003,2024-03-11,2024-03-16,2024-03-16,240,240,5,5,0,1,11.0,2640.0,Delivered
PO-12902,SKU-030,WH-CENTRAL,SUP-003,2024-03-29,2024-04-03,2024-04-03,360,360,5,5,0,1,11.0,3960.0,Delivered
PO-12903,SKU-030,WH-CENTRAL,SUP-003,2024-04-18,2024-04-23,2024-04-23,240,240,5,5,0,1,11.0,2640.0,Delivered
PO-12904,SKU-030,WH-CENTRAL,SUP-003,2024-05-15,2024-05-20,2024-05-20,240,240,5,5,0,1,11.0,2640.0,Delivered
PO-12905,SKU-030,WH-CENTRAL,SUP-003,2024-06-11,2024-06-16,2024-06-16,240,240,5,5,0,1,11.0,2640.0,Delivered
PO-12906,SKU-030,WH-CENTRAL,SUP-003,2024-07-02,2024-07-07,2024-07-07,720,720,5,5,0,1,11.0,7920.0,Delivered
PO-12907,SKU-030,WH-CENTRAL,SUP-003,2024-07-25,2024-07-30,2024-07-30,600,600,5,5,0,1,11.0,6600.0,Delivered
PO-12908,SKU-030,WH-CENTRAL,SUP-003,2024-08-17,2024-08-22,2024-08-22,720,720,5,5,0,1,11.0,7920.0,Delivered
PO-12909,SKU-030,WH-CENTRAL,SUP-003,2024-09-15,2024-09-20,2024-09-20,480,480,5,5,0,1,11.0,5280.0,Delivered
PO-12910,SKU-030,WH-CENTRAL,SUP-003,2024-10-04,2024-10-09,2024-10-08,360,360,5,4,-1,1,11.0,3960.0,Delivered
PO-12911,SKU-030,WH-CENTRAL,SUP-003,2024-10-24,2024-10-29,2024-10-29,600,600,5,5,0,1,11.0,6600.0,Delivered
PO-12912,SKU-030,WH-CENTRAL,SUP-003,2024-11-07,2024-11-12,2024-11-12,720,720,5,5,0,1,11.0,7920.0,Delivered
PO-12913,SKU-030,WH-CENTRAL,SUP-003,2024-12-05,2024-12-10,2024-12-10,360,360,5,5,0,1,11.0,3960.0,Delivered
PO-12914,SKU-030,WH-CENTRAL,SUP-003,2024-12-20,2024-12-25,2024-12-25,360,360,5,5,0,1,11.0,3960.0,Delivered
PO-12915,SKU-030,WH-CENTRAL,SUP-003,2025-01-04,2025-01-09,2025-01-09,600,600,5,5,0,1,11.0,6600.0,Delivered
PO-12916,SKU-030,WH-CENTRAL,SUP-003,2025-01-30,2025-02-04,2025-02-04,720,720,5,5,0,1,11.0,7920.0,Delivered
PO-12917,SKU-030,WH-CENTRAL,SUP-003,2025-02-19,2025-02-24,2025-02-24,720,720,5,5,0,1,11.0,7920.0,Delivered
PO-12918,SKU-030,WH-CENTRAL,SUP-003,2025-03-13,2025-03-18,2025-03-18,240,240,5,5,0,1,11.0,2640.0,Delivered
PO-12919,SKU-030,WH-CENTRAL,SUP-003,2025-04-08,2025-04-13,2025-04-12,720,720,5,4,-1,1,11.0,7920.0,Delivered
PO-12920,SKU-030,WH-CENTRAL,SUP-003,2025-04-22,2025-04-27,2025-04-27,600,600,5,5,0,1,11.0,6600.0,Delivered
PO-12921,SKU-030,WH-CENTRAL,SUP-003,2025-05-19,2025-05-24,2025-05-23,240,240,5,4,-1,1,11.0,2640.0,Delivered
PO-12922,SKU-030,WH-CENTRAL,SUP-003,2025-06-08,2025-06-13,2025-06-13,720,720,5,5,0,1,11.0,7920.0,Delivered
PO-12923,SKU-030,WH-CENTRAL,SUP-003,2025-07-06,2025-07-11,2025-07-11,360,360,5,5,0,1,11.0,3960.0,Delivered
PO-12924,SKU-030,WH-CENTRAL,SUP-003,2025-07-30,2025-08-04,2025-08-03,360,360,5,4,-1,1,11.0,3960.0,Delivered
PO-12925,SKU-030,WH-CENTRAL,SUP-003,2025-08-20,2025-08-25,2025-08-25,720,720,5,5,0,1,11.0,7920.0,Delivered
PO-12926,SKU-030,WH-CENTRAL,SUP-003,2025-09-18,2025-09-23,2025-09-23,720,720,5,5,0,1,11.0,7920.0,Delivered
PO-12927,SKU-030,WH-CENTRAL,SUP-003,2025-10-05,2025-10-10,2025-10-09,600,600,5,4,-1,1,11.0,6600.0,Delivered
PO-12928,SKU-030,WH-CENTRAL,SUP-003,2025-10-30,2025-11-04,2025-11-04,720,720,5,5,0,1,11.0,7920.0,Delivered
PO-12929,SKU-030,WH-CENTRAL,SUP-003,2025-11-16,2025-11-21,2025-11-21,240,240,5,5,0,1,11.0,2640.0,Delivered
PO-12930,SKU-030,WH-WEST,SUP-003,2024-01-03,2024-01-08,2024-01-08,240,240,5,5,0,1,11.0,2640.0,Delivered
PO-12931,SKU-030,WH-WEST,SUP-003,2024-01-26,2024-01-31,2024-01-30,480,480,5,4,-1,1,11.0,5280.0,Delivered
PO-12932,SKU-030,WH-WEST,SUP-003,2024-02-18,2024-02-23,2024-02-23,720,720,5,5,0,1,11.0,7920.0,Delivered
PO-12933,SKU-030,WH-WEST,SUP-003,2024-03-09,2024-03-14,2024-03-14,240,240,5,5,0,1,11.0,2640.0,Delivered
PO-12934,SKU-030,WH-WEST,SUP-003,2024-04-03,2024-04-08,2024-04-08,720,720,5,5,0,1,11.0,7920.0,Delivered
PO-12935,SKU-030,WH-WEST,SUP-003,2024-05-02,2024-05-07,2024-05-07,600,600,5,5,0,1,11.0,6600.0,Delivered
PO-12936,SKU-030,WH-WEST,SUP-003,2024-05-16,2024-05-21,2024-05-21,240,240,5,5,0,1,11.0,2640.0,Delivered
PO-12937,SKU-030,WH-WEST,SUP-003,2024-06-03,2024-06-08,2024-06-07,600,600,5,4,-1,1,11.0,6600.0,Delivered
PO-12938,SKU-030,WH-WEST,SUP-003,2024-07-02,2024-07-07,2024-07-06,600,600,5,4,-1,1,11.0,6600.0,Delivered
PO-12939,SKU-030,WH-WEST,SUP-003,2024-07-25,2024-07-30,2024-07-30,480,480,5,5,0,1,11.0,5280.0,Delivered
PO-12940,SKU-030,WH-WEST,SUP-003,2024-08-18,2024-08-23,2024-08-22,360,360,5,4,-1,1,11.0,3960.0,Delivered
PO-12941,SKU-030,WH-WEST,SUP-003,2024-09-15,2024-09-20,2024-09-23,720,720,5,8,3,0,11.0,7920.0,Delivered
PO-12942,SKU-030,WH-WEST,SUP-003,2024-10-12,2024-10-17,2024-10-17,240,240,5,5,0,1,11.0,2640.0,Delivered
PO-12943,SKU-030,WH-WEST,SUP-003,2024-11-07,2024-11-12,2024-11-11,480,480,5,4,-1,1,11.0,5280.0,Delivered
PO-12944,SKU-030,WH-WEST,SUP-003,2024-12-02,2024-12-07,2024-12-07,360,360,5,5,0,1,11.0,3960.0,Delivered
PO-12945,SKU-030,WH-WEST,SUP-003,2024-12-25,2024-12-30,2024-12-30,720,720,5,5,0,1,11.0,7920.0,Delivered
PO-12946,SKU-030,WH-WEST,SUP-003,2025-01-14,2025-01-19,2025-01-19,600,600,5,5,0,1,11.0,6600.0,Delivered
PO-12947,SKU-030,WH-WEST,SUP-003,2025-02-05,2025-02-10,2025-02-10,480,480,5,5,0,1,11.0,5280.0,Delivered
PO-12948,SKU-030,WH-WEST,SUP-003,2025-02-23,2025-02-28,2025-02-28,600,600,5,5,0,1,11.0,6600.0,Delivered
PO-12949,SKU-030,WH-WEST,SUP-003,2025-03-13,2025-03-18,2025-03-18,600,600,5,5,0,1,11.0,6600.0,Delivered
PO-12950,SKU-030,WH-WEST,SUP-003,2025-03-29,2025-04-03,2025-04-03,240,240,5,5,0,1,11.0,2640.0,Delivered
PO-12951,SKU-030,WH-WEST,SUP-003,2025-04-13,2025-04-18,2025-04-18,360,360,5,5,0,1,11.0,3960.0,Delivered
PO-12952,SKU-030,WH-WEST,SUP-003,2025-04-28,2025-05-03,2025-05-02,720,720,5,4,-1,1,11.0,7920.0,Delivered
PO-12953,SKU-030,WH-WEST,SUP-003,2025-05-23,2025-05-28,2025-05-28,480,480,5,5,0,1,11.0,5280.0,Delivered
PO-12954,SKU-030,WH-WEST,SUP-003,2025-06-08,2025-06-13,2025-06-13,240,240,5,5,0,1,11.0,2640.0,Delivered
PO-12955,SKU-030,WH-WEST,SUP-003,2025-06-23,2025-06-28,2025-06-28,720,720,5,5,0,1,11.0,7920.0,Delivered
PO-12956,SKU-030,WH-WEST,SUP-003,2025-07-20,2025-07-25,2025-07-25,720,720,5,5,0,1,11.0,7920.0,Delivered
PO-12957,SKU-030,WH-WEST,SUP-003,2025-08-03,2025-08-08,2025-08-07,360,360,5,4,-1,1,11.0,3960.0,Delivered
PO-12958,SKU-030,WH-WEST,SUP-003,2025-08-21,2025-08-26,2025-08-26,720,720,5,5,0,1,11.0,7920.0,Delivered
PO-12959,SKU-030,WH-WEST,SUP-003,2025-09-05,2025-09-10,2025-09-10,480,480,5,5,0,1,11.0,5280.0,Delivered
PO-12960,SKU-030,WH-WEST,SUP-003,2025-09-23,2025-09-28,2025-09-28,240,240,5,5,0,1,11.0,2640.0,Delivered
PO-12961,SKU-030,WH-WEST,SUP-003,2025-10-07,2025-10-12,2025-10-12,360,360,5,5,0,1,11.0,3960.0,Delivered
PO-12962,SKU-030,WH-WEST,SUP-003,2025-11-02,2025-11-07,2025-11-07,480,480,5,5,0,1,11.0,5280.0,Delivered
PO-12963,SKU-030,WH-WEST,SUP-003,2025-11-17,2025-11-22,2025-11-22,720,720,5,5,0,1,11.0,7920.0,Delivered
PO-12964,SKU-031,WH-EAST,SUP-006,2024-01-09,2024-01-27,2024-01-25,150,150,18,16,-2,1,34.0,5100.0,Delivered
PO-12965,SKU-031,WH-EAST,SUP-006,2024-01-23,2024-02-10,2024-02-10,120,120,18,18,0,1,34.0,4080.0,Delivered
PO-12966,SKU-031,WH-EAST,SUP-006,2024-02-19,2024-03-08,2024-03-07,180,180,18,17,-1,1,34.0,6120.0,Delivered
PO-12967,SKU-031,WH-EAST,SUP-006,2024-03-08,2024-03-26,2024-03-26,60,60,18,18,0,1,34.0,2040.0,Delivered
PO-12968,SKU-031,WH-EAST,SUP-006,2024-03-27,2024-04-14,2024-04-13,120,120,18,17,-1,1,34.0,4080.0,Delivered
PO-12969,SKU-031,WH-EAST,SUP-006,2024-04-13,2024-05-01,2024-05-01,90,90,18,18,0,1,34.0,3060.0,Delivered
PO-12970,SKU-031,WH-EAST,SUP-006,2024-05-09,2024-05-27,2024-05-26,60,60,18,17,-1,1,34.0,2040.0,Delivered
PO-12971,SKU-031,WH-EAST,SUP-006,2024-05-26,2024-06-13,2024-06-13,120,120,18,18,0,1,34.0,4080.0,Delivered
PO-12972,SKU-031,WH-EAST,SUP-006,2024-06-24,2024-07-12,2024-07-11,120,120,18,17,-1,1,34.0,4080.0,Delivered
PO-12973,SKU-031,WH-EAST,SUP-006,2024-07-23,2024-08-10,2024-08-07,120,120,18,15,-3,1,34.0,4080.0,Delivered
PO-12974,SKU-031,WH-EAST,SUP-006,2024-08-21,2024-09-08,2024-09-08,150,150,18,18,0,1,34.0,5100.0,Delivered
PO-12975,SKU-031,WH-EAST,SUP-006,2024-09-13,2024-10-01,2024-10-01,150,150,18,18,0,1,34.0,5100.0,Delivered
PO-12976,SKU-031,WH-EAST,SUP-006,2024-10-08,2024-10-26,2024-10-23,150,150,18,15,-3,1,34.0,5100.0,Delivered
PO-12977,SKU-031,WH-EAST,SUP-006,2024-10-25,2024-11-12,2024-11-12,120,120,18,18,0,1,34.0,4080.0,Delivered
PO-12978,SKU-031,WH-EAST,SUP-006,2024-11-10,2024-11-28,2024-11-28,120,120,18,18,0,1,34.0,4080.0,Delivered
PO-12979,SKU-031,WH-EAST,SUP-006,2024-12-09,2024-12-27,2024-12-27,120,120,18,18,0,1,34.0,4080.0,Delivered
PO-12980,SKU-031,WH-EAST,SUP-006,2025-01-01,2025-01-19,2025-01-22,60,60,18,21,3,0,34.0,2040.0,Delivered
PO-12981,SKU-031,WH-EAST,SUP-006,2025-01-20,2025-02-07,2025-02-07,120,120,18,18,0,1,34.0,4080.0,Delivered
PO-12982,SKU-031,WH-EAST,SUP-006,2025-02-06,2025-02-24,2025-02-23,60,60,18,17,-1,1,34.0,2040.0,Delivered
PO-12983,SKU-031,WH-EAST,SUP-006,2025-03-01,2025-03-19,2025-03-18,90,90,18,17,-1,1,34.0,3060.0,Delivered
PO-12984,SKU-031,WH-EAST,SUP-006,2025-03-18,2025-04-05,2025-04-03,90,90,18,16,-2,1,34.0,3060.0,Delivered
PO-12985,SKU-031,WH-EAST,SUP-006,2025-04-03,2025-04-21,2025-04-21,180,180,18,18,0,1,34.0,6120.0,Delivered
PO-12986,SKU-031,WH-EAST,SUP-006,2025-04-20,2025-05-08,2025-05-08,120,120,18,18,0,1,34.0,4080.0,Delivered
PO-12987,SKU-031,WH-EAST,SUP-006,2025-05-11,2025-05-29,2025-05-28,180,180,18,17,-1,1,34.0,6120.0,Delivered
PO-12988,SKU-031,WH-EAST,SUP-006,2025-05-27,2025-06-14,2025-06-14,90,90,18,18,0,1,34.0,3060.0,Delivered
PO-12989,SKU-031,WH-EAST,SUP-006,2025-06-23,2025-07-11,2025-07-09,60,60,18,16,-2,1,34.0,2040.0,Delivered
PO-12990,SKU-031,WH-EAST,SUP-006,2025-07-11,2025-07-29,2025-07-28,180,180,18,17,-1,1,34.0,6120.0,Delivered
PO-12991,SKU-031,WH-EAST,SUP-006,2025-08-03,2025-08-21,2025-08-21,120,120,18,18,0,1,34.0,4080.0,Delivered
PO-12992,SKU-031,WH-EAST,SUP-006,2025-08-20,2025-09-07,2025-09-05,120,120,18,16,-2,1,34.0,4080.0,Delivered
PO-12993,SKU-031,WH-EAST,SUP-006,2025-09-06,2025-09-24,2025-09-24,150,150,18,18,0,1,34.0,5100.0,Delivered
PO-12994,SKU-031,WH-EAST,SUP-006,2025-09-24,2025-10-12,2025-10-11,90,90,18,17,-1,1,34.0,3060.0,Delivered
PO-12995,SKU-031,WH-EAST,SUP-006,2025-10-17,2025-11-04,2025-11-04,60,60,18,18,0,1,34.0,2040.0,Delivered
PO-12996,SKU-031,WH-EAST,SUP-006,2025-11-13,2025-12-01,2025-11-30,180,180,18,17,-1,1,34.0,6120.0,Delivered
PO-12997,SKU-031,WH-EAST,SUP-006,2025-11-27,2025-12-15,2025-12-15,150,150,18,18,0,1,34.0,5100.0,Delivered
PO-12998,SKU-031,WH-CENTRAL,SUP-006,2024-01-15,2024-02-02,2024-02-02,60,60,18,18,0,1,34.0,2040.0,Delivered
PO-12999,SKU-031,WH-CENTRAL,SUP-006,2024-02-11,2024-02-29,2024-03-22,90,90,18,40,22,0,34.0,3060.0,Delivered
PO-13000,SKU-031,WH-CENTRAL,SUP-006,2024-02-25,2024-03-14,2024-03-14,90,90,18,18,0,1,34.0,3060.0,Delivered
PO-13001,SKU-031,WH-CENTRAL,SUP-006,2024-03-11,2024-03-29,2024-03-28,60,60,18,17,-1,1,34.0,2040.0,Delivered
PO-13002,SKU-031,WH-CENTRAL,SUP-006,2024-04-08,2024-04-26,2024-04-26,180,180,18,18,0,1,34.0,6120.0,Delivered
PO-13003,SKU-031,WH-CENTRAL,SUP-006,2024-04-24,2024-05-12,2024-05-11,180,180,18,17,-1,1,34.0,6120.0,Delivered
PO-13004,SKU-031,WH-CENTRAL,SUP-006,2024-05-15,2024-06-02,2024-06-02,180,180,18,18,0,1,34.0,6120.0,Delivered
PO-13005,SKU-031,WH-CENTRAL,SUP-006,2024-05-31,2024-06-18,2024-06-17,90,90,18,17,-1,1,34.0,3060.0,Delivered
PO-13006,SKU-031,WH-CENTRAL,SUP-006,2024-06-23,2024-07-11,2024-07-11,120,120,18,18,0,1,34.0,4080.0,Delivered
PO-13007,SKU-031,WH-CENTRAL,SUP-006,2024-07-19,2024-08-06,2024-08-05,120,120,18,17,-1,1,34.0,4080.0,Delivered
PO-13008,SKU-031,WH-CENTRAL,SUP-006,2024-08-03,2024-08-21,2024-08-21,90,90,18,18,0,1,34.0,3060.0,Delivered
PO-13009,SKU-031,WH-CENTRAL,SUP-006,2024-08-27,2024-09-14,2024-09-14,60,60,18,18,0,1,34.0,2040.0,Delivered
PO-13010,SKU-031,WH-CENTRAL,SUP-006,2024-09-14,2024-10-02,2024-10-02,150,150,18,18,0,1,34.0,5100.0,Delivered
PO-13011,SKU-031,WH-CENTRAL,SUP-006,2024-10-12,2024-10-30,2024-10-30,60,60,18,18,0,1,34.0,2040.0,Delivered
PO-13012,SKU-031,WH-CENTRAL,SUP-006,2024-11-05,2024-11-23,2024-11-23,180,180,18,18,0,1,34.0,6120.0,Delivered
PO-13013,SKU-031,WH-CENTRAL,SUP-006,2024-11-23,2024-12-11,2024-12-10,90,90,18,17,-1,1,34.0,3060.0,Delivered
PO-13014,SKU-031,WH-CENTRAL,SUP-006,2024-12-17,2025-01-04,2025-01-24,90,90,18,38,20,0,34.0,3060.0,Delivered
PO-13015,SKU-031,WH-CENTRAL,SUP-006,2025-01-13,2025-01-31,2025-01-29,150,150,18,16,-2,1,34.0,5100.0,Delivered
PO-13016,SKU-031,WH-CENTRAL,SUP-006,2025-02-06,2025-02-24,2025-02-24,60,60,18,18,0,1,34.0,2040.0,Delivered
PO-13017,SKU-031,WH-CENTRAL,SUP-006,2025-03-07,2025-03-25,2025-03-25,60,60,18,18,0,1,34.0,2040.0,Delivered
PO-13018,SKU-031,WH-CENTRAL,SUP-006,2025-03-29,2025-04-16,2025-04-16,180,180,18,18,0,1,34.0,6120.0,Delivered
PO-13019,SKU-031,WH-CENTRAL,SUP-006,2025-04-23,2025-05-11,2025-05-11,180,180,18,18,0,1,34.0,6120.0,Delivered
PO-13020,SKU-031,WH-CENTRAL,SUP-006,2025-05-13,2025-05-31,2025-06-26,150,150,18,44,26,0,34.0,5100.0,Delivered
PO-13021,SKU-031,WH-CENTRAL,SUP-006,2025-05-31,2025-06-18,2025-06-18,60,60,18,18,0,1,34.0,2040.0,Delivered
PO-13022,SKU-031,WH-CENTRAL,SUP-006,2025-06-28,2025-07-16,2025-07-16,180,180,18,18,0,1,34.0,6120.0,Delivered
PO-13023,SKU-031,WH-CENTRAL,SUP-006,2025-07-26,2025-08-13,2025-08-13,150,150,18,18,0,1,34.0,5100.0,Delivered
PO-13024,SKU-031,WH-CENTRAL,SUP-006,2025-08-09,2025-08-27,2025-08-27,180,180,18,18,0,1,34.0,6120.0,Delivered
PO-13025,SKU-031,WH-CENTRAL,SUP-006,2025-08-30,2025-09-17,2025-09-20,180,180,18,21,3,0,34.0,6120.0,Delivered
PO-13026,SKU-031,WH-CENTRAL,SUP-006,2025-09-16,2025-10-04,2025-10-03,60,60,18,17,-1,1,34.0,2040.0,Delivered
PO-13027,SKU-031,WH-CENTRAL,SUP-006,2025-10-08,2025-10-26,2025-10-26,90,90,18,18,0,1,34.0,3060.0,Delivered
PO-13028,SKU-031,WH-CENTRAL,SUP-006,2025-10-25,2025-11-12,2025-11-12,120,120,18,18,0,1,34.0,4080.0,Delivered
PO-13029,SKU-031,WH-CENTRAL,SUP-006,2025-11-19,2025-12-07,2025-12-07,150,150,18,18,0,1,34.0,5100.0,Delivered
PO-13030,SKU-031,WH-WEST,SUP-006,2024-01-05,2024-01-23,2024-01-19,120,120,18,14,-4,1,34.0,4080.0,Delivered
PO-13031,SKU-031,WH-WEST,SUP-006,2024-01-27,2024-02-14,2024-02-14,180,180,18,18,0,1,34.0,6120.0,Delivered
PO-13032,SKU-031,WH-WEST,SUP-006,2024-02-11,2024-02-29,2024-02-28,180,180,18,17,-1,1,34.0,6120.0,Delivered
PO-13033,SKU-031,WH-WEST,SUP-006,2024-02-29,2024-03-18,2024-03-18,150,150,18,18,0,1,34.0,5100.0,Delivered
PO-13034,SKU-031,WH-WEST,SUP-006,2024-03-18,2024-04-05,2024-04-19,120,120,18,32,14,0,34.0,4080.0,Delivered
PO-13035,SKU-031,WH-WEST,SUP-006,2024-04-06,2024-04-24,2024-04-23,180,180,18,17,-1,1,34.0,6120.0,Delivered
PO-13036,SKU-031,WH-WEST,SUP-006,2024-05-01,2024-05-19,2024-05-18,150,150,18,17,-1,1,34.0,5100.0,Delivered
PO-13037,SKU-031,WH-WEST,SUP-006,2024-05-16,2024-06-03,2024-06-05,60,60,18,20,2,0,34.0,2040.0,Delivered
PO-13038,SKU-031,WH-WEST,SUP-006,2024-06-08,2024-06-26,2024-06-23,150,150,18,15,-3,1,34.0,5100.0,Delivered
PO-13039,SKU-031,WH-WEST,SUP-006,2024-06-30,2024-07-18,2024-07-17,90,90,18,17,-1,1,34.0,3060.0,Delivered
PO-13040,SKU-031,WH-WEST,SUP-006,2024-07-19,2024-08-06,2024-08-05,60,60,18,17,-1,1,34.0,2040.0,Delivered
PO-13041,SKU-031,WH-WEST,SUP-006,2024-08-08,2024-08-26,2024-08-26,60,60,18,18,0,1,34.0,2040.0,Delivered
PO-13042,SKU-031,WH-WEST,SUP-006,2024-09-01,2024-09-19,2024-09-22,180,180,18,21,3,0,34.0,6120.0,Delivered
PO-13043,SKU-031,WH-WEST,SUP-006,2024-09-18,2024-10-06,2024-10-06,60,60,18,18,0,1,34.0,2040.0,Delivered
PO-13044,SKU-031,WH-WEST,SUP-006,2024-10-12,2024-10-30,2024-10-30,150,150,18,18,0,1,34.0,5100.0,Delivered
PO-13045,SKU-031,WH-WEST,SUP-006,2024-11-03,2024-11-21,2024-11-20,120,120,18,17,-1,1,34.0,4080.0,Delivered
PO-13046,SKU-031,WH-WEST,SUP-006,2024-11-30,2024-12-18,2024-12-18,180,180,18,18,0,1,34.0,6120.0,Delivered
PO-13047,SKU-031,WH-WEST,SUP-006,2024-12-28,2025-01-15,2025-01-15,120,120,18,18,0,1,34.0,4080.0,Delivered
PO-13048,SKU-031,WH-WEST,SUP-006,2025-01-12,2025-01-30,2025-01-29,90,90,18,17,-1,1,34.0,3060.0,Delivered
PO-13049,SKU-031,WH-WEST,SUP-006,2025-01-28,2025-02-15,2025-02-21,180,180,18,24,6,0,34.0,6120.0,Delivered
PO-13050,SKU-031,WH-WEST,SUP-006,2025-02-20,2025-03-10,2025-03-10,150,150,18,18,0,1,34.0,5100.0,Delivered
PO-13051,SKU-031,WH-WEST,SUP-006,2025-03-15,2025-04-02,2025-04-01,60,60,18,17,-1,1,34.0,2040.0,Delivered
PO-13052,SKU-031,WH-WEST,SUP-006,2025-04-10,2025-04-28,2025-04-28,90,90,18,18,0,1,34.0,3060.0,Delivered
PO-13053,SKU-031,WH-WEST,SUP-006,2025-04-26,2025-05-14,2025-05-14,120,120,18,18,0,1,34.0,4080.0,Delivered
PO-13054,SKU-031,WH-WEST,SUP-006,2025-05-16,2025-06-03,2025-06-02,90,90,18,17,-1,1,34.0,3060.0,Delivered
PO-13055,SKU-031,WH-WEST,SUP-006,2025-05-30,2025-06-17,2025-06-22,120,120,18,23,5,0,34.0,4080.0,Delivered
PO-13056,SKU-031,WH-WEST,SUP-006,2025-06-15,2025-07-03,2025-07-03,150,150,18,18,0,1,34.0,5100.0,Delivered
PO-13057,SKU-031,WH-WEST,SUP-006,2025-07-10,2025-07-28,2025-07-28,60,60,18,18,0,1,34.0,2040.0,Delivered
PO-13058,SKU-031,WH-WEST,SUP-006,2025-07-28,2025-08-15,2025-08-14,120,120,18,17,-1,1,34.0,4080.0,Delivered
PO-13059,SKU-031,WH-WEST,SUP-006,2025-08-13,2025-08-31,2025-08-31,60,60,18,18,0,1,34.0,2040.0,Delivered
PO-13060,SKU-031,WH-WEST,SUP-006,2025-08-28,2025-09-15,2025-09-11,180,180,18,14,-4,1,34.0,6120.0,Delivered
PO-13061,SKU-031,WH-WEST,SUP-006,2025-09-13,2025-10-01,2025-10-01,60,60,18,18,0,1,34.0,2040.0,Delivered
PO-13062,SKU-031,WH-WEST,SUP-006,2025-10-03,2025-10-21,2025-10-20,180,180,18,17,-1,1,34.0,6120.0,Delivered
PO-13063,SKU-031,WH-WEST,SUP-006,2025-10-30,2025-11-17,2025-11-19,180,180,18,20,2,0,34.0,6120.0,Delivered
PO-13064,SKU-031,WH-WEST,SUP-006,2025-11-27,2025-12-15,2025-12-15,60,60,18,18,0,1,34.0,2040.0,Delivered
PO-13065,SKU-032,WH-EAST,SUP-006,2024-01-10,2024-01-28,2024-01-28,40,40,18,18,0,1,58.0,2320.0,Delivered
PO-13066,SKU-032,WH-EAST,SUP-006,2024-02-08,2024-02-26,2024-02-26,40,40,18,18,0,1,58.0,2320.0,Delivered
PO-13067,SKU-032,WH-EAST,SUP-006,2024-03-08,2024-03-26,2024-03-23,60,60,18,15,-3,1,58.0,3480.0,Delivered
PO-13068,SKU-032,WH-EAST,SUP-006,2024-03-24,2024-04-11,2024-04-11,120,120,18,18,0,1,58.0,6960.0,Delivered
PO-13069,SKU-032,WH-EAST,SUP-006,2024-04-19,2024-05-07,2024-05-02,100,100,18,13,-5,1,58.0,5800.0,Delivered
PO-13070,SKU-032,WH-EAST,SUP-006,2024-05-09,2024-05-27,2024-05-27,100,100,18,18,0,1,58.0,5800.0,Delivered
PO-13071,SKU-032,WH-EAST,SUP-006,2024-06-03,2024-06-21,2024-06-20,60,60,18,17,-1,1,58.0,3480.0,Delivered
PO-13072,SKU-032,WH-EAST,SUP-006,2024-06-17,2024-07-05,2024-07-05,40,40,18,18,0,1,58.0,2320.0,Delivered
PO-13073,SKU-032,WH-EAST,SUP-006,2024-07-15,2024-08-02,2024-08-22,120,120,18,38,20,0,58.0,6960.0,Delivered
PO-13074,SKU-032,WH-EAST,SUP-006,2024-08-04,2024-08-22,2024-08-22,60,60,18,18,0,1,58.0,3480.0,Delivered
PO-13075,SKU-032,WH-EAST,SUP-006,2024-08-28,2024-09-15,2024-09-15,40,40,18,18,0,1,58.0,2320.0,Delivered
PO-13076,SKU-032,WH-EAST,SUP-006,2024-09-24,2024-10-12,2024-10-12,60,60,18,18,0,1,58.0,3480.0,Delivered
PO-13077,SKU-032,WH-EAST,SUP-006,2024-10-12,2024-10-30,2024-11-04,120,120,18,23,5,0,58.0,6960.0,Delivered
PO-13078,SKU-032,WH-EAST,SUP-006,2024-10-28,2024-11-15,2024-11-14,80,80,18,17,-1,1,58.0,4640.0,Delivered
PO-13079,SKU-032,WH-EAST,SUP-006,2024-11-22,2024-12-10,2024-12-06,120,120,18,14,-4,1,58.0,6960.0,Delivered
PO-13080,SKU-032,WH-EAST,SUP-006,2024-12-10,2024-12-28,2025-01-08,100,100,18,29,11,0,58.0,5800.0,Delivered
PO-13081,SKU-032,WH-EAST,SUP-006,2024-12-30,2025-01-17,2025-01-18,100,100,18,19,1,0,58.0,5800.0,Delivered
PO-13082,SKU-032,WH-EAST,SUP-006,2025-01-25,2025-02-12,2025-02-07,120,120,18,13,-5,1,58.0,6960.0,Delivered
PO-13083,SKU-032,WH-EAST,SUP-006,2025-02-18,2025-03-08,2025-03-07,80,80,18,17,-1,1,58.0,4640.0,Delivered
PO-13084,SKU-032,WH-EAST,SUP-006,2025-03-15,2025-04-02,2025-04-02,100,100,18,18,0,1,58.0,5800.0,Delivered
PO-13085,SKU-032,WH-EAST,SUP-006,2025-04-09,2025-04-27,2025-04-24,80,80,18,15,-3,1,58.0,4640.0,Delivered
PO-13086,SKU-032,WH-EAST,SUP-006,2025-04-28,2025-05-16,2025-05-16,120,120,18,18,0,1,58.0,6960.0,Delivered
PO-13087,SKU-032,WH-EAST,SUP-006,2025-05-12,2025-05-30,2025-05-30,40,40,18,18,0,1,58.0,2320.0,Delivered
PO-13088,SKU-032,WH-EAST,SUP-006,2025-06-03,2025-06-21,2025-06-19,120,120,18,16,-2,1,58.0,6960.0,Delivered
PO-13089,SKU-032,WH-EAST,SUP-006,2025-06-28,2025-07-16,2025-07-16,60,60,18,18,0,1,58.0,3480.0,Delivered
PO-13090,SKU-032,WH-EAST,SUP-006,2025-07-27,2025-08-14,2025-08-14,40,40,18,18,0,1,58.0,2320.0,Delivered
PO-13091,SKU-032,WH-EAST,SUP-006,2025-08-24,2025-09-11,2025-09-11,40,40,18,18,0,1,58.0,2320.0,Delivered
PO-13092,SKU-032,WH-EAST,SUP-006,2025-09-07,2025-09-25,2025-10-02,80,80,18,25,7,0,58.0,4640.0,Delivered
PO-13093,SKU-032,WH-EAST,SUP-006,2025-09-26,2025-10-14,2025-10-12,40,40,18,16,-2,1,58.0,2320.0,Delivered
PO-13094,SKU-032,WH-EAST,SUP-006,2025-10-20,2025-11-07,2025-11-03,60,60,18,14,-4,1,58.0,3480.0,Delivered
PO-13095,SKU-032,WH-EAST,SUP-006,2025-11-03,2025-11-21,2025-11-20,40,40,18,17,-1,1,58.0,2320.0,Delivered
PO-13096,SKU-032,WH-EAST,SUP-006,2025-11-18,2025-12-06,2025-12-05,60,60,18,17,-1,1,58.0,3480.0,Delivered
PO-13097,SKU-032,WH-CENTRAL,SUP-006,2024-01-03,2024-01-21,2024-01-17,60,60,18,14,-4,1,58.0,3480.0,Delivered
PO-13098,SKU-032,WH-CENTRAL,SUP-006,2024-01-18,2024-02-05,2024-02-05,80,80,18,18,0,1,58.0,4640.0,Delivered
PO-13099,SKU-032,WH-CENTRAL,SUP-006,2024-02-04,2024-02-22,2024-02-22,80,80,18,18,0,1,58.0,4640.0,Delivered
PO-13100,SKU-032,WH-CENTRAL,SUP-006,2024-02-21,2024-03-10,2024-03-10,120,120,18,18,0,1,58.0,6960.0,Delivered
PO-13101,SKU-032,WH-CENTRAL,SUP-006,2024-03-14,2024-04-01,2024-04-10,100,100,18,27,9,0,58.0,5800.0,Delivered
PO-13102,SKU-032,WH-CENTRAL,SUP-006,2024-03-31,2024-04-18,2024-04-18,60,60,18,18,0,1,58.0,3480.0,Delivered
PO-13103,SKU-032,WH-CENTRAL,SUP-006,2024-04-14,2024-05-02,2024-05-02,40,40,18,18,0,1,58.0,2320.0,Delivered
PO-13104,SKU-032,WH-CENTRAL,SUP-006,2024-05-08,2024-05-26,2024-05-26,120,120,18,18,0,1,58.0,6960.0,Delivered
PO-13105,SKU-032,WH-CENTRAL,SUP-006,2024-05-27,2024-06-14,2024-06-13,80,80,18,17,-1,1,58.0,4640.0,Delivered
PO-13106,SKU-032,WH-CENTRAL,SUP-006,2024-06-15,2024-07-03,2024-07-03,60,60,18,18,0,1,58.0,3480.0,Delivered
PO-13107,SKU-032,WH-CENTRAL,SUP-006,2024-07-03,2024-07-21,2024-07-21,120,120,18,18,0,1,58.0,6960.0,Delivered
PO-13108,SKU-032,WH-CENTRAL,SUP-006,2024-07-30,2024-08-17,2024-08-17,60,60,18,18,0,1,58.0,3480.0,Delivered
PO-13109,SKU-032,WH-CENTRAL,SUP-006,2024-08-27,2024-09-14,2024-09-12,120,120,18,16,-2,1,58.0,6960.0,Delivered
PO-13110,SKU-032,WH-CENTRAL,SUP-006,2024-09-21,2024-10-09,2024-10-09,40,40,18,18,0,1,58.0,2320.0,Delivered
PO-13111,SKU-032,WH-CENTRAL,SUP-006,2024-10-14,2024-11-01,2024-11-01,60,60,18,18,0,1,58.0,3480.0,Delivered
PO-13112,SKU-032,WH-CENTRAL,SUP-006,2024-11-01,2024-11-19,2024-11-19,40,40,18,18,0,1,58.0,2320.0,Delivered
PO-13113,SKU-032,WH-CENTRAL,SUP-006,2024-11-25,2024-12-13,2024-12-13,40,40,18,18,0,1,58.0,2320.0,Delivered
PO-13114,SKU-032,WH-CENTRAL,SUP-006,2024-12-24,2025-01-11,2025-01-10,80,80,18,17,-1,1,58.0,4640.0,Delivered
PO-13115,SKU-032,WH-CENTRAL,SUP-006,2025-01-10,2025-01-28,2025-01-28,80,80,18,18,0,1,58.0,4640.0,Delivered
PO-13116,SKU-032,WH-CENTRAL,SUP-006,2025-01-27,2025-02-14,2025-02-23,60,60,18,27,9,0,58.0,3480.0,Delivered
PO-13117,SKU-032,WH-CENTRAL,SUP-006,2025-02-10,2025-02-28,2025-02-25,120,120,18,15,-3,1,58.0,6960.0,Delivered
PO-13118,SKU-032,WH-CENTRAL,SUP-006,2025-02-28,2025-03-18,2025-03-18,60,60,18,18,0,1,58.0,3480.0,Delivered
PO-13119,SKU-032,WH-CENTRAL,SUP-006,2025-03-21,2025-04-08,2025-04-03,80,80,18,13,-5,1,58.0,4640.0,Delivered
PO-13120,SKU-032,WH-CENTRAL,SUP-006,2025-04-19,2025-05-07,2025-05-07,120,120,18,18,0,1,58.0,6960.0,Delivered
PO-13121,SKU-032,WH-CENTRAL,SUP-006,2025-05-08,2025-05-26,2025-05-21,40,40,18,13,-5,1,58.0,2320.0,Delivered
PO-13122,SKU-032,WH-CENTRAL,SUP-006,2025-05-26,2025-06-13,2025-06-12,120,120,18,17,-1,1,58.0,6960.0,Delivered
PO-13123,SKU-032,WH-CENTRAL,SUP-006,2025-06-24,2025-07-12,2025-07-10,120,120,18,16,-2,1,58.0,6960.0,Delivered
PO-13124,SKU-032,WH-CENTRAL,SUP-006,2025-07-17,2025-08-04,2025-08-04,60,60,18,18,0,1,58.0,3480.0,Delivered
PO-13125,SKU-032,WH-CENTRAL,SUP-006,2025-08-14,2025-09-01,2025-09-01,80,80,18,18,0,1,58.0,4640.0,Delivered
PO-13126,SKU-032,WH-CENTRAL,SUP-006,2025-09-03,2025-09-21,2025-09-18,80,80,18,15,-3,1,58.0,4640.0,Delivered
PO-13127,SKU-032,WH-CENTRAL,SUP-006,2025-09-27,2025-10-15,2025-10-14,60,60,18,17,-1,1,58.0,3480.0,Delivered
PO-13128,SKU-032,WH-CENTRAL,SUP-006,2025-10-15,2025-11-02,2025-10-29,60,60,18,14,-4,1,58.0,3480.0,Delivered
PO-13129,SKU-032,WH-CENTRAL,SUP-006,2025-11-13,2025-12-01,2025-12-01,120,120,18,18,0,1,58.0,6960.0,Delivered
PO-13130,SKU-032,WH-WEST,SUP-006,2024-01-09,2024-01-27,2024-01-29,120,120,18,20,2,0,58.0,6960.0,Delivered
PO-13131,SKU-032,WH-WEST,SUP-006,2024-02-01,2024-02-19,2024-02-18,40,40,18,17,-1,1,58.0,2320.0,Delivered
PO-13132,SKU-032,WH-WEST,SUP-006,2024-02-29,2024-03-18,2024-03-15,80,80,18,15,-3,1,58.0,4640.0,Delivered
PO-13133,SKU-032,WH-WEST,SUP-006,2024-03-29,2024-04-16,2024-04-16,120,120,18,18,0,1,58.0,6960.0,Delivered
PO-13134,SKU-032,WH-WEST,SUP-006,2024-04-23,2024-05-11,2024-05-11,60,60,18,18,0,1,58.0,3480.0,Delivered
PO-13135,SKU-032,WH-WEST,SUP-006,2024-05-16,2024-06-03,2024-06-03,120,120,18,18,0,1,58.0,6960.0,Delivered
PO-13136,SKU-032,WH-WEST,SUP-006,2024-06-11,2024-06-29,2024-06-26,80,80,18,15,-3,1,58.0,4640.0,Delivered
PO-13137,SKU-032,WH-WEST,SUP-006,2024-06-29,2024-07-17,2024-07-17,40,40,18,18,0,1,58.0,2320.0,Delivered
PO-13138,SKU-032,WH-WEST,SUP-006,2024-07-18,2024-08-05,2024-08-05,120,120,18,18,0,1,58.0,6960.0,Delivered
PO-13139,SKU-032,WH-WEST,SUP-006,2024-08-01,2024-08-19,2024-08-19,120,120,18,18,0,1,58.0,6960.0,Delivered
PO-13140,SKU-032,WH-WEST,SUP-006,2024-08-15,2024-09-02,2024-09-02,40,40,18,18,0,1,58.0,2320.0,Delivered
PO-13141,SKU-032,WH-WEST,SUP-006,2024-08-30,2024-09-17,2024-09-15,100,100,18,16,-2,1,58.0,5800.0,Delivered
PO-13142,SKU-032,WH-WEST,SUP-006,2024-09-17,2024-10-05,2024-10-05,100,100,18,18,0,1,58.0,5800.0,Delivered
PO-13143,SKU-032,WH-WEST,SUP-006,2024-10-12,2024-10-30,2024-10-27,60,60,18,15,-3,1,58.0,3480.0,Delivered
PO-13144,SKU-032,WH-WEST,SUP-006,2024-11-10,2024-11-28,2024-11-25,60,60,18,15,-3,1,58.0,3480.0,Delivered
PO-13145,SKU-032,WH-WEST,SUP-006,2024-12-07,2024-12-25,2024-12-24,120,120,18,17,-1,1,58.0,6960.0,Delivered
PO-13146,SKU-032,WH-WEST,SUP-006,2025-01-01,2025-01-19,2025-01-18,40,40,18,17,-1,1,58.0,2320.0,Delivered
PO-13147,SKU-032,WH-WEST,SUP-006,2025-01-23,2025-02-10,2025-02-10,40,40,18,18,0,1,58.0,2320.0,Delivered
PO-13148,SKU-032,WH-WEST,SUP-006,2025-02-19,2025-03-09,2025-03-09,40,40,18,18,0,1,58.0,2320.0,Delivered
PO-13149,SKU-032,WH-WEST,SUP-006,2025-03-17,2025-04-04,2025-04-04,80,80,18,18,0,1,58.0,4640.0,Delivered
PO-13150,SKU-032,WH-WEST,SUP-006,2025-04-11,2025-04-29,2025-04-29,100,100,18,18,0,1,58.0,5800.0,Delivered
PO-13151,SKU-032,WH-WEST,SUP-006,2025-04-25,2025-05-13,2025-05-13,60,60,18,18,0,1,58.0,3480.0,Delivered
PO-13152,SKU-032,WH-WEST,SUP-006,2025-05-17,2025-06-04,2025-06-04,120,120,18,18,0,1,58.0,6960.0,Delivered
PO-13153,SKU-032,WH-WEST,SUP-006,2025-06-15,2025-07-03,2025-07-02,120,120,18,17,-1,1,58.0,6960.0,Delivered
PO-13154,SKU-032,WH-WEST,SUP-006,2025-07-13,2025-07-31,2025-07-31,80,80,18,18,0,1,58.0,4640.0,Delivered
PO-13155,SKU-032,WH-WEST,SUP-006,2025-08-09,2025-08-27,2025-08-27,80,80,18,18,0,1,58.0,4640.0,Delivered
PO-13156,SKU-032,WH-WEST,SUP-006,2025-08-25,2025-09-12,2025-09-12,60,60,18,18,0,1,58.0,3480.0,Delivered
PO-13157,SKU-032,WH-WEST,SUP-006,2025-09-21,2025-10-09,2025-10-09,60,60,18,18,0,1,58.0,3480.0,Delivered
PO-13158,SKU-032,WH-WEST,SUP-006,2025-10-05,2025-10-23,2025-10-20,100,100,18,15,-3,1,58.0,5800.0,Delivered
PO-13159,SKU-032,WH-WEST,SUP-006,2025-10-19,2025-11-06,2025-11-03,100,100,18,15,-3,1,58.0,5800.0,Delivered
PO-13160,SKU-032,WH-WEST,SUP-006,2025-11-03,2025-11-21,2025-11-20,120,120,18,17,-1,1,58.0,6960.0,Delivered
PO-13161,SKU-033,WH-EAST,SUP-006,2024-01-12,2024-01-30,2024-01-29,72,72,18,17,-1,1,115.0,8280.0,Delivered
PO-13162,SKU-033,WH-EAST,SUP-006,2024-02-08,2024-02-26,2024-02-24,24,24,18,16,-2,1,115.0,2760.0,Delivered
PO-13163,SKU-033,WH-EAST,SUP-006,2024-03-05,2024-03-23,2024-03-23,36,36,18,18,0,1,115.0,4140.0,Delivered
PO-13164,SKU-033,WH-EAST,SUP-006,2024-03-21,2024-04-08,2024-04-07,36,36,18,17,-1,1,115.0,4140.0,Delivered
PO-13165,SKU-033,WH-EAST,SUP-006,2024-04-17,2024-05-05,2024-05-05,48,48,18,18,0,1,115.0,5520.0,Delivered
PO-13166,SKU-033,WH-EAST,SUP-006,2024-05-03,2024-05-21,2024-05-21,72,72,18,18,0,1,115.0,8280.0,Delivered
PO-13167,SKU-033,WH-EAST,SUP-006,2024-05-28,2024-06-15,2024-06-25,24,24,18,28,10,0,115.0,2760.0,Delivered
PO-13168,SKU-033,WH-EAST,SUP-006,2024-06-12,2024-06-30,2024-07-01,60,60,18,19,1,0,115.0,6900.0,Delivered
PO-13169,SKU-033,WH-EAST,SUP-006,2024-07-01,2024-07-19,2024-07-19,60,60,18,18,0,1,115.0,6900.0,Delivered
PO-13170,SKU-033,WH-EAST,SUP-006,2024-07-23,2024-08-10,2024-08-09,36,36,18,17,-1,1,115.0,4140.0,Delivered
PO-13171,SKU-033,WH-EAST,SUP-006,2024-08-19,2024-09-06,2024-09-06,60,60,18,18,0,1,115.0,6900.0,Delivered
PO-13172,SKU-033,WH-EAST,SUP-006,2024-09-11,2024-09-29,2024-09-29,60,60,18,18,0,1,115.0,6900.0,Delivered
PO-13173,SKU-033,WH-EAST,SUP-006,2024-10-09,2024-10-27,2024-10-27,36,36,18,18,0,1,115.0,4140.0,Delivered
PO-13174,SKU-033,WH-EAST,SUP-006,2024-10-23,2024-11-10,2024-11-08,24,24,18,16,-2,1,115.0,2760.0,Delivered
PO-13175,SKU-033,WH-EAST,SUP-006,2024-11-15,2024-12-03,2024-12-03,36,36,18,18,0,1,115.0,4140.0,Delivered
PO-13176,SKU-033,WH-EAST,SUP-006,2024-12-08,2024-12-26,2024-12-21,36,36,18,13,-5,1,115.0,4140.0,Delivered
PO-13177,SKU-033,WH-EAST,SUP-006,2025-01-03,2025-01-21,2025-01-20,24,24,18,17,-1,1,115.0,2760.0,Delivered
PO-13178,SKU-033,WH-EAST,SUP-006,2025-01-17,2025-02-04,2025-02-03,36,36,18,17,-1,1,115.0,4140.0,Delivered
PO-13179,SKU-033,WH-EAST,SUP-006,2025-02-07,2025-02-25,2025-02-25,72,72,18,18,0,1,115.0,8280.0,Delivered
PO-13180,SKU-033,WH-EAST,SUP-006,2025-02-25,2025-03-15,2025-03-11,60,60,18,14,-4,1,115.0,6900.0,Delivered
PO-13181,SKU-033,WH-EAST,SUP-006,2025-03-25,2025-04-12,2025-04-12,48,48,18,18,0,1,115.0,5520.0,Delivered
PO-13182,SKU-033,WH-EAST,SUP-006,2025-04-18,2025-05-06,2025-05-06,60,60,18,18,0,1,115.0,6900.0,Delivered
PO-13183,SKU-033,WH-EAST,SUP-006,2025-05-17,2025-06-04,2025-06-02,48,48,18,16,-2,1,115.0,5520.0,Delivered
PO-13184,SKU-033,WH-EAST,SUP-006,2025-06-02,2025-06-20,2025-06-20,72,72,18,18,0,1,115.0,8280.0,Delivered
PO-13185,SKU-033,WH-EAST,SUP-006,2025-06-20,2025-07-08,2025-07-12,48,48,18,22,4,0,115.0,5520.0,Delivered
PO-13186,SKU-033,WH-EAST,SUP-006,2025-07-16,2025-08-03,2025-08-03,36,36,18,18,0,1,115.0,4140.0,Delivered
PO-13187,SKU-033,WH-EAST,SUP-006,2025-08-10,2025-08-28,2025-08-28,48,48,18,18,0,1,115.0,5520.0,Delivered
PO-13188,SKU-033,WH-EAST,SUP-006,2025-08-28,2025-09-15,2025-09-15,72,72,18,18,0,1,115.0,8280.0,Delivered
PO-13189,SKU-033,WH-EAST,SUP-006,2025-09-11,2025-09-29,2025-09-30,48,48,18,19,1,0,115.0,5520.0,Delivered
PO-13190,SKU-033,WH-EAST,SUP-006,2025-10-10,2025-10-28,2025-10-28,36,36,18,18,0,1,115.0,4140.0,Delivered
PO-13191,SKU-033,WH-EAST,SUP-006,2025-11-02,2025-11-20,2025-11-20,24,24,18,18,0,1,115.0,2760.0,Delivered
PO-13192,SKU-033,WH-EAST,SUP-006,2025-11-20,2025-12-08,2025-12-08,60,60,18,18,0,1,115.0,6900.0,Delivered
PO-13193,SKU-033,WH-CENTRAL,SUP-006,2024-01-02,2024-01-20,2024-01-20,36,36,18,18,0,1,115.0,4140.0,Delivered
PO-13194,SKU-033,WH-CENTRAL,SUP-006,2024-01-19,2024-02-06,2024-02-04,72,72,18,16,-2,1,115.0,8280.0,Delivered
PO-13195,SKU-033,WH-CENTRAL,SUP-006,2024-02-05,2024-02-23,2024-02-23,36,36,18,18,0,1,115.0,4140.0,Delivered
PO-13196,SKU-033,WH-CENTRAL,SUP-006,2024-02-26,2024-03-15,2024-03-15,72,72,18,18,0,1,115.0,8280.0,Delivered
PO-13197,SKU-033,WH-CENTRAL,SUP-006,2024-03-21,2024-04-08,2024-04-08,36,36,18,18,0,1,115.0,4140.0,Delivered
PO-13198,SKU-033,WH-CENTRAL,SUP-006,2024-04-04,2024-04-22,2024-04-26,24,24,18,22,4,0,115.0,2760.0,Delivered
PO-13199,SKU-033,WH-CENTRAL,SUP-006,2024-04-19,2024-05-07,2024-05-07,72,72,18,18,0,1,115.0,8280.0,Delivered
PO-13200,SKU-033,WH-CENTRAL,SUP-006,2024-05-14,2024-06-01,2024-06-01,72,72,18,18,0,1,115.0,8280.0,Delivered
PO-13201,SKU-033,WH-CENTRAL,SUP-006,2024-05-29,2024-06-16,2024-06-15,48,48,18,17,-1,1,115.0,5520.0,Delivered
PO-13202,SKU-033,WH-CENTRAL,SUP-006,2024-06-16,2024-07-04,2024-07-04,24,24,18,18,0,1,115.0,2760.0,Delivered
PO-13203,SKU-033,WH-CENTRAL,SUP-006,2024-07-02,2024-07-20,2024-07-18,48,48,18,16,-2,1,115.0,5520.0,Delivered
PO-13204,SKU-033,WH-CENTRAL,SUP-006,2024-07-21,2024-08-08,2024-08-08,24,24,18,18,0,1,115.0,2760.0,Delivered
PO-13205,SKU-033,WH-CENTRAL,SUP-006,2024-08-09,2024-08-27,2024-08-27,60,60,18,18,0,1,115.0,6900.0,Delivered
PO-13206,SKU-033,WH-CENTRAL,SUP-006,2024-09-03,2024-09-21,2024-09-21,48,48,18,18,0,1,115.0,5520.0,Delivered
PO-13207,SKU-033,WH-CENTRAL,SUP-006,2024-09-26,2024-10-14,2024-10-14,48,48,18,18,0,1,115.0,5520.0,Delivered
PO-13208,SKU-033,WH-CENTRAL,SUP-006,2024-10-24,2024-11-11,2024-11-13,24,24,18,20,2,0,115.0,2760.0,Delivered
PO-13209,SKU-033,WH-CENTRAL,SUP-006,2024-11-10,2024-11-28,2024-11-28,48,48,18,18,0,1,115.0,5520.0,Delivered
PO-13210,SKU-033,WH-CENTRAL,SUP-006,2024-12-03,2024-12-21,2024-12-18,36,36,18,15,-3,1,115.0,4140.0,Delivered
PO-13211,SKU-033,WH-CENTRAL,SUP-006,2024-12-30,2025-01-17,2025-01-14,36,36,18,15,-3,1,115.0,4140.0,Delivered
PO-13212,SKU-033,WH-CENTRAL,SUP-006,2025-01-16,2025-02-03,2025-02-03,24,24,18,18,0,1,115.0,2760.0,Delivered
PO-13213,SKU-033,WH-CENTRAL,SUP-006,2025-02-07,2025-02-25,2025-02-25,24,24,18,18,0,1,115.0,2760.0,Delivered
PO-13214,SKU-033,WH-CENTRAL,SUP-006,2025-02-23,2025-03-13,2025-03-13,24,24,18,18,0,1,115.0,2760.0,Delivered
PO-13215,SKU-033,WH-CENTRAL,SUP-006,2025-03-24,2025-04-11,2025-04-10,36,36,18,17,-1,1,115.0,4140.0,Delivered
PO-13216,SKU-033,WH-CENTRAL,SUP-006,2025-04-10,2025-04-28,2025-04-28,48,48,18,18,0,1,115.0,5520.0,Delivered
PO-13217,SKU-033,WH-CENTRAL,SUP-006,2025-04-27,2025-05-15,2025-05-13,72,72,18,16,-2,1,115.0,8280.0,Delivered
PO-13218,SKU-033,WH-CENTRAL,SUP-006,2025-05-17,2025-06-04,2025-06-03,72,72,18,17,-1,1,115.0,8280.0,Delivered
PO-13219,SKU-033,WH-CENTRAL,SUP-006,2025-06-05,2025-06-23,2025-06-21,72,72,18,16,-2,1,115.0,8280.0,Delivered
PO-13220,SKU-033,WH-CENTRAL,SUP-006,2025-06-23,2025-07-11,2025-07-11,60,60,18,18,0,1,115.0,6900.0,Delivered
PO-13221,SKU-033,WH-CENTRAL,SUP-006,2025-07-10,2025-07-28,2025-07-28,48,48,18,18,0,1,115.0,5520.0,Delivered
PO-13222,SKU-033,WH-CENTRAL,SUP-006,2025-07-29,2025-08-16,2025-08-14,48,48,18,16,-2,1,115.0,5520.0,Delivered
PO-13223,SKU-033,WH-CENTRAL,SUP-006,2025-08-14,2025-09-01,2025-08-31,36,36,18,17,-1,1,115.0,4140.0,Delivered
PO-13224,SKU-033,WH-CENTRAL,SUP-006,2025-08-28,2025-09-15,2025-09-14,60,60,18,17,-1,1,115.0,6900.0,Delivered
PO-13225,SKU-033,WH-CENTRAL,SUP-006,2025-09-12,2025-09-30,2025-09-30,72,72,18,18,0,1,115.0,8280.0,Delivered
PO-13226,SKU-033,WH-CENTRAL,SUP-006,2025-10-05,2025-10-23,2025-10-28,24,24,18,23,5,0,115.0,2760.0,Delivered
PO-13227,SKU-033,WH-CENTRAL,SUP-006,2025-10-28,2025-11-15,2025-11-14,24,24,18,17,-1,1,115.0,2760.0,Delivered
PO-13228,SKU-033,WH-CENTRAL,SUP-006,2025-11-12,2025-11-30,2025-11-28,48,48,18,16,-2,1,115.0,5520.0,Delivered
PO-13229,SKU-033,WH-CENTRAL,SUP-006,2025-11-28,2025-12-16,2025-12-15,24,24,18,17,-1,1,115.0,2760.0,Delivered
PO-13230,SKU-033,WH-WEST,SUP-006,2024-01-15,2024-02-02,2024-02-11,72,72,18,27,9,0,115.0,8280.0,Delivered
PO-13231,SKU-033,WH-WEST,SUP-006,2024-02-02,2024-02-20,2024-02-20,72,72,18,18,0,1,115.0,8280.0,Delivered
PO-13232,SKU-033,WH-WEST,SUP-006,2024-02-24,2024-03-13,2024-03-16,48,48,18,21,3,0,115.0,5520.0,Delivered
PO-13233,SKU-033,WH-WEST,SUP-006,2024-03-22,2024-04-09,2024-04-05,48,48,18,14,-4,1,115.0,5520.0,Delivered
PO-13234,SKU-033,WH-WEST,SUP-006,2024-04-06,2024-04-24,2024-04-24,48,48,18,18,0,1,115.0,5520.0,Delivered
PO-13235,SKU-033,WH-WEST,SUP-006,2024-04-28,2024-05-16,2024-05-28,24,24,18,30,12,0,115.0,2760.0,Delivered
PO-13236,SKU-033,WH-WEST,SUP-006,2024-05-26,2024-06-13,2024-06-09,24,24,18,14,-4,1,115.0,2760.0,Delivered
PO-13237,SKU-033,WH-WEST,SUP-006,2024-06-23,2024-07-11,2024-07-14,72,72,18,21,3,0,115.0,8280.0,Delivered
PO-13238,SKU-033,WH-WEST,SUP-006,2024-07-08,2024-07-26,2024-07-26,60,60,18,18,0,1,115.0,6900.0,Delivered
PO-13239,SKU-033,WH-WEST,SUP-006,2024-07-23,2024-08-10,2024-08-10,36,36,18,18,0,1,115.0,4140.0,Delivered
PO-13240,SKU-033,WH-WEST,SUP-006,2024-08-09,2024-08-27,2024-08-24,72,72,18,15,-3,1,115.0,8280.0,Delivered
PO-13241,SKU-033,WH-WEST,SUP-006,2024-08-27,2024-09-14,2024-09-14,48,48,18,18,0,1,115.0,5520.0,Delivered
PO-13242,SKU-033,WH-WEST,SUP-006,2024-09-11,2024-09-29,2024-09-27,72,72,18,16,-2,1,115.0,8280.0,Delivered
PO-13243,SKU-033,WH-WEST,SUP-006,2024-10-04,2024-10-22,2024-10-22,24,24,18,18,0,1,115.0,2760.0,Delivered
PO-13244,SKU-033,WH-WEST,SUP-006,2024-10-26,2024-11-13,2024-11-13,72,72,18,18,0,1,115.0,8280.0,Delivered
PO-13245,SKU-033,WH-WEST,SUP-006,2024-11-23,2024-12-11,2024-12-11,24,24,18,18,0,1,115.0,2760.0,Delivered
PO-13246,SKU-033,WH-WEST,SUP-006,2024-12-12,2024-12-30,2024-12-30,36,36,18,18,0,1,115.0,4140.0,Delivered
PO-13247,SKU-033,WH-WEST,SUP-006,2025-01-04,2025-01-22,2025-01-28,48,48,18,24,6,0,115.0,5520.0,Delivered
PO-13248,SKU-033,WH-WEST,SUP-006,2025-01-20,2025-02-07,2025-02-07,48,48,18,18,0,1,115.0,5520.0,Delivered
PO-13249,SKU-033,WH-WEST,SUP-006,2025-02-03,2025-02-21,2025-02-21,36,36,18,18,0,1,115.0,4140.0,Delivered
PO-13250,SKU-033,WH-WEST,SUP-006,2025-02-17,2025-03-07,2025-03-06,36,36,18,17,-1,1,115.0,4140.0,Delivered
PO-13251,SKU-033,WH-WEST,SUP-006,2025-03-18,2025-04-05,2025-04-04,60,60,18,17,-1,1,115.0,6900.0,Delivered
PO-13252,SKU-033,WH-WEST,SUP-006,2025-04-08,2025-04-26,2025-04-26,36,36,18,18,0,1,115.0,4140.0,Delivered
PO-13253,SKU-033,WH-WEST,SUP-006,2025-04-26,2025-05-14,2025-05-15,36,36,18,19,1,0,115.0,4140.0,Delivered
PO-13254,SKU-033,WH-WEST,SUP-006,2025-05-11,2025-05-29,2025-05-28,72,72,18,17,-1,1,115.0,8280.0,Delivered
PO-13255,SKU-033,WH-WEST,SUP-006,2025-05-27,2025-06-14,2025-06-12,36,36,18,16,-2,1,115.0,4140.0,Delivered
PO-13256,SKU-033,WH-WEST,SUP-006,2025-06-14,2025-07-02,2025-07-02,24,24,18,18,0,1,115.0,2760.0,Delivered
PO-13257,SKU-033,WH-WEST,SUP-006,2025-07-11,2025-07-29,2025-07-29,24,24,18,18,0,1,115.0,2760.0,Delivered
PO-13258,SKU-033,WH-WEST,SUP-006,2025-07-26,2025-08-13,2025-08-13,36,36,18,18,0,1,115.0,4140.0,Delivered
PO-13259,SKU-033,WH-WEST,SUP-006,2025-08-23,2025-09-10,2025-09-06,36,36,18,14,-4,1,115.0,4140.0,Delivered
PO-13260,SKU-033,WH-WEST,SUP-006,2025-09-06,2025-09-24,2025-09-24,72,72,18,18,0,1,115.0,8280.0,Delivered
PO-13261,SKU-033,WH-WEST,SUP-006,2025-10-03,2025-10-21,2025-10-27,48,48,18,24,6,0,115.0,5520.0,Delivered
PO-13262,SKU-033,WH-WEST,SUP-006,2025-10-28,2025-11-15,2025-11-15,60,60,18,18,0,1,115.0,6900.0,Delivered
PO-13263,SKU-033,WH-WEST,SUP-006,2025-11-25,2025-12-13,2025-12-10,48,48,18,15,-3,1,115.0,5520.0,Delivered
PO-13264,SKU-034,WH-EAST,SUP-006,2024-01-04,2024-01-22,2024-02-12,150,150,18,39,21,0,46.0,6900.0,Delivered
PO-13265,SKU-034,WH-EAST,SUP-006,2024-01-26,2024-02-13,2024-02-25,100,100,18,30,12,0,46.0,4600.0,Delivered
PO-13266,SKU-034,WH-EAST,SUP-006,2024-02-17,2024-03-06,2024-03-06,75,75,18,18,0,1,46.0,3450.0,Delivered
PO-13267,SKU-034,WH-EAST,SUP-006,2024-03-14,2024-04-01,2024-03-29,75,75,18,15,-3,1,46.0,3450.0,Delivered
PO-13268,SKU-034,WH-EAST,SUP-006,2024-04-06,2024-04-24,2024-04-24,75,75,18,18,0,1,46.0,3450.0,Delivered
PO-13269,SKU-034,WH-EAST,SUP-006,2024-04-21,2024-05-09,2024-05-09,100,100,18,18,0,1,46.0,4600.0,Delivered
PO-13270,SKU-034,WH-EAST,SUP-006,2024-05-11,2024-05-29,2024-05-30,125,125,18,19,1,0,46.0,5750.0,Delivered
PO-13271,SKU-034,WH-EAST,SUP-006,2024-06-09,2024-06-27,2024-06-24,50,50,18,15,-3,1,46.0,2300.0,Delivered
PO-13272,SKU-034,WH-EAST,SUP-006,2024-07-05,2024-07-23,2024-07-18,150,150,18,13,-5,1,46.0,6900.0,Delivered
PO-13273,SKU-034,WH-EAST,SUP-006,2024-08-03,2024-08-21,2024-08-19,50,50,18,16,-2,1,46.0,2300.0,Delivered
PO-13274,SKU-034,WH-EAST,SUP-006,2024-08-27,2024-09-14,2024-09-10,125,125,18,14,-4,1,46.0,5750.0,Delivered
PO-13275,SKU-034,WH-EAST,SUP-006,2024-09-24,2024-10-12,2024-10-08,150,150,18,14,-4,1,46.0,6900.0,Delivered
PO-13276,SKU-034,WH-EAST,SUP-006,2024-10-23,2024-11-10,2024-11-10,100,100,18,18,0,1,46.0,4600.0,Delivered
PO-13277,SKU-034,WH-EAST,SUP-006,2024-11-10,2024-11-28,2024-11-26,125,125,18,16,-2,1,46.0,5750.0,Delivered
PO-13278,SKU-034,WH-EAST,SUP-006,2024-12-08,2024-12-26,2024-12-24,125,125,18,16,-2,1,46.0,5750.0,Delivered
PO-13279,SKU-034,WH-EAST,SUP-006,2024-12-25,2025-01-12,2025-01-12,50,50,18,18,0,1,46.0,2300.0,Delivered
PO-13280,SKU-034,WH-EAST,SUP-006,2025-01-12,2025-01-30,2025-01-28,125,125,18,16,-2,1,46.0,5750.0,Delivered
PO-13281,SKU-034,WH-EAST,SUP-006,2025-02-02,2025-02-20,2025-02-20,75,75,18,18,0,1,46.0,3450.0,Delivered
PO-13282,SKU-034,WH-EAST,SUP-006,2025-02-22,2025-03-12,2025-03-10,75,75,18,16,-2,1,46.0,3450.0,Delivered
PO-13283,SKU-034,WH-EAST,SUP-006,2025-03-19,2025-04-06,2025-04-13,75,75,18,25,7,0,46.0,3450.0,Delivered
PO-13284,SKU-034,WH-EAST,SUP-006,2025-04-15,2025-05-03,2025-05-03,75,75,18,18,0,1,46.0,3450.0,Delivered
PO-13285,SKU-034,WH-EAST,SUP-006,2025-05-05,2025-05-23,2025-05-22,50,50,18,17,-1,1,46.0,2300.0,Delivered
PO-13286,SKU-034,WH-EAST,SUP-006,2025-05-23,2025-06-10,2025-06-10,150,150,18,18,0,1,46.0,6900.0,Delivered
PO-13287,SKU-034,WH-EAST,SUP-006,2025-06-20,2025-07-08,2025-07-19,150,150,18,29,11,0,46.0,6900.0,Delivered
PO-13288,SKU-034,WH-EAST,SUP-006,2025-07-12,2025-07-30,2025-07-30,100,100,18,18,0,1,46.0,4600.0,Delivered
PO-13289,SKU-034,WH-EAST,SUP-006,2025-08-07,2025-08-25,2025-08-25,150,150,18,18,0,1,46.0,6900.0,Delivered
PO-13290,SKU-034,WH-EAST,SUP-006,2025-08-21,2025-09-08,2025-09-06,50,50,18,16,-2,1,46.0,2300.0,Delivered
PO-13291,SKU-034,WH-EAST,SUP-006,2025-09-10,2025-09-28,2025-09-28,150,150,18,18,0,1,46.0,6900.0,Delivered
PO-13292,SKU-034,WH-EAST,SUP-006,2025-09-29,2025-10-17,2025-10-17,50,50,18,18,0,1,46.0,2300.0,Delivered
PO-13293,SKU-034,WH-EAST,SUP-006,2025-10-26,2025-11-13,2025-11-11,50,50,18,16,-2,1,46.0,2300.0,Delivered
PO-13294,SKU-034,WH-EAST,SUP-006,2025-11-18,2025-12-06,2025-12-03,150,150,18,15,-3,1,46.0,6900.0,Delivered
PO-13295,SKU-034,WH-CENTRAL,SUP-006,2024-01-15,2024-02-02,2024-02-02,75,75,18,18,0,1,46.0,3450.0,Delivered
PO-13296,SKU-034,WH-CENTRAL,SUP-006,2024-02-03,2024-02-21,2024-02-20,75,75,18,17,-1,1,46.0,3450.0,Delivered
PO-13297,SKU-034,WH-CENTRAL,SUP-006,2024-03-03,2024-03-21,2024-03-19,150,150,18,16,-2,1,46.0,6900.0,Delivered
PO-13298,SKU-034,WH-CENTRAL,SUP-006,2024-03-30,2024-04-17,2024-04-17,50,50,18,18,0,1,46.0,2300.0,Delivered
PO-13299,SKU-034,WH-CENTRAL,SUP-006,2024-04-22,2024-05-10,2024-05-10,125,125,18,18,0,1,46.0,5750.0,Delivered
PO-13300,SKU-034,WH-CENTRAL,SUP-006,2024-05-13,2024-05-31,2024-05-31,75,75,18,18,0,1,46.0,3450.0,Delivered
PO-13301,SKU-034,WH-CENTRAL,SUP-006,2024-06-11,2024-06-29,2024-06-29,100,100,18,18,0,1,46.0,4600.0,Delivered
PO-13302,SKU-034,WH-CENTRAL,SUP-006,2024-07-01,2024-07-19,2024-07-17,75,75,18,16,-2,1,46.0,3450.0,Delivered
PO-13303,SKU-034,WH-CENTRAL,SUP-006,2024-07-29,2024-08-16,2024-08-15,125,125,18,17,-1,1,46.0,5750.0,Delivered
PO-13304,SKU-034,WH-CENTRAL,SUP-006,2024-08-18,2024-09-05,2024-09-05,100,100,18,18,0,1,46.0,4600.0,Delivered
PO-13305,SKU-034,WH-CENTRAL,SUP-006,2024-09-13,2024-10-01,2024-10-01,50,50,18,18,0,1,46.0,2300.0,Delivered
PO-13306,SKU-034,WH-CENTRAL,SUP-006,2024-09-30,2024-10-18,2024-10-18,150,150,18,18,0,1,46.0,6900.0,Delivered
PO-13307,SKU-034,WH-CENTRAL,SUP-006,2024-10-21,2024-11-08,2024-11-17,75,75,18,27,9,0,46.0,3450.0,Delivered
PO-13308,SKU-034,WH-CENTRAL,SUP-006,2024-11-17,2024-12-05,2024-12-03,100,100,18,16,-2,1,46.0,4600.0,Delivered
PO-13309,SKU-034,WH-CENTRAL,SUP-006,2024-12-01,2024-12-19,2024-12-17,150,150,18,16,-2,1,46.0,6900.0,Delivered
PO-13310,SKU-034,WH-CENTRAL,SUP-006,2024-12-23,2025-01-10,2025-01-09,50,50,18,17,-1,1,46.0,2300.0,Delivered
PO-13311,SKU-034,WH-CENTRAL,SUP-006,2025-01-06,2025-01-24,2025-01-24,50,50,18,18,0,1,46.0,2300.0,Delivered
PO-13312,SKU-034,WH-CENTRAL,SUP-006,2025-02-03,2025-02-21,2025-02-20,75,75,18,17,-1,1,46.0,3450.0,Delivered
PO-13313,SKU-034,WH-CENTRAL,SUP-006,2025-03-02,2025-03-20,2025-03-20,50,50,18,18,0,1,46.0,2300.0,Delivered
PO-13314,SKU-034,WH-CENTRAL,SUP-006,2025-03-21,2025-04-08,2025-04-06,150,150,18,16,-2,1,46.0,6900.0,Delivered
PO-13315,SKU-034,WH-CENTRAL,SUP-006,2025-04-17,2025-05-05,2025-05-05,100,100,18,18,0,1,46.0,4600.0,Delivered
PO-13316,SKU-034,WH-CENTRAL,SUP-006,2025-05-07,2025-05-25,2025-05-25,100,100,18,18,0,1,46.0,4600.0,Delivered
PO-13317,SKU-034,WH-CENTRAL,SUP-006,2025-05-29,2025-06-16,2025-06-14,100,100,18,16,-2,1,46.0,4600.0,Delivered
PO-13318,SKU-034,WH-CENTRAL,SUP-006,2025-06-12,2025-06-30,2025-06-30,125,125,18,18,0,1,46.0,5750.0,Delivered
PO-13319,SKU-034,WH-CENTRAL,SUP-006,2025-07-03,2025-07-21,2025-07-21,75,75,18,18,0,1,46.0,3450.0,Delivered
PO-13320,SKU-034,WH-CENTRAL,SUP-006,2025-07-27,2025-08-14,2025-08-14,100,100,18,18,0,1,46.0,4600.0,Delivered
PO-13321,SKU-034,WH-CENTRAL,SUP-006,2025-08-25,2025-09-12,2025-09-12,50,50,18,18,0,1,46.0,2300.0,Delivered
PO-13322,SKU-034,WH-CENTRAL,SUP-006,2025-09-20,2025-10-08,2025-10-08,100,100,18,18,0,1,46.0,4600.0,Delivered
PO-13323,SKU-034,WH-CENTRAL,SUP-006,2025-10-19,2025-11-06,2025-11-03,150,150,18,15,-3,1,46.0,6900.0,Delivered
PO-13324,SKU-034,WH-CENTRAL,SUP-006,2025-11-17,2025-12-05,2025-12-05,150,150,18,18,0,1,46.0,6900.0,Delivered
PO-13325,SKU-034,WH-WEST,SUP-006,2024-01-03,2024-01-21,2024-01-21,100,100,18,18,0,1,46.0,4600.0,Delivered
PO-13326,SKU-034,WH-WEST,SUP-006,2024-02-01,2024-02-19,2024-02-19,75,75,18,18,0,1,46.0,3450.0,Delivered
PO-13327,SKU-034,WH-WEST,SUP-006,2024-02-21,2024-03-10,2024-03-10,125,125,18,18,0,1,46.0,5750.0,Delivered
PO-13328,SKU-034,WH-WEST,SUP-006,2024-03-15,2024-04-02,2024-04-01,150,150,18,17,-1,1,46.0,6900.0,Delivered
PO-13329,SKU-034,WH-WEST,SUP-006,2024-03-31,2024-04-18,2024-04-18,100,100,18,18,0,1,46.0,4600.0,Delivered
PO-13330,SKU-034,WH-WEST,SUP-006,2024-04-22,2024-05-10,2024-05-10,125,125,18,18,0,1,46.0,5750.0,Delivered
PO-13331,SKU-034,WH-WEST,SUP-006,2024-05-10,2024-05-28,2024-06-08,75,75,18,29,11,0,46.0,3450.0,Delivered
PO-13332,SKU-034,WH-WEST,SUP-006,2024-06-07,2024-06-25,2024-06-25,125,125,18,18,0,1,46.0,5750.0,Delivered
PO-13333,SKU-034,WH-WEST,SUP-006,2024-06-30,2024-07-18,2024-07-17,100,100,18,17,-1,1,46.0,4600.0,Delivered
PO-13334,SKU-034,WH-WEST,SUP-006,2024-07-29,2024-08-16,2024-08-16,125,125,18,18,0,1,46.0,5750.0,Delivered
PO-13335,SKU-034,WH-WEST,SUP-006,2024-08-23,2024-09-10,2024-09-10,100,100,18,18,0,1,46.0,4600.0,Delivered
PO-13336,SKU-034,WH-WEST,SUP-006,2024-09-09,2024-09-27,2024-09-27,50,50,18,18,0,1,46.0,2300.0,Delivered
PO-13337,SKU-034,WH-WEST,SUP-006,2024-10-03,2024-10-21,2024-10-19,150,150,18,16,-2,1,46.0,6900.0,Delivered
PO-13338,SKU-034,WH-WEST,SUP-006,2024-10-17,2024-11-04,2024-11-04,100,100,18,18,0,1,46.0,4600.0,Delivered
PO-13339,SKU-034,WH-WEST,SUP-006,2024-11-03,2024-11-21,2024-11-18,75,75,18,15,-3,1,46.0,3450.0,Delivered
PO-13340,SKU-034,WH-WEST,SUP-006,2024-11-20,2024-12-08,2024-12-06,50,50,18,16,-2,1,46.0,2300.0,Delivered
PO-13341,SKU-034,WH-WEST,SUP-006,2024-12-12,2024-12-30,2025-01-15,125,125,18,34,16,0,46.0,5750.0,Delivered
PO-13342,SKU-034,WH-WEST,SUP-006,2025-01-10,2025-01-28,2025-01-28,100,100,18,18,0,1,46.0,4600.0,Delivered
PO-13343,SKU-034,WH-WEST,SUP-006,2025-02-08,2025-02-26,2025-02-26,75,75,18,18,0,1,46.0,3450.0,Delivered
PO-13344,SKU-034,WH-WEST,SUP-006,2025-02-27,2025-03-17,2025-03-12,125,125,18,13,-5,1,46.0,5750.0,Delivered
PO-13345,SKU-034,WH-WEST,SUP-006,2025-03-22,2025-04-09,2025-04-09,50,50,18,18,0,1,46.0,2300.0,Delivered
PO-13346,SKU-034,WH-WEST,SUP-006,2025-04-16,2025-05-04,2025-05-04,50,50,18,18,0,1,46.0,2300.0,Delivered
PO-13347,SKU-034,WH-WEST,SUP-006,2025-05-15,2025-06-02,2025-05-31,125,125,18,16,-2,1,46.0,5750.0,Delivered
PO-13348,SKU-034,WH-WEST,SUP-006,2025-05-31,2025-06-18,2025-06-18,125,125,18,18,0,1,46.0,5750.0,Delivered
PO-13349,SKU-034,WH-WEST,SUP-006,2025-06-29,2025-07-17,2025-07-17,100,100,18,18,0,1,46.0,4600.0,Delivered
PO-13350,SKU-034,WH-WEST,SUP-006,2025-07-22,2025-08-09,2025-08-09,150,150,18,18,0,1,46.0,6900.0,Delivered
PO-13351,SKU-034,WH-WEST,SUP-006,2025-08-11,2025-08-29,2025-08-28,150,150,18,17,-1,1,46.0,6900.0,Delivered
PO-13352,SKU-034,WH-WEST,SUP-006,2025-08-31,2025-09-18,2025-09-15,50,50,18,15,-3,1,46.0,2300.0,Delivered
PO-13353,SKU-034,WH-WEST,SUP-006,2025-09-17,2025-10-05,2025-10-03,150,150,18,16,-2,1,46.0,6900.0,Delivered
PO-13354,SKU-034,WH-WEST,SUP-006,2025-10-11,2025-10-29,2025-10-26,125,125,18,15,-3,1,46.0,5750.0,Delivered
PO-13355,SKU-034,WH-WEST,SUP-006,2025-11-05,2025-11-23,2025-11-23,75,75,18,18,0,1,46.0,3450.0,Delivered
PO-13356,SKU-034,WH-WEST,SUP-006,2025-11-30,2025-12-18,2026-01-16,75,0,18,47,29,0,46.0,3450.0,In-Transit
PO-13357,SKU-035,WH-EAST,SUP-004,2024-01-10,2024-02-07,2024-02-06,60,60,28,27,-1,1,135.0,8100.0,Delivered
PO-13358,SKU-035,WH-EAST,SUP-004,2024-01-31,2024-02-28,2024-02-27,30,30,28,27,-1,1,135.0,4050.0,Delivered
PO-13359,SKU-035,WH-EAST,SUP-004,2024-02-16,2024-03-15,2024-03-14,40,40,28,27,-1,1,135.0,5400.0,Delivered
PO-13360,SKU-035,WH-EAST,SUP-004,2024-03-05,2024-04-02,2024-03-30,30,30,28,25,-3,1,135.0,4050.0,Delivered
PO-13361,SKU-035,WH-EAST,SUP-004,2024-03-24,2024-04-21,2024-04-17,20,20,28,24,-4,1,135.0,2700.0,Delivered
PO-13362,SKU-035,WH-EAST,SUP-004,2024-04-07,2024-05-05,2024-05-01,20,20,28,24,-4,1,135.0,2700.0,Delivered
PO-13363,SKU-035,WH-EAST,SUP-004,2024-04-24,2024-05-22,2024-05-16,60,60,28,22,-6,1,135.0,8100.0,Delivered
PO-13364,SKU-035,WH-EAST,SUP-004,2024-05-21,2024-06-18,2024-06-18,20,20,28,28,0,1,135.0,2700.0,Delivered
PO-13365,SKU-035,WH-EAST,SUP-004,2024-06-16,2024-07-14,2024-07-14,20,20,28,28,0,1,135.0,2700.0,Delivered
PO-13366,SKU-035,WH-EAST,SUP-004,2024-07-10,2024-08-07,2024-08-20,30,30,28,41,13,0,135.0,4050.0,Delivered
PO-13367,SKU-035,WH-EAST,SUP-004,2024-07-31,2024-08-28,2024-08-28,20,20,28,28,0,1,135.0,2700.0,Delivered
PO-13368,SKU-035,WH-EAST,SUP-004,2024-08-29,2024-09-26,2024-09-26,20,20,28,28,0,1,135.0,2700.0,Delivered
PO-13369,SKU-035,WH-EAST,SUP-004,2024-09-15,2024-10-13,2024-11-01,40,40,28,47,19,0,135.0,5400.0,Delivered
PO-13370,SKU-035,WH-EAST,SUP-004,2024-10-07,2024-11-04,2024-11-01,50,50,28,25,-3,1,135.0,6750.0,Delivered
PO-13371,SKU-035,WH-EAST,SUP-004,2024-10-25,2024-11-22,2024-11-21,20,20,28,27,-1,1,135.0,2700.0,Delivered
PO-13372,SKU-035,WH-EAST,SUP-004,2024-11-17,2024-12-15,2024-12-15,30,30,28,28,0,1,135.0,4050.0,Delivered
PO-13373,SKU-035,WH-EAST,SUP-004,2024-12-03,2024-12-31,2024-12-30,40,40,28,27,-1,1,135.0,5400.0,Delivered
PO-13374,SKU-035,WH-EAST,SUP-004,2024-12-21,2025-01-18,2025-01-18,40,40,28,28,0,1,135.0,5400.0,Delivered
PO-13375,SKU-035,WH-EAST,SUP-004,2025-01-19,2025-02-16,2025-02-16,60,60,28,28,0,1,135.0,8100.0,Delivered
PO-13376,SKU-035,WH-EAST,SUP-004,2025-02-08,2025-03-08,2025-03-08,60,60,28,28,0,1,135.0,8100.0,Delivered
PO-13377,SKU-035,WH-EAST,SUP-004,2025-03-07,2025-04-04,2025-03-28,30,30,28,21,-7,1,135.0,4050.0,Delivered
PO-13378,SKU-035,WH-EAST,SUP-004,2025-03-29,2025-04-26,2025-04-25,30,30,28,27,-1,1,135.0,4050.0,Delivered
PO-13379,SKU-035,WH-EAST,SUP-004,2025-04-19,2025-05-17,2025-05-15,20,20,28,26,-2,1,135.0,2700.0,Delivered
PO-13380,SKU-035,WH-EAST,SUP-004,2025-05-05,2025-06-02,2025-07-08,60,60,28,64,36,0,135.0,8100.0,Delivered
PO-13381,SKU-035,WH-EAST,SUP-004,2025-05-29,2025-06-26,2025-07-05,20,20,28,37,9,0,135.0,2700.0,Delivered
PO-13382,SKU-035,WH-EAST,SUP-004,2025-06-16,2025-07-14,2025-07-11,40,40,28,25,-3,1,135.0,5400.0,Delivered
PO-13383,SKU-035,WH-EAST,SUP-004,2025-06-30,2025-07-28,2025-07-25,30,30,28,25,-3,1,135.0,4050.0,Delivered
PO-13384,SKU-035,WH-EAST,SUP-004,2025-07-22,2025-08-19,2025-08-19,30,30,28,28,0,1,135.0,4050.0,Delivered
PO-13385,SKU-035,WH-EAST,SUP-004,2025-08-15,2025-09-12,2025-09-10,20,20,28,26,-2,1,135.0,2700.0,Delivered
PO-13386,SKU-035,WH-EAST,SUP-004,2025-08-29,2025-09-26,2025-09-21,60,60,28,23,-5,1,135.0,8100.0,Delivered
PO-13387,SKU-035,WH-EAST,SUP-004,2025-09-16,2025-10-14,2025-10-11,40,40,28,25,-3,1,135.0,5400.0,Delivered
PO-13388,SKU-035,WH-EAST,SUP-004,2025-10-06,2025-11-03,2025-11-02,20,20,28,27,-1,1,135.0,2700.0,Delivered
PO-13389,SKU-035,WH-EAST,SUP-004,2025-11-02,2025-11-30,2025-11-23,60,60,28,21,-7,1,135.0,8100.0,Delivered
PO-13390,SKU-035,WH-EAST,SUP-004,2025-11-17,2025-12-15,2025-12-14,50,50,28,27,-1,1,135.0,6750.0,Delivered
PO-13391,SKU-035,WH-CENTRAL,SUP-004,2024-01-07,2024-02-04,2024-02-04,40,40,28,28,0,1,135.0,5400.0,Delivered
PO-13392,SKU-035,WH-CENTRAL,SUP-004,2024-02-02,2024-03-01,2024-03-06,40,40,28,33,5,0,135.0,5400.0,Delivered
PO-13393,SKU-035,WH-CENTRAL,SUP-004,2024-02-26,2024-03-25,2024-04-10,60,60,28,44,16,0,135.0,8100.0,Delivered
PO-13394,SKU-035,WH-CENTRAL,SUP-004,2024-03-18,2024-04-15,2024-04-16,20,20,28,29,1,0,135.0,2700.0,Delivered
PO-13395,SKU-035,WH-CENTRAL,SUP-004,2024-04-14,2024-05-12,2024-06-02,20,20,28,49,21,0,135.0,2700.0,Delivered
PO-13396,SKU-035,WH-CENTRAL,SUP-004,2024-05-06,2024-06-03,2024-06-02,50,50,28,27,-1,1,135.0,6750.0,Delivered
PO-13397,SKU-035,WH-CENTRAL,SUP-004,2024-05-26,2024-06-23,2024-06-22,50,50,28,27,-1,1,135.0,6750.0,Delivered
PO-13398,SKU-035,WH-CENTRAL,SUP-004,2024-06-10,2024-07-08,2024-07-08,60,60,28,28,0,1,135.0,8100.0,Delivered
PO-13399,SKU-035,WH-CENTRAL,SUP-004,2024-06-25,2024-07-23,2024-07-19,20,20,28,24,-4,1,135.0,2700.0,Delivered
PO-13400,SKU-035,WH-CENTRAL,SUP-004,2024-07-22,2024-08-19,2024-08-19,30,30,28,28,0,1,135.0,4050.0,Delivered
PO-13401,SKU-035,WH-CENTRAL,SUP-004,2024-08-18,2024-09-15,2024-09-15,30,30,28,28,0,1,135.0,4050.0,Delivered
PO-13402,SKU-035,WH-CENTRAL,SUP-004,2024-09-11,2024-10-09,2024-10-09,50,50,28,28,0,1,135.0,6750.0,Delivered
PO-13403,SKU-035,WH-CENTRAL,SUP-004,2024-09-28,2024-10-26,2024-10-25,40,40,28,27,-1,1,135.0,5400.0,Delivered
PO-13404,SKU-035,WH-CENTRAL,SUP-004,2024-10-20,2024-11-17,2024-11-17,30,30,28,28,0,1,135.0,4050.0,Delivered
PO-13405,SKU-035,WH-CENTRAL,SUP-004,2024-11-15,2024-12-13,2024-12-13,40,40,28,28,0,1,135.0,5400.0,Delivered
PO-13406,SKU-035,WH-CENTRAL,SUP-004,2024-12-02,2024-12-30,2024-12-26,50,50,28,24,-4,1,135.0,6750.0,Delivered
PO-13407,SKU-035,WH-CENTRAL,SUP-004,2024-12-29,2025-01-26,2025-01-26,40,40,28,28,0,1,135.0,5400.0,Delivered
PO-13408,SKU-035,WH-CENTRAL,SUP-004,2025-01-24,2025-02-21,2025-02-21,30,30,28,28,0,1,135.0,4050.0,Delivered
PO-13409,SKU-035,WH-CENTRAL,SUP-004,2025-02-09,2025-03-09,2025-03-09,30,30,28,28,0,1,135.0,4050.0,Delivered
PO-13410,SKU-035,WH-CENTRAL,SUP-004,2025-03-04,2025-04-01,2025-04-18,20,20,28,45,17,0,135.0,2700.0,Delivered
PO-13411,SKU-035,WH-CENTRAL,SUP-004,2025-03-20,2025-04-17,2025-04-12,50,50,28,23,-5,1,135.0,6750.0,Delivered
PO-13412,SKU-035,WH-CENTRAL,SUP-004,2025-04-12,2025-05-10,2025-05-10,20,20,28,28,0,1,135.0,2700.0,Delivered
PO-13413,SKU-035,WH-CENTRAL,SUP-004,2025-04-27,2025-05-25,2025-05-23,40,40,28,26,-2,1,135.0,5400.0,Delivered
PO-13414,SKU-035,WH-CENTRAL,SUP-004,2025-05-20,2025-06-17,2025-06-17,40,40,28,28,0,1,135.0,5400.0,Delivered
PO-13415,SKU-035,WH-CENTRAL,SUP-004,2025-06-13,2025-07-11,2025-07-08,50,50,28,25,-3,1,135.0,6750.0,Delivered
PO-13416,SKU-035,WH-CENTRAL,SUP-004,2025-07-05,2025-08-02,2025-07-29,40,40,28,24,-4,1,135.0,5400.0,Delivered
PO-13417,SKU-035,WH-CENTRAL,SUP-004,2025-07-26,2025-08-23,2025-08-22,50,50,28,27,-1,1,135.0,6750.0,Delivered
PO-13418,SKU-035,WH-CENTRAL,SUP-004,2025-08-15,2025-09-12,2025-09-12,40,40,28,28,0,1,135.0,5400.0,Delivered
PO-13419,SKU-035,WH-CENTRAL,SUP-004,2025-09-10,2025-10-08,2025-10-08,60,60,28,28,0,1,135.0,8100.0,Delivered
PO-13420,SKU-035,WH-CENTRAL,SUP-004,2025-10-03,2025-10-31,2025-10-31,30,30,28,28,0,1,135.0,4050.0,Delivered
PO-13421,SKU-035,WH-CENTRAL,SUP-004,2025-10-25,2025-11-22,2025-11-21,40,40,28,27,-1,1,135.0,5400.0,Delivered
PO-13422,SKU-035,WH-CENTRAL,SUP-004,2025-11-11,2025-12-09,2025-12-09,60,60,28,28,0,1,135.0,8100.0,Delivered
PO-13423,SKU-035,WH-CENTRAL,SUP-004,2025-11-25,2025-12-23,2025-12-29,30,30,28,34,6,0,135.0,4050.0,Delivered
PO-13424,SKU-035,WH-WEST,SUP-004,2024-01-05,2024-02-02,2024-02-26,60,60,28,52,24,0,135.0,8100.0,Delivered
PO-13425,SKU-035,WH-WEST,SUP-004,2024-02-02,2024-03-01,2024-03-01,40,40,28,28,0,1,135.0,5400.0,Delivered
PO-13426,SKU-035,WH-WEST,SUP-004,2024-02-23,2024-03-22,2024-03-22,30,30,28,28,0,1,135.0,4050.0,Delivered
PO-13427,SKU-035,WH-WEST,SUP-004,2024-03-23,2024-04-20,2024-04-20,50,50,28,28,0,1,135.0,6750.0,Delivered
PO-13428,SKU-035,WH-WEST,SUP-004,2024-04-10,2024-05-08,2024-05-08,20,20,28,28,0,1,135.0,2700.0,Delivered
PO-13429,SKU-035,WH-WEST,SUP-004,2024-05-09,2024-06-06,2024-05-30,30,30,28,21,-7,1,135.0,4050.0,Delivered
PO-13430,SKU-035,WH-WEST,SUP-004,2024-05-24,2024-06-21,2024-06-22,60,60,28,29,1,0,135.0,8100.0,Delivered
PO-13431,SKU-035,WH-WEST,SUP-004,2024-06-07,2024-07-05,2024-07-05,50,50,28,28,0,1,135.0,6750.0,Delivered
PO-13432,SKU-035,WH-WEST,SUP-004,2024-07-06,2024-08-03,2024-08-27,50,50,28,52,24,0,135.0,6750.0,Delivered
PO-13433,SKU-035,WH-WEST,SUP-004,2024-08-03,2024-08-31,2024-08-27,60,60,28,24,-4,1,135.0,8100.0,Delivered
PO-13434,SKU-035,WH-WEST,SUP-004,2024-08-26,2024-09-23,2024-09-23,40,40,28,28,0,1,135.0,5400.0,Delivered
PO-13435,SKU-035,WH-WEST,SUP-004,2024-09-17,2024-10-15,2024-10-15,60,60,28,28,0,1,135.0,8100.0,Delivered
PO-13436,SKU-035,WH-WEST,SUP-004,2024-10-12,2024-11-09,2024-11-09,40,40,28,28,0,1,135.0,5400.0,Delivered
PO-13437,SKU-035,WH-WEST,SUP-004,2024-10-29,2024-11-26,2024-11-18,40,40,28,20,-8,1,135.0,5400.0,Delivered
PO-13438,SKU-035,WH-WEST,SUP-004,2024-11-23,2024-12-21,2024-12-21,20,20,28,28,0,1,135.0,2700.0,Delivered
PO-13439,SKU-035,WH-WEST,SUP-004,2024-12-22,2025-01-19,2025-01-19,50,50,28,28,0,1,135.0,6750.0,Delivered
PO-13440,SKU-035,WH-WEST,SUP-004,2025-01-20,2025-02-17,2025-02-17,20,20,28,28,0,1,135.0,2700.0,Delivered
PO-13441,SKU-035,WH-WEST,SUP-004,2025-02-11,2025-03-11,2025-03-24,40,40,28,41,13,0,135.0,5400.0,Delivered
PO-13442,SKU-035,WH-WEST,SUP-004,2025-02-27,2025-03-27,2025-05-15,30,30,28,77,49,0,135.0,4050.0,Delivered
PO-13443,SKU-035,WH-WEST,SUP-004,2025-03-13,2025-04-10,2025-05-10,50,50,28,58,30,0,135.0,6750.0,Delivered
PO-13444,SKU-035,WH-WEST,SUP-004,2025-04-04,2025-05-02,2025-05-02,60,60,28,28,0,1,135.0,8100.0,Delivered
PO-13445,SKU-035,WH-WEST,SUP-004,2025-04-21,2025-05-19,2025-05-19,40,40,28,28,0,1,135.0,5400.0,Delivered
PO-13446,SKU-035,WH-WEST,SUP-004,2025-05-07,2025-06-04,2025-06-04,50,50,28,28,0,1,135.0,6750.0,Delivered
PO-13447,SKU-035,WH-WEST,SUP-004,2025-06-02,2025-06-30,2025-06-26,60,60,28,24,-4,1,135.0,8100.0,Delivered
PO-13448,SKU-035,WH-WEST,SUP-004,2025-06-20,2025-07-18,2025-07-18,30,30,28,28,0,1,135.0,4050.0,Delivered
PO-13449,SKU-035,WH-WEST,SUP-004,2025-07-14,2025-08-11,2025-08-10,40,40,28,27,-1,1,135.0,5400.0,Delivered
PO-13450,SKU-035,WH-WEST,SUP-004,2025-07-30,2025-08-27,2025-08-27,30,30,28,28,0,1,135.0,4050.0,Delivered
PO-13451,SKU-035,WH-WEST,SUP-004,2025-08-18,2025-09-15,2025-09-11,60,60,28,24,-4,1,135.0,8100.0,Delivered
PO-13452,SKU-035,WH-WEST,SUP-004,2025-09-04,2025-10-02,2025-10-15,60,60,28,41,13,0,135.0,8100.0,Delivered
PO-13453,SKU-035,WH-WEST,SUP-004,2025-09-18,2025-10-16,2025-10-16,40,40,28,28,0,1,135.0,5400.0,Delivered
PO-13454,SKU-035,WH-WEST,SUP-004,2025-10-12,2025-11-09,2025-11-09,20,20,28,28,0,1,135.0,2700.0,Delivered
PO-13455,SKU-035,WH-WEST,SUP-004,2025-11-03,2025-12-01,2025-12-01,60,60,28,28,0,1,135.0,8100.0,Delivered
PO-13456,SKU-035,WH-WEST,SUP-004,2025-11-25,2025-12-23,2025-12-23,30,30,28,28,0,1,135.0,4050.0,Delivered
PO-13457,SKU-036,WH-EAST,SUP-004,2024-01-07,2024-02-04,2024-02-04,12,12,28,28,0,1,380.0,4560.0,Delivered
PO-13458,SKU-036,WH-EAST,SUP-004,2024-02-02,2024-03-01,2024-03-02,8,8,28,29,1,0,380.0,3040.0,Delivered
PO-13459,SKU-036,WH-EAST,SUP-004,2024-03-01,2024-03-29,2024-03-29,20,20,28,28,0,1,380.0,7600.0,Delivered
PO-13460,SKU-036,WH-EAST,SUP-004,2024-03-25,2024-04-22,2024-04-18,20,20,28,24,-4,1,380.0,7600.0,Delivered
PO-13461,SKU-036,WH-EAST,SUP-004,2024-04-19,2024-05-17,2024-05-12,24,24,28,23,-5,1,380.0,9120.0,Delivered
PO-13462,SKU-036,WH-EAST,SUP-004,2024-05-07,2024-06-04,2024-06-04,16,16,28,28,0,1,380.0,6080.0,Delivered
PO-13463,SKU-036,WH-EAST,SUP-004,2024-06-01,2024-06-29,2024-06-29,12,12,28,28,0,1,380.0,4560.0,Delivered
PO-13464,SKU-036,WH-EAST,SUP-004,2024-06-29,2024-07-27,2024-07-27,8,8,28,28,0,1,380.0,3040.0,Delivered
PO-13465,SKU-036,WH-EAST,SUP-004,2024-07-16,2024-08-13,2024-08-07,24,24,28,22,-6,1,380.0,9120.0,Delivered
PO-13466,SKU-036,WH-EAST,SUP-004,2024-08-10,2024-09-07,2024-09-07,20,20,28,28,0,1,380.0,7600.0,Delivered
PO-13467,SKU-036,WH-EAST,SUP-004,2024-08-27,2024-09-24,2024-09-21,24,24,28,25,-3,1,380.0,9120.0,Delivered
PO-13468,SKU-036,WH-EAST,SUP-004,2024-09-20,2024-10-18,2024-10-18,20,20,28,28,0,1,380.0,7600.0,Delivered
PO-13469,SKU-036,WH-EAST,SUP-004,2024-10-15,2024-11-12,2024-11-10,20,20,28,26,-2,1,380.0,7600.0,Delivered
PO-13470,SKU-036,WH-EAST,SUP-004,2024-11-12,2024-12-10,2024-12-10,12,12,28,28,0,1,380.0,4560.0,Delivered
PO-13471,SKU-036,WH-EAST,SUP-004,2024-11-29,2024-12-27,2024-12-27,8,8,28,28,0,1,380.0,3040.0,Delivered
PO-13472,SKU-036,WH-EAST,SUP-004,2024-12-26,2025-01-23,2025-01-23,8,8,28,28,0,1,380.0,3040.0,Delivered
PO-13473,SKU-036,WH-EAST,SUP-004,2025-01-12,2025-02-09,2025-02-07,12,12,28,26,-2,1,380.0,4560.0,Delivered
PO-13474,SKU-036,WH-EAST,SUP-004,2025-01-30,2025-02-27,2025-03-07,12,12,28,36,8,0,380.0,4560.0,Delivered
PO-13475,SKU-036,WH-EAST,SUP-004,2025-02-18,2025-03-18,2025-03-18,12,12,28,28,0,1,380.0,4560.0,Delivered
PO-13476,SKU-036,WH-EAST,SUP-004,2025-03-19,2025-04-16,2025-04-16,16,16,28,28,0,1,380.0,6080.0,Delivered
PO-13477,SKU-036,WH-EAST,SUP-004,2025-04-06,2025-05-04,2025-05-04,20,20,28,28,0,1,380.0,7600.0,Delivered
PO-13478,SKU-036,WH-EAST,SUP-004,2025-04-20,2025-05-18,2025-05-18,8,8,28,28,0,1,380.0,3040.0,Delivered
PO-13479,SKU-036,WH-EAST,SUP-004,2025-05-08,2025-06-05,2025-06-05,20,20,28,28,0,1,380.0,7600.0,Delivered
PO-13480,SKU-036,WH-EAST,SUP-004,2025-06-02,2025-06-30,2025-06-30,20,20,28,28,0,1,380.0,7600.0,Delivered
PO-13481,SKU-036,WH-EAST,SUP-004,2025-06-29,2025-07-27,2025-07-24,24,24,28,25,-3,1,380.0,9120.0,Delivered
PO-13482,SKU-036,WH-EAST,SUP-004,2025-07-17,2025-08-14,2025-08-17,16,16,28,31,3,0,380.0,6080.0,Delivered
PO-13483,SKU-036,WH-EAST,SUP-004,2025-08-08,2025-09-05,2025-09-08,12,12,28,31,3,0,380.0,4560.0,Delivered
PO-13484,SKU-036,WH-EAST,SUP-004,2025-08-22,2025-09-19,2025-09-19,24,24,28,28,0,1,380.0,9120.0,Delivered
PO-13485,SKU-036,WH-EAST,SUP-004,2025-09-19,2025-10-17,2025-10-17,8,8,28,28,0,1,380.0,3040.0,Delivered
PO-13486,SKU-036,WH-EAST,SUP-004,2025-10-14,2025-11-11,2025-11-11,24,24,28,28,0,1,380.0,9120.0,Delivered
PO-13487,SKU-036,WH-EAST,SUP-004,2025-10-29,2025-11-26,2025-11-25,16,16,28,27,-1,1,380.0,6080.0,Delivered
PO-13488,SKU-036,WH-EAST,SUP-004,2025-11-19,2025-12-17,2025-12-09,24,24,28,20,-8,1,380.0,9120.0,Delivered
PO-13489,SKU-036,WH-CENTRAL,SUP-004,2024-01-11,2024-02-08,2024-02-08,20,20,28,28,0,1,380.0,7600.0,Delivered
PO-13490,SKU-036,WH-CENTRAL,SUP-004,2024-02-07,2024-03-06,2024-03-19,12,12,28,41,13,0,380.0,4560.0,Delivered
PO-13491,SKU-036,WH-CENTRAL,SUP-004,2024-03-01,2024-03-29,2024-03-29,20,20,28,28,0,1,380.0,7600.0,Delivered
PO-13492,SKU-036,WH-CENTRAL,SUP-004,2024-03-25,2024-04-22,2024-05-17,16,16,28,53,25,0,380.0,6080.0,Delivered
PO-13493,SKU-036,WH-CENTRAL,SUP-004,2024-04-17,2024-05-15,2024-05-10,16,16,28,23,-5,1,380.0,6080.0,Delivered
PO-13494,SKU-036,WH-CENTRAL,SUP-004,2024-05-14,2024-06-11,2024-06-17,8,8,28,34,6,0,380.0,3040.0,Delivered
PO-13495,SKU-036,WH-CENTRAL,SUP-004,2024-05-28,2024-06-25,2024-07-07,24,24,28,40,12,0,380.0,9120.0,Delivered
PO-13496,SKU-036,WH-CENTRAL,SUP-004,2024-06-22,2024-07-20,2024-07-20,12,12,28,28,0,1,380.0,4560.0,Delivered
PO-13497,SKU-036,WH-CENTRAL,SUP-004,2024-07-06,2024-08-03,2024-08-03,20,20,28,28,0,1,380.0,7600.0,Delivered
PO-13498,SKU-036,WH-CENTRAL,SUP-004,2024-07-22,2024-08-19,2024-08-19,8,8,28,28,0,1,380.0,3040.0,Delivered
PO-13499,SKU-036,WH-CENTRAL,SUP-004,2024-08-20,2024-09-17,2024-09-13,16,16,28,24,-4,1,380.0,6080.0,Delivered
PO-13500,SKU-036,WH-CENTRAL,SUP-004,2024-09-12,2024-10-10,2024-10-10,8,8,28,28,0,1,380.0,3040.0,Delivered
PO-13501,SKU-036,WH-CENTRAL,SUP-004,2024-10-08,2024-11-05,2024-11-05,8,8,28,28,0,1,380.0,3040.0,Delivered
PO-13502,SKU-036,WH-CENTRAL,SUP-004,2024-11-03,2024-12-01,2024-12-01,12,12,28,28,0,1,380.0,4560.0,Delivered
PO-13503,SKU-036,WH-CENTRAL,SUP-004,2024-11-24,2024-12-22,2024-12-22,12,12,28,28,0,1,380.0,4560.0,Delivered
PO-13504,SKU-036,WH-CENTRAL,SUP-004,2024-12-14,2025-01-11,2025-01-07,8,8,28,24,-4,1,380.0,3040.0,Delivered
PO-13505,SKU-036,WH-CENTRAL,SUP-004,2024-12-29,2025-01-26,2025-01-26,24,24,28,28,0,1,380.0,9120.0,Delivered
PO-13506,SKU-036,WH-CENTRAL,SUP-004,2025-01-25,2025-02-22,2025-02-22,20,20,28,28,0,1,380.0,7600.0,Delivered
PO-13507,SKU-036,WH-CENTRAL,SUP-004,2025-02-10,2025-03-10,2025-03-10,20,20,28,28,0,1,380.0,7600.0,Delivered
PO-13508,SKU-036,WH-CENTRAL,SUP-004,2025-03-10,2025-04-07,2025-04-07,8,8,28,28,0,1,380.0,3040.0,Delivered
PO-13509,SKU-036,WH-CENTRAL,SUP-004,2025-04-08,2025-05-06,2025-05-12,12,12,28,34,6,0,380.0,4560.0,Delivered
PO-13510,SKU-036,WH-CENTRAL,SUP-004,2025-04-29,2025-05-27,2025-05-23,20,20,28,24,-4,1,380.0,7600.0,Delivered
PO-13511,SKU-036,WH-CENTRAL,SUP-004,2025-05-21,2025-06-18,2025-06-18,16,16,28,28,0,1,380.0,6080.0,Delivered
PO-13512,SKU-036,WH-CENTRAL,SUP-004,2025-06-14,2025-07-12,2025-07-12,12,12,28,28,0,1,380.0,4560.0,Delivered
PO-13513,SKU-036,WH-CENTRAL,SUP-004,2025-06-30,2025-07-28,2025-07-28,12,12,28,28,0,1,380.0,4560.0,Delivered
PO-13514,SKU-036,WH-CENTRAL,SUP-004,2025-07-21,2025-08-18,2025-08-14,8,8,28,24,-4,1,380.0,3040.0,Delivered
PO-13515,SKU-036,WH-CENTRAL,SUP-004,2025-08-12,2025-09-09,2025-09-08,24,24,28,27,-1,1,380.0,9120.0,Delivered
PO-13516,SKU-036,WH-CENTRAL,SUP-004,2025-09-02,2025-09-30,2025-09-30,12,12,28,28,0,1,380.0,4560.0,Delivered
PO-13517,SKU-036,WH-CENTRAL,SUP-004,2025-09-16,2025-10-14,2025-10-14,12,12,28,28,0,1,380.0,4560.0,Delivered
PO-13518,SKU-036,WH-CENTRAL,SUP-004,2025-10-05,2025-11-02,2025-11-02,8,8,28,28,0,1,380.0,3040.0,Delivered
PO-13519,SKU-036,WH-CENTRAL,SUP-004,2025-10-24,2025-11-21,2025-11-26,20,20,28,33,5,0,380.0,7600.0,Delivered
PO-13520,SKU-036,WH-CENTRAL,SUP-004,2025-11-14,2025-12-12,2025-12-12,12,12,28,28,0,1,380.0,4560.0,Delivered
PO-13521,SKU-036,WH-WEST,SUP-004,2024-01-12,2024-02-09,2024-02-06,12,12,28,25,-3,1,380.0,4560.0,Delivered
PO-13522,SKU-036,WH-WEST,SUP-004,2024-02-03,2024-03-02,2024-03-01,12,12,28,27,-1,1,380.0,4560.0,Delivered
PO-13523,SKU-036,WH-WEST,SUP-004,2024-02-28,2024-03-27,2024-03-27,16,16,28,28,0,1,380.0,6080.0,Delivered
PO-13524,SKU-036,WH-WEST,SUP-004,2024-03-17,2024-04-14,2024-04-15,24,24,28,29,1,0,380.0,9120.0,Delivered
PO-13525,SKU-036,WH-WEST,SUP-004,2024-04-04,2024-05-02,2024-05-01,16,16,28,27,-1,1,380.0,6080.0,Delivered
PO-13526,SKU-036,WH-WEST,SUP-004,2024-04-29,2024-05-27,2024-05-27,12,12,28,28,0,1,380.0,4560.0,Delivered
PO-13527,SKU-036,WH-WEST,SUP-004,2024-05-18,2024-06-15,2024-06-19,16,16,28,32,4,0,380.0,6080.0,Delivered
PO-13528,SKU-036,WH-WEST,SUP-004,2024-06-11,2024-07-09,2024-07-09,12,12,28,28,0,1,380.0,4560.0,Delivered
PO-13529,SKU-036,WH-WEST,SUP-004,2024-07-05,2024-08-02,2024-08-02,8,8,28,28,0,1,380.0,3040.0,Delivered
PO-13530,SKU-036,WH-WEST,SUP-004,2024-07-20,2024-08-17,2024-08-14,20,20,28,25,-3,1,380.0,7600.0,Delivered
PO-13531,SKU-036,WH-WEST,SUP-004,2024-08-10,2024-09-07,2024-09-07,16,16,28,28,0,1,380.0,6080.0,Delivered
PO-13532,SKU-036,WH-WEST,SUP-004,2024-09-03,2024-10-01,2024-09-28,20,20,28,25,-3,1,380.0,7600.0,Delivered
PO-13533,SKU-036,WH-WEST,SUP-004,2024-09-29,2024-10-27,2024-10-27,16,16,28,28,0,1,380.0,6080.0,Delivered
PO-13534,SKU-036,WH-WEST,SUP-004,2024-10-24,2024-11-21,2024-11-26,8,8,28,33,5,0,380.0,3040.0,Delivered
PO-13535,SKU-036,WH-WEST,SUP-004,2024-11-15,2024-12-13,2024-12-10,16,16,28,25,-3,1,380.0,6080.0,Delivered
PO-13536,SKU-036,WH-WEST,SUP-004,2024-12-09,2025-01-06,2025-01-25,20,20,28,47,19,0,380.0,7600.0,Delivered
PO-13537,SKU-036,WH-WEST,SUP-004,2024-12-29,2025-01-26,2025-01-26,20,20,28,28,0,1,380.0,7600.0,Delivered
PO-13538,SKU-036,WH-WEST,SUP-004,2025-01-17,2025-02-14,2025-02-09,16,16,28,23,-5,1,380.0,6080.0,Delivered
PO-13539,SKU-036,WH-WEST,SUP-004,2025-02-05,2025-03-05,2025-03-02,24,24,28,25,-3,1,380.0,9120.0,Delivered
PO-13540,SKU-036,WH-WEST,SUP-004,2025-02-22,2025-03-22,2025-03-22,12,12,28,28,0,1,380.0,4560.0,Delivered
PO-13541,SKU-036,WH-WEST,SUP-004,2025-03-16,2025-04-13,2025-04-13,16,16,28,28,0,1,380.0,6080.0,Delivered
PO-13542,SKU-036,WH-WEST,SUP-004,2025-04-08,2025-05-06,2025-05-02,12,12,28,24,-4,1,380.0,4560.0,Delivered
PO-13543,SKU-036,WH-WEST,SUP-004,2025-04-30,2025-05-28,2025-05-28,20,20,28,28,0,1,380.0,7600.0,Delivered
PO-13544,SKU-036,WH-WEST,SUP-004,2025-05-29,2025-06-26,2025-06-20,24,24,28,22,-6,1,380.0,9120.0,Delivered
PO-13545,SKU-036,WH-WEST,SUP-004,2025-06-22,2025-07-20,2025-08-08,12,12,28,47,19,0,380.0,4560.0,Delivered
PO-13546,SKU-036,WH-WEST,SUP-004,2025-07-07,2025-08-04,2025-08-01,8,8,28,25,-3,1,380.0,3040.0,Delivered
PO-13547,SKU-036,WH-WEST,SUP-004,2025-08-05,2025-09-02,2025-09-09,20,20,28,35,7,0,380.0,7600.0,Delivered
PO-13548,SKU-036,WH-WEST,SUP-004,2025-08-22,2025-09-19,2025-09-17,8,8,28,26,-2,1,380.0,3040.0,Delivered
PO-13549,SKU-036,WH-WEST,SUP-004,2025-09-20,2025-10-18,2025-10-18,24,24,28,28,0,1,380.0,9120.0,Delivered
PO-13550,SKU-036,WH-WEST,SUP-004,2025-10-04,2025-11-01,2025-11-01,8,8,28,28,0,1,380.0,3040.0,Delivered
PO-13551,SKU-036,WH-WEST,SUP-004,2025-10-28,2025-11-25,2025-11-25,12,12,28,28,0,1,380.0,4560.0,Delivered
PO-13552,SKU-036,WH-WEST,SUP-004,2025-11-26,2025-12-24,2025-12-24,16,16,28,28,0,1,380.0,6080.0,Delivered
PO-13553,SKU-037,WH-EAST,SUP-004,2024-01-11,2024-02-08,2024-02-07,72,72,28,27,-1,1,72.0,5184.0,Delivered
PO-13554,SKU-037,WH-EAST,SUP-004,2024-02-03,2024-03-02,2024-03-02,90,90,28,28,0,1,72.0,6480.0,Delivered
PO-13555,SKU-037,WH-EAST,SUP-004,2024-02-23,2024-03-22,2024-03-29,36,36,28,35,7,0,72.0,2592.0,Delivered
PO-13556,SKU-037,WH-EAST,SUP-004,2024-03-18,2024-04-15,2024-04-15,54,54,28,28,0,1,72.0,3888.0,Delivered
PO-13557,SKU-037,WH-EAST,SUP-004,2024-04-10,2024-05-08,2024-05-02,54,54,28,22,-6,1,72.0,3888.0,Delivered
PO-13558,SKU-037,WH-EAST,SUP-004,2024-04-26,2024-05-24,2024-06-21,72,72,28,56,28,0,72.0,5184.0,Delivered
PO-13559,SKU-037,WH-EAST,SUP-004,2024-05-15,2024-06-12,2024-06-12,36,36,28,28,0,1,72.0,2592.0,Delivered
PO-13560,SKU-037,WH-EAST,SUP-004,2024-06-06,2024-07-04,2024-07-04,36,36,28,28,0,1,72.0,2592.0,Delivered
PO-13561,SKU-037,WH-EAST,SUP-004,2024-06-30,2024-07-28,2024-07-28,108,108,28,28,0,1,72.0,7776.0,Delivered
PO-13562,SKU-037,WH-EAST,SUP-004,2024-07-29,2024-08-26,2024-09-18,90,90,28,51,23,0,72.0,6480.0,Delivered
PO-13563,SKU-037,WH-EAST,SUP-004,2024-08-26,2024-09-23,2024-09-23,36,36,28,28,0,1,72.0,2592.0,Delivered
PO-13564,SKU-037,WH-EAST,SUP-004,2024-09-18,2024-10-16,2024-11-15,108,108,28,58,30,0,72.0,7776.0,Delivered
PO-13565,SKU-037,WH-EAST,SUP-004,2024-10-11,2024-11-08,2024-11-08,36,36,28,28,0,1,72.0,2592.0,Delivered
PO-13566,SKU-037,WH-EAST,SUP-004,2024-11-04,2024-12-02,2024-11-29,108,108,28,25,-3,1,72.0,7776.0,Delivered
PO-13567,SKU-037,WH-EAST,SUP-004,2024-11-27,2024-12-25,2024-12-26,90,90,28,29,1,0,72.0,6480.0,Delivered
PO-13568,SKU-037,WH-EAST,SUP-004,2024-12-20,2025-01-17,2025-01-17,72,72,28,28,0,1,72.0,5184.0,Delivered
PO-13569,SKU-037,WH-EAST,SUP-004,2025-01-16,2025-02-13,2025-02-09,108,108,28,24,-4,1,72.0,7776.0,Delivered
PO-13570,SKU-037,WH-EAST,SUP-004,2025-02-14,2025-03-14,2025-03-11,108,108,28,25,-3,1,72.0,7776.0,Delivered
PO-13571,SKU-037,WH-EAST,SUP-004,2025-03-11,2025-04-08,2025-04-16,54,54,28,36,8,0,72.0,3888.0,Delivered
PO-13572,SKU-037,WH-EAST,SUP-004,2025-04-08,2025-05-06,2025-05-05,36,36,28,27,-1,1,72.0,2592.0,Delivered
PO-13573,SKU-037,WH-EAST,SUP-004,2025-04-26,2025-05-24,2025-05-24,54,54,28,28,0,1,72.0,3888.0,Delivered
PO-13574,SKU-037,WH-EAST,SUP-004,2025-05-18,2025-06-15,2025-06-12,72,72,28,25,-3,1,72.0,5184.0,Delivered
PO-13575,SKU-037,WH-EAST,SUP-004,2025-06-12,2025-07-10,2025-07-10,90,90,28,28,0,1,72.0,6480.0,Delivered
PO-13576,SKU-037,WH-EAST,SUP-004,2025-07-03,2025-07-31,2025-07-28,108,108,28,25,-3,1,72.0,7776.0,Delivered
PO-13577,SKU-037,WH-EAST,SUP-004,2025-07-25,2025-08-22,2025-08-20,72,72,28,26,-2,1,72.0,5184.0,Delivered
PO-13578,SKU-037,WH-EAST,SUP-004,2025-08-14,2025-09-11,2025-09-12,54,54,28,29,1,0,72.0,3888.0,Delivered
PO-13579,SKU-037,WH-EAST,SUP-004,2025-09-08,2025-10-06,2025-10-03,36,36,28,25,-3,1,72.0,2592.0,Delivered
PO-13580,SKU-037,WH-EAST,SUP-004,2025-09-28,2025-10-26,2025-10-22,36,36,28,24,-4,1,72.0,2592.0,Delivered
PO-13581,SKU-037,WH-EAST,SUP-004,2025-10-20,2025-11-17,2025-11-15,54,54,28,26,-2,1,72.0,3888.0,Delivered
PO-13582,SKU-037,WH-EAST,SUP-004,2025-11-07,2025-12-05,2025-12-05,72,72,28,28,0,1,72.0,5184.0,Delivered
PO-13583,SKU-037,WH-EAST,SUP-004,2025-11-21,2025-12-19,2025-12-19,36,36,28,28,0,1,72.0,2592.0,Delivered
PO-13584,SKU-037,WH-CENTRAL,SUP-004,2024-01-02,2024-01-30,2024-01-30,54,54,28,28,0,1,72.0,3888.0,Delivered
PO-13585,SKU-037,WH-CENTRAL,SUP-004,2024-01-19,2024-02-16,2024-02-13,90,90,28,25,-3,1,72.0,6480.0,Delivered
PO-13586,SKU-037,WH-CENTRAL,SUP-004,2024-02-03,2024-03-02,2024-03-02,72,72,28,28,0,1,72.0,5184.0,Delivered
PO-13587,SKU-037,WH-CENTRAL,SUP-004,2024-02-23,2024-03-22,2024-04-13,108,108,28,50,22,0,72.0,7776.0,Delivered
PO-13588,SKU-037,WH-CENTRAL,SUP-004,2024-03-19,2024-04-16,2024-04-15,108,108,28,27,-1,1,72.0,7776.0,Delivered
PO-13589,SKU-037,WH-CENTRAL,SUP-004,2024-04-15,2024-05-13,2024-05-11,54,54,28,26,-2,1,72.0,3888.0,Delivered
PO-13590,SKU-037,WH-CENTRAL,SUP-004,2024-05-01,2024-05-29,2024-05-29,72,72,28,28,0,1,72.0,5184.0,Delivered
PO-13591,SKU-037,WH-CENTRAL,SUP-004,2024-05-18,2024-06-15,2024-06-14,108,108,28,27,-1,1,72.0,7776.0,Delivered
PO-13592,SKU-037,WH-CENTRAL,SUP-004,2024-06-04,2024-07-02,2024-07-02,90,90,28,28,0,1,72.0,6480.0,Delivered
PO-13593,SKU-037,WH-CENTRAL,SUP-004,2024-06-28,2024-07-26,2024-07-24,54,54,28,26,-2,1,72.0,3888.0,Delivered
PO-13594,SKU-037,WH-CENTRAL,SUP-004,2024-07-20,2024-08-17,2024-09-13,36,36,28,55,27,0,72.0,2592.0,Delivered
PO-13595,SKU-037,WH-CENTRAL,SUP-004,2024-08-18,2024-09-15,2024-10-13,72,72,28,56,28,0,72.0,5184.0,Delivered
PO-13596,SKU-037,WH-CENTRAL,SUP-004,2024-09-06,2024-10-04,2024-10-07,90,90,28,31,3,0,72.0,6480.0,Delivered
PO-13597,SKU-037,WH-CENTRAL,SUP-004,2024-09-22,2024-10-20,2024-10-16,54,54,28,24,-4,1,72.0,3888.0,Delivered
PO-13598,SKU-037,WH-CENTRAL,SUP-004,2024-10-15,2024-11-12,2024-11-08,108,108,28,24,-4,1,72.0,7776.0,Delivered
PO-13599,SKU-037,WH-CENTRAL,SUP-004,2024-11-12,2024-12-10,2024-12-07,36,36,28,25,-3,1,72.0,2592.0,Delivered
PO-13600,SKU-037,WH-CENTRAL,SUP-004,2024-12-10,2025-01-07,2025-01-06,72,72,28,27,-1,1,72.0,5184.0,Delivered
PO-13601,SKU-037,WH-CENTRAL,SUP-004,2024-12-24,2025-01-21,2025-01-23,36,36,28,30,2,0,72.0,2592.0,Delivered
PO-13602,SKU-037,WH-CENTRAL,SUP-004,2025-01-18,2025-02-15,2025-03-01,36,36,28,42,14,0,72.0,2592.0,Delivered
PO-13603,SKU-037,WH-CENTRAL,SUP-004,2025-02-09,2025-03-09,2025-03-04,72,72,28,23,-5,1,72.0,5184.0,Delivered
PO-13604,SKU-037,WH-CENTRAL,SUP-004,2025-03-10,2025-04-07,2025-04-07,108,108,28,28,0,1,72.0,7776.0,Delivered
PO-13605,SKU-037,WH-CENTRAL,SUP-004,2025-04-04,2025-05-02,2025-05-02,72,72,28,28,0,1,72.0,5184.0,Delivered
PO-13606,SKU-037,WH-CENTRAL,SUP-004,2025-04-28,2025-05-26,2025-05-26,108,108,28,28,0,1,72.0,7776.0,Delivered
PO-13607,SKU-037,WH-CENTRAL,SUP-004,2025-05-21,2025-06-18,2025-06-18,36,36,28,28,0,1,72.0,2592.0,Delivered
PO-13608,SKU-037,WH-CENTRAL,SUP-004,2025-06-08,2025-07-06,2025-07-08,54,54,28,30,2,0,72.0,3888.0,Delivered
PO-13609,SKU-037,WH-CENTRAL,SUP-004,2025-06-29,2025-07-27,2025-07-27,54,54,28,28,0,1,72.0,3888.0,Delivered
PO-13610,SKU-037,WH-CENTRAL,SUP-004,2025-07-25,2025-08-22,2025-08-22,90,90,28,28,0,1,72.0,6480.0,Delivered
PO-13611,SKU-037,WH-CENTRAL,SUP-004,2025-08-14,2025-09-11,2025-09-11,54,54,28,28,0,1,72.0,3888.0,Delivered
PO-13612,SKU-037,WH-CENTRAL,SUP-004,2025-08-28,2025-09-25,2025-09-25,90,90,28,28,0,1,72.0,6480.0,Delivered
PO-13613,SKU-037,WH-CENTRAL,SUP-004,2025-09-13,2025-10-11,2025-10-11,36,36,28,28,0,1,72.0,2592.0,Delivered
PO-13614,SKU-037,WH-CENTRAL,SUP-004,2025-09-28,2025-10-26,2025-10-26,36,36,28,28,0,1,72.0,2592.0,Delivered
PO-13615,SKU-037,WH-CENTRAL,SUP-004,2025-10-16,2025-11-13,2025-11-13,72,72,28,28,0,1,72.0,5184.0,Delivered
PO-13616,SKU-037,WH-CENTRAL,SUP-004,2025-11-01,2025-11-29,2025-11-29,72,72,28,28,0,1,72.0,5184.0,Delivered
PO-13617,SKU-037,WH-CENTRAL,SUP-004,2025-11-21,2025-12-19,2025-12-10,72,72,28,19,-9,1,72.0,5184.0,Delivered
PO-13618,SKU-037,WH-WEST,SUP-004,2024-01-09,2024-02-06,2024-02-29,72,72,28,51,23,0,72.0,5184.0,Delivered
PO-13619,SKU-037,WH-WEST,SUP-004,2024-02-06,2024-03-05,2024-03-04,72,72,28,27,-1,1,72.0,5184.0,Delivered
PO-13620,SKU-037,WH-WEST,SUP-004,2024-02-29,2024-03-28,2024-04-01,72,72,28,32,4,0,72.0,5184.0,Delivered
PO-13621,SKU-037,WH-WEST,SUP-004,2024-03-14,2024-04-11,2024-04-13,54,54,28,30,2,0,72.0,3888.0,Delivered
PO-13622,SKU-037,WH-WEST,SUP-004,2024-04-03,2024-05-01,2024-05-01,90,90,28,28,0,1,72.0,6480.0,Delivered
PO-13623,SKU-037,WH-WEST,SUP-004,2024-04-24,2024-05-22,2024-05-22,108,108,28,28,0,1,72.0,7776.0,Delivered
PO-13624,SKU-037,WH-WEST,SUP-004,2024-05-12,2024-06-09,2024-06-07,108,108,28,26,-2,1,72.0,7776.0,Delivered
PO-13625,SKU-037,WH-WEST,SUP-004,2024-05-29,2024-06-26,2024-06-21,90,90,28,23,-5,1,72.0,6480.0,Delivered
PO-13626,SKU-037,WH-WEST,SUP-004,2024-06-20,2024-07-18,2024-07-18,108,108,28,28,0,1,72.0,7776.0,Delivered
PO-13627,SKU-037,WH-WEST,SUP-004,2024-07-13,2024-08-10,2024-08-10,36,36,28,28,0,1,72.0,2592.0,Delivered
PO-13628,SKU-037,WH-WEST,SUP-004,2024-08-03,2024-08-31,2024-09-13,90,90,28,41,13,0,72.0,6480.0,Delivered
PO-13629,SKU-037,WH-WEST,SUP-004,2024-09-01,2024-09-29,2024-10-03,36,36,28,32,4,0,72.0,2592.0,Delivered
PO-13630,SKU-037,WH-WEST,SUP-004,2024-09-27,2024-10-25,2024-10-25,90,90,28,28,0,1,72.0,6480.0,Delivered
PO-13631,SKU-037,WH-WEST,SUP-004,2024-10-11,2024-11-08,2024-11-07,90,90,28,27,-1,1,72.0,6480.0,Delivered
PO-13632,SKU-037,WH-WEST,SUP-004,2024-11-07,2024-12-05,2024-12-05,72,72,28,28,0,1,72.0,5184.0,Delivered
PO-13633,SKU-037,WH-WEST,SUP-004,2024-12-01,2024-12-29,2024-12-29,36,36,28,28,0,1,72.0,2592.0,Delivered
PO-13634,SKU-037,WH-WEST,SUP-004,2024-12-29,2025-01-26,2025-01-30,90,90,28,32,4,0,72.0,6480.0,Delivered
PO-13635,SKU-037,WH-WEST,SUP-004,2025-01-15,2025-02-12,2025-02-14,54,54,28,30,2,0,72.0,3888.0,Delivered
PO-13636,SKU-037,WH-WEST,SUP-004,2025-01-29,2025-02-26,2025-02-20,108,108,28,22,-6,1,72.0,7776.0,Delivered
PO-13637,SKU-037,WH-WEST,SUP-004,2025-02-15,2025-03-15,2025-03-25,72,72,28,38,10,0,72.0,5184.0,Delivered
PO-13638,SKU-037,WH-WEST,SUP-004,2025-03-01,2025-03-29,2025-04-03,108,108,28,33,5,0,72.0,7776.0,Delivered
PO-13639,SKU-037,WH-WEST,SUP-004,2025-03-15,2025-04-12,2025-04-12,90,90,28,28,0,1,72.0,6480.0,Delivered
PO-13640,SKU-037,WH-WEST,SUP-004,2025-04-13,2025-05-11,2025-05-11,108,108,28,28,0,1,72.0,7776.0,Delivered
PO-13641,SKU-037,WH-WEST,SUP-004,2025-05-06,2025-06-03,2025-06-06,36,36,28,31,3,0,72.0,2592.0,Delivered
PO-13642,SKU-037,WH-WEST,SUP-004,2025-05-20,2025-06-17,2025-06-14,90,90,28,25,-3,1,72.0,6480.0,Delivered
PO-13643,SKU-037,WH-WEST,SUP-004,2025-06-15,2025-07-13,2025-07-11,36,36,28,26,-2,1,72.0,2592.0,Delivered
PO-13644,SKU-037,WH-WEST,SUP-004,2025-07-04,2025-08-01,2025-08-01,72,72,28,28,0,1,72.0,5184.0,Delivered
PO-13645,SKU-037,WH-WEST,SUP-004,2025-07-23,2025-08-20,2025-08-20,72,72,28,28,0,1,72.0,5184.0,Delivered
PO-13646,SKU-037,WH-WEST,SUP-004,2025-08-14,2025-09-11,2025-09-11,108,108,28,28,0,1,72.0,7776.0,Delivered
PO-13647,SKU-037,WH-WEST,SUP-004,2025-09-08,2025-10-06,2025-10-06,36,36,28,28,0,1,72.0,2592.0,Delivered
PO-13648,SKU-037,WH-WEST,SUP-004,2025-10-02,2025-10-30,2025-10-25,36,36,28,23,-5,1,72.0,2592.0,Delivered
PO-13649,SKU-037,WH-WEST,SUP-004,2025-10-28,2025-11-25,2025-11-25,54,54,28,28,0,1,72.0,3888.0,Delivered
PO-13650,SKU-037,WH-WEST,SUP-004,2025-11-23,2025-12-21,2025-12-20,36,36,28,27,-1,1,72.0,2592.0,Delivered
PO-13651,SKU-038,WH-EAST,SUP-006,2024-01-11,2024-01-29,2024-01-29,45,45,18,18,0,1,98.0,4410.0,Delivered
PO-13652,SKU-038,WH-EAST,SUP-006,2024-02-03,2024-02-21,2024-02-19,30,30,18,16,-2,1,98.0,2940.0,Delivered
PO-13653,SKU-038,WH-EAST,SUP-006,2024-02-22,2024-03-11,2024-03-17,45,45,18,24,6,0,98.0,4410.0,Delivered
PO-13654,SKU-038,WH-EAST,SUP-006,2024-03-18,2024-04-05,2024-04-05,75,75,18,18,0,1,98.0,7350.0,Delivered
PO-13655,SKU-038,WH-EAST,SUP-006,2024-04-01,2024-04-19,2024-04-19,30,30,18,18,0,1,98.0,2940.0,Delivered
PO-13656,SKU-038,WH-EAST,SUP-006,2024-04-22,2024-05-10,2024-05-16,90,90,18,24,6,0,98.0,8820.0,Delivered
PO-13657,SKU-038,WH-EAST,SUP-006,2024-05-20,2024-06-07,2024-06-04,45,45,18,15,-3,1,98.0,4410.0,Delivered
PO-13658,SKU-038,WH-EAST,SUP-006,2024-06-08,2024-06-26,2024-06-26,60,60,18,18,0,1,98.0,5880.0,Delivered
PO-13659,SKU-038,WH-EAST,SUP-006,2024-06-29,2024-07-17,2024-07-31,90,90,18,32,14,0,98.0,8820.0,Delivered
PO-13660,SKU-038,WH-EAST,SUP-006,2024-07-23,2024-08-10,2024-08-26,45,45,18,34,16,0,98.0,4410.0,Delivered
PO-13661,SKU-038,WH-EAST,SUP-006,2024-08-18,2024-09-05,2024-09-05,75,75,18,18,0,1,98.0,7350.0,Delivered
PO-13662,SKU-038,WH-EAST,SUP-006,2024-09-12,2024-09-30,2024-09-29,90,90,18,17,-1,1,98.0,8820.0,Delivered
PO-13663,SKU-038,WH-EAST,SUP-006,2024-10-03,2024-10-21,2024-10-22,45,45,18,19,1,0,98.0,4410.0,Delivered
PO-13664,SKU-038,WH-EAST,SUP-006,2024-11-01,2024-11-19,2024-11-17,60,60,18,16,-2,1,98.0,5880.0,Delivered
PO-13665,SKU-038,WH-EAST,SUP-006,2024-11-21,2024-12-09,2024-12-10,60,60,18,19,1,0,98.0,5880.0,Delivered
PO-13666,SKU-038,WH-EAST,SUP-006,2024-12-16,2025-01-03,2025-01-03,75,75,18,18,0,1,98.0,7350.0,Delivered
PO-13667,SKU-038,WH-EAST,SUP-006,2025-01-10,2025-01-28,2025-01-28,30,30,18,18,0,1,98.0,2940.0,Delivered
PO-13668,SKU-038,WH-EAST,SUP-006,2025-02-04,2025-02-22,2025-02-22,60,60,18,18,0,1,98.0,5880.0,Delivered
PO-13669,SKU-038,WH-EAST,SUP-006,2025-02-22,2025-03-12,2025-03-12,75,75,18,18,0,1,98.0,7350.0,Delivered
PO-13670,SKU-038,WH-EAST,SUP-006,2025-03-10,2025-03-28,2025-03-28,75,75,18,18,0,1,98.0,7350.0,Delivered
PO-13671,SKU-038,WH-EAST,SUP-006,2025-03-30,2025-04-17,2025-04-13,30,30,18,14,-4,1,98.0,2940.0,Delivered
PO-13672,SKU-038,WH-EAST,SUP-006,2025-04-19,2025-05-07,2025-05-04,45,45,18,15,-3,1,98.0,4410.0,Delivered
PO-13673,SKU-038,WH-EAST,SUP-006,2025-05-06,2025-05-24,2025-05-18,30,30,18,12,-6,1,98.0,2940.0,Delivered
PO-13674,SKU-038,WH-EAST,SUP-006,2025-05-23,2025-06-10,2025-06-10,60,60,18,18,0,1,98.0,5880.0,Delivered
PO-13675,SKU-038,WH-EAST,SUP-006,2025-06-11,2025-06-29,2025-06-29,45,45,18,18,0,1,98.0,4410.0,Delivered
PO-13676,SKU-038,WH-EAST,SUP-006,2025-07-10,2025-07-28,2025-07-28,45,45,18,18,0,1,98.0,4410.0,Delivered
PO-13677,SKU-038,WH-EAST,SUP-006,2025-07-29,2025-08-16,2025-08-12,30,30,18,14,-4,1,98.0,2940.0,Delivered
PO-13678,SKU-038,WH-EAST,SUP-006,2025-08-26,2025-09-13,2025-09-18,45,45,18,23,5,0,98.0,4410.0,Delivered
PO-13679,SKU-038,WH-EAST,SUP-006,2025-09-20,2025-10-08,2025-10-11,75,75,18,21,3,0,98.0,7350.0,Delivered
PO-13680,SKU-038,WH-EAST,SUP-006,2025-10-11,2025-10-29,2025-10-29,90,90,18,18,0,1,98.0,8820.0,Delivered
PO-13681,SKU-038,WH-EAST,SUP-006,2025-10-30,2025-11-17,2025-11-17,60,60,18,18,0,1,98.0,5880.0,Delivered
PO-13682,SKU-038,WH-EAST,SUP-006,2025-11-16,2025-12-04,2025-12-05,90,90,18,19,1,0,98.0,8820.0,Delivered
PO-13683,SKU-038,WH-CENTRAL,SUP-006,2024-01-15,2024-02-02,2024-01-29,60,60,18,14,-4,1,98.0,5880.0,Delivered
PO-13684,SKU-038,WH-CENTRAL,SUP-006,2024-02-05,2024-02-23,2024-02-23,60,60,18,18,0,1,98.0,5880.0,Delivered
PO-13685,SKU-038,WH-CENTRAL,SUP-006,2024-03-04,2024-03-22,2024-03-22,60,60,18,18,0,1,98.0,5880.0,Delivered
PO-13686,SKU-038,WH-CENTRAL,SUP-006,2024-03-30,2024-04-17,2024-04-23,60,60,18,24,6,0,98.0,5880.0,Delivered
PO-13687,SKU-038,WH-CENTRAL,SUP-006,2024-04-14,2024-05-02,2024-05-02,75,75,18,18,0,1,98.0,7350.0,Delivered
PO-13688,SKU-038,WH-CENTRAL,SUP-006,2024-05-09,2024-05-27,2024-05-26,30,30,18,17,-1,1,98.0,2940.0,Delivered
PO-13689,SKU-038,WH-CENTRAL,SUP-006,2024-05-30,2024-06-17,2024-06-17,30,30,18,18,0,1,98.0,2940.0,Delivered
PO-13690,SKU-038,WH-CENTRAL,SUP-006,2024-06-20,2024-07-08,2024-07-07,30,30,18,17,-1,1,98.0,2940.0,Delivered
PO-13691,SKU-038,WH-CENTRAL,SUP-006,2024-07-06,2024-07-24,2024-07-22,30,30,18,16,-2,1,98.0,2940.0,Delivered
PO-13692,SKU-038,WH-CENTRAL,SUP-006,2024-07-25,2024-08-12,2024-08-12,90,90,18,18,0,1,98.0,8820.0,Delivered
PO-13693,SKU-038,WH-CENTRAL,SUP-006,2024-08-17,2024-09-04,2024-09-03,60,60,18,17,-1,1,98.0,5880.0,Delivered
PO-13694,SKU-038,WH-CENTRAL,SUP-006,2024-09-06,2024-09-24,2024-09-24,45,45,18,18,0,1,98.0,4410.0,Delivered
PO-13695,SKU-038,WH-CENTRAL,SUP-006,2024-10-03,2024-10-21,2024-10-21,75,75,18,18,0,1,98.0,7350.0,Delivered
PO-13696,SKU-038,WH-CENTRAL,SUP-006,2024-10-17,2024-11-04,2024-11-03,90,90,18,17,-1,1,98.0,8820.0,Delivered
PO-13697,SKU-038,WH-CENTRAL,SUP-006,2024-10-31,2024-11-18,2024-11-13,75,75,18,13,-5,1,98.0,7350.0,Delivered
PO-13698,SKU-038,WH-CENTRAL,SUP-006,2024-11-24,2024-12-12,2024-12-10,90,90,18,16,-2,1,98.0,8820.0,Delivered
PO-13699,SKU-038,WH-CENTRAL,SUP-006,2024-12-14,2025-01-01,2025-01-01,30,30,18,18,0,1,98.0,2940.0,Delivered
PO-13700,SKU-038,WH-CENTRAL,SUP-006,2025-01-08,2025-01-26,2025-01-26,75,75,18,18,0,1,98.0,7350.0,Delivered
PO-13701,SKU-038,WH-CENTRAL,SUP-006,2025-02-03,2025-02-21,2025-02-21,75,75,18,18,0,1,98.0,7350.0,Delivered
PO-13702,SKU-038,WH-CENTRAL,SUP-006,2025-03-02,2025-03-20,2025-03-19,30,30,18,17,-1,1,98.0,2940.0,Delivered
PO-13703,SKU-038,WH-CENTRAL,SUP-006,2025-03-23,2025-04-10,2025-04-10,30,30,18,18,0,1,98.0,2940.0,Delivered
PO-13704,SKU-038,WH-CENTRAL,SUP-006,2025-04-15,2025-05-03,2025-05-03,30,30,18,18,0,1,98.0,2940.0,Delivered
PO-13705,SKU-038,WH-CENTRAL,SUP-006,2025-04-29,2025-05-17,2025-05-17,60,60,18,18,0,1,98.0,5880.0,Delivered
PO-13706,SKU-038,WH-CENTRAL,SUP-006,2025-05-17,2025-06-04,2025-06-03,75,75,18,17,-1,1,98.0,7350.0,Delivered
PO-13707,SKU-038,WH-CENTRAL,SUP-006,2025-06-09,2025-06-27,2025-06-27,90,90,18,18,0,1,98.0,8820.0,Delivered
PO-13708,SKU-038,WH-CENTRAL,SUP-006,2025-06-28,2025-07-16,2025-07-13,30,30,18,15,-3,1,98.0,2940.0,Delivered
PO-13709,SKU-038,WH-CENTRAL,SUP-006,2025-07-25,2025-08-12,2025-08-12,45,45,18,18,0,1,98.0,4410.0,Delivered
PO-13710,SKU-038,WH-CENTRAL,SUP-006,2025-08-14,2025-09-01,2025-08-31,60,60,18,17,-1,1,98.0,5880.0,Delivered
PO-13711,SKU-038,WH-CENTRAL,SUP-006,2025-09-01,2025-09-19,2025-09-17,45,45,18,16,-2,1,98.0,4410.0,Delivered
PO-13712,SKU-038,WH-CENTRAL,SUP-006,2025-09-28,2025-10-16,2025-10-16,60,60,18,18,0,1,98.0,5880.0,Delivered
PO-13713,SKU-038,WH-CENTRAL,SUP-006,2025-10-20,2025-11-07,2025-11-06,75,75,18,17,-1,1,98.0,7350.0,Delivered
PO-13714,SKU-038,WH-CENTRAL,SUP-006,2025-11-03,2025-11-21,2025-11-20,45,45,18,17,-1,1,98.0,4410.0,Delivered
PO-13715,SKU-038,WH-CENTRAL,SUP-006,2025-11-26,2025-12-14,2025-12-13,60,60,18,17,-1,1,98.0,5880.0,Delivered
PO-13716,SKU-038,WH-WEST,SUP-006,2024-01-14,2024-02-01,2024-02-01,30,30,18,18,0,1,98.0,2940.0,Delivered
PO-13717,SKU-038,WH-WEST,SUP-006,2024-02-06,2024-02-24,2024-02-24,60,60,18,18,0,1,98.0,5880.0,Delivered
PO-13718,SKU-038,WH-WEST,SUP-006,2024-03-03,2024-03-21,2024-03-21,30,30,18,18,0,1,98.0,2940.0,Delivered
PO-13719,SKU-038,WH-WEST,SUP-006,2024-04-01,2024-04-19,2024-04-19,60,60,18,18,0,1,98.0,5880.0,Delivered
PO-13720,SKU-038,WH-WEST,SUP-006,2024-04-20,2024-05-08,2024-05-15,45,45,18,25,7,0,98.0,4410.0,Delivered
PO-13721,SKU-038,WH-WEST,SUP-006,2024-05-13,2024-05-31,2024-06-04,30,30,18,22,4,0,98.0,2940.0,Delivered
PO-13722,SKU-038,WH-WEST,SUP-006,2024-06-09,2024-06-27,2024-06-27,75,75,18,18,0,1,98.0,7350.0,Delivered
PO-13723,SKU-038,WH-WEST,SUP-006,2024-07-02,2024-07-20,2024-07-20,75,75,18,18,0,1,98.0,7350.0,Delivered
PO-13724,SKU-038,WH-WEST,SUP-006,2024-07-28,2024-08-15,2024-08-12,45,45,18,15,-3,1,98.0,4410.0,Delivered
PO-13725,SKU-038,WH-WEST,SUP-006,2024-08-13,2024-08-31,2024-08-26,30,30,18,13,-5,1,98.0,2940.0,Delivered
PO-13726,SKU-038,WH-WEST,SUP-006,2024-09-10,2024-09-28,2024-09-27,45,45,18,17,-1,1,98.0,4410.0,Delivered
PO-13727,SKU-038,WH-WEST,SUP-006,2024-10-07,2024-10-25,2024-10-22,75,75,18,15,-3,1,98.0,7350.0,Delivered
PO-13728,SKU-038,WH-WEST,SUP-006,2024-10-27,2024-11-14,2024-11-14,30,30,18,18,0,1,98.0,2940.0,Delivered
PO-13729,SKU-038,WH-WEST,SUP-006,2024-11-22,2024-12-10,2024-12-10,75,75,18,18,0,1,98.0,7350.0,Delivered
PO-13730,SKU-038,WH-WEST,SUP-006,2024-12-07,2024-12-25,2024-12-25,30,30,18,18,0,1,98.0,2940.0,Delivered
PO-13731,SKU-038,WH-WEST,SUP-006,2024-12-23,2025-01-10,2025-01-10,60,60,18,18,0,1,98.0,5880.0,Delivered
PO-13732,SKU-038,WH-WEST,SUP-006,2025-01-06,2025-01-24,2025-01-23,90,90,18,17,-1,1,98.0,8820.0,Delivered
PO-13733,SKU-038,WH-WEST,SUP-006,2025-01-22,2025-02-09,2025-02-09,45,45,18,18,0,1,98.0,4410.0,Delivered
PO-13734,SKU-038,WH-WEST,SUP-006,2025-02-08,2025-02-26,2025-02-26,45,45,18,18,0,1,98.0,4410.0,Delivered
PO-13735,SKU-038,WH-WEST,SUP-006,2025-02-22,2025-03-12,2025-03-09,45,45,18,15,-3,1,98.0,4410.0,Delivered
PO-13736,SKU-038,WH-WEST,SUP-006,2025-03-16,2025-04-03,2025-04-03,45,45,18,18,0,1,98.0,4410.0,Delivered
PO-13737,SKU-038,WH-WEST,SUP-006,2025-04-06,2025-04-24,2025-04-24,75,75,18,18,0,1,98.0,7350.0,Delivered
PO-13738,SKU-038,WH-WEST,SUP-006,2025-04-24,2025-05-12,2025-05-12,75,75,18,18,0,1,98.0,7350.0,Delivered
PO-13739,SKU-038,WH-WEST,SUP-006,2025-05-19,2025-06-06,2025-06-03,90,90,18,15,-3,1,98.0,8820.0,Delivered
PO-13740,SKU-038,WH-WEST,SUP-006,2025-06-11,2025-06-29,2025-06-28,75,75,18,17,-1,1,98.0,7350.0,Delivered
PO-13741,SKU-038,WH-WEST,SUP-006,2025-06-26,2025-07-14,2025-07-14,30,30,18,18,0,1,98.0,2940.0,Delivered
PO-13742,SKU-038,WH-WEST,SUP-006,2025-07-20,2025-08-07,2025-08-07,45,45,18,18,0,1,98.0,4410.0,Delivered
PO-13743,SKU-038,WH-WEST,SUP-006,2025-08-14,2025-09-01,2025-09-01,45,45,18,18,0,1,98.0,4410.0,Delivered
PO-13744,SKU-038,WH-WEST,SUP-006,2025-09-10,2025-09-28,2025-09-28,75,75,18,18,0,1,98.0,7350.0,Delivered
PO-13745,SKU-038,WH-WEST,SUP-006,2025-10-01,2025-10-19,2025-10-19,75,75,18,18,0,1,98.0,7350.0,Delivered
PO-13746,SKU-038,WH-WEST,SUP-006,2025-10-18,2025-11-05,2025-11-05,30,30,18,18,0,1,98.0,2940.0,Delivered
PO-13747,SKU-038,WH-WEST,SUP-006,2025-11-01,2025-11-19,2025-11-19,90,90,18,18,0,1,98.0,8820.0,Delivered
PO-13748,SKU-038,WH-WEST,SUP-006,2025-11-21,2025-12-09,2025-12-08,75,75,18,17,-1,1,98.0,7350.0,Delivered
PO-13749,SKU-039,WH-EAST,SUP-004,2024-01-09,2024-02-06,2024-02-03,10,10,28,25,-3,1,340.0,3400.0,Delivered
PO-13750,SKU-039,WH-EAST,SUP-004,2024-01-26,2024-02-23,2024-02-23,15,15,28,28,0,1,340.0,5100.0,Delivered
PO-13751,SKU-039,WH-EAST,SUP-004,2024-02-12,2024-03-11,2024-03-04,30,30,28,21,-7,1,340.0,10200.0,Delivered
PO-13752,SKU-039,WH-EAST,SUP-004,2024-03-09,2024-04-06,2024-04-03,10,10,28,25,-3,1,340.0,3400.0,Delivered
PO-13753,SKU-039,WH-EAST,SUP-004,2024-03-26,2024-04-23,2024-05-01,25,25,28,36,8,0,340.0,8500.0,Delivered
PO-13754,SKU-039,WH-EAST,SUP-004,2024-04-22,2024-05-20,2024-05-22,20,20,28,30,2,0,340.0,6800.0,Delivered
PO-13755,SKU-039,WH-EAST,SUP-004,2024-05-07,2024-06-04,2024-06-04,30,30,28,28,0,1,340.0,10200.0,Delivered
PO-13756,SKU-039,WH-EAST,SUP-004,2024-05-22,2024-06-19,2024-06-17,25,25,28,26,-2,1,340.0,8500.0,Delivered
PO-13757,SKU-039,WH-EAST,SUP-004,2024-06-09,2024-07-07,2024-07-10,30,30,28,31,3,0,340.0,10200.0,Delivered
PO-13758,SKU-039,WH-EAST,SUP-004,2024-06-27,2024-07-25,2024-08-08,20,20,28,42,14,0,340.0,6800.0,Delivered
PO-13759,SKU-039,WH-EAST,SUP-004,2024-07-14,2024-08-11,2024-08-08,25,25,28,25,-3,1,340.0,8500.0,Delivered
PO-13760,SKU-039,WH-EAST,SUP-004,2024-08-05,2024-09-02,2024-09-02,15,15,28,28,0,1,340.0,5100.0,Delivered
PO-13761,SKU-039,WH-EAST,SUP-004,2024-08-19,2024-09-16,2024-09-16,30,30,28,28,0,1,340.0,10200.0,Delivered
PO-13762,SKU-039,WH-EAST,SUP-004,2024-09-06,2024-10-04,2024-10-04,15,15,28,28,0,1,340.0,5100.0,Delivered
PO-13763,SKU-039,WH-EAST,SUP-004,2024-09-27,2024-10-25,2024-10-23,30,30,28,26,-2,1,340.0,10200.0,Delivered
PO-13764,SKU-039,WH-EAST,SUP-004,2024-10-26,2024-11-23,2024-11-23,30,30,28,28,0,1,340.0,10200.0,Delivered
PO-13765,SKU-039,WH-EAST,SUP-004,2024-11-10,2024-12-08,2024-12-12,20,20,28,32,4,0,340.0,6800.0,Delivered
PO-13766,SKU-039,WH-EAST,SUP-004,2024-12-09,2025-01-06,2025-01-05,25,25,28,27,-1,1,340.0,8500.0,Delivered
PO-13767,SKU-039,WH-EAST,SUP-004,2024-12-23,2025-01-20,2025-01-19,15,15,28,27,-1,1,340.0,5100.0,Delivered
PO-13768,SKU-039,WH-EAST,SUP-004,2025-01-20,2025-02-17,2025-02-17,10,10,28,28,0,1,340.0,3400.0,Delivered
PO-13769,SKU-039,WH-EAST,SUP-004,2025-02-08,2025-03-08,2025-03-08,20,20,28,28,0,1,340.0,6800.0,Delivered
PO-13770,SKU-039,WH-EAST,SUP-004,2025-03-09,2025-04-06,2025-04-06,30,30,28,28,0,1,340.0,10200.0,Delivered
PO-13771,SKU-039,WH-EAST,SUP-004,2025-03-27,2025-04-24,2025-04-21,20,20,28,25,-3,1,340.0,6800.0,Delivered
PO-13772,SKU-039,WH-EAST,SUP-004,2025-04-16,2025-05-14,2025-05-18,15,15,28,32,4,0,340.0,5100.0,Delivered
PO-13773,SKU-039,WH-EAST,SUP-004,2025-05-12,2025-06-09,2025-06-05,30,30,28,24,-4,1,340.0,10200.0,Delivered
PO-13774,SKU-039,WH-EAST,SUP-004,2025-06-08,2025-07-06,2025-07-09,30,30,28,31,3,0,340.0,10200.0,Delivered
PO-13775,SKU-039,WH-EAST,SUP-004,2025-06-30,2025-07-28,2025-08-03,15,15,28,34,6,0,340.0,5100.0,Delivered
PO-13776,SKU-039,WH-EAST,SUP-004,2025-07-17,2025-08-14,2025-09-07,15,15,28,52,24,0,340.0,5100.0,Delivered
PO-13777,SKU-039,WH-EAST,SUP-004,2025-08-06,2025-09-03,2025-08-31,10,10,28,25,-3,1,340.0,3400.0,Delivered
PO-13778,SKU-039,WH-EAST,SUP-004,2025-08-29,2025-09-26,2025-09-26,25,25,28,28,0,1,340.0,8500.0,Delivered
PO-13779,SKU-039,WH-EAST,SUP-004,2025-09-23,2025-10-21,2025-10-16,20,20,28,23,-5,1,340.0,6800.0,Delivered
PO-13780,SKU-039,WH-EAST,SUP-004,2025-10-20,2025-11-17,2025-11-26,25,25,28,37,9,0,340.0,8500.0,Delivered
PO-13781,SKU-039,WH-EAST,SUP-004,2025-11-05,2025-12-03,2025-12-07,20,20,28,32,4,0,340.0,6800.0,Delivered
PO-13782,SKU-039,WH-EAST,SUP-004,2025-11-28,2025-12-26,2025-12-26,30,30,28,28,0,1,340.0,10200.0,Delivered
PO-13783,SKU-039,WH-CENTRAL,SUP-004,2024-01-12,2024-02-09,2024-02-03,30,30,28,22,-6,1,340.0,10200.0,Delivered
PO-13784,SKU-039,WH-CENTRAL,SUP-004,2024-01-26,2024-02-23,2024-02-23,10,10,28,28,0,1,340.0,3400.0,Delivered
PO-13785,SKU-039,WH-CENTRAL,SUP-004,2024-02-13,2024-03-12,2024-03-12,20,20,28,28,0,1,340.0,6800.0,Delivered
PO-13786,SKU-039,WH-CENTRAL,SUP-004,2024-03-09,2024-04-06,2024-04-03,10,10,28,25,-3,1,340.0,3400.0,Delivered
PO-13787,SKU-039,WH-CENTRAL,SUP-004,2024-03-26,2024-04-23,2024-04-23,20,20,28,28,0,1,340.0,6800.0,Delivered
PO-13788,SKU-039,WH-CENTRAL,SUP-004,2024-04-17,2024-05-15,2024-05-12,25,25,28,25,-3,1,340.0,8500.0,Delivered
PO-13789,SKU-039,WH-CENTRAL,SUP-004,2024-05-02,2024-05-30,2024-05-30,20,20,28,28,0,1,340.0,6800.0,Delivered
PO-13790,SKU-039,WH-CENTRAL,SUP-004,2024-05-25,2024-06-22,2024-06-21,10,10,28,27,-1,1,340.0,3400.0,Delivered
PO-13791,SKU-039,WH-CENTRAL,SUP-004,2024-06-08,2024-07-06,2024-07-01,25,25,28,23,-5,1,340.0,8500.0,Delivered
PO-13792,SKU-039,WH-CENTRAL,SUP-004,2024-06-23,2024-07-21,2024-07-21,25,25,28,28,0,1,340.0,8500.0,Delivered
PO-13793,SKU-039,WH-CENTRAL,SUP-004,2024-07-13,2024-08-10,2024-08-06,30,30,28,24,-4,1,340.0,10200.0,Delivered
PO-13794,SKU-039,WH-CENTRAL,SUP-004,2024-07-28,2024-08-25,2024-08-22,30,30,28,25,-3,1,340.0,10200.0,Delivered
PO-13795,SKU-039,WH-CENTRAL,SUP-004,2024-08-19,2024-09-16,2024-09-20,20,20,28,32,4,0,340.0,6800.0,Delivered
PO-13796,SKU-039,WH-CENTRAL,SUP-004,2024-09-14,2024-10-12,2024-10-12,20,20,28,28,0,1,340.0,6800.0,Delivered
PO-13797,SKU-039,WH-CENTRAL,SUP-004,2024-10-03,2024-10-31,2024-10-31,30,30,28,28,0,1,340.0,10200.0,Delivered
PO-13798,SKU-039,WH-CENTRAL,SUP-004,2024-10-22,2024-11-19,2024-11-19,20,20,28,28,0,1,340.0,6800.0,Delivered
PO-13799,SKU-039,WH-CENTRAL,SUP-004,2024-11-13,2024-12-11,2024-12-07,30,30,28,24,-4,1,340.0,10200.0,Delivered
PO-13800,SKU-039,WH-CENTRAL,SUP-004,2024-12-04,2025-01-01,2024-12-30,15,15,28,26,-2,1,340.0,5100.0,Delivered
PO-13801,SKU-039,WH-CENTRAL,SUP-004,2025-01-02,2025-01-30,2025-01-30,25,25,28,28,0,1,340.0,8500.0,Delivered
PO-13802,SKU-039,WH-CENTRAL,SUP-004,2025-01-19,2025-02-16,2025-02-15,10,10,28,27,-1,1,340.0,3400.0,Delivered
PO-13803,SKU-039,WH-CENTRAL,SUP-004,2025-02-10,2025-03-10,2025-03-06,20,20,28,24,-4,1,340.0,6800.0,Delivered
PO-13804,SKU-039,WH-CENTRAL,SUP-004,2025-03-09,2025-04-06,2025-04-06,30,30,28,28,0,1,340.0,10200.0,Delivered
PO-13805,SKU-039,WH-CENTRAL,SUP-004,2025-03-31,2025-04-28,2025-04-19,15,15,28,19,-9,1,340.0,5100.0,Delivered
PO-13806,SKU-039,WH-CENTRAL,SUP-004,2025-04-29,2025-05-27,2025-05-25,15,15,28,26,-2,1,340.0,5100.0,Delivered
PO-13807,SKU-039,WH-CENTRAL,SUP-004,2025-05-26,2025-06-23,2025-06-23,10,10,28,28,0,1,340.0,3400.0,Delivered
PO-13808,SKU-039,WH-CENTRAL,SUP-004,2025-06-10,2025-07-08,2025-07-08,30,30,28,28,0,1,340.0,10200.0,Delivered
PO-13809,SKU-039,WH-CENTRAL,SUP-004,2025-07-01,2025-07-29,2025-07-28,10,10,28,27,-1,1,340.0,3400.0,Delivered
PO-13810,SKU-039,WH-CENTRAL,SUP-004,2025-07-29,2025-08-26,2025-08-22,25,25,28,24,-4,1,340.0,8500.0,Delivered
PO-13811,SKU-039,WH-CENTRAL,SUP-004,2025-08-23,2025-09-20,2025-09-14,25,25,28,22,-6,1,340.0,8500.0,Delivered
PO-13812,SKU-039,WH-CENTRAL,SUP-004,2025-09-18,2025-10-16,2025-10-13,10,10,28,25,-3,1,340.0,3400.0,Delivered
PO-13813,SKU-039,WH-CENTRAL,SUP-004,2025-10-04,2025-11-01,2025-11-01,20,20,28,28,0,1,340.0,6800.0,Delivered
PO-13814,SKU-039,WH-CENTRAL,SUP-004,2025-10-28,2025-11-25,2025-11-25,15,15,28,28,0,1,340.0,5100.0,Delivered
PO-13815,SKU-039,WH-CENTRAL,SUP-004,2025-11-15,2025-12-13,2025-12-13,25,25,28,28,0,1,340.0,8500.0,Delivered
PO-13816,SKU-039,WH-WEST,SUP-004,2024-01-13,2024-02-10,2024-03-02,10,10,28,49,21,0,340.0,3400.0,Delivered
PO-13817,SKU-039,WH-WEST,SUP-004,2024-02-09,2024-03-08,2024-03-07,20,20,28,27,-1,1,340.0,6800.0,Delivered
PO-13818,SKU-039,WH-WEST,SUP-004,2024-02-28,2024-03-27,2024-03-29,15,15,28,30,2,0,340.0,5100.0,Delivered
PO-13819,SKU-039,WH-WEST,SUP-004,2024-03-23,2024-04-20,2024-04-20,25,25,28,28,0,1,340.0,8500.0,Delivered
PO-13820,SKU-039,WH-WEST,SUP-004,2024-04-13,2024-05-11,2024-05-14,25,25,28,31,3,0,340.0,8500.0,Delivered
PO-13821,SKU-039,WH-WEST,SUP-004,2024-04-30,2024-05-28,2024-05-27,30,30,28,27,-1,1,340.0,10200.0,Delivered
PO-13822,SKU-039,WH-WEST,SUP-004,2024-05-27,2024-06-24,2024-06-25,25,25,28,29,1,0,340.0,8500.0,Delivered
PO-13823,SKU-039,WH-WEST,SUP-004,2024-06-11,2024-07-09,2024-07-08,10,10,28,27,-1,1,340.0,3400.0,Delivered
PO-13824,SKU-039,WH-WEST,SUP-004,2024-06-25,2024-07-23,2024-07-19,10,10,28,24,-4,1,340.0,3400.0,Delivered
PO-13825,SKU-039,WH-WEST,SUP-004,2024-07-23,2024-08-20,2024-08-20,15,15,28,28,0,1,340.0,5100.0,Delivered
PO-13826,SKU-039,WH-WEST,SUP-004,2024-08-21,2024-09-18,2024-09-18,15,15,28,28,0,1,340.0,5100.0,Delivered
PO-13827,SKU-039,WH-WEST,SUP-004,2024-09-04,2024-10-02,2024-09-30,30,30,28,26,-2,1,340.0,10200.0,Delivered
PO-13828,SKU-039,WH-WEST,SUP-004,2024-09-28,2024-10-26,2024-11-11,20,20,28,44,16,0,340.0,6800.0,Delivered
PO-13829,SKU-039,WH-WEST,SUP-004,2024-10-17,2024-11-14,2024-11-13,10,10,28,27,-1,1,340.0,3400.0,Delivered
PO-13830,SKU-039,WH-WEST,SUP-004,2024-11-06,2024-12-04,2024-11-29,15,15,28,23,-5,1,340.0,5100.0,Delivered
PO-13831,SKU-039,WH-WEST,SUP-004,2024-11-27,2024-12-25,2024-12-24,10,10,28,27,-1,1,340.0,3400.0,Delivered
PO-13832,SKU-039,WH-WEST,SUP-004,2024-12-12,2025-01-09,2025-01-13,25,25,28,32,4,0,340.0,8500.0,Delivered
PO-13833,SKU-039,WH-WEST,SUP-004,2024-12-30,2025-01-27,2025-01-26,20,20,28,27,-1,1,340.0,6800.0,Delivered
PO-13834,SKU-039,WH-WEST,SUP-004,2025-01-23,2025-02-20,2025-02-20,20,20,28,28,0,1,340.0,6800.0,Delivered
PO-13835,SKU-039,WH-WEST,SUP-004,2025-02-14,2025-03-14,2025-03-13,25,25,28,27,-1,1,340.0,8500.0,Delivered
PO-13836,SKU-039,WH-WEST,SUP-004,2025-02-28,2025-03-28,2025-03-27,25,25,28,27,-1,1,340.0,8500.0,Delivered
PO-13837,SKU-039,WH-WEST,SUP-004,2025-03-15,2025-04-12,2025-04-07,15,15,28,23,-5,1,340.0,5100.0,Delivered
PO-13838,SKU-039,WH-WEST,SUP-004,2025-03-31,2025-04-28,2025-04-28,20,20,28,28,0,1,340.0,6800.0,Delivered
PO-13839,SKU-039,WH-WEST,SUP-004,2025-04-20,2025-05-18,2025-05-15,25,25,28,25,-3,1,340.0,8500.0,Delivered
PO-13840,SKU-039,WH-WEST,SUP-004,2025-05-09,2025-06-06,2025-06-03,20,20,28,25,-3,1,340.0,6800.0,Delivered
PO-13841,SKU-039,WH-WEST,SUP-004,2025-05-29,2025-06-26,2025-06-28,15,15,28,30,2,0,340.0,5100.0,Delivered
PO-13842,SKU-039,WH-WEST,SUP-004,2025-06-21,2025-07-19,2025-07-19,15,15,28,28,0,1,340.0,5100.0,Delivered
PO-13843,SKU-039,WH-WEST,SUP-004,2025-07-07,2025-08-04,2025-08-04,30,30,28,28,0,1,340.0,10200.0,Delivered
PO-13844,SKU-039,WH-WEST,SUP-004,2025-07-28,2025-08-25,2025-08-28,30,30,28,31,3,0,340.0,10200.0,Delivered
PO-13845,SKU-039,WH-WEST,SUP-004,2025-08-22,2025-09-19,2025-09-19,30,30,28,28,0,1,340.0,10200.0,Delivered
PO-13846,SKU-039,WH-WEST,SUP-004,2025-09-20,2025-10-18,2025-10-14,25,25,28,24,-4,1,340.0,8500.0,Delivered
PO-13847,SKU-039,WH-WEST,SUP-004,2025-10-16,2025-11-13,2025-11-13,10,10,28,28,0,1,340.0,3400.0,Delivered
PO-13848,SKU-039,WH-WEST,SUP-004,2025-11-10,2025-12-08,2025-12-07,20,20,28,27,-1,1,340.0,6800.0,Delivered
PO-13849,SKU-040,WH-EAST,SUP-006,2024-01-02,2024-01-20,2024-01-15,32,32,18,13,-5,1,160.0,5120.0,Delivered
PO-13850,SKU-040,WH-EAST,SUP-006,2024-01-31,2024-02-18,2024-02-17,40,40,18,17,-1,1,160.0,6400.0,Delivered
PO-13851,SKU-040,WH-EAST,SUP-006,2024-02-29,2024-03-18,2024-03-16,32,32,18,16,-2,1,160.0,5120.0,Delivered
PO-13852,SKU-040,WH-EAST,SUP-006,2024-03-15,2024-04-02,2024-04-02,16,16,18,18,0,1,160.0,2560.0,Delivered
PO-13853,SKU-040,WH-EAST,SUP-006,2024-04-03,2024-04-21,2024-04-24,16,16,18,21,3,0,160.0,2560.0,Delivered
PO-13854,SKU-040,WH-EAST,SUP-006,2024-04-25,2024-05-13,2024-05-12,48,48,18,17,-1,1,160.0,7680.0,Delivered
PO-13855,SKU-040,WH-EAST,SUP-006,2024-05-18,2024-06-05,2024-06-04,24,24,18,17,-1,1,160.0,3840.0,Delivered
PO-13856,SKU-040,WH-EAST,SUP-006,2024-06-05,2024-06-23,2024-06-21,40,40,18,16,-2,1,160.0,6400.0,Delivered
PO-13857,SKU-040,WH-EAST,SUP-006,2024-06-23,2024-07-11,2024-07-10,24,24,18,17,-1,1,160.0,3840.0,Delivered
PO-13858,SKU-040,WH-EAST,SUP-006,2024-07-13,2024-07-31,2024-07-29,24,24,18,16,-2,1,160.0,3840.0,Delivered
PO-13859,SKU-040,WH-EAST,SUP-006,2024-07-30,2024-08-17,2024-08-17,48,48,18,18,0,1,160.0,7680.0,Delivered
PO-13860,SKU-040,WH-EAST,SUP-006,2024-08-18,2024-09-05,2024-09-08,40,40,18,21,3,0,160.0,6400.0,Delivered
PO-13861,SKU-040,WH-EAST,SUP-006,2024-09-09,2024-09-27,2024-09-27,48,48,18,18,0,1,160.0,7680.0,Delivered
PO-13862,SKU-040,WH-EAST,SUP-006,2024-09-24,2024-10-12,2024-10-09,48,48,18,15,-3,1,160.0,7680.0,Delivered
PO-13863,SKU-040,WH-EAST,SUP-006,2024-10-23,2024-11-10,2024-11-09,16,16,18,17,-1,1,160.0,2560.0,Delivered
PO-13864,SKU-040,WH-EAST,SUP-006,2024-11-17,2024-12-05,2024-12-07,40,40,18,20,2,0,160.0,6400.0,Delivered
PO-13865,SKU-040,WH-EAST,SUP-006,2024-12-05,2024-12-23,2024-12-23,24,24,18,18,0,1,160.0,3840.0,Delivered
PO-13866,SKU-040,WH-EAST,SUP-006,2024-12-22,2025-01-09,2025-01-06,16,16,18,15,-3,1,160.0,2560.0,Delivered
PO-13867,SKU-040,WH-EAST,SUP-006,2025-01-08,2025-01-26,2025-01-24,48,48,18,16,-2,1,160.0,7680.0,Delivered
PO-13868,SKU-040,WH-EAST,SUP-006,2025-02-01,2025-02-19,2025-02-18,32,32,18,17,-1,1,160.0,5120.0,Delivered
PO-13869,SKU-040,WH-EAST,SUP-006,2025-02-28,2025-03-18,2025-03-18,24,24,18,18,0,1,160.0,3840.0,Delivered
PO-13870,SKU-040,WH-EAST,SUP-006,2025-03-18,2025-04-05,2025-04-13,40,40,18,26,8,0,160.0,6400.0,Delivered
PO-13871,SKU-040,WH-EAST,SUP-006,2025-04-11,2025-04-29,2025-04-29,32,32,18,18,0,1,160.0,5120.0,Delivered
PO-13872,SKU-040,WH-EAST,SUP-006,2025-04-29,2025-05-17,2025-05-22,40,40,18,23,5,0,160.0,6400.0,Delivered
PO-13873,SKU-040,WH-EAST,SUP-006,2025-05-21,2025-06-08,2025-06-07,40,40,18,17,-1,1,160.0,6400.0,Delivered
PO-13874,SKU-040,WH-EAST,SUP-006,2025-06-11,2025-06-29,2025-06-28,24,24,18,17,-1,1,160.0,3840.0,Delivered
PO-13875,SKU-040,WH-EAST,SUP-006,2025-07-02,2025-07-20,2025-07-19,32,32,18,17,-1,1,160.0,5120.0,Delivered
PO-13876,SKU-040,WH-EAST,SUP-006,2025-07-21,2025-08-08,2025-08-08,40,40,18,18,0,1,160.0,6400.0,Delivered
PO-13877,SKU-040,WH-EAST,SUP-006,2025-08-09,2025-08-27,2025-09-05,40,40,18,27,9,0,160.0,6400.0,Delivered
PO-13878,SKU-040,WH-EAST,SUP-006,2025-08-26,2025-09-13,2025-09-13,16,16,18,18,0,1,160.0,2560.0,Delivered
PO-13879,SKU-040,WH-EAST,SUP-006,2025-09-15,2025-10-03,2025-10-02,48,48,18,17,-1,1,160.0,7680.0,Delivered
PO-13880,SKU-040,WH-EAST,SUP-006,2025-10-13,2025-10-31,2025-10-31,24,24,18,18,0,1,160.0,3840.0,Delivered
PO-13881,SKU-040,WH-EAST,SUP-006,2025-10-28,2025-11-15,2025-11-15,32,32,18,18,0,1,160.0,5120.0,Delivered
PO-13882,SKU-040,WH-EAST,SUP-006,2025-11-11,2025-11-29,2025-11-29,40,40,18,18,0,1,160.0,6400.0,Delivered
PO-13883,SKU-040,WH-CENTRAL,SUP-006,2024-01-04,2024-01-22,2024-02-06,32,32,18,33,15,0,160.0,5120.0,Delivered
PO-13884,SKU-040,WH-CENTRAL,SUP-006,2024-01-19,2024-02-06,2024-02-04,16,16,18,16,-2,1,160.0,2560.0,Delivered
PO-13885,SKU-040,WH-CENTRAL,SUP-006,2024-02-02,2024-02-20,2024-02-18,16,16,18,16,-2,1,160.0,2560.0,Delivered
PO-13886,SKU-040,WH-CENTRAL,SUP-006,2024-02-21,2024-03-10,2024-03-07,16,16,18,15,-3,1,160.0,2560.0,Delivered
PO-13887,SKU-040,WH-CENTRAL,SUP-006,2024-03-11,2024-03-29,2024-03-29,32,32,18,18,0,1,160.0,5120.0,Delivered
PO-13888,SKU-040,WH-CENTRAL,SUP-006,2024-03-27,2024-04-14,2024-05-18,24,24,18,52,34,0,160.0,3840.0,Delivered
PO-13889,SKU-040,WH-CENTRAL,SUP-006,2024-04-22,2024-05-10,2024-05-09,16,16,18,17,-1,1,160.0,2560.0,Delivered
PO-13890,SKU-040,WH-CENTRAL,SUP-006,2024-05-16,2024-06-03,2024-06-02,48,48,18,17,-1,1,160.0,7680.0,Delivered
PO-13891,SKU-040,WH-CENTRAL,SUP-006,2024-06-02,2024-06-20,2024-06-17,24,24,18,15,-3,1,160.0,3840.0,Delivered
PO-13892,SKU-040,WH-CENTRAL,SUP-006,2024-06-23,2024-07-11,2024-07-10,16,16,18,17,-1,1,160.0,2560.0,Delivered
PO-13893,SKU-040,WH-CENTRAL,SUP-006,2024-07-08,2024-07-26,2024-08-01,48,48,18,24,6,0,160.0,7680.0,Delivered
PO-13894,SKU-040,WH-CENTRAL,SUP-006,2024-08-04,2024-08-22,2024-08-22,40,40,18,18,0,1,160.0,6400.0,Delivered
PO-13895,SKU-040,WH-CENTRAL,SUP-006,2024-08-22,2024-09-09,2024-09-05,24,24,18,14,-4,1,160.0,3840.0,Delivered
PO-13896,SKU-040,WH-CENTRAL,SUP-006,2024-09-18,2024-10-06,2024-10-05,32,32,18,17,-1,1,160.0,5120.0,Delivered
PO-13897,SKU-040,WH-CENTRAL,SUP-006,2024-10-16,2024-11-03,2024-11-03,32,32,18,18,0,1,160.0,5120.0,Delivered
PO-13898,SKU-040,WH-CENTRAL,SUP-006,2024-11-08,2024-11-26,2024-11-26,40,40,18,18,0,1,160.0,6400.0,Delivered
PO-13899,SKU-040,WH-CENTRAL,SUP-006,2024-11-25,2024-12-13,2024-12-12,16,16,18,17,-1,1,160.0,2560.0,Delivered
PO-13900,SKU-040,WH-CENTRAL,SUP-006,2024-12-18,2025-01-05,2025-01-16,48,48,18,29,11,0,160.0,7680.0,Delivered
PO-13901,SKU-040,WH-CENTRAL,SUP-006,2025-01-12,2025-01-30,2025-01-27,40,40,18,15,-3,1,160.0,6400.0,Delivered
PO-13902,SKU-040,WH-CENTRAL,SUP-006,2025-02-04,2025-02-22,2025-03-06,16,16,18,30,12,0,160.0,2560.0,Delivered
PO-13903,SKU-040,WH-CENTRAL,SUP-006,2025-02-26,2025-03-16,2025-03-16,40,40,18,18,0,1,160.0,6400.0,Delivered
PO-13904,SKU-040,WH-CENTRAL,SUP-006,2025-03-19,2025-04-06,2025-04-06,32,32,18,18,0,1,160.0,5120.0,Delivered
PO-13905,SKU-040,WH-CENTRAL,SUP-006,2025-04-10,2025-04-28,2025-04-28,48,48,18,18,0,1,160.0,7680.0,Delivered
PO-13906,SKU-040,WH-CENTRAL,SUP-006,2025-04-30,2025-05-18,2025-05-18,40,40,18,18,0,1,160.0,6400.0,Delivered
PO-13907,SKU-040,WH-CENTRAL,SUP-006,2025-05-19,2025-06-06,2025-06-04,16,16,18,16,-2,1,160.0,2560.0,Delivered
PO-13908,SKU-040,WH-CENTRAL,SUP-006,2025-06-10,2025-06-28,2025-07-01,24,24,18,21,3,0,160.0,3840.0,Delivered
PO-13909,SKU-040,WH-CENTRAL,SUP-006,2025-07-03,2025-07-21,2025-07-21,16,16,18,18,0,1,160.0,2560.0,Delivered
PO-13910,SKU-040,WH-CENTRAL,SUP-006,2025-07-23,2025-08-10,2025-08-06,40,40,18,14,-4,1,160.0,6400.0,Delivered
PO-13911,SKU-040,WH-CENTRAL,SUP-006,2025-08-09,2025-08-27,2025-08-27,24,24,18,18,0,1,160.0,3840.0,Delivered
PO-13912,SKU-040,WH-CENTRAL,SUP-006,2025-09-03,2025-09-21,2025-09-21,40,40,18,18,0,1,160.0,6400.0,Delivered
PO-13913,SKU-040,WH-CENTRAL,SUP-006,2025-09-28,2025-10-16,2025-10-15,48,48,18,17,-1,1,160.0,7680.0,Delivered
PO-13914,SKU-040,WH-CENTRAL,SUP-006,2025-10-27,2025-11-14,2025-11-14,48,48,18,18,0,1,160.0,7680.0,Delivered
PO-13915,SKU-040,WH-CENTRAL,SUP-006,2025-11-13,2025-12-01,2025-11-30,32,32,18,17,-1,1,160.0,5120.0,Delivered
PO-13916,SKU-040,WH-WEST,SUP-006,2024-01-14,2024-02-01,2024-01-31,40,40,18,17,-1,1,160.0,6400.0,Delivered
PO-13917,SKU-040,WH-WEST,SUP-006,2024-02-10,2024-02-28,2024-02-28,16,16,18,18,0,1,160.0,2560.0,Delivered
PO-13918,SKU-040,WH-WEST,SUP-006,2024-03-09,2024-03-27,2024-03-27,16,16,18,18,0,1,160.0,2560.0,Delivered
PO-13919,SKU-040,WH-WEST,SUP-006,2024-04-03,2024-04-21,2024-04-20,32,32,18,17,-1,1,160.0,5120.0,Delivered
PO-13920,SKU-040,WH-WEST,SUP-006,2024-04-25,2024-05-13,2024-05-16,40,40,18,21,3,0,160.0,6400.0,Delivered
PO-13921,SKU-040,WH-WEST,SUP-006,2024-05-13,2024-05-31,2024-05-28,40,40,18,15,-3,1,160.0,6400.0,Delivered
PO-13922,SKU-040,WH-WEST,SUP-006,2024-05-28,2024-06-15,2024-07-02,16,16,18,35,17,0,160.0,2560.0,Delivered
PO-13923,SKU-040,WH-WEST,SUP-006,2024-06-22,2024-07-10,2024-07-09,32,32,18,17,-1,1,160.0,5120.0,Delivered
PO-13924,SKU-040,WH-WEST,SUP-006,2024-07-20,2024-08-07,2024-08-11,48,48,18,22,4,0,160.0,7680.0,Delivered
PO-13925,SKU-040,WH-WEST,SUP-006,2024-08-06,2024-08-24,2024-08-24,48,48,18,18,0,1,160.0,7680.0,Delivered
PO-13926,SKU-040,WH-WEST,SUP-006,2024-08-23,2024-09-10,2024-09-10,24,24,18,18,0,1,160.0,3840.0,Delivered
PO-13927,SKU-040,WH-WEST,SUP-006,2024-09-08,2024-09-26,2024-09-26,16,16,18,18,0,1,160.0,2560.0,Delivered
PO-13928,SKU-040,WH-WEST,SUP-006,2024-10-07,2024-10-25,2024-10-30,32,32,18,23,5,0,160.0,5120.0,Delivered
PO-13929,SKU-040,WH-WEST,SUP-006,2024-10-25,2024-11-12,2024-11-12,32,32,18,18,0,1,160.0,5120.0,Delivered
PO-13930,SKU-040,WH-WEST,SUP-006,2024-11-12,2024-11-30,2024-11-29,32,32,18,17,-1,1,160.0,5120.0,Delivered
PO-13931,SKU-040,WH-WEST,SUP-006,2024-12-08,2024-12-26,2024-12-24,32,32,18,16,-2,1,160.0,5120.0,Delivered
PO-13932,SKU-040,WH-WEST,SUP-006,2024-12-24,2025-01-11,2025-01-09,24,24,18,16,-2,1,160.0,3840.0,Delivered
PO-13933,SKU-040,WH-WEST,SUP-006,2025-01-16,2025-02-03,2025-02-03,16,16,18,18,0,1,160.0,2560.0,Delivered
PO-13934,SKU-040,WH-WEST,SUP-006,2025-02-03,2025-02-21,2025-02-28,48,48,18,25,7,0,160.0,7680.0,Delivered
PO-13935,SKU-040,WH-WEST,SUP-006,2025-03-01,2025-03-19,2025-03-16,32,32,18,15,-3,1,160.0,5120.0,Delivered
PO-13936,SKU-040,WH-WEST,SUP-006,2025-03-27,2025-04-14,2025-04-14,24,24,18,18,0,1,160.0,3840.0,Delivered
PO-13937,SKU-040,WH-WEST,SUP-006,2025-04-22,2025-05-10,2025-05-26,48,48,18,34,16,0,160.0,7680.0,Delivered
PO-13938,SKU-040,WH-WEST,SUP-006,2025-05-07,2025-05-25,2025-05-25,48,48,18,18,0,1,160.0,7680.0,Delivered
PO-13939,SKU-040,WH-WEST,SUP-006,2025-05-21,2025-06-08,2025-06-08,32,32,18,18,0,1,160.0,5120.0,Delivered
PO-13940,SKU-040,WH-WEST,SUP-006,2025-06-14,2025-07-02,2025-07-02,48,48,18,18,0,1,160.0,7680.0,Delivered
PO-13941,SKU-040,WH-WEST,SUP-006,2025-07-03,2025-07-21,2025-07-21,32,32,18,18,0,1,160.0,5120.0,Delivered
PO-13942,SKU-040,WH-WEST,SUP-006,2025-07-23,2025-08-10,2025-08-09,48,48,18,17,-1,1,160.0,7680.0,Delivered
PO-13943,SKU-040,WH-WEST,SUP-006,2025-08-18,2025-09-05,2025-09-05,24,24,18,18,0,1,160.0,3840.0,Delivered
PO-13944,SKU-040,WH-WEST,SUP-006,2025-09-08,2025-09-26,2025-09-24,24,24,18,16,-2,1,160.0,3840.0,Delivered
PO-13945,SKU-040,WH-WEST,SUP-006,2025-10-07,2025-10-25,2025-10-25,40,40,18,18,0,1,160.0,6400.0,Delivered
PO-13946,SKU-040,WH-WEST,SUP-006,2025-10-24,2025-11-11,2025-11-11,48,48,18,18,0,1,160.0,7680.0,Delivered
PO-13947,SKU-040,WH-WEST,SUP-006,2025-11-11,2025-11-29,2025-11-29,48,48,18,18,0,1,160.0,7680.0,Delivered
PO-13948,SKU-041,WH-EAST,SUP-007,2024-01-02,2024-01-12,2024-01-11,20,20,10,9,-1,1,215.0,4300.0,Delivered
PO-13949,SKU-041,WH-EAST,SUP-007,2024-01-25,2024-02-04,2024-02-04,30,30,10,10,0,1,215.0,6450.0,Delivered
PO-13950,SKU-041,WH-EAST,SUP-007,2024-02-14,2024-02-24,2024-02-23,20,20,10,9,-1,1,215.0,4300.0,Delivered
PO-13951,SKU-041,WH-EAST,SUP-007,2024-03-12,2024-03-22,2024-03-21,10,10,10,9,-1,1,215.0,2150.0,Delivered
PO-13952,SKU-041,WH-EAST,SUP-007,2024-03-26,2024-04-05,2024-04-05,30,30,10,10,0,1,215.0,6450.0,Delivered
PO-13953,SKU-041,WH-EAST,SUP-007,2024-04-10,2024-04-20,2024-04-20,15,15,10,10,0,1,215.0,3225.0,Delivered
PO-13954,SKU-041,WH-EAST,SUP-007,2024-05-04,2024-05-14,2024-05-14,30,30,10,10,0,1,215.0,6450.0,Delivered
PO-13955,SKU-041,WH-EAST,SUP-007,2024-05-30,2024-06-09,2024-06-09,10,10,10,10,0,1,215.0,2150.0,Delivered
PO-13956,SKU-041,WH-EAST,SUP-007,2024-06-15,2024-06-25,2024-06-24,15,15,10,9,-1,1,215.0,3225.0,Delivered
PO-13957,SKU-041,WH-EAST,SUP-007,2024-07-02,2024-07-12,2024-07-12,25,25,10,10,0,1,215.0,5375.0,Delivered
PO-13958,SKU-041,WH-EAST,SUP-007,2024-07-26,2024-08-05,2024-08-05,25,25,10,10,0,1,215.0,5375.0,Delivered
PO-13959,SKU-041,WH-EAST,SUP-007,2024-08-09,2024-08-19,2024-08-19,25,25,10,10,0,1,215.0,5375.0,Delivered
PO-13960,SKU-041,WH-EAST,SUP-007,2024-08-24,2024-09-03,2024-09-02,15,15,10,9,-1,1,215.0,3225.0,Delivered
PO-13961,SKU-041,WH-EAST,SUP-007,2024-09-20,2024-09-30,2024-09-28,30,30,10,8,-2,1,215.0,6450.0,Delivered
PO-13962,SKU-041,WH-EAST,SUP-007,2024-10-17,2024-10-27,2024-10-27,10,10,10,10,0,1,215.0,2150.0,Delivered
PO-13963,SKU-041,WH-EAST,SUP-007,2024-11-02,2024-11-12,2024-11-11,15,15,10,9,-1,1,215.0,3225.0,Delivered
PO-13964,SKU-041,WH-EAST,SUP-007,2024-11-28,2024-12-08,2024-12-08,15,15,10,10,0,1,215.0,3225.0,Delivered
PO-13965,SKU-041,WH-EAST,SUP-007,2024-12-12,2024-12-22,2024-12-22,20,20,10,10,0,1,215.0,4300.0,Delivered
PO-13966,SKU-041,WH-EAST,SUP-007,2025-01-04,2025-01-14,2025-01-13,30,30,10,9,-1,1,215.0,6450.0,Delivered
PO-13967,SKU-041,WH-EAST,SUP-007,2025-02-01,2025-02-11,2025-02-11,25,25,10,10,0,1,215.0,5375.0,Delivered
PO-13968,SKU-041,WH-EAST,SUP-007,2025-02-28,2025-03-10,2025-03-10,30,30,10,10,0,1,215.0,6450.0,Delivered
PO-13969,SKU-041,WH-EAST,SUP-007,2025-03-27,2025-04-06,2025-04-05,15,15,10,9,-1,1,215.0,3225.0,Delivered
PO-13970,SKU-041,WH-EAST,SUP-007,2025-04-14,2025-04-24,2025-04-27,10,10,10,13,3,0,215.0,2150.0,Delivered
PO-13971,SKU-041,WH-EAST,SUP-007,2025-05-12,2025-05-22,2025-05-22,20,20,10,10,0,1,215.0,4300.0,Delivered
PO-13972,SKU-041,WH-EAST,SUP-007,2025-05-31,2025-06-10,2025-06-10,25,25,10,10,0,1,215.0,5375.0,Delivered
PO-13973,SKU-041,WH-EAST,SUP-007,2025-06-27,2025-07-07,2025-07-07,20,20,10,10,0,1,215.0,4300.0,Delivered
PO-13974,SKU-041,WH-EAST,SUP-007,2025-07-24,2025-08-03,2025-08-03,30,30,10,10,0,1,215.0,6450.0,Delivered
PO-13975,SKU-041,WH-EAST,SUP-007,2025-08-07,2025-08-17,2025-08-16,20,20,10,9,-1,1,215.0,4300.0,Delivered
PO-13976,SKU-041,WH-EAST,SUP-007,2025-09-05,2025-09-15,2025-09-14,10,10,10,9,-1,1,215.0,2150.0,Delivered
PO-13977,SKU-041,WH-EAST,SUP-007,2025-09-19,2025-09-29,2025-09-29,20,20,10,10,0,1,215.0,4300.0,Delivered
PO-13978,SKU-041,WH-EAST,SUP-007,2025-10-11,2025-10-21,2025-10-18,25,25,10,7,-3,1,215.0,5375.0,Delivered
PO-13979,SKU-041,WH-EAST,SUP-007,2025-11-08,2025-11-18,2025-11-18,30,30,10,10,0,1,215.0,6450.0,Delivered
PO-13980,SKU-041,WH-CENTRAL,SUP-007,2024-01-02,2024-01-12,2024-01-12,20,20,10,10,0,1,215.0,4300.0,Delivered
PO-13981,SKU-041,WH-CENTRAL,SUP-007,2024-01-25,2024-02-04,2024-02-04,30,30,10,10,0,1,215.0,6450.0,Delivered
PO-13982,SKU-041,WH-CENTRAL,SUP-007,2024-02-17,2024-02-27,2024-02-27,15,15,10,10,0,1,215.0,3225.0,Delivered
PO-13983,SKU-041,WH-CENTRAL,SUP-007,2024-03-09,2024-03-19,2024-03-19,30,30,10,10,0,1,215.0,6450.0,Delivered
PO-13984,SKU-041,WH-CENTRAL,SUP-007,2024-03-25,2024-04-04,2024-04-04,15,15,10,10,0,1,215.0,3225.0,Delivered
PO-13985,SKU-041,WH-CENTRAL,SUP-007,2024-04-09,2024-04-19,2024-04-19,20,20,10,10,0,1,215.0,4300.0,Delivered
PO-13986,SKU-041,WH-CENTRAL,SUP-007,2024-04-23,2024-05-03,2024-05-03,30,30,10,10,0,1,215.0,6450.0,Delivered
PO-13987,SKU-041,WH-CENTRAL,SUP-007,2024-05-14,2024-05-24,2024-05-25,25,25,10,11,1,0,215.0,5375.0,Delivered
PO-13988,SKU-041,WH-CENTRAL,SUP-007,2024-06-03,2024-06-13,2024-06-12,15,15,10,9,-1,1,215.0,3225.0,Delivered
PO-13989,SKU-041,WH-CENTRAL,SUP-007,2024-07-01,2024-07-11,2024-07-10,20,20,10,9,-1,1,215.0,4300.0,Delivered
PO-13990,SKU-041,WH-CENTRAL,SUP-007,2024-07-28,2024-08-07,2024-08-07,10,10,10,10,0,1,215.0,2150.0,Delivered
PO-13991,SKU-041,WH-CENTRAL,SUP-007,2024-08-11,2024-08-21,2024-08-21,20,20,10,10,0,1,215.0,4300.0,Delivered
PO-13992,SKU-041,WH-CENTRAL,SUP-007,2024-09-09,2024-09-19,2024-09-19,30,30,10,10,0,1,215.0,6450.0,Delivered
PO-13993,SKU-041,WH-CENTRAL,SUP-007,2024-10-03,2024-10-13,2024-10-13,30,30,10,10,0,1,215.0,6450.0,Delivered
PO-13994,SKU-041,WH-CENTRAL,SUP-007,2024-10-17,2024-10-27,2024-10-26,20,20,10,9,-1,1,215.0,4300.0,Delivered
PO-13995,SKU-041,WH-CENTRAL,SUP-007,2024-11-13,2024-11-23,2024-11-23,25,25,10,10,0,1,215.0,5375.0,Delivered
PO-13996,SKU-041,WH-CENTRAL,SUP-007,2024-12-08,2024-12-18,2024-12-18,30,30,10,10,0,1,215.0,6450.0,Delivered
PO-13997,SKU-041,WH-CENTRAL,SUP-007,2024-12-25,2025-01-04,2025-01-04,20,20,10,10,0,1,215.0,4300.0,Delivered
PO-13998,SKU-041,WH-CENTRAL,SUP-007,2025-01-14,2025-01-24,2025-01-24,25,25,10,10,0,1,215.0,5375.0,Delivered
PO-13999,SKU-041,WH-CENTRAL,SUP-007,2025-01-30,2025-02-09,2025-02-08,15,15,10,9,-1,1,215.0,3225.0,Delivered
PO-14000,SKU-041,WH-CENTRAL,SUP-007,2025-02-15,2025-02-25,2025-02-25,25,25,10,10,0,1,215.0,5375.0,Delivered
PO-14001,SKU-041,WH-CENTRAL,SUP-007,2025-03-05,2025-03-15,2025-03-15,25,25,10,10,0,1,215.0,5375.0,Delivered
PO-14002,SKU-041,WH-CENTRAL,SUP-007,2025-03-20,2025-03-30,2025-03-31,25,25,10,11,1,0,215.0,5375.0,Delivered
PO-14003,SKU-041,WH-CENTRAL,SUP-007,2025-04-09,2025-04-19,2025-04-18,10,10,10,9,-1,1,215.0,2150.0,Delivered
PO-14004,SKU-041,WH-CENTRAL,SUP-007,2025-05-04,2025-05-14,2025-05-14,20,20,10,10,0,1,215.0,4300.0,Delivered
PO-14005,SKU-041,WH-CENTRAL,SUP-007,2025-06-01,2025-06-11,2025-06-09,20,20,10,8,-2,1,215.0,4300.0,Delivered
PO-14006,SKU-041,WH-CENTRAL,SUP-007,2025-06-18,2025-06-28,2025-06-28,10,10,10,10,0,1,215.0,2150.0,Delivered
PO-14007,SKU-041,WH-CENTRAL,SUP-007,2025-07-02,2025-07-12,2025-07-12,20,20,10,10,0,1,215.0,4300.0,Delivered
PO-14008,SKU-041,WH-CENTRAL,SUP-007,2025-07-26,2025-08-05,2025-08-05,20,20,10,10,0,1,215.0,4300.0,Delivered
PO-14009,SKU-041,WH-CENTRAL,SUP-007,2025-08-17,2025-08-27,2025-08-27,20,20,10,10,0,1,215.0,4300.0,Delivered
PO-14010,SKU-041,WH-CENTRAL,SUP-007,2025-09-01,2025-09-11,2025-09-10,20,20,10,9,-1,1,215.0,4300.0,Delivered
PO-14011,SKU-041,WH-CENTRAL,SUP-007,2025-09-28,2025-10-08,2025-10-08,15,15,10,10,0,1,215.0,3225.0,Delivered
PO-14012,SKU-041,WH-CENTRAL,SUP-007,2025-10-15,2025-10-25,2025-10-25,20,20,10,10,0,1,215.0,4300.0,Delivered
PO-14013,SKU-041,WH-CENTRAL,SUP-007,2025-11-11,2025-11-21,2025-11-20,20,20,10,9,-1,1,215.0,4300.0,Delivered
PO-14014,SKU-041,WH-CENTRAL,SUP-007,2025-11-28,2025-12-08,2025-12-07,20,20,10,9,-1,1,215.0,4300.0,Delivered
PO-14015,SKU-041,WH-WEST,SUP-007,2024-01-15,2024-01-25,2024-01-25,15,15,10,10,0,1,215.0,3225.0,Delivered
PO-14016,SKU-041,WH-WEST,SUP-007,2024-01-29,2024-02-08,2024-02-08,25,25,10,10,0,1,215.0,5375.0,Delivered
PO-14017,SKU-041,WH-WEST,SUP-007,2024-02-23,2024-03-04,2024-03-04,15,15,10,10,0,1,215.0,3225.0,Delivered
PO-14018,SKU-041,WH-WEST,SUP-007,2024-03-20,2024-03-30,2024-03-30,20,20,10,10,0,1,215.0,4300.0,Delivered
PO-14019,SKU-041,WH-WEST,SUP-007,2024-04-11,2024-04-21,2024-04-21,20,20,10,10,0,1,215.0,4300.0,Delivered
PO-14020,SKU-041,WH-WEST,SUP-007,2024-04-27,2024-05-07,2024-05-07,15,15,10,10,0,1,215.0,3225.0,Delivered
PO-14021,SKU-041,WH-WEST,SUP-007,2024-05-26,2024-06-05,2024-06-04,20,20,10,9,-1,1,215.0,4300.0,Delivered
PO-14022,SKU-041,WH-WEST,SUP-007,2024-06-20,2024-06-30,2024-06-28,10,10,10,8,-2,1,215.0,2150.0,Delivered
PO-14023,SKU-041,WH-WEST,SUP-007,2024-07-07,2024-07-17,2024-07-17,25,25,10,10,0,1,215.0,5375.0,Delivered
PO-14024,SKU-041,WH-WEST,SUP-007,2024-07-27,2024-08-06,2024-08-06,30,30,10,10,0,1,215.0,6450.0,Delivered
PO-14025,SKU-041,WH-WEST,SUP-007,2024-08-13,2024-08-23,2024-08-23,15,15,10,10,0,1,215.0,3225.0,Delivered
PO-14026,SKU-041,WH-WEST,SUP-007,2024-09-11,2024-09-21,2024-09-21,25,25,10,10,0,1,215.0,5375.0,Delivered
PO-14027,SKU-041,WH-WEST,SUP-007,2024-09-30,2024-10-10,2024-10-10,25,25,10,10,0,1,215.0,5375.0,Delivered
PO-14028,SKU-041,WH-WEST,SUP-007,2024-10-21,2024-10-31,2024-10-31,15,15,10,10,0,1,215.0,3225.0,Delivered
PO-14029,SKU-041,WH-WEST,SUP-007,2024-11-06,2024-11-16,2024-11-21,15,15,10,15,5,0,215.0,3225.0,Delivered
PO-14030,SKU-041,WH-WEST,SUP-007,2024-11-21,2024-12-01,2024-12-01,15,15,10,10,0,1,215.0,3225.0,Delivered
PO-14031,SKU-041,WH-WEST,SUP-007,2024-12-09,2024-12-19,2024-12-19,10,10,10,10,0,1,215.0,2150.0,Delivered
PO-14032,SKU-041,WH-WEST,SUP-007,2025-01-02,2025-01-12,2025-01-11,15,15,10,9,-1,1,215.0,3225.0,Delivered
PO-14033,SKU-041,WH-WEST,SUP-007,2025-01-17,2025-01-27,2025-01-27,15,15,10,10,0,1,215.0,3225.0,Delivered
PO-14034,SKU-041,WH-WEST,SUP-007,2025-02-05,2025-02-15,2025-02-15,25,25,10,10,0,1,215.0,5375.0,Delivered
PO-14035,SKU-041,WH-WEST,SUP-007,2025-02-25,2025-03-07,2025-03-07,20,20,10,10,0,1,215.0,4300.0,Delivered
PO-14036,SKU-041,WH-WEST,SUP-007,2025-03-13,2025-03-23,2025-03-29,25,25,10,16,6,0,215.0,5375.0,Delivered
PO-14037,SKU-041,WH-WEST,SUP-007,2025-03-30,2025-04-09,2025-04-08,25,25,10,9,-1,1,215.0,5375.0,Delivered
PO-14038,SKU-041,WH-WEST,SUP-007,2025-04-27,2025-05-07,2025-05-05,15,15,10,8,-2,1,215.0,3225.0,Delivered
PO-14039,SKU-041,WH-WEST,SUP-007,2025-05-12,2025-05-22,2025-05-20,30,30,10,8,-2,1,215.0,6450.0,Delivered
PO-14040,SKU-041,WH-WEST,SUP-007,2025-05-29,2025-06-08,2025-06-08,20,20,10,10,0,1,215.0,4300.0,Delivered
PO-14041,SKU-041,WH-WEST,SUP-007,2025-06-16,2025-06-26,2025-06-26,20,20,10,10,0,1,215.0,4300.0,Delivered
PO-14042,SKU-041,WH-WEST,SUP-007,2025-07-11,2025-07-21,2025-07-21,10,10,10,10,0,1,215.0,2150.0,Delivered
PO-14043,SKU-041,WH-WEST,SUP-007,2025-08-04,2025-08-14,2025-08-14,15,15,10,10,0,1,215.0,3225.0,Delivered
PO-14044,SKU-041,WH-WEST,SUP-007,2025-08-20,2025-08-30,2025-08-31,25,25,10,11,1,0,215.0,5375.0,Delivered
PO-14045,SKU-041,WH-WEST,SUP-007,2025-09-04,2025-09-14,2025-09-14,15,15,10,10,0,1,215.0,3225.0,Delivered
PO-14046,SKU-041,WH-WEST,SUP-007,2025-09-27,2025-10-07,2025-10-06,10,10,10,9,-1,1,215.0,2150.0,Delivered
PO-14047,SKU-041,WH-WEST,SUP-007,2025-10-23,2025-11-02,2025-10-31,15,15,10,8,-2,1,215.0,3225.0,Delivered
PO-14048,SKU-041,WH-WEST,SUP-007,2025-11-13,2025-11-23,2025-11-23,10,10,10,10,0,1,215.0,2150.0,Delivered
PO-14049,SKU-042,WH-EAST,SUP-007,2024-01-11,2024-01-21,2024-01-21,20,20,10,10,0,1,295.0,5900.0,Delivered
PO-14050,SKU-042,WH-EAST,SUP-007,2024-02-06,2024-02-16,2024-02-27,24,24,10,21,11,0,295.0,7080.0,Delivered
PO-14051,SKU-042,WH-EAST,SUP-007,2024-02-23,2024-03-04,2024-03-04,12,12,10,10,0,1,295.0,3540.0,Delivered
PO-14052,SKU-042,WH-EAST,SUP-007,2024-03-23,2024-04-02,2024-04-02,24,24,10,10,0,1,295.0,7080.0,Delivered
PO-14053,SKU-042,WH-EAST,SUP-007,2024-04-11,2024-04-21,2024-04-21,20,20,10,10,0,1,295.0,5900.0,Delivered
PO-14054,SKU-042,WH-EAST,SUP-007,2024-05-05,2024-05-15,2024-05-12,24,24,10,7,-3,1,295.0,7080.0,Delivered
PO-14055,SKU-042,WH-EAST,SUP-007,2024-05-21,2024-05-31,2024-05-31,16,16,10,10,0,1,295.0,4720.0,Delivered
PO-14056,SKU-042,WH-EAST,SUP-007,2024-06-08,2024-06-18,2024-06-17,12,12,10,9,-1,1,295.0,3540.0,Delivered
PO-14057,SKU-042,WH-EAST,SUP-007,2024-06-26,2024-07-06,2024-07-05,16,16,10,9,-1,1,295.0,4720.0,Delivered
PO-14058,SKU-042,WH-EAST,SUP-007,2024-07-16,2024-07-26,2024-07-26,16,16,10,10,0,1,295.0,4720.0,Delivered
PO-14059,SKU-042,WH-EAST,SUP-007,2024-08-05,2024-08-15,2024-08-14,8,8,10,9,-1,1,295.0,2360.0,Delivered
PO-14060,SKU-042,WH-EAST,SUP-007,2024-08-25,2024-09-04,2024-09-03,20,20,10,9,-1,1,295.0,5900.0,Delivered
PO-14061,SKU-042,WH-EAST,SUP-007,2024-09-16,2024-09-26,2024-09-25,8,8,10,9,-1,1,295.0,2360.0,Delivered
PO-14062,SKU-042,WH-EAST,SUP-007,2024-10-09,2024-10-19,2024-10-19,16,16,10,10,0,1,295.0,4720.0,Delivered
PO-14063,SKU-042,WH-EAST,SUP-007,2024-11-02,2024-11-12,2024-11-11,24,24,10,9,-1,1,295.0,7080.0,Delivered
PO-14064,SKU-042,WH-EAST,SUP-007,2024-11-19,2024-11-29,2024-11-29,20,20,10,10,0,1,295.0,5900.0,Delivered
PO-14065,SKU-042,WH-EAST,SUP-007,2024-12-18,2024-12-28,2024-12-28,8,8,10,10,0,1,295.0,2360.0,Delivered
PO-14066,SKU-042,WH-EAST,SUP-007,2025-01-07,2025-01-17,2025-01-16,8,8,10,9,-1,1,295.0,2360.0,Delivered
PO-14067,SKU-042,WH-EAST,SUP-007,2025-01-24,2025-02-03,2025-02-03,16,16,10,10,0,1,295.0,4720.0,Delivered
PO-14068,SKU-042,WH-EAST,SUP-007,2025-02-10,2025-02-20,2025-02-17,20,20,10,7,-3,1,295.0,5900.0,Delivered
PO-14069,SKU-042,WH-EAST,SUP-007,2025-03-01,2025-03-11,2025-03-10,12,12,10,9,-1,1,295.0,3540.0,Delivered
PO-14070,SKU-042,WH-EAST,SUP-007,2025-03-17,2025-03-27,2025-03-27,20,20,10,10,0,1,295.0,5900.0,Delivered
PO-14071,SKU-042,WH-EAST,SUP-007,2025-04-01,2025-04-11,2025-04-11,8,8,10,10,0,1,295.0,2360.0,Delivered
PO-14072,SKU-042,WH-EAST,SUP-007,2025-04-24,2025-05-04,2025-05-04,16,16,10,10,0,1,295.0,4720.0,Delivered
PO-14073,SKU-042,WH-EAST,SUP-007,2025-05-17,2025-05-27,2025-05-26,8,8,10,9,-1,1,295.0,2360.0,Delivered
PO-14074,SKU-042,WH-EAST,SUP-007,2025-06-08,2025-06-18,2025-06-18,8,8,10,10,0,1,295.0,2360.0,Delivered
PO-14075,SKU-042,WH-EAST,SUP-007,2025-06-26,2025-07-06,2025-07-06,20,20,10,10,0,1,295.0,5900.0,Delivered
PO-14076,SKU-042,WH-EAST,SUP-007,2025-07-19,2025-07-29,2025-07-29,16,16,10,10,0,1,295.0,4720.0,Delivered
PO-14077,SKU-042,WH-EAST,SUP-007,2025-08-06,2025-08-16,2025-08-16,20,20,10,10,0,1,295.0,5900.0,Delivered
PO-14078,SKU-042,WH-EAST,SUP-007,2025-09-04,2025-09-14,2025-09-14,8,8,10,10,0,1,295.0,2360.0,Delivered
PO-14079,SKU-042,WH-EAST,SUP-007,2025-09-27,2025-10-07,2025-10-07,12,12,10,10,0,1,295.0,3540.0,Delivered
PO-14080,SKU-042,WH-EAST,SUP-007,2025-10-25,2025-11-04,2025-11-04,24,24,10,10,0,1,295.0,7080.0,Delivered
PO-14081,SKU-042,WH-EAST,SUP-007,2025-11-17,2025-11-27,2025-11-27,12,12,10,10,0,1,295.0,3540.0,Delivered
PO-14082,SKU-042,WH-CENTRAL,SUP-007,2024-01-03,2024-01-13,2024-01-13,20,20,10,10,0,1,295.0,5900.0,Delivered
PO-14083,SKU-042,WH-CENTRAL,SUP-007,2024-01-20,2024-01-30,2024-01-30,8,8,10,10,0,1,295.0,2360.0,Delivered
PO-14084,SKU-042,WH-CENTRAL,SUP-007,2024-02-16,2024-02-26,2024-02-26,24,24,10,10,0,1,295.0,7080.0,Delivered
PO-14085,SKU-042,WH-CENTRAL,SUP-007,2024-03-08,2024-03-18,2024-03-17,20,20,10,9,-1,1,295.0,5900.0,Delivered
PO-14086,SKU-042,WH-CENTRAL,SUP-007,2024-04-04,2024-04-14,2024-04-14,8,8,10,10,0,1,295.0,2360.0,Delivered
PO-14087,SKU-042,WH-CENTRAL,SUP-007,2024-04-25,2024-05-05,2024-05-05,20,20,10,10,0,1,295.0,5900.0,Delivered
PO-14088,SKU-042,WH-CENTRAL,SUP-007,2024-05-14,2024-05-24,2024-05-23,20,20,10,9,-1,1,295.0,5900.0,Delivered
PO-14089,SKU-042,WH-CENTRAL,SUP-007,2024-06-09,2024-06-19,2024-06-19,8,8,10,10,0,1,295.0,2360.0,Delivered
PO-14090,SKU-042,WH-CENTRAL,SUP-007,2024-07-05,2024-07-15,2024-07-13,8,8,10,8,-2,1,295.0,2360.0,Delivered
PO-14091,SKU-042,WH-CENTRAL,SUP-007,2024-07-30,2024-08-09,2024-08-07,24,24,10,8,-2,1,295.0,7080.0,Delivered
PO-14092,SKU-042,WH-CENTRAL,SUP-007,2024-08-18,2024-08-28,2024-08-27,12,12,10,9,-1,1,295.0,3540.0,Delivered
PO-14093,SKU-042,WH-CENTRAL,SUP-007,2024-09-16,2024-09-26,2024-09-26,12,12,10,10,0,1,295.0,3540.0,Delivered
PO-14094,SKU-042,WH-CENTRAL,SUP-007,2024-10-10,2024-10-20,2024-10-19,16,16,10,9,-1,1,295.0,4720.0,Delivered
PO-14095,SKU-042,WH-CENTRAL,SUP-007,2024-11-04,2024-11-14,2024-11-14,24,24,10,10,0,1,295.0,7080.0,Delivered
PO-14096,SKU-042,WH-CENTRAL,SUP-007,2024-11-28,2024-12-08,2024-12-08,16,16,10,10,0,1,295.0,4720.0,Delivered
PO-14097,SKU-042,WH-CENTRAL,SUP-007,2024-12-12,2024-12-22,2024-12-21,16,16,10,9,-1,1,295.0,4720.0,Delivered
PO-14098,SKU-042,WH-CENTRAL,SUP-007,2024-12-28,2025-01-07,2025-01-07,12,12,10,10,0,1,295.0,3540.0,Delivered
PO-14099,SKU-042,WH-CENTRAL,SUP-007,2025-01-22,2025-02-01,2025-02-01,20,20,10,10,0,1,295.0,5900.0,Delivered
PO-14100,SKU-042,WH-CENTRAL,SUP-007,2025-02-09,2025-02-19,2025-02-19,20,20,10,10,0,1,295.0,5900.0,Delivered
PO-14101,SKU-042,WH-CENTRAL,SUP-007,2025-03-07,2025-03-17,2025-03-17,12,12,10,10,0,1,295.0,3540.0,Delivered
PO-14102,SKU-042,WH-CENTRAL,SUP-007,2025-03-28,2025-04-07,2025-04-06,12,12,10,9,-1,1,295.0,3540.0,Delivered
PO-14103,SKU-042,WH-CENTRAL,SUP-007,2025-04-18,2025-04-28,2025-04-28,20,20,10,10,0,1,295.0,5900.0,Delivered
PO-14104,SKU-042,WH-CENTRAL,SUP-007,2025-05-14,2025-05-24,2025-05-30,8,8,10,16,6,0,295.0,2360.0,Delivered
PO-14105,SKU-042,WH-CENTRAL,SUP-007,2025-06-09,2025-06-19,2025-06-18,20,20,10,9,-1,1,295.0,5900.0,Delivered
PO-14106,SKU-042,WH-CENTRAL,SUP-007,2025-06-30,2025-07-10,2025-07-10,16,16,10,10,0,1,295.0,4720.0,Delivered
PO-14107,SKU-042,WH-CENTRAL,SUP-007,2025-07-16,2025-07-26,2025-07-26,20,20,10,10,0,1,295.0,5900.0,Delivered
PO-14108,SKU-042,WH-CENTRAL,SUP-007,2025-08-05,2025-08-15,2025-08-14,24,24,10,9,-1,1,295.0,7080.0,Delivered
PO-14109,SKU-042,WH-CENTRAL,SUP-007,2025-08-29,2025-09-08,2025-09-08,8,8,10,10,0,1,295.0,2360.0,Delivered
PO-14110,SKU-042,WH-CENTRAL,SUP-007,2025-09-15,2025-09-25,2025-09-24,12,12,10,9,-1,1,295.0,3540.0,Delivered
PO-14111,SKU-042,WH-CENTRAL,SUP-007,2025-10-11,2025-10-21,2025-10-21,24,24,10,10,0,1,295.0,7080.0,Delivered
PO-14112,SKU-042,WH-CENTRAL,SUP-007,2025-11-04,2025-11-14,2025-11-14,20,20,10,10,0,1,295.0,5900.0,Delivered
PO-14113,SKU-042,WH-WEST,SUP-007,2024-01-03,2024-01-13,2024-01-13,24,24,10,10,0,1,295.0,7080.0,Delivered
PO-14114,SKU-042,WH-WEST,SUP-007,2024-01-24,2024-02-03,2024-02-02,12,12,10,9,-1,1,295.0,3540.0,Delivered
PO-14115,SKU-042,WH-WEST,SUP-007,2024-02-11,2024-02-21,2024-02-21,24,24,10,10,0,1,295.0,7080.0,Delivered
PO-14116,SKU-042,WH-WEST,SUP-007,2024-03-10,2024-03-20,2024-03-20,20,20,10,10,0,1,295.0,5900.0,Delivered
PO-14117,SKU-042,WH-WEST,SUP-007,2024-04-06,2024-04-16,2024-04-16,16,16,10,10,0,1,295.0,4720.0,Delivered
PO-14118,SKU-042,WH-WEST,SUP-007,2024-04-28,2024-05-08,2024-05-08,16,16,10,10,0,1,295.0,4720.0,Delivered
PO-14119,SKU-042,WH-WEST,SUP-007,2024-05-24,2024-06-03,2024-06-03,20,20,10,10,0,1,295.0,5900.0,Delivered
PO-14120,SKU-042,WH-WEST,SUP-007,2024-06-17,2024-06-27,2024-06-27,8,8,10,10,0,1,295.0,2360.0,Delivered
PO-14121,SKU-042,WH-WEST,SUP-007,2024-07-11,2024-07-21,2024-07-30,24,24,10,19,9,0,295.0,7080.0,Delivered
PO-14122,SKU-042,WH-WEST,SUP-007,2024-07-25,2024-08-04,2024-08-04,8,8,10,10,0,1,295.0,2360.0,Delivered
PO-14123,SKU-042,WH-WEST,SUP-007,2024-08-21,2024-08-31,2024-08-30,8,8,10,9,-1,1,295.0,2360.0,Delivered
PO-14124,SKU-042,WH-WEST,SUP-007,2024-09-06,2024-09-16,2024-09-13,20,20,10,7,-3,1,295.0,5900.0,Delivered
PO-14125,SKU-042,WH-WEST,SUP-007,2024-09-21,2024-10-01,2024-10-02,20,20,10,11,1,0,295.0,5900.0,Delivered
PO-14126,SKU-042,WH-WEST,SUP-007,2024-10-17,2024-10-27,2024-10-27,16,16,10,10,0,1,295.0,4720.0,Delivered
PO-14127,SKU-042,WH-WEST,SUP-007,2024-11-08,2024-11-18,2024-11-18,12,12,10,10,0,1,295.0,3540.0,Delivered
PO-14128,SKU-042,WH-WEST,SUP-007,2024-11-25,2024-12-05,2024-12-05,8,8,10,10,0,1,295.0,2360.0,Delivered
PO-14129,SKU-042,WH-WEST,SUP-007,2024-12-20,2024-12-30,2024-12-29,24,24,10,9,-1,1,295.0,7080.0,Delivered
PO-14130,SKU-042,WH-WEST,SUP-007,2025-01-08,2025-01-18,2025-01-18,8,8,10,10,0,1,295.0,2360.0,Delivered
PO-14131,SKU-042,WH-WEST,SUP-007,2025-01-26,2025-02-05,2025-02-05,16,16,10,10,0,1,295.0,4720.0,Delivered
PO-14132,SKU-042,WH-WEST,SUP-007,2025-02-14,2025-02-24,2025-02-23,16,16,10,9,-1,1,295.0,4720.0,Delivered
PO-14133,SKU-042,WH-WEST,SUP-007,2025-03-02,2025-03-12,2025-03-12,24,24,10,10,0,1,295.0,7080.0,Delivered
PO-14134,SKU-042,WH-WEST,SUP-007,2025-03-21,2025-03-31,2025-03-31,16,16,10,10,0,1,295.0,4720.0,Delivered
PO-14135,SKU-042,WH-WEST,SUP-007,2025-04-06,2025-04-16,2025-04-15,20,20,10,9,-1,1,295.0,5900.0,Delivered
PO-14136,SKU-042,WH-WEST,SUP-007,2025-04-29,2025-05-09,2025-05-09,24,24,10,10,0,1,295.0,7080.0,Delivered
PO-14137,SKU-042,WH-WEST,SUP-007,2025-05-16,2025-05-26,2025-05-26,12,12,10,10,0,1,295.0,3540.0,Delivered
PO-14138,SKU-042,WH-WEST,SUP-007,2025-06-06,2025-06-16,2025-06-15,20,20,10,9,-1,1,295.0,5900.0,Delivered
PO-14139,SKU-042,WH-WEST,SUP-007,2025-07-04,2025-07-14,2025-07-14,16,16,10,10,0,1,295.0,4720.0,Delivered
PO-14140,SKU-042,WH-WEST,SUP-007,2025-07-27,2025-08-06,2025-08-05,8,8,10,9,-1,1,295.0,2360.0,Delivered
PO-14141,SKU-042,WH-WEST,SUP-007,2025-08-25,2025-09-04,2025-09-04,16,16,10,10,0,1,295.0,4720.0,Delivered
PO-14142,SKU-042,WH-WEST,SUP-007,2025-09-21,2025-10-01,2025-10-01,20,20,10,10,0,1,295.0,5900.0,Delivered
PO-14143,SKU-042,WH-WEST,SUP-007,2025-10-07,2025-10-17,2025-10-22,16,16,10,15,5,0,295.0,4720.0,Delivered
PO-14144,SKU-042,WH-WEST,SUP-007,2025-10-24,2025-11-03,2025-11-03,8,8,10,10,0,1,295.0,2360.0,Delivered
PO-14145,SKU-042,WH-WEST,SUP-007,2025-11-07,2025-11-17,2025-11-17,16,16,10,10,0,1,295.0,4720.0,Delivered
PO-14146,SKU-042,WH-WEST,SUP-007,2025-11-26,2025-12-06,2025-12-06,12,12,10,10,0,1,295.0,3540.0,Delivered
PO-14147,SKU-043,WH-EAST,SUP-004,2024-01-03,2024-01-31,2024-01-31,18,18,28,28,0,1,240.0,4320.0,Delivered
PO-14148,SKU-043,WH-EAST,SUP-004,2024-01-19,2024-02-16,2024-02-16,12,12,28,28,0,1,240.0,2880.0,Delivered
PO-14149,SKU-043,WH-EAST,SUP-004,2024-02-02,2024-03-01,2024-03-01,24,24,28,28,0,1,240.0,5760.0,Delivered
PO-14150,SKU-043,WH-EAST,SUP-004,2024-02-16,2024-03-15,2024-03-14,24,24,28,27,-1,1,240.0,5760.0,Delivered
PO-14151,SKU-043,WH-EAST,SUP-004,2024-03-04,2024-04-01,2024-04-03,36,36,28,30,2,0,240.0,8640.0,Delivered
PO-14152,SKU-043,WH-EAST,SUP-004,2024-03-24,2024-04-21,2024-04-16,12,12,28,23,-5,1,240.0,2880.0,Delivered
PO-14153,SKU-043,WH-EAST,SUP-004,2024-04-09,2024-05-07,2024-07-09,30,30,28,91,63,0,240.0,7200.0,Delivered
PO-14154,SKU-043,WH-EAST,SUP-004,2024-04-30,2024-05-28,2024-05-28,24,24,28,28,0,1,240.0,5760.0,Delivered
PO-14155,SKU-043,WH-EAST,SUP-004,2024-05-23,2024-06-20,2024-06-20,36,36,28,28,0,1,240.0,8640.0,Delivered
PO-14156,SKU-043,WH-EAST,SUP-004,2024-06-19,2024-07-17,2024-07-15,18,18,28,26,-2,1,240.0,4320.0,Delivered
PO-14157,SKU-043,WH-EAST,SUP-004,2024-07-18,2024-08-15,2024-08-15,24,24,28,28,0,1,240.0,5760.0,Delivered
PO-14158,SKU-043,WH-EAST,SUP-004,2024-08-11,2024-09-08,2024-09-03,12,12,28,23,-5,1,240.0,2880.0,Delivered
PO-14159,SKU-043,WH-EAST,SUP-004,2024-08-26,2024-09-23,2024-09-23,30,30,28,28,0,1,240.0,7200.0,Delivered
PO-14160,SKU-043,WH-EAST,SUP-004,2024-09-20,2024-10-18,2024-10-18,24,24,28,28,0,1,240.0,5760.0,Delivered
PO-14161,SKU-043,WH-EAST,SUP-004,2024-10-19,2024-11-16,2024-11-13,12,12,28,25,-3,1,240.0,2880.0,Delivered
PO-14162,SKU-043,WH-EAST,SUP-004,2024-11-05,2024-12-03,2024-12-03,30,30,28,28,0,1,240.0,7200.0,Delivered
PO-14163,SKU-043,WH-EAST,SUP-004,2024-11-24,2024-12-22,2024-12-22,30,30,28,28,0,1,240.0,7200.0,Delivered
PO-14164,SKU-043,WH-EAST,SUP-004,2024-12-14,2025-01-11,2025-01-11,24,24,28,28,0,1,240.0,5760.0,Delivered
PO-14165,SKU-043,WH-EAST,SUP-004,2025-01-03,2025-01-31,2025-01-31,36,36,28,28,0,1,240.0,8640.0,Delivered
PO-14166,SKU-043,WH-EAST,SUP-004,2025-01-20,2025-02-17,2025-02-17,36,36,28,28,0,1,240.0,8640.0,Delivered
PO-14167,SKU-043,WH-EAST,SUP-004,2025-02-09,2025-03-09,2025-03-12,36,36,28,31,3,0,240.0,8640.0,Delivered
PO-14168,SKU-043,WH-EAST,SUP-004,2025-02-28,2025-03-28,2025-03-28,30,30,28,28,0,1,240.0,7200.0,Delivered
PO-14169,SKU-043,WH-EAST,SUP-004,2025-03-22,2025-04-19,2025-04-19,36,36,28,28,0,1,240.0,8640.0,Delivered
PO-14170,SKU-043,WH-EAST,SUP-004,2025-04-19,2025-05-17,2025-05-17,18,18,28,28,0,1,240.0,4320.0,Delivered
PO-14171,SKU-043,WH-EAST,SUP-004,2025-05-10,2025-06-07,2025-06-06,18,18,28,27,-1,1,240.0,4320.0,Delivered
PO-14172,SKU-043,WH-EAST,SUP-004,2025-06-01,2025-06-29,2025-06-23,12,12,28,22,-6,1,240.0,2880.0,Delivered
PO-14173,SKU-043,WH-EAST,SUP-004,2025-06-26,2025-07-24,2025-07-24,18,18,28,28,0,1,240.0,4320.0,Delivered
PO-14174,SKU-043,WH-EAST,SUP-004,2025-07-23,2025-08-20,2025-08-18,24,24,28,26,-2,1,240.0,5760.0,Delivered
PO-14175,SKU-043,WH-EAST,SUP-004,2025-08-17,2025-09-14,2025-09-24,36,36,28,38,10,0,240.0,8640.0,Delivered
PO-14176,SKU-043,WH-EAST,SUP-004,2025-08-31,2025-09-28,2025-09-28,36,36,28,28,0,1,240.0,8640.0,Delivered
PO-14177,SKU-043,WH-EAST,SUP-004,2025-09-22,2025-10-20,2025-10-20,12,12,28,28,0,1,240.0,2880.0,Delivered
PO-14178,SKU-043,WH-EAST,SUP-004,2025-10-11,2025-11-08,2025-11-08,24,24,28,28,0,1,240.0,5760.0,Delivered
PO-14179,SKU-043,WH-EAST,SUP-004,2025-10-28,2025-11-25,2025-11-25,24,24,28,28,0,1,240.0,5760.0,Delivered
PO-14180,SKU-043,WH-EAST,SUP-004,2025-11-12,2025-12-10,2025-12-10,30,30,28,28,0,1,240.0,7200.0,Delivered
PO-14181,SKU-043,WH-CENTRAL,SUP-004,2024-01-02,2024-01-30,2024-01-28,12,12,28,26,-2,1,240.0,2880.0,Delivered
PO-14182,SKU-043,WH-CENTRAL,SUP-004,2024-01-27,2024-02-24,2024-02-20,24,24,28,24,-4,1,240.0,5760.0,Delivered
PO-14183,SKU-043,WH-CENTRAL,SUP-004,2024-02-22,2024-03-21,2024-03-21,18,18,28,28,0,1,240.0,4320.0,Delivered
PO-14184,SKU-043,WH-CENTRAL,SUP-004,2024-03-14,2024-04-11,2024-04-09,30,30,28,26,-2,1,240.0,7200.0,Delivered
PO-14185,SKU-043,WH-CENTRAL,SUP-004,2024-04-11,2024-05-09,2024-05-09,30,30,28,28,0,1,240.0,7200.0,Delivered
PO-14186,SKU-043,WH-CENTRAL,SUP-004,2024-05-01,2024-05-29,2024-05-27,18,18,28,26,-2,1,240.0,4320.0,Delivered
PO-14187,SKU-043,WH-CENTRAL,SUP-004,2024-05-19,2024-06-16,2024-06-15,12,12,28,27,-1,1,240.0,2880.0,Delivered
PO-14188,SKU-043,WH-CENTRAL,SUP-004,2024-06-07,2024-07-05,2024-07-05,18,18,28,28,0,1,240.0,4320.0,Delivered
PO-14189,SKU-043,WH-CENTRAL,SUP-004,2024-07-03,2024-07-31,2024-07-30,24,24,28,27,-1,1,240.0,5760.0,Delivered
PO-14190,SKU-043,WH-CENTRAL,SUP-004,2024-07-22,2024-08-19,2024-08-19,36,36,28,28,0,1,240.0,8640.0,Delivered
PO-14191,SKU-043,WH-CENTRAL,SUP-004,2024-08-09,2024-09-06,2024-09-05,18,18,28,27,-1,1,240.0,4320.0,Delivered
PO-14192,SKU-043,WH-CENTRAL,SUP-004,2024-08-26,2024-09-23,2024-09-27,12,12,28,32,4,0,240.0,2880.0,Delivered
PO-14193,SKU-043,WH-CENTRAL,SUP-004,2024-09-13,2024-10-11,2024-10-08,18,18,28,25,-3,1,240.0,4320.0,Delivered
PO-14194,SKU-043,WH-CENTRAL,SUP-004,2024-10-08,2024-11-05,2024-10-30,24,24,28,22,-6,1,240.0,5760.0,Delivered
PO-14195,SKU-043,WH-CENTRAL,SUP-004,2024-10-22,2024-11-19,2024-11-19,18,18,28,28,0,1,240.0,4320.0,Delivered
PO-14196,SKU-043,WH-CENTRAL,SUP-004,2024-11-10,2024-12-08,2024-12-08,30,30,28,28,0,1,240.0,7200.0,Delivered
PO-14197,SKU-043,WH-CENTRAL,SUP-004,2024-12-02,2024-12-30,2024-12-30,18,18,28,28,0,1,240.0,4320.0,Delivered
PO-14198,SKU-043,WH-CENTRAL,SUP-004,2024-12-26,2025-01-23,2025-01-23,12,12,28,28,0,1,240.0,2880.0,Delivered
PO-14199,SKU-043,WH-CENTRAL,SUP-004,2025-01-22,2025-02-19,2025-02-22,36,36,28,31,3,0,240.0,8640.0,Delivered
PO-14200,SKU-043,WH-CENTRAL,SUP-004,2025-02-16,2025-03-16,2025-03-20,24,24,28,32,4,0,240.0,5760.0,Delivered
PO-14201,SKU-043,WH-CENTRAL,SUP-004,2025-03-15,2025-04-12,2025-04-12,36,36,28,28,0,1,240.0,8640.0,Delivered
PO-14202,SKU-043,WH-CENTRAL,SUP-004,2025-03-30,2025-04-27,2025-05-24,30,30,28,55,27,0,240.0,7200.0,Delivered
PO-14203,SKU-043,WH-CENTRAL,SUP-004,2025-04-26,2025-05-24,2025-06-02,36,36,28,37,9,0,240.0,8640.0,Delivered
PO-14204,SKU-043,WH-CENTRAL,SUP-004,2025-05-10,2025-06-07,2025-06-07,36,36,28,28,0,1,240.0,8640.0,Delivered
PO-14205,SKU-043,WH-CENTRAL,SUP-004,2025-05-24,2025-06-21,2025-06-21,30,30,28,28,0,1,240.0,7200.0,Delivered
PO-14206,SKU-043,WH-CENTRAL,SUP-004,2025-06-11,2025-07-09,2025-07-09,36,36,28,28,0,1,240.0,8640.0,Delivered
PO-14207,SKU-043,WH-CENTRAL,SUP-004,2025-07-08,2025-08-05,2025-08-14,30,30,28,37,9,0,240.0,7200.0,Delivered
PO-14208,SKU-043,WH-CENTRAL,SUP-004,2025-08-05,2025-09-02,2025-09-02,18,18,28,28,0,1,240.0,4320.0,Delivered
PO-14209,SKU-043,WH-CENTRAL,SUP-004,2025-09-02,2025-09-30,2025-09-30,24,24,28,28,0,1,240.0,5760.0,Delivered
PO-14210,SKU-043,WH-CENTRAL,SUP-004,2025-09-21,2025-10-19,2025-10-19,24,24,28,28,0,1,240.0,5760.0,Delivered
PO-14211,SKU-043,WH-CENTRAL,SUP-004,2025-10-16,2025-11-13,2025-11-12,24,24,28,27,-1,1,240.0,5760.0,Delivered
PO-14212,SKU-043,WH-CENTRAL,SUP-004,2025-11-01,2025-11-29,2025-12-09,30,30,28,38,10,0,240.0,7200.0,Delivered
PO-14213,SKU-043,WH-CENTRAL,SUP-004,2025-11-30,2025-12-28,2025-12-26,36,36,28,26,-2,1,240.0,8640.0,Delivered
PO-14214,SKU-043,WH-WEST,SUP-004,2024-01-12,2024-02-09,2024-02-14,36,36,28,33,5,0,240.0,8640.0,Delivered
PO-14215,SKU-043,WH-WEST,SUP-004,2024-02-07,2024-03-06,2024-03-05,24,24,28,27,-1,1,240.0,5760.0,Delivered
PO-14216,SKU-043,WH-WEST,SUP-004,2024-03-06,2024-04-03,2024-04-03,24,24,28,28,0,1,240.0,5760.0,Delivered
PO-14217,SKU-043,WH-WEST,SUP-004,2024-04-01,2024-04-29,2024-04-26,18,18,28,25,-3,1,240.0,4320.0,Delivered
PO-14218,SKU-043,WH-WEST,SUP-004,2024-04-22,2024-05-20,2024-05-16,18,18,28,24,-4,1,240.0,4320.0,Delivered
PO-14219,SKU-043,WH-WEST,SUP-004,2024-05-07,2024-06-04,2024-06-05,18,18,28,29,1,0,240.0,4320.0,Delivered
PO-14220,SKU-043,WH-WEST,SUP-004,2024-05-21,2024-06-18,2024-06-25,36,36,28,35,7,0,240.0,8640.0,Delivered
PO-14221,SKU-043,WH-WEST,SUP-004,2024-06-04,2024-07-02,2024-07-01,24,24,28,27,-1,1,240.0,5760.0,Delivered
PO-14222,SKU-043,WH-WEST,SUP-004,2024-06-24,2024-07-22,2024-07-22,18,18,28,28,0,1,240.0,4320.0,Delivered
PO-14223,SKU-043,WH-WEST,SUP-004,2024-07-18,2024-08-15,2024-08-15,12,12,28,28,0,1,240.0,2880.0,Delivered
PO-14224,SKU-043,WH-WEST,SUP-004,2024-08-03,2024-08-31,2024-08-29,18,18,28,26,-2,1,240.0,4320.0,Delivered
PO-14225,SKU-043,WH-WEST,SUP-004,2024-08-26,2024-09-23,2024-09-23,36,36,28,28,0,1,240.0,8640.0,Delivered
PO-14226,SKU-043,WH-WEST,SUP-004,2024-09-12,2024-10-10,2024-10-07,12,12,28,25,-3,1,240.0,2880.0,Delivered
PO-14227,SKU-043,WH-WEST,SUP-004,2024-09-30,2024-10-28,2024-10-28,12,12,28,28,0,1,240.0,2880.0,Delivered
PO-14228,SKU-043,WH-WEST,SUP-004,2024-10-21,2024-11-18,2024-11-18,36,36,28,28,0,1,240.0,8640.0,Delivered
PO-14229,SKU-043,WH-WEST,SUP-004,2024-11-08,2024-12-06,2024-12-06,30,30,28,28,0,1,240.0,7200.0,Delivered
PO-14230,SKU-043,WH-WEST,SUP-004,2024-11-29,2024-12-27,2024-12-27,24,24,28,28,0,1,240.0,5760.0,Delivered
PO-14231,SKU-043,WH-WEST,SUP-004,2024-12-15,2025-01-12,2025-01-11,36,36,28,27,-1,1,240.0,8640.0,Delivered
PO-14232,SKU-043,WH-WEST,SUP-004,2024-12-29,2025-01-26,2025-01-25,18,18,28,27,-1,1,240.0,4320.0,Delivered
PO-14233,SKU-043,WH-WEST,SUP-004,2025-01-23,2025-02-20,2025-02-20,12,12,28,28,0,1,240.0,2880.0,Delivered
PO-14234,SKU-043,WH-WEST,SUP-004,2025-02-11,2025-03-11,2025-03-18,12,12,28,35,7,0,240.0,2880.0,Delivered
PO-14235,SKU-043,WH-WEST,SUP-004,2025-02-26,2025-03-26,2025-03-22,30,30,28,24,-4,1,240.0,7200.0,Delivered
PO-14236,SKU-043,WH-WEST,SUP-004,2025-03-19,2025-04-16,2025-04-16,30,30,28,28,0,1,240.0,7200.0,Delivered
PO-14237,SKU-043,WH-WEST,SUP-004,2025-04-17,2025-05-15,2025-05-15,24,24,28,28,0,1,240.0,5760.0,Delivered
PO-14238,SKU-043,WH-WEST,SUP-004,2025-05-08,2025-06-05,2025-06-25,12,12,28,48,20,0,240.0,2880.0,Delivered
PO-14239,SKU-043,WH-WEST,SUP-004,2025-05-23,2025-06-20,2025-07-23,18,18,28,61,33,0,240.0,4320.0,Delivered
PO-14240,SKU-043,WH-WEST,SUP-004,2025-06-16,2025-07-14,2025-07-14,12,12,28,28,0,1,240.0,2880.0,Delivered
PO-14241,SKU-043,WH-WEST,SUP-004,2025-07-13,2025-08-10,2025-08-08,18,18,28,26,-2,1,240.0,4320.0,Delivered
PO-14242,SKU-043,WH-WEST,SUP-004,2025-08-03,2025-08-31,2025-09-18,24,24,28,46,18,0,240.0,5760.0,Delivered
PO-14243,SKU-043,WH-WEST,SUP-004,2025-08-17,2025-09-14,2025-10-02,30,30,28,46,18,0,240.0,7200.0,Delivered
PO-14244,SKU-043,WH-WEST,SUP-004,2025-09-11,2025-10-09,2025-12-04,36,36,28,84,56,0,240.0,8640.0,Delivered
PO-14245,SKU-043,WH-WEST,SUP-004,2025-09-25,2025-10-23,2025-10-23,36,36,28,28,0,1,240.0,8640.0,Delivered
PO-14246,SKU-043,WH-WEST,SUP-004,2025-10-24,2025-11-21,2025-11-27,24,24,28,34,6,0,240.0,5760.0,Delivered
PO-14247,SKU-043,WH-WEST,SUP-004,2025-11-08,2025-12-06,2025-12-01,24,24,28,23,-5,1,240.0,5760.0,Delivered
PO-14248,SKU-043,WH-WEST,SUP-004,2025-12-01,2025-12-29,2026-01-04,30,0,28,34,6,0,240.0,7200.0,In-Transit
PO-14249,SKU-044,WH-EAST,SUP-007,2024-01-06,2024-01-16,2024-01-15,90,90,10,9,-1,1,35.0,3150.0,Delivered
PO-14250,SKU-044,WH-EAST,SUP-007,2024-02-04,2024-02-14,2024-02-13,180,180,10,9,-1,1,35.0,6300.0,Delivered
PO-14251,SKU-044,WH-EAST,SUP-007,2024-02-28,2024-03-09,2024-03-08,120,120,10,9,-1,1,35.0,4200.0,Delivered
PO-14252,SKU-044,WH-EAST,SUP-007,2024-03-25,2024-04-04,2024-04-03,150,150,10,9,-1,1,35.0,5250.0,Delivered
PO-14253,SKU-044,WH-EAST,SUP-007,2024-04-18,2024-04-28,2024-04-27,120,120,10,9,-1,1,35.0,4200.0,Delivered
PO-14254,SKU-044,WH-EAST,SUP-007,2024-05-07,2024-05-17,2024-05-17,180,180,10,10,0,1,35.0,6300.0,Delivered
PO-14255,SKU-044,WH-EAST,SUP-007,2024-05-28,2024-06-07,2024-06-07,150,150,10,10,0,1,35.0,5250.0,Delivered
PO-14256,SKU-044,WH-EAST,SUP-007,2024-06-16,2024-06-26,2024-06-25,150,150,10,9,-1,1,35.0,5250.0,Delivered
PO-14257,SKU-044,WH-EAST,SUP-007,2024-07-09,2024-07-19,2024-07-19,150,150,10,10,0,1,35.0,5250.0,Delivered
PO-14258,SKU-044,WH-EAST,SUP-007,2024-08-04,2024-08-14,2024-08-13,60,60,10,9,-1,1,35.0,2100.0,Delivered
PO-14259,SKU-044,WH-EAST,SUP-007,2024-08-22,2024-09-01,2024-08-31,180,180,10,9,-1,1,35.0,6300.0,Delivered
PO-14260,SKU-044,WH-EAST,SUP-007,2024-09-09,2024-09-19,2024-09-19,180,180,10,10,0,1,35.0,6300.0,Delivered
PO-14261,SKU-044,WH-EAST,SUP-007,2024-09-25,2024-10-05,2024-10-03,180,180,10,8,-2,1,35.0,6300.0,Delivered
PO-14262,SKU-044,WH-EAST,SUP-007,2024-10-11,2024-10-21,2024-10-21,60,60,10,10,0,1,35.0,2100.0,Delivered
PO-14263,SKU-044,WH-EAST,SUP-007,2024-11-04,2024-11-14,2024-11-18,120,120,10,14,4,0,35.0,4200.0,Delivered
PO-14264,SKU-044,WH-EAST,SUP-007,2024-11-26,2024-12-06,2024-12-06,120,120,10,10,0,1,35.0,4200.0,Delivered
PO-14265,SKU-044,WH-EAST,SUP-007,2024-12-13,2024-12-23,2024-12-23,150,150,10,10,0,1,35.0,5250.0,Delivered
PO-14266,SKU-044,WH-EAST,SUP-007,2025-01-06,2025-01-16,2025-01-16,180,180,10,10,0,1,35.0,6300.0,Delivered
PO-14267,SKU-044,WH-EAST,SUP-007,2025-02-03,2025-02-13,2025-02-11,120,120,10,8,-2,1,35.0,4200.0,Delivered
PO-14268,SKU-044,WH-EAST,SUP-007,2025-02-28,2025-03-10,2025-03-09,120,120,10,9,-1,1,35.0,4200.0,Delivered
PO-14269,SKU-044,WH-EAST,SUP-007,2025-03-29,2025-04-08,2025-04-07,90,90,10,9,-1,1,35.0,3150.0,Delivered
PO-14270,SKU-044,WH-EAST,SUP-007,2025-04-22,2025-05-02,2025-05-01,120,120,10,9,-1,1,35.0,4200.0,Delivered
PO-14271,SKU-044,WH-EAST,SUP-007,2025-05-11,2025-05-21,2025-05-20,150,150,10,9,-1,1,35.0,5250.0,Delivered
PO-14272,SKU-044,WH-EAST,SUP-007,2025-06-06,2025-06-16,2025-06-16,60,60,10,10,0,1,35.0,2100.0,Delivered
PO-14273,SKU-044,WH-EAST,SUP-007,2025-07-02,2025-07-12,2025-07-11,60,60,10,9,-1,1,35.0,2100.0,Delivered
PO-14274,SKU-044,WH-EAST,SUP-007,2025-07-16,2025-07-26,2025-07-26,150,150,10,10,0,1,35.0,5250.0,Delivered
PO-14275,SKU-044,WH-EAST,SUP-007,2025-08-05,2025-08-15,2025-08-15,90,90,10,10,0,1,35.0,3150.0,Delivered
PO-14276,SKU-044,WH-EAST,SUP-007,2025-08-25,2025-09-04,2025-09-04,180,180,10,10,0,1,35.0,6300.0,Delivered
PO-14277,SKU-044,WH-EAST,SUP-007,2025-09-23,2025-10-03,2025-10-06,180,180,10,13,3,0,35.0,6300.0,Delivered
PO-14278,SKU-044,WH-EAST,SUP-007,2025-10-19,2025-10-29,2025-10-29,90,90,10,10,0,1,35.0,3150.0,Delivered
PO-14279,SKU-044,WH-EAST,SUP-007,2025-11-06,2025-11-16,2025-11-16,60,60,10,10,0,1,35.0,2100.0,Delivered
PO-14280,SKU-044,WH-EAST,SUP-007,2025-11-27,2025-12-07,2025-12-06,150,150,10,9,-1,1,35.0,5250.0,Delivered
PO-14281,SKU-044,WH-CENTRAL,SUP-007,2024-01-03,2024-01-13,2024-01-13,180,180,10,10,0,1,35.0,6300.0,Delivered
PO-14282,SKU-044,WH-CENTRAL,SUP-007,2024-01-23,2024-02-02,2024-02-01,120,120,10,9,-1,1,35.0,4200.0,Delivered
PO-14283,SKU-044,WH-CENTRAL,SUP-007,2024-02-07,2024-02-17,2024-02-18,180,180,10,11,1,0,35.0,6300.0,Delivered
PO-14284,SKU-044,WH-CENTRAL,SUP-007,2024-02-23,2024-03-04,2024-03-04,180,180,10,10,0,1,35.0,6300.0,Delivered
PO-14285,SKU-044,WH-CENTRAL,SUP-007,2024-03-08,2024-03-18,2024-03-16,180,180,10,8,-2,1,35.0,6300.0,Delivered
PO-14286,SKU-044,WH-CENTRAL,SUP-007,2024-04-02,2024-04-12,2024-04-12,120,120,10,10,0,1,35.0,4200.0,Delivered
PO-14287,SKU-044,WH-CENTRAL,SUP-007,2024-04-18,2024-04-28,2024-04-28,150,150,10,10,0,1,35.0,5250.0,Delivered
PO-14288,SKU-044,WH-CENTRAL,SUP-007,2024-05-17,2024-05-27,2024-05-26,150,150,10,9,-1,1,35.0,5250.0,Delivered
PO-14289,SKU-044,WH-CENTRAL,SUP-007,2024-06-15,2024-06-25,2024-06-24,120,120,10,9,-1,1,35.0,4200.0,Delivered
PO-14290,SKU-044,WH-CENTRAL,SUP-007,2024-07-01,2024-07-11,2024-07-11,180,180,10,10,0,1,35.0,6300.0,Delivered
PO-14291,SKU-044,WH-CENTRAL,SUP-007,2024-07-23,2024-08-02,2024-08-02,60,60,10,10,0,1,35.0,2100.0,Delivered
PO-14292,SKU-044,WH-CENTRAL,SUP-007,2024-08-08,2024-08-18,2024-08-18,120,120,10,10,0,1,35.0,4200.0,Delivered
PO-14293,SKU-044,WH-CENTRAL,SUP-007,2024-08-27,2024-09-06,2024-09-05,150,150,10,9,-1,1,35.0,5250.0,Delivered
PO-14294,SKU-044,WH-CENTRAL,SUP-007,2024-09-22,2024-10-02,2024-10-01,120,120,10,9,-1,1,35.0,4200.0,Delivered
PO-14295,SKU-044,WH-CENTRAL,SUP-007,2024-10-19,2024-10-29,2024-10-29,90,90,10,10,0,1,35.0,3150.0,Delivered
PO-14296,SKU-044,WH-CENTRAL,SUP-007,2024-11-13,2024-11-23,2024-11-21,180,180,10,8,-2,1,35.0,6300.0,Delivered
PO-14297,SKU-044,WH-CENTRAL,SUP-007,2024-12-03,2024-12-13,2024-12-13,90,90,10,10,0,1,35.0,3150.0,Delivered
PO-14298,SKU-044,WH-CENTRAL,SUP-007,2024-12-31,2025-01-10,2025-01-10,60,60,10,10,0,1,35.0,2100.0,Delivered
PO-14299,SKU-044,WH-CENTRAL,SUP-007,2025-01-21,2025-01-31,2025-01-31,150,150,10,10,0,1,35.0,5250.0,Delivered
PO-14300,SKU-044,WH-CENTRAL,SUP-007,2025-02-14,2025-02-24,2025-02-23,90,90,10,9,-1,1,35.0,3150.0,Delivered
PO-14301,SKU-044,WH-CENTRAL,SUP-007,2025-03-15,2025-03-25,2025-03-25,150,150,10,10,0,1,35.0,5250.0,Delivered
PO-14302,SKU-044,WH-CENTRAL,SUP-007,2025-04-08,2025-04-18,2025-04-17,60,60,10,9,-1,1,35.0,2100.0,Delivered
PO-14303,SKU-044,WH-CENTRAL,SUP-007,2025-04-22,2025-05-02,2025-05-01,60,60,10,9,-1,1,35.0,2100.0,Delivered
PO-14304,SKU-044,WH-CENTRAL,SUP-007,2025-05-21,2025-05-31,2025-05-31,120,120,10,10,0,1,35.0,4200.0,Delivered
PO-14305,SKU-044,WH-CENTRAL,SUP-007,2025-06-17,2025-06-27,2025-06-26,180,180,10,9,-1,1,35.0,6300.0,Delivered
PO-14306,SKU-044,WH-CENTRAL,SUP-007,2025-07-13,2025-07-23,2025-07-22,60,60,10,9,-1,1,35.0,2100.0,Delivered
PO-14307,SKU-044,WH-CENTRAL,SUP-007,2025-08-01,2025-08-11,2025-08-11,90,90,10,10,0,1,35.0,3150.0,Delivered
PO-14308,SKU-044,WH-CENTRAL,SUP-007,2025-08-25,2025-09-04,2025-09-04,120,120,10,10,0,1,35.0,4200.0,Delivered
PO-14309,SKU-044,WH-CENTRAL,SUP-007,2025-09-12,2025-09-22,2025-09-22,180,180,10,10,0,1,35.0,6300.0,Delivered
PO-14310,SKU-044,WH-CENTRAL,SUP-007,2025-10-08,2025-10-18,2025-10-16,60,60,10,8,-2,1,35.0,2100.0,Delivered
PO-14311,SKU-044,WH-CENTRAL,SUP-007,2025-11-04,2025-11-14,2025-11-14,120,120,10,10,0,1,35.0,4200.0,Delivered
PO-14312,SKU-044,WH-CENTRAL,SUP-007,2025-11-28,2025-12-08,2025-12-07,90,90,10,9,-1,1,35.0,3150.0,Delivered
PO-14313,SKU-044,WH-WEST,SUP-007,2024-01-09,2024-01-19,2024-01-19,180,180,10,10,0,1,35.0,6300.0,Delivered
PO-14314,SKU-044,WH-WEST,SUP-007,2024-01-28,2024-02-07,2024-02-10,150,150,10,13,3,0,35.0,5250.0,Delivered
PO-14315,SKU-044,WH-WEST,SUP-007,2024-02-12,2024-02-22,2024-02-22,60,60,10,10,0,1,35.0,2100.0,Delivered
PO-14316,SKU-044,WH-WEST,SUP-007,2024-03-12,2024-03-22,2024-03-20,120,120,10,8,-2,1,35.0,4200.0,Delivered
PO-14317,SKU-044,WH-WEST,SUP-007,2024-03-29,2024-04-08,2024-04-08,60,60,10,10,0,1,35.0,2100.0,Delivered
PO-14318,SKU-044,WH-WEST,SUP-007,2024-04-23,2024-05-03,2024-05-03,180,180,10,10,0,1,35.0,6300.0,Delivered
PO-14319,SKU-044,WH-WEST,SUP-007,2024-05-12,2024-05-22,2024-05-20,180,180,10,8,-2,1,35.0,6300.0,Delivered
PO-14320,SKU-044,WH-WEST,SUP-007,2024-06-02,2024-06-12,2024-06-12,150,150,10,10,0,1,35.0,5250.0,Delivered
PO-14321,SKU-044,WH-WEST,SUP-007,2024-06-21,2024-07-01,2024-07-01,60,60,10,10,0,1,35.0,2100.0,Delivered
PO-14322,SKU-044,WH-WEST,SUP-007,2024-07-05,2024-07-15,2024-07-15,180,180,10,10,0,1,35.0,6300.0,Delivered
PO-14323,SKU-044,WH-WEST,SUP-007,2024-08-01,2024-08-11,2024-08-08,150,150,10,7,-3,1,35.0,5250.0,Delivered
PO-14324,SKU-044,WH-WEST,SUP-007,2024-08-17,2024-08-27,2024-08-27,150,150,10,10,0,1,35.0,5250.0,Delivered
PO-14325,SKU-044,WH-WEST,SUP-007,2024-09-10,2024-09-20,2024-09-20,120,120,10,10,0,1,35.0,4200.0,Delivered
PO-14326,SKU-044,WH-WEST,SUP-007,2024-09-24,2024-10-04,2024-10-04,180,180,10,10,0,1,35.0,6300.0,Delivered
PO-14327,SKU-044,WH-WEST,SUP-007,2024-10-08,2024-10-18,2024-10-16,120,120,10,8,-2,1,35.0,4200.0,Delivered
PO-14328,SKU-044,WH-WEST,SUP-007,2024-11-05,2024-11-15,2024-11-13,120,120,10,8,-2,1,35.0,4200.0,Delivered
PO-14329,SKU-044,WH-WEST,SUP-007,2024-11-26,2024-12-06,2024-12-06,180,180,10,10,0,1,35.0,6300.0,Delivered
PO-14330,SKU-044,WH-WEST,SUP-007,2024-12-13,2024-12-23,2024-12-22,90,90,10,9,-1,1,35.0,3150.0,Delivered
PO-14331,SKU-044,WH-WEST,SUP-007,2024-12-27,2025-01-06,2025-01-06,60,60,10,10,0,1,35.0,2100.0,Delivered
PO-14332,SKU-044,WH-WEST,SUP-007,2025-01-14,2025-01-24,2025-01-24,150,150,10,10,0,1,35.0,5250.0,Delivered
PO-14333,SKU-044,WH-WEST,SUP-007,2025-02-11,2025-02-21,2025-02-22,180,180,10,11,1,0,35.0,6300.0,Delivered
PO-14334,SKU-044,WH-WEST,SUP-007,2025-03-10,2025-03-20,2025-03-31,180,180,10,21,11,0,35.0,6300.0,Delivered
PO-14335,SKU-044,WH-WEST,SUP-007,2025-03-26,2025-04-05,2025-04-05,90,90,10,10,0,1,35.0,3150.0,Delivered
PO-14336,SKU-044,WH-WEST,SUP-007,2025-04-10,2025-04-20,2025-04-20,120,120,10,10,0,1,35.0,4200.0,Delivered
PO-14337,SKU-044,WH-WEST,SUP-007,2025-05-02,2025-05-12,2025-05-11,120,120,10,9,-1,1,35.0,4200.0,Delivered
PO-14338,SKU-044,WH-WEST,SUP-007,2025-05-26,2025-06-05,2025-06-05,90,90,10,10,0,1,35.0,3150.0,Delivered
PO-14339,SKU-044,WH-WEST,SUP-007,2025-06-17,2025-06-27,2025-06-27,180,180,10,10,0,1,35.0,6300.0,Delivered
PO-14340,SKU-044,WH-WEST,SUP-007,2025-07-15,2025-07-25,2025-07-24,120,120,10,9,-1,1,35.0,4200.0,Delivered
PO-14341,SKU-044,WH-WEST,SUP-007,2025-08-11,2025-08-21,2025-08-21,150,150,10,10,0,1,35.0,5250.0,Delivered
PO-14342,SKU-044,WH-WEST,SUP-007,2025-08-28,2025-09-07,2025-09-05,150,150,10,8,-2,1,35.0,5250.0,Delivered
PO-14343,SKU-044,WH-WEST,SUP-007,2025-09-22,2025-10-02,2025-10-02,150,150,10,10,0,1,35.0,5250.0,Delivered
PO-14344,SKU-044,WH-WEST,SUP-007,2025-10-17,2025-10-27,2025-10-26,150,150,10,9,-1,1,35.0,5250.0,Delivered
PO-14345,SKU-044,WH-WEST,SUP-007,2025-11-04,2025-11-14,2025-11-13,120,120,10,9,-1,1,35.0,4200.0,Delivered
PO-14346,SKU-044,WH-WEST,SUP-007,2025-11-29,2025-12-09,2025-12-08,90,90,10,9,-1,1,35.0,3150.0,Delivered
PO-14347,SKU-045,WH-EAST,SUP-001,2024-01-12,2024-01-19,2024-01-19,80,80,7,7,0,1,28.0,2240.0,Delivered
PO-14348,SKU-045,WH-EAST,SUP-001,2024-01-26,2024-02-02,2024-02-01,80,80,7,6,-1,1,28.0,2240.0,Delivered
PO-14349,SKU-045,WH-EAST,SUP-001,2024-02-12,2024-02-19,2024-02-18,160,160,7,6,-1,1,28.0,4480.0,Delivered
PO-14350,SKU-045,WH-EAST,SUP-001,2024-03-01,2024-03-08,2024-03-07,80,80,7,6,-1,1,28.0,2240.0,Delivered
PO-14351,SKU-045,WH-EAST,SUP-001,2024-03-29,2024-04-05,2024-04-03,120,120,7,5,-2,1,28.0,3360.0,Delivered
PO-14352,SKU-045,WH-EAST,SUP-001,2024-04-13,2024-04-20,2024-04-20,160,160,7,7,0,1,28.0,4480.0,Delivered
PO-14353,SKU-045,WH-EAST,SUP-001,2024-04-29,2024-05-06,2024-05-05,80,80,7,6,-1,1,28.0,2240.0,Delivered
PO-14354,SKU-045,WH-EAST,SUP-001,2024-05-18,2024-05-25,2024-05-25,160,160,7,7,0,1,28.0,4480.0,Delivered
PO-14355,SKU-045,WH-EAST,SUP-001,2024-06-13,2024-06-20,2024-06-19,240,240,7,6,-1,1,28.0,6720.0,Delivered
PO-14356,SKU-045,WH-EAST,SUP-001,2024-06-30,2024-07-07,2024-07-07,80,80,7,7,0,1,28.0,2240.0,Delivered
PO-14357,SKU-045,WH-EAST,SUP-001,2024-07-22,2024-07-29,2024-07-29,160,160,7,7,0,1,28.0,4480.0,Delivered
PO-14358,SKU-045,WH-EAST,SUP-001,2024-08-15,2024-08-22,2024-08-22,240,240,7,7,0,1,28.0,6720.0,Delivered
PO-14359,SKU-045,WH-EAST,SUP-001,2024-09-13,2024-09-20,2024-09-20,240,240,7,7,0,1,28.0,6720.0,Delivered
PO-14360,SKU-045,WH-EAST,SUP-001,2024-10-08,2024-10-15,2024-10-14,240,240,7,6,-1,1,28.0,6720.0,Delivered
PO-14361,SKU-045,WH-EAST,SUP-001,2024-10-31,2024-11-07,2024-11-07,240,240,7,7,0,1,28.0,6720.0,Delivered
PO-14362,SKU-045,WH-EAST,SUP-001,2024-11-24,2024-12-01,2024-12-01,200,200,7,7,0,1,28.0,5600.0,Delivered
PO-14363,SKU-045,WH-EAST,SUP-001,2024-12-19,2024-12-26,2024-12-26,80,80,7,7,0,1,28.0,2240.0,Delivered
PO-14364,SKU-045,WH-EAST,SUP-001,2025-01-03,2025-01-10,2025-01-10,200,200,7,7,0,1,28.0,5600.0,Delivered
PO-14365,SKU-045,WH-EAST,SUP-001,2025-01-18,2025-01-25,2025-01-25,240,240,7,7,0,1,28.0,6720.0,Delivered
PO-14366,SKU-045,WH-EAST,SUP-001,2025-02-10,2025-02-17,2025-02-17,120,120,7,7,0,1,28.0,3360.0,Delivered
PO-14367,SKU-045,WH-EAST,SUP-001,2025-02-26,2025-03-05,2025-03-05,120,120,7,7,0,1,28.0,3360.0,Delivered
PO-14368,SKU-045,WH-EAST,SUP-001,2025-03-25,2025-04-01,2025-04-01,80,80,7,7,0,1,28.0,2240.0,Delivered
PO-14369,SKU-045,WH-EAST,SUP-001,2025-04-23,2025-04-30,2025-04-30,80,80,7,7,0,1,28.0,2240.0,Delivered
PO-14370,SKU-045,WH-EAST,SUP-001,2025-05-18,2025-05-25,2025-05-25,200,200,7,7,0,1,28.0,5600.0,Delivered
PO-14371,SKU-045,WH-EAST,SUP-001,2025-06-04,2025-06-11,2025-06-11,200,200,7,7,0,1,28.0,5600.0,Delivered
PO-14372,SKU-045,WH-EAST,SUP-001,2025-07-02,2025-07-09,2025-07-09,160,160,7,7,0,1,28.0,4480.0,Delivered
PO-14373,SKU-045,WH-EAST,SUP-001,2025-07-27,2025-08-03,2025-08-03,200,200,7,7,0,1,28.0,5600.0,Delivered
PO-14374,SKU-045,WH-EAST,SUP-001,2025-08-21,2025-08-28,2025-08-28,240,240,7,7,0,1,28.0,6720.0,Delivered
PO-14375,SKU-045,WH-EAST,SUP-001,2025-09-17,2025-09-24,2025-09-24,200,200,7,7,0,1,28.0,5600.0,Delivered
PO-14376,SKU-045,WH-EAST,SUP-001,2025-10-01,2025-10-08,2025-10-08,200,200,7,7,0,1,28.0,5600.0,Delivered
PO-14377,SKU-045,WH-EAST,SUP-001,2025-10-22,2025-10-29,2025-10-28,200,200,7,6,-1,1,28.0,5600.0,Delivered
PO-14378,SKU-045,WH-EAST,SUP-001,2025-11-07,2025-11-14,2025-11-14,120,120,7,7,0,1,28.0,3360.0,Delivered
PO-14379,SKU-045,WH-EAST,SUP-001,2025-11-21,2025-11-28,2025-11-28,120,120,7,7,0,1,28.0,3360.0,Delivered
PO-14380,SKU-045,WH-CENTRAL,SUP-001,2024-01-15,2024-01-22,2024-01-22,80,80,7,7,0,1,28.0,2240.0,Delivered
PO-14381,SKU-045,WH-CENTRAL,SUP-001,2024-02-04,2024-02-11,2024-02-10,240,240,7,6,-1,1,28.0,6720.0,Delivered
PO-14382,SKU-045,WH-CENTRAL,SUP-001,2024-03-01,2024-03-08,2024-03-08,120,120,7,7,0,1,28.0,3360.0,Delivered
PO-14383,SKU-045,WH-CENTRAL,SUP-001,2024-03-22,2024-03-29,2024-03-29,200,200,7,7,0,1,28.0,5600.0,Delivered
PO-14384,SKU-045,WH-CENTRAL,SUP-001,2024-04-18,2024-04-25,2024-04-25,240,240,7,7,0,1,28.0,6720.0,Delivered
PO-14385,SKU-045,WH-CENTRAL,SUP-001,2024-05-02,2024-05-09,2024-05-09,240,240,7,7,0,1,28.0,6720.0,Delivered
PO-14386,SKU-045,WH-CENTRAL,SUP-001,2024-05-24,2024-05-31,2024-06-03,120,120,7,10,3,0,28.0,3360.0,Delivered
PO-14387,SKU-045,WH-CENTRAL,SUP-001,2024-06-19,2024-06-26,2024-06-26,200,200,7,7,0,1,28.0,5600.0,Delivered
PO-14388,SKU-045,WH-CENTRAL,SUP-001,2024-07-04,2024-07-11,2024-07-11,120,120,7,7,0,1,28.0,3360.0,Delivered
PO-14389,SKU-045,WH-CENTRAL,SUP-001,2024-08-02,2024-08-09,2024-08-09,120,120,7,7,0,1,28.0,3360.0,Delivered
PO-14390,SKU-045,WH-CENTRAL,SUP-001,2024-08-24,2024-08-31,2024-08-31,80,80,7,7,0,1,28.0,2240.0,Delivered
PO-14391,SKU-045,WH-CENTRAL,SUP-001,2024-09-12,2024-09-19,2024-09-19,200,200,7,7,0,1,28.0,5600.0,Delivered
PO-14392,SKU-045,WH-CENTRAL,SUP-001,2024-10-04,2024-10-11,2024-10-10,160,160,7,6,-1,1,28.0,4480.0,Delivered
PO-14393,SKU-045,WH-CENTRAL,SUP-001,2024-10-31,2024-11-07,2024-11-07,120,120,7,7,0,1,28.0,3360.0,Delivered
PO-14394,SKU-045,WH-CENTRAL,SUP-001,2024-11-20,2024-11-27,2024-11-27,240,240,7,7,0,1,28.0,6720.0,Delivered
PO-14395,SKU-045,WH-CENTRAL,SUP-001,2024-12-17,2024-12-24,2024-12-24,80,80,7,7,0,1,28.0,2240.0,Delivered
PO-14396,SKU-045,WH-CENTRAL,SUP-001,2025-01-02,2025-01-09,2025-01-08,240,240,7,6,-1,1,28.0,6720.0,Delivered
PO-14397,SKU-045,WH-CENTRAL,SUP-001,2025-01-27,2025-02-03,2025-02-03,160,160,7,7,0,1,28.0,4480.0,Delivered
PO-14398,SKU-045,WH-CENTRAL,SUP-001,2025-02-16,2025-02-23,2025-02-23,80,80,7,7,0,1,28.0,2240.0,Delivered
PO-14399,SKU-045,WH-CENTRAL,SUP-001,2025-03-17,2025-03-24,2025-03-24,120,120,7,7,0,1,28.0,3360.0,Delivered
PO-14400,SKU-045,WH-CENTRAL,SUP-001,2025-04-09,2025-04-16,2025-04-16,120,120,7,7,0,1,28.0,3360.0,Delivered
PO-14401,SKU-045,WH-CENTRAL,SUP-001,2025-05-06,2025-05-13,2025-05-12,200,200,7,6,-1,1,28.0,5600.0,Delivered
PO-14402,SKU-045,WH-CENTRAL,SUP-001,2025-05-23,2025-05-30,2025-05-30,160,160,7,7,0,1,28.0,4480.0,Delivered
PO-14403,SKU-045,WH-CENTRAL,SUP-001,2025-06-06,2025-06-13,2025-06-13,160,160,7,7,0,1,28.0,4480.0,Delivered
PO-14404,SKU-045,WH-CENTRAL,SUP-001,2025-06-23,2025-06-30,2025-06-30,80,80,7,7,0,1,28.0,2240.0,Delivered
PO-14405,SKU-045,WH-CENTRAL,SUP-001,2025-07-20,2025-07-27,2025-07-27,200,200,7,7,0,1,28.0,5600.0,Delivered
PO-14406,SKU-045,WH-CENTRAL,SUP-001,2025-08-13,2025-08-20,2025-08-20,120,120,7,7,0,1,28.0,3360.0,Delivered
PO-14407,SKU-045,WH-CENTRAL,SUP-001,2025-09-05,2025-09-12,2025-09-12,200,200,7,7,0,1,28.0,5600.0,Delivered
PO-14408,SKU-045,WH-CENTRAL,SUP-001,2025-10-04,2025-10-11,2025-10-10,240,240,7,6,-1,1,28.0,6720.0,Delivered
PO-14409,SKU-045,WH-CENTRAL,SUP-001,2025-10-23,2025-10-30,2025-10-30,240,240,7,7,0,1,28.0,6720.0,Delivered
PO-14410,SKU-045,WH-CENTRAL,SUP-001,2025-11-21,2025-11-28,2025-11-27,80,80,7,6,-1,1,28.0,2240.0,Delivered
PO-14411,SKU-045,WH-WEST,SUP-001,2024-01-05,2024-01-12,2024-01-12,200,200,7,7,0,1,28.0,5600.0,Delivered
PO-14412,SKU-045,WH-WEST,SUP-001,2024-01-24,2024-01-31,2024-01-30,160,160,7,6,-1,1,28.0,4480.0,Delivered
PO-14413,SKU-045,WH-WEST,SUP-001,2024-02-07,2024-02-14,2024-02-14,200,200,7,7,0,1,28.0,5600.0,Delivered
PO-14414,SKU-045,WH-WEST,SUP-001,2024-02-23,2024-03-01,2024-03-01,200,200,7,7,0,1,28.0,5600.0,Delivered
PO-14415,SKU-045,WH-WEST,SUP-001,2024-03-11,2024-03-18,2024-03-17,120,120,7,6,-1,1,28.0,3360.0,Delivered
PO-14416,SKU-045,WH-WEST,SUP-001,2024-04-08,2024-04-15,2024-04-15,160,160,7,7,0,1,28.0,4480.0,Delivered
PO-14417,SKU-045,WH-WEST,SUP-001,2024-05-02,2024-05-09,2024-05-09,200,200,7,7,0,1,28.0,5600.0,Delivered
PO-14418,SKU-045,WH-WEST,SUP-001,2024-05-26,2024-06-02,2024-06-02,240,240,7,7,0,1,28.0,6720.0,Delivered
PO-14419,SKU-045,WH-WEST,SUP-001,2024-06-20,2024-06-27,2024-06-27,80,80,7,7,0,1,28.0,2240.0,Delivered
PO-14420,SKU-045,WH-WEST,SUP-001,2024-07-04,2024-07-11,2024-07-10,200,200,7,6,-1,1,28.0,5600.0,Delivered
PO-14421,SKU-045,WH-WEST,SUP-001,2024-07-19,2024-07-26,2024-07-26,160,160,7,7,0,1,28.0,4480.0,Delivered
PO-14422,SKU-045,WH-WEST,SUP-001,2024-08-04,2024-08-11,2024-08-11,160,160,7,7,0,1,28.0,4480.0,Delivered
PO-14423,SKU-045,WH-WEST,SUP-001,2024-09-02,2024-09-09,2024-09-09,200,200,7,7,0,1,28.0,5600.0,Delivered
PO-14424,SKU-045,WH-WEST,SUP-001,2024-09-17,2024-09-24,2024-09-23,240,240,7,6,-1,1,28.0,6720.0,Delivered
PO-14425,SKU-045,WH-WEST,SUP-001,2024-10-12,2024-10-19,2024-10-19,240,240,7,7,0,1,28.0,6720.0,Delivered
PO-14426,SKU-045,WH-WEST,SUP-001,2024-11-02,2024-11-09,2024-11-09,200,200,7,7,0,1,28.0,5600.0,Delivered
PO-14427,SKU-045,WH-WEST,SUP-001,2024-11-22,2024-11-29,2024-11-29,240,240,7,7,0,1,28.0,6720.0,Delivered
PO-14428,SKU-045,WH-WEST,SUP-001,2024-12-07,2024-12-14,2024-12-13,200,200,7,6,-1,1,28.0,5600.0,Delivered
PO-14429,SKU-045,WH-WEST,SUP-001,2024-12-24,2024-12-31,2024-12-31,240,240,7,7,0,1,28.0,6720.0,Delivered
PO-14430,SKU-045,WH-WEST,SUP-001,2025-01-17,2025-01-24,2025-01-23,80,80,7,6,-1,1,28.0,2240.0,Delivered
PO-14431,SKU-045,WH-WEST,SUP-001,2025-02-07,2025-02-14,2025-02-14,160,160,7,7,0,1,28.0,4480.0,Delivered
PO-14432,SKU-045,WH-WEST,SUP-001,2025-02-23,2025-03-02,2025-03-01,240,240,7,6,-1,1,28.0,6720.0,Delivered
PO-14433,SKU-045,WH-WEST,SUP-001,2025-03-13,2025-03-20,2025-03-20,160,160,7,7,0,1,28.0,4480.0,Delivered
PO-14434,SKU-045,WH-WEST,SUP-001,2025-04-02,2025-04-09,2025-04-08,240,240,7,6,-1,1,28.0,6720.0,Delivered
PO-14435,SKU-045,WH-WEST,SUP-001,2025-04-18,2025-04-25,2025-04-25,240,240,7,7,0,1,28.0,6720.0,Delivered
PO-14436,SKU-045,WH-WEST,SUP-001,2025-05-13,2025-05-20,2025-05-20,160,160,7,7,0,1,28.0,4480.0,Delivered
PO-14437,SKU-045,WH-WEST,SUP-001,2025-06-04,2025-06-11,2025-06-11,120,120,7,7,0,1,28.0,3360.0,Delivered
PO-14438,SKU-045,WH-WEST,SUP-001,2025-06-28,2025-07-05,2025-07-05,120,120,7,7,0,1,28.0,3360.0,Delivered
PO-14439,SKU-045,WH-WEST,SUP-001,2025-07-27,2025-08-03,2025-08-03,120,120,7,7,0,1,28.0,3360.0,Delivered
PO-14440,SKU-045,WH-WEST,SUP-001,2025-08-13,2025-08-20,2025-08-19,80,80,7,6,-1,1,28.0,2240.0,Delivered
PO-14441,SKU-045,WH-WEST,SUP-001,2025-09-05,2025-09-12,2025-09-12,120,120,7,7,0,1,28.0,3360.0,Delivered
PO-14442,SKU-045,WH-WEST,SUP-001,2025-10-04,2025-10-11,2025-10-11,120,120,7,7,0,1,28.0,3360.0,Delivered
PO-14443,SKU-045,WH-WEST,SUP-001,2025-10-21,2025-10-28,2025-10-28,200,200,7,7,0,1,28.0,5600.0,Delivered
PO-14444,SKU-045,WH-WEST,SUP-001,2025-11-19,2025-11-26,2025-11-25,80,80,7,6,-1,1,28.0,2240.0,Delivered
PO-14445,SKU-046,WH-EAST,SUP-007,2024-01-12,2024-01-22,2024-01-22,100,100,10,10,0,1,19.0,1900.0,Delivered
PO-14446,SKU-046,WH-EAST,SUP-007,2024-02-07,2024-02-17,2024-02-17,100,100,10,10,0,1,19.0,1900.0,Delivered
PO-14447,SKU-046,WH-EAST,SUP-007,2024-02-22,2024-03-03,2024-03-03,200,200,10,10,0,1,19.0,3800.0,Delivered
PO-14448,SKU-046,WH-EAST,SUP-007,2024-03-22,2024-04-01,2024-04-01,250,250,10,10,0,1,19.0,4750.0,Delivered
PO-14449,SKU-046,WH-EAST,SUP-007,2024-04-12,2024-04-22,2024-04-20,200,200,10,8,-2,1,19.0,3800.0,Delivered
PO-14450,SKU-046,WH-EAST,SUP-007,2024-05-09,2024-05-19,2024-05-19,200,200,10,10,0,1,19.0,3800.0,Delivered
PO-14451,SKU-046,WH-EAST,SUP-007,2024-05-29,2024-06-08,2024-06-08,150,150,10,10,0,1,19.0,2850.0,Delivered
PO-14452,SKU-046,WH-EAST,SUP-007,2024-06-15,2024-06-25,2024-06-24,150,150,10,9,-1,1,19.0,2850.0,Delivered
PO-14453,SKU-046,WH-EAST,SUP-007,2024-07-13,2024-07-23,2024-07-22,250,250,10,9,-1,1,19.0,4750.0,Delivered
PO-14454,SKU-046,WH-EAST,SUP-007,2024-08-06,2024-08-16,2024-08-16,150,150,10,10,0,1,19.0,2850.0,Delivered
PO-14455,SKU-046,WH-EAST,SUP-007,2024-09-01,2024-09-11,2024-09-12,100,100,10,11,1,0,19.0,1900.0,Delivered
PO-14456,SKU-046,WH-EAST,SUP-007,2024-09-24,2024-10-04,2024-10-04,250,250,10,10,0,1,19.0,4750.0,Delivered
PO-14457,SKU-046,WH-EAST,SUP-007,2024-10-23,2024-11-02,2024-11-02,150,150,10,10,0,1,19.0,2850.0,Delivered
PO-14458,SKU-046,WH-EAST,SUP-007,2024-11-21,2024-12-01,2024-12-01,250,250,10,10,0,1,19.0,4750.0,Delivered
PO-14459,SKU-046,WH-EAST,SUP-007,2024-12-13,2024-12-23,2024-12-23,250,250,10,10,0,1,19.0,4750.0,Delivered
PO-14460,SKU-046,WH-EAST,SUP-007,2025-01-01,2025-01-11,2025-01-10,100,100,10,9,-1,1,19.0,1900.0,Delivered
PO-14461,SKU-046,WH-EAST,SUP-007,2025-01-19,2025-01-29,2025-01-28,200,200,10,9,-1,1,19.0,3800.0,Delivered
PO-14462,SKU-046,WH-EAST,SUP-007,2025-02-17,2025-02-27,2025-02-27,200,200,10,10,0,1,19.0,3800.0,Delivered
PO-14463,SKU-046,WH-EAST,SUP-007,2025-03-07,2025-03-17,2025-03-17,100,100,10,10,0,1,19.0,1900.0,Delivered
PO-14464,SKU-046,WH-EAST,SUP-007,2025-03-24,2025-04-03,2025-04-03,250,250,10,10,0,1,19.0,4750.0,Delivered
PO-14465,SKU-046,WH-EAST,SUP-007,2025-04-17,2025-04-27,2025-04-25,100,100,10,8,-2,1,19.0,1900.0,Delivered
PO-14466,SKU-046,WH-EAST,SUP-007,2025-05-12,2025-05-22,2025-05-22,100,100,10,10,0,1,19.0,1900.0,Delivered
PO-14467,SKU-046,WH-EAST,SUP-007,2025-05-30,2025-06-09,2025-06-09,100,100,10,10,0,1,19.0,1900.0,Delivered
PO-14468,SKU-046,WH-EAST,SUP-007,2025-06-14,2025-06-24,2025-06-24,250,250,10,10,0,1,19.0,4750.0,Delivered
PO-14469,SKU-046,WH-EAST,SUP-007,2025-07-03,2025-07-13,2025-07-13,150,150,10,10,0,1,19.0,2850.0,Delivered
PO-14470,SKU-046,WH-EAST,SUP-007,2025-07-30,2025-08-09,2025-08-09,300,300,10,10,0,1,19.0,5700.0,Delivered
PO-14471,SKU-046,WH-EAST,SUP-007,2025-08-27,2025-09-06,2025-09-06,100,100,10,10,0,1,19.0,1900.0,Delivered
PO-14472,SKU-046,WH-EAST,SUP-007,2025-09-12,2025-09-22,2025-09-22,300,300,10,10,0,1,19.0,5700.0,Delivered
PO-14473,SKU-046,WH-EAST,SUP-007,2025-09-29,2025-10-09,2025-10-09,150,150,10,10,0,1,19.0,2850.0,Delivered
PO-14474,SKU-046,WH-EAST,SUP-007,2025-10-13,2025-10-23,2025-10-23,100,100,10,10,0,1,19.0,1900.0,Delivered
PO-14475,SKU-046,WH-EAST,SUP-007,2025-11-01,2025-11-11,2025-11-11,100,100,10,10,0,1,19.0,1900.0,Delivered
PO-14476,SKU-046,WH-EAST,SUP-007,2025-11-15,2025-11-25,2025-11-25,200,200,10,10,0,1,19.0,3800.0,Delivered
PO-14477,SKU-046,WH-CENTRAL,SUP-007,2024-01-08,2024-01-18,2024-01-18,250,250,10,10,0,1,19.0,4750.0,Delivered
PO-14478,SKU-046,WH-CENTRAL,SUP-007,2024-01-30,2024-02-09,2024-02-07,200,200,10,8,-2,1,19.0,3800.0,Delivered
PO-14479,SKU-046,WH-CENTRAL,SUP-007,2024-02-19,2024-02-29,2024-02-28,150,150,10,9,-1,1,19.0,2850.0,Delivered
PO-14480,SKU-046,WH-CENTRAL,SUP-007,2024-03-14,2024-03-24,2024-03-24,100,100,10,10,0,1,19.0,1900.0,Delivered
PO-14481,SKU-046,WH-CENTRAL,SUP-007,2024-04-03,2024-04-13,2024-04-13,300,300,10,10,0,1,19.0,5700.0,Delivered
PO-14482,SKU-046,WH-CENTRAL,SUP-007,2024-05-02,2024-05-12,2024-05-11,300,300,10,9,-1,1,19.0,5700.0,Delivered
PO-14483,SKU-046,WH-CENTRAL,SUP-007,2024-05-16,2024-05-26,2024-05-26,300,300,10,10,0,1,19.0,5700.0,Delivered
PO-14484,SKU-046,WH-CENTRAL,SUP-007,2024-06-12,2024-06-22,2024-06-22,200,200,10,10,0,1,19.0,3800.0,Delivered
PO-14485,SKU-046,WH-CENTRAL,SUP-007,2024-07-02,2024-07-12,2024-07-12,100,100,10,10,0,1,19.0,1900.0,Delivered
PO-14486,SKU-046,WH-CENTRAL,SUP-007,2024-07-27,2024-08-06,2024-08-04,150,150,10,8,-2,1,19.0,2850.0,Delivered
PO-14487,SKU-046,WH-CENTRAL,SUP-007,2024-08-24,2024-09-03,2024-09-03,200,200,10,10,0,1,19.0,3800.0,Delivered
PO-14488,SKU-046,WH-CENTRAL,SUP-007,2024-09-09,2024-09-19,2024-09-18,150,150,10,9,-1,1,19.0,2850.0,Delivered
PO-14489,SKU-046,WH-CENTRAL,SUP-007,2024-10-06,2024-10-16,2024-10-16,100,100,10,10,0,1,19.0,1900.0,Delivered
PO-14490,SKU-046,WH-CENTRAL,SUP-007,2024-10-31,2024-11-10,2024-11-10,200,200,10,10,0,1,19.0,3800.0,Delivered
PO-14491,SKU-046,WH-CENTRAL,SUP-007,2024-11-18,2024-11-28,2024-11-28,100,100,10,10,0,1,19.0,1900.0,Delivered
PO-14492,SKU-046,WH-CENTRAL,SUP-007,2024-12-04,2024-12-14,2024-12-14,100,100,10,10,0,1,19.0,1900.0,Delivered
PO-14493,SKU-046,WH-CENTRAL,SUP-007,2024-12-31,2025-01-10,2025-01-10,150,150,10,10,0,1,19.0,2850.0,Delivered
PO-14494,SKU-046,WH-CENTRAL,SUP-007,2025-01-18,2025-01-28,2025-01-28,300,300,10,10,0,1,19.0,5700.0,Delivered
PO-14495,SKU-046,WH-CENTRAL,SUP-007,2025-02-15,2025-02-25,2025-03-02,100,100,10,15,5,0,19.0,1900.0,Delivered
PO-14496,SKU-046,WH-CENTRAL,SUP-007,2025-03-01,2025-03-11,2025-03-09,300,300,10,8,-2,1,19.0,5700.0,Delivered
PO-14497,SKU-046,WH-CENTRAL,SUP-007,2025-03-16,2025-03-26,2025-03-26,100,100,10,10,0,1,19.0,1900.0,Delivered
PO-14498,SKU-046,WH-CENTRAL,SUP-007,2025-04-01,2025-04-11,2025-04-12,300,300,10,11,1,0,19.0,5700.0,Delivered
PO-14499,SKU-046,WH-CENTRAL,SUP-007,2025-04-17,2025-04-27,2025-04-27,150,150,10,10,0,1,19.0,2850.0,Delivered
PO-14500,SKU-046,WH-CENTRAL,SUP-007,2025-05-01,2025-05-11,2025-05-11,300,300,10,10,0,1,19.0,5700.0,Delivered
PO-14501,SKU-046,WH-CENTRAL,SUP-007,2025-05-20,2025-05-30,2025-05-29,250,250,10,9,-1,1,19.0,4750.0,Delivered
PO-14502,SKU-046,WH-CENTRAL,SUP-007,2025-06-13,2025-06-23,2025-06-24,300,300,10,11,1,0,19.0,5700.0,Delivered
PO-14503,SKU-046,WH-CENTRAL,SUP-007,2025-07-09,2025-07-19,2025-07-18,150,150,10,9,-1,1,19.0,2850.0,Delivered
PO-14504,SKU-046,WH-CENTRAL,SUP-007,2025-07-28,2025-08-07,2025-08-05,250,250,10,8,-2,1,19.0,4750.0,Delivered
PO-14505,SKU-046,WH-CENTRAL,SUP-007,2025-08-21,2025-08-31,2025-08-31,250,250,10,10,0,1,19.0,4750.0,Delivered
PO-14506,SKU-046,WH-CENTRAL,SUP-007,2025-09-14,2025-09-24,2025-09-24,300,300,10,10,0,1,19.0,5700.0,Delivered
PO-14507,SKU-046,WH-CENTRAL,SUP-007,2025-10-04,2025-10-14,2025-10-14,300,300,10,10,0,1,19.0,5700.0,Delivered
PO-14508,SKU-046,WH-CENTRAL,SUP-007,2025-10-27,2025-11-06,2025-11-06,200,200,10,10,0,1,19.0,3800.0,Delivered
PO-14509,SKU-046,WH-CENTRAL,SUP-007,2025-11-10,2025-11-20,2025-11-20,250,250,10,10,0,1,19.0,4750.0,Delivered
PO-14510,SKU-046,WH-WEST,SUP-007,2024-01-07,2024-01-17,2024-01-17,200,200,10,10,0,1,19.0,3800.0,Delivered
PO-14511,SKU-046,WH-WEST,SUP-007,2024-01-21,2024-01-31,2024-01-31,250,250,10,10,0,1,19.0,4750.0,Delivered
PO-14512,SKU-046,WH-WEST,SUP-007,2024-02-17,2024-02-27,2024-02-27,150,150,10,10,0,1,19.0,2850.0,Delivered
PO-14513,SKU-046,WH-WEST,SUP-007,2024-03-10,2024-03-20,2024-03-19,200,200,10,9,-1,1,19.0,3800.0,Delivered
PO-14514,SKU-046,WH-WEST,SUP-007,2024-04-03,2024-04-13,2024-04-13,100,100,10,10,0,1,19.0,1900.0,Delivered
PO-14515,SKU-046,WH-WEST,SUP-007,2024-04-25,2024-05-05,2024-05-04,150,150,10,9,-1,1,19.0,2850.0,Delivered
PO-14516,SKU-046,WH-WEST,SUP-007,2024-05-19,2024-05-29,2024-05-29,150,150,10,10,0,1,19.0,2850.0,Delivered
PO-14517,SKU-046,WH-WEST,SUP-007,2024-06-15,2024-06-25,2024-06-23,300,300,10,8,-2,1,19.0,5700.0,Delivered
PO-14518,SKU-046,WH-WEST,SUP-007,2024-06-29,2024-07-09,2024-07-07,100,100,10,8,-2,1,19.0,1900.0,Delivered
PO-14519,SKU-046,WH-WEST,SUP-007,2024-07-26,2024-08-05,2024-08-05,250,250,10,10,0,1,19.0,4750.0,Delivered
PO-14520,SKU-046,WH-WEST,SUP-007,2024-08-24,2024-09-03,2024-09-02,200,200,10,9,-1,1,19.0,3800.0,Delivered
PO-14521,SKU-046,WH-WEST,SUP-007,2024-09-19,2024-09-29,2024-09-28,300,300,10,9,-1,1,19.0,5700.0,Delivered
PO-14522,SKU-046,WH-WEST,SUP-007,2024-10-15,2024-10-25,2024-10-25,100,100,10,10,0,1,19.0,1900.0,Delivered
PO-14523,SKU-046,WH-WEST,SUP-007,2024-11-01,2024-11-11,2024-11-11,100,100,10,10,0,1,19.0,1900.0,Delivered
PO-14524,SKU-046,WH-WEST,SUP-007,2024-11-15,2024-11-25,2024-11-24,200,200,10,9,-1,1,19.0,3800.0,Delivered
PO-14525,SKU-046,WH-WEST,SUP-007,2024-12-05,2024-12-15,2024-12-15,300,300,10,10,0,1,19.0,5700.0,Delivered
PO-14526,SKU-046,WH-WEST,SUP-007,2024-12-26,2025-01-05,2025-01-03,300,300,10,8,-2,1,19.0,5700.0,Delivered
PO-14527,SKU-046,WH-WEST,SUP-007,2025-01-17,2025-01-27,2025-01-27,100,100,10,10,0,1,19.0,1900.0,Delivered
PO-14528,SKU-046,WH-WEST,SUP-007,2025-02-07,2025-02-17,2025-02-17,150,150,10,10,0,1,19.0,2850.0,Delivered
PO-14529,SKU-046,WH-WEST,SUP-007,2025-02-27,2025-03-09,2025-03-09,300,300,10,10,0,1,19.0,5700.0,Delivered
PO-14530,SKU-046,WH-WEST,SUP-007,2025-03-24,2025-04-03,2025-04-02,100,100,10,9,-1,1,19.0,1900.0,Delivered
PO-14531,SKU-046,WH-WEST,SUP-007,2025-04-11,2025-04-21,2025-04-21,100,100,10,10,0,1,19.0,1900.0,Delivered
PO-14532,SKU-046,WH-WEST,SUP-007,2025-05-08,2025-05-18,2025-05-18,200,200,10,10,0,1,19.0,3800.0,Delivered
PO-14533,SKU-046,WH-WEST,SUP-007,2025-06-05,2025-06-15,2025-06-15,200,200,10,10,0,1,19.0,3800.0,Delivered
PO-14534,SKU-046,WH-WEST,SUP-007,2025-07-03,2025-07-13,2025-07-12,250,250,10,9,-1,1,19.0,4750.0,Delivered
PO-14535,SKU-046,WH-WEST,SUP-007,2025-07-25,2025-08-04,2025-08-03,150,150,10,9,-1,1,19.0,2850.0,Delivered
PO-14536,SKU-046,WH-WEST,SUP-007,2025-08-15,2025-08-25,2025-08-24,250,250,10,9,-1,1,19.0,4750.0,Delivered
PO-14537,SKU-046,WH-WEST,SUP-007,2025-09-11,2025-09-21,2025-09-21,300,300,10,10,0,1,19.0,5700.0,Delivered
PO-14538,SKU-046,WH-WEST,SUP-007,2025-10-10,2025-10-20,2025-10-19,300,300,10,9,-1,1,19.0,5700.0,Delivered
PO-14539,SKU-046,WH-WEST,SUP-007,2025-10-24,2025-11-03,2025-11-03,250,250,10,10,0,1,19.0,4750.0,Delivered
PO-14540,SKU-046,WH-WEST,SUP-007,2025-11-17,2025-11-27,2025-11-25,300,300,10,8,-2,1,19.0,5700.0,Delivered
PO-14541,SKU-047,WH-EAST,SUP-001,2024-01-02,2024-01-09,2024-01-09,80,80,7,7,0,1,26.0,2080.0,Delivered
PO-14542,SKU-047,WH-EAST,SUP-001,2024-01-26,2024-02-02,2024-02-02,240,240,7,7,0,1,26.0,6240.0,Delivered
PO-14543,SKU-047,WH-EAST,SUP-001,2024-02-20,2024-02-27,2024-02-26,120,120,7,6,-1,1,26.0,3120.0,Delivered
PO-14544,SKU-047,WH-EAST,SUP-001,2024-03-18,2024-03-25,2024-03-25,240,240,7,7,0,1,26.0,6240.0,Delivered
PO-14545,SKU-047,WH-EAST,SUP-001,2024-04-04,2024-04-11,2024-04-09,160,160,7,5,-2,1,26.0,4160.0,Delivered
PO-14546,SKU-047,WH-EAST,SUP-001,2024-04-24,2024-05-01,2024-04-30,120,120,7,6,-1,1,26.0,3120.0,Delivered
PO-14547,SKU-047,WH-EAST,SUP-001,2024-05-23,2024-05-30,2024-05-29,80,80,7,6,-1,1,26.0,2080.0,Delivered
PO-14548,SKU-047,WH-EAST,SUP-001,2024-06-12,2024-06-19,2024-06-19,120,120,7,7,0,1,26.0,3120.0,Delivered
PO-14549,SKU-047,WH-EAST,SUP-001,2024-07-03,2024-07-10,2024-07-10,120,120,7,7,0,1,26.0,3120.0,Delivered
PO-14550,SKU-047,WH-EAST,SUP-001,2024-07-29,2024-08-05,2024-08-03,200,200,7,5,-2,1,26.0,5200.0,Delivered
PO-14551,SKU-047,WH-EAST,SUP-001,2024-08-21,2024-08-28,2024-08-28,200,200,7,7,0,1,26.0,5200.0,Delivered
PO-14552,SKU-047,WH-EAST,SUP-001,2024-09-04,2024-09-11,2024-09-11,160,160,7,7,0,1,26.0,4160.0,Delivered
PO-14553,SKU-047,WH-EAST,SUP-001,2024-09-19,2024-09-26,2024-09-24,160,160,7,5,-2,1,26.0,4160.0,Delivered
PO-14554,SKU-047,WH-EAST,SUP-001,2024-10-16,2024-10-23,2024-10-22,240,240,7,6,-1,1,26.0,6240.0,Delivered
PO-14555,SKU-047,WH-EAST,SUP-001,2024-11-10,2024-11-17,2024-11-17,80,80,7,7,0,1,26.0,2080.0,Delivered
PO-14556,SKU-047,WH-EAST,SUP-001,2024-12-04,2024-12-11,2024-12-10,80,80,7,6,-1,1,26.0,2080.0,Delivered
PO-14557,SKU-047,WH-EAST,SUP-001,2024-12-27,2025-01-03,2025-01-03,240,240,7,7,0,1,26.0,6240.0,Delivered
PO-14558,SKU-047,WH-EAST,SUP-001,2025-01-11,2025-01-18,2025-01-18,120,120,7,7,0,1,26.0,3120.0,Delivered
PO-14559,SKU-047,WH-EAST,SUP-001,2025-02-02,2025-02-09,2025-02-08,240,240,7,6,-1,1,26.0,6240.0,Delivered
PO-14560,SKU-047,WH-EAST,SUP-001,2025-02-17,2025-02-24,2025-02-24,200,200,7,7,0,1,26.0,5200.0,Delivered
PO-14561,SKU-047,WH-EAST,SUP-001,2025-03-05,2025-03-12,2025-03-11,240,240,7,6,-1,1,26.0,6240.0,Delivered
PO-14562,SKU-047,WH-EAST,SUP-001,2025-03-25,2025-04-01,2025-04-01,120,120,7,7,0,1,26.0,3120.0,Delivered
PO-14563,SKU-047,WH-EAST,SUP-001,2025-04-17,2025-04-24,2025-04-24,240,240,7,7,0,1,26.0,6240.0,Delivered
PO-14564,SKU-047,WH-EAST,SUP-001,2025-05-02,2025-05-09,2025-05-09,160,160,7,7,0,1,26.0,4160.0,Delivered
PO-14565,SKU-047,WH-EAST,SUP-001,2025-05-19,2025-05-26,2025-05-26,120,120,7,7,0,1,26.0,3120.0,Delivered
PO-14566,SKU-047,WH-EAST,SUP-001,2025-06-12,2025-06-19,2025-06-19,160,160,7,7,0,1,26.0,4160.0,Delivered
PO-14567,SKU-047,WH-EAST,SUP-001,2025-06-29,2025-07-06,2025-07-04,80,80,7,5,-2,1,26.0,2080.0,Delivered
PO-14568,SKU-047,WH-EAST,SUP-001,2025-07-19,2025-07-26,2025-07-26,120,120,7,7,0,1,26.0,3120.0,Delivered
PO-14569,SKU-047,WH-EAST,SUP-001,2025-08-05,2025-08-12,2025-08-11,200,200,7,6,-1,1,26.0,5200.0,Delivered
PO-14570,SKU-047,WH-EAST,SUP-001,2025-08-30,2025-09-06,2025-09-06,120,120,7,7,0,1,26.0,3120.0,Delivered
PO-14571,SKU-047,WH-EAST,SUP-001,2025-09-24,2025-10-01,2025-10-01,200,200,7,7,0,1,26.0,5200.0,Delivered
PO-14572,SKU-047,WH-EAST,SUP-001,2025-10-17,2025-10-24,2025-10-28,240,240,7,11,4,0,26.0,6240.0,Delivered
PO-14573,SKU-047,WH-EAST,SUP-001,2025-11-04,2025-11-11,2025-11-11,120,120,7,7,0,1,26.0,3120.0,Delivered
PO-14574,SKU-047,WH-EAST,SUP-001,2025-11-28,2025-12-05,2025-12-04,80,80,7,6,-1,1,26.0,2080.0,Delivered
PO-14575,SKU-047,WH-CENTRAL,SUP-001,2024-01-14,2024-01-21,2024-01-21,120,120,7,7,0,1,26.0,3120.0,Delivered
PO-14576,SKU-047,WH-CENTRAL,SUP-001,2024-02-07,2024-02-14,2024-02-14,120,120,7,7,0,1,26.0,3120.0,Delivered
PO-14577,SKU-047,WH-CENTRAL,SUP-001,2024-03-01,2024-03-08,2024-03-08,120,120,7,7,0,1,26.0,3120.0,Delivered
PO-14578,SKU-047,WH-CENTRAL,SUP-001,2024-03-19,2024-03-26,2024-03-26,120,120,7,7,0,1,26.0,3120.0,Delivered
PO-14579,SKU-047,WH-CENTRAL,SUP-001,2024-04-14,2024-04-21,2024-04-21,160,160,7,7,0,1,26.0,4160.0,Delivered
PO-14580,SKU-047,WH-CENTRAL,SUP-001,2024-05-09,2024-05-16,2024-05-16,160,160,7,7,0,1,26.0,4160.0,Delivered
PO-14581,SKU-047,WH-CENTRAL,SUP-001,2024-05-27,2024-06-03,2024-06-03,160,160,7,7,0,1,26.0,4160.0,Delivered
PO-14582,SKU-047,WH-CENTRAL,SUP-001,2024-06-20,2024-06-27,2024-06-27,200,200,7,7,0,1,26.0,5200.0,Delivered
PO-14583,SKU-047,WH-CENTRAL,SUP-001,2024-07-11,2024-07-18,2024-07-28,240,240,7,17,10,0,26.0,6240.0,Delivered
PO-14584,SKU-047,WH-CENTRAL,SUP-001,2024-08-02,2024-08-09,2024-08-09,160,160,7,7,0,1,26.0,4160.0,Delivered
PO-14585,SKU-047,WH-CENTRAL,SUP-001,2024-08-21,2024-08-28,2024-08-26,120,120,7,5,-2,1,26.0,3120.0,Delivered
PO-14586,SKU-047,WH-CENTRAL,SUP-001,2024-09-13,2024-09-20,2024-09-20,240,240,7,7,0,1,26.0,6240.0,Delivered
PO-14587,SKU-047,WH-CENTRAL,SUP-001,2024-09-30,2024-10-07,2024-10-07,80,80,7,7,0,1,26.0,2080.0,Delivered
PO-14588,SKU-047,WH-CENTRAL,SUP-001,2024-10-14,2024-10-21,2024-10-20,160,160,7,6,-1,1,26.0,4160.0,Delivered
PO-14589,SKU-047,WH-CENTRAL,SUP-001,2024-11-04,2024-11-11,2024-11-11,120,120,7,7,0,1,26.0,3120.0,Delivered
PO-14590,SKU-047,WH-CENTRAL,SUP-001,2024-11-23,2024-11-30,2024-11-30,200,200,7,7,0,1,26.0,5200.0,Delivered
PO-14591,SKU-047,WH-CENTRAL,SUP-001,2024-12-16,2024-12-23,2024-12-23,160,160,7,7,0,1,26.0,4160.0,Delivered
PO-14592,SKU-047,WH-CENTRAL,SUP-001,2025-01-02,2025-01-09,2025-01-08,160,160,7,6,-1,1,26.0,4160.0,Delivered
PO-14593,SKU-047,WH-CENTRAL,SUP-001,2025-01-22,2025-01-29,2025-01-29,160,160,7,7,0,1,26.0,4160.0,Delivered
PO-14594,SKU-047,WH-CENTRAL,SUP-001,2025-02-18,2025-02-25,2025-02-24,200,200,7,6,-1,1,26.0,5200.0,Delivered
PO-14595,SKU-047,WH-CENTRAL,SUP-001,2025-03-14,2025-03-21,2025-03-21,120,120,7,7,0,1,26.0,3120.0,Delivered
PO-14596,SKU-047,WH-CENTRAL,SUP-001,2025-03-30,2025-04-06,2025-04-06,80,80,7,7,0,1,26.0,2080.0,Delivered
PO-14597,SKU-047,WH-CENTRAL,SUP-001,2025-04-18,2025-04-25,2025-04-24,80,80,7,6,-1,1,26.0,2080.0,Delivered
PO-14598,SKU-047,WH-CENTRAL,SUP-001,2025-05-03,2025-05-10,2025-05-09,200,200,7,6,-1,1,26.0,5200.0,Delivered
PO-14599,SKU-047,WH-CENTRAL,SUP-001,2025-05-20,2025-05-27,2025-05-27,200,200,7,7,0,1,26.0,5200.0,Delivered
PO-14600,SKU-047,WH-CENTRAL,SUP-001,2025-06-16,2025-06-23,2025-06-23,200,200,7,7,0,1,26.0,5200.0,Delivered
PO-14601,SKU-047,WH-CENTRAL,SUP-001,2025-07-14,2025-07-21,2025-07-20,160,160,7,6,-1,1,26.0,4160.0,Delivered
PO-14602,SKU-047,WH-CENTRAL,SUP-001,2025-08-12,2025-08-19,2025-08-19,120,120,7,7,0,1,26.0,3120.0,Delivered
PO-14603,SKU-047,WH-CENTRAL,SUP-001,2025-09-01,2025-09-08,2025-09-08,160,160,7,7,0,1,26.0,4160.0,Delivered
PO-14604,SKU-047,WH-CENTRAL,SUP-001,2025-09-25,2025-10-02,2025-10-01,80,80,7,6,-1,1,26.0,2080.0,Delivered
PO-14605,SKU-047,WH-CENTRAL,SUP-001,2025-10-11,2025-10-18,2025-10-18,240,240,7,7,0,1,26.0,6240.0,Delivered
PO-14606,SKU-047,WH-CENTRAL,SUP-001,2025-11-09,2025-11-16,2025-11-16,240,240,7,7,0,1,26.0,6240.0,Delivered
PO-14607,SKU-047,WH-WEST,SUP-001,2024-01-07,2024-01-14,2024-01-14,240,240,7,7,0,1,26.0,6240.0,Delivered
PO-14608,SKU-047,WH-WEST,SUP-001,2024-02-02,2024-02-09,2024-02-07,240,240,7,5,-2,1,26.0,6240.0,Delivered
PO-14609,SKU-047,WH-WEST,SUP-001,2024-02-23,2024-03-01,2024-03-01,80,80,7,7,0,1,26.0,2080.0,Delivered
PO-14610,SKU-047,WH-WEST,SUP-001,2024-03-16,2024-03-23,2024-03-23,160,160,7,7,0,1,26.0,4160.0,Delivered
PO-14611,SKU-047,WH-WEST,SUP-001,2024-04-06,2024-04-13,2024-04-13,200,200,7,7,0,1,26.0,5200.0,Delivered
PO-14612,SKU-047,WH-WEST,SUP-001,2024-05-04,2024-05-11,2024-05-10,120,120,7,6,-1,1,26.0,3120.0,Delivered
PO-14613,SKU-047,WH-WEST,SUP-001,2024-05-26,2024-06-02,2024-06-01,80,80,7,6,-1,1,26.0,2080.0,Delivered
PO-14614,SKU-047,WH-WEST,SUP-001,2024-06-21,2024-06-28,2024-06-28,80,80,7,7,0,1,26.0,2080.0,Delivered
PO-14615,SKU-047,WH-WEST,SUP-001,2024-07-13,2024-07-20,2024-07-19,160,160,7,6,-1,1,26.0,4160.0,Delivered
PO-14616,SKU-047,WH-WEST,SUP-001,2024-08-09,2024-08-16,2024-08-16,120,120,7,7,0,1,26.0,3120.0,Delivered
PO-14617,SKU-047,WH-WEST,SUP-001,2024-08-27,2024-09-03,2024-09-03,160,160,7,7,0,1,26.0,4160.0,Delivered
PO-14618,SKU-047,WH-WEST,SUP-001,2024-09-22,2024-09-29,2024-09-29,120,120,7,7,0,1,26.0,3120.0,Delivered
PO-14619,SKU-047,WH-WEST,SUP-001,2024-10-06,2024-10-13,2024-10-18,240,240,7,12,5,0,26.0,6240.0,Delivered
PO-14620,SKU-047,WH-WEST,SUP-001,2024-10-22,2024-10-29,2024-10-29,160,160,7,7,0,1,26.0,4160.0,Delivered
PO-14621,SKU-047,WH-WEST,SUP-001,2024-11-11,2024-11-18,2024-11-18,160,160,7,7,0,1,26.0,4160.0,Delivered
PO-14622,SKU-047,WH-WEST,SUP-001,2024-12-10,2024-12-17,2024-12-15,120,120,7,5,-2,1,26.0,3120.0,Delivered
PO-14623,SKU-047,WH-WEST,SUP-001,2025-01-05,2025-01-12,2025-01-12,80,80,7,7,0,1,26.0,2080.0,Delivered
PO-14624,SKU-047,WH-WEST,SUP-001,2025-01-21,2025-01-28,2025-01-28,80,80,7,7,0,1,26.0,2080.0,Delivered
PO-14625,SKU-047,WH-WEST,SUP-001,2025-02-08,2025-02-15,2025-02-15,240,240,7,7,0,1,26.0,6240.0,Delivered
PO-14626,SKU-047,WH-WEST,SUP-001,2025-02-24,2025-03-03,2025-03-02,120,120,7,6,-1,1,26.0,3120.0,Delivered
PO-14627,SKU-047,WH-WEST,SUP-001,2025-03-13,2025-03-20,2025-03-23,80,80,7,10,3,0,26.0,2080.0,Delivered
PO-14628,SKU-047,WH-WEST,SUP-001,2025-03-28,2025-04-04,2025-04-03,240,240,7,6,-1,1,26.0,6240.0,Delivered
PO-14629,SKU-047,WH-WEST,SUP-001,2025-04-21,2025-04-28,2025-04-30,120,120,7,9,2,0,26.0,3120.0,Delivered
PO-14630,SKU-047,WH-WEST,SUP-001,2025-05-19,2025-05-26,2025-05-26,80,80,7,7,0,1,26.0,2080.0,Delivered
PO-14631,SKU-047,WH-WEST,SUP-001,2025-06-09,2025-06-16,2025-06-15,120,120,7,6,-1,1,26.0,3120.0,Delivered
PO-14632,SKU-047,WH-WEST,SUP-001,2025-07-06,2025-07-13,2025-07-13,240,240,7,7,0,1,26.0,6240.0,Delivered
PO-14633,SKU-047,WH-WEST,SUP-001,2025-08-02,2025-08-09,2025-08-09,160,160,7,7,0,1,26.0,4160.0,Delivered
PO-14634,SKU-047,WH-WEST,SUP-001,2025-08-21,2025-08-28,2025-08-28,160,160,7,7,0,1,26.0,4160.0,Delivered
PO-14635,SKU-047,WH-WEST,SUP-001,2025-09-16,2025-09-23,2025-09-23,120,120,7,7,0,1,26.0,3120.0,Delivered
PO-14636,SKU-047,WH-WEST,SUP-001,2025-10-02,2025-10-09,2025-10-09,160,160,7,7,0,1,26.0,4160.0,Delivered
PO-14637,SKU-047,WH-WEST,SUP-001,2025-10-29,2025-11-05,2025-11-05,80,80,7,7,0,1,26.0,2080.0,Delivered
PO-14638,SKU-047,WH-WEST,SUP-001,2025-11-12,2025-11-19,2025-11-19,200,200,7,7,0,1,26.0,5200.0,Delivered
PO-14639,SKU-048,WH-EAST,SUP-001,2024-01-14,2024-01-21,2024-01-21,60,60,7,7,0,1,31.0,1860.0,Delivered
PO-14640,SKU-048,WH-EAST,SUP-001,2024-02-06,2024-02-13,2024-02-13,90,90,7,7,0,1,31.0,2790.0,Delivered
PO-14641,SKU-048,WH-EAST,SUP-001,2024-02-29,2024-03-07,2024-03-06,60,60,7,6,-1,1,31.0,1860.0,Delivered
PO-14642,SKU-048,WH-EAST,SUP-001,2024-03-25,2024-04-01,2024-04-01,90,90,7,7,0,1,31.0,2790.0,Delivered
PO-14643,SKU-048,WH-EAST,SUP-001,2024-04-16,2024-04-23,2024-04-23,90,90,7,7,0,1,31.0,2790.0,Delivered
PO-14644,SKU-048,WH-EAST,SUP-001,2024-05-11,2024-05-18,2024-05-19,180,180,7,8,1,0,31.0,5580.0,Delivered
PO-14645,SKU-048,WH-EAST,SUP-001,2024-06-07,2024-06-14,2024-06-14,180,180,7,7,0,1,31.0,5580.0,Delivered
PO-14646,SKU-048,WH-EAST,SUP-001,2024-06-27,2024-07-04,2024-07-02,60,60,7,5,-2,1,31.0,1860.0,Delivered
PO-14647,SKU-048,WH-EAST,SUP-001,2024-07-14,2024-07-21,2024-07-21,180,180,7,7,0,1,31.0,5580.0,Delivered
PO-14648,SKU-048,WH-EAST,SUP-001,2024-08-07,2024-08-14,2024-08-14,180,180,7,7,0,1,31.0,5580.0,Delivered
PO-14649,SKU-048,WH-EAST,SUP-001,2024-08-29,2024-09-05,2024-09-05,180,180,7,7,0,1,31.0,5580.0,Delivered
PO-14650,SKU-048,WH-EAST,SUP-001,2024-09-25,2024-10-02,2024-10-02,120,120,7,7,0,1,31.0,3720.0,Delivered
PO-14651,SKU-048,WH-EAST,SUP-001,2024-10-20,2024-10-27,2024-10-26,180,180,7,6,-1,1,31.0,5580.0,Delivered
PO-14652,SKU-048,WH-EAST,SUP-001,2024-11-08,2024-11-15,2024-11-15,180,180,7,7,0,1,31.0,5580.0,Delivered
PO-14653,SKU-048,WH-EAST,SUP-001,2024-11-28,2024-12-05,2024-12-03,180,180,7,5,-2,1,31.0,5580.0,Delivered
PO-14654,SKU-048,WH-EAST,SUP-001,2024-12-21,2024-12-28,2024-12-28,150,150,7,7,0,1,31.0,4650.0,Delivered
PO-14655,SKU-048,WH-EAST,SUP-001,2025-01-12,2025-01-19,2025-01-18,60,60,7,6,-1,1,31.0,1860.0,Delivered
PO-14656,SKU-048,WH-EAST,SUP-001,2025-01-30,2025-02-06,2025-02-05,90,90,7,6,-1,1,31.0,2790.0,Delivered
PO-14657,SKU-048,WH-EAST,SUP-001,2025-02-20,2025-02-27,2025-02-26,60,60,7,6,-1,1,31.0,1860.0,Delivered
PO-14658,SKU-048,WH-EAST,SUP-001,2025-03-19,2025-03-26,2025-03-26,180,180,7,7,0,1,31.0,5580.0,Delivered
PO-14659,SKU-048,WH-EAST,SUP-001,2025-04-11,2025-04-18,2025-04-17,60,60,7,6,-1,1,31.0,1860.0,Delivered
PO-14660,SKU-048,WH-EAST,SUP-001,2025-05-10,2025-05-17,2025-05-17,180,180,7,7,0,1,31.0,5580.0,Delivered
PO-14661,SKU-048,WH-EAST,SUP-001,2025-05-25,2025-06-01,2025-06-01,60,60,7,7,0,1,31.0,1860.0,Delivered
PO-14662,SKU-048,WH-EAST,SUP-001,2025-06-10,2025-06-17,2025-06-17,180,180,7,7,0,1,31.0,5580.0,Delivered
PO-14663,SKU-048,WH-EAST,SUP-001,2025-07-02,2025-07-09,2025-07-11,60,60,7,9,2,0,31.0,1860.0,Delivered
PO-14664,SKU-048,WH-EAST,SUP-001,2025-07-22,2025-07-29,2025-08-04,120,120,7,13,6,0,31.0,3720.0,Delivered
PO-14665,SKU-048,WH-EAST,SUP-001,2025-08-06,2025-08-13,2025-08-13,120,120,7,7,0,1,31.0,3720.0,Delivered
PO-14666,SKU-048,WH-EAST,SUP-001,2025-08-28,2025-09-04,2025-09-03,60,60,7,6,-1,1,31.0,1860.0,Delivered
PO-14667,SKU-048,WH-EAST,SUP-001,2025-09-13,2025-09-20,2025-09-20,150,150,7,7,0,1,31.0,4650.0,Delivered
PO-14668,SKU-048,WH-EAST,SUP-001,2025-10-01,2025-10-08,2025-10-07,150,150,7,6,-1,1,31.0,4650.0,Delivered
PO-14669,SKU-048,WH-EAST,SUP-001,2025-10-24,2025-10-31,2025-10-29,60,60,7,5,-2,1,31.0,1860.0,Delivered
PO-14670,SKU-048,WH-EAST,SUP-001,2025-11-20,2025-11-27,2025-11-27,90,90,7,7,0,1,31.0,2790.0,Delivered
PO-14671,SKU-048,WH-CENTRAL,SUP-001,2024-01-09,2024-01-16,2024-01-15,90,90,7,6,-1,1,31.0,2790.0,Delivered
PO-14672,SKU-048,WH-CENTRAL,SUP-001,2024-02-06,2024-02-13,2024-02-12,90,90,7,6,-1,1,31.0,2790.0,Delivered
PO-14673,SKU-048,WH-CENTRAL,SUP-001,2024-02-20,2024-02-27,2024-02-26,180,180,7,6,-1,1,31.0,5580.0,Delivered
PO-14674,SKU-048,WH-CENTRAL,SUP-001,2024-03-06,2024-03-13,2024-03-13,150,150,7,7,0,1,31.0,4650.0,Delivered
PO-14675,SKU-048,WH-CENTRAL,SUP-001,2024-03-28,2024-04-04,2024-04-04,180,180,7,7,0,1,31.0,5580.0,Delivered
PO-14676,SKU-048,WH-CENTRAL,SUP-001,2024-04-19,2024-04-26,2024-05-01,120,120,7,12,5,0,31.0,3720.0,Delivered
PO-14677,SKU-048,WH-CENTRAL,SUP-001,2024-05-13,2024-05-20,2024-05-19,150,150,7,6,-1,1,31.0,4650.0,Delivered
PO-14678,SKU-048,WH-CENTRAL,SUP-001,2024-06-10,2024-06-17,2024-06-17,180,180,7,7,0,1,31.0,5580.0,Delivered
PO-14679,SKU-048,WH-CENTRAL,SUP-001,2024-07-01,2024-07-08,2024-07-08,60,60,7,7,0,1,31.0,1860.0,Delivered
PO-14680,SKU-048,WH-CENTRAL,SUP-001,2024-07-29,2024-08-05,2024-08-07,90,90,7,9,2,0,31.0,2790.0,Delivered
PO-14681,SKU-048,WH-CENTRAL,SUP-001,2024-08-24,2024-08-31,2024-08-31,150,150,7,7,0,1,31.0,4650.0,Delivered
PO-14682,SKU-048,WH-CENTRAL,SUP-001,2024-09-07,2024-09-14,2024-09-14,120,120,7,7,0,1,31.0,3720.0,Delivered
PO-14683,SKU-048,WH-CENTRAL,SUP-001,2024-10-01,2024-10-08,2024-10-07,90,90,7,6,-1,1,31.0,2790.0,Delivered
PO-14684,SKU-048,WH-CENTRAL,SUP-001,2024-10-25,2024-11-01,2024-11-05,180,180,7,11,4,0,31.0,5580.0,Delivered
PO-14685,SKU-048,WH-CENTRAL,SUP-001,2024-11-09,2024-11-16,2024-11-16,60,60,7,7,0,1,31.0,1860.0,Delivered
PO-14686,SKU-048,WH-CENTRAL,SUP-001,2024-12-01,2024-12-08,2024-12-07,150,150,7,6,-1,1,31.0,4650.0,Delivered
PO-14687,SKU-048,WH-CENTRAL,SUP-001,2024-12-24,2024-12-31,2024-12-31,180,180,7,7,0,1,31.0,5580.0,Delivered
PO-14688,SKU-048,WH-CENTRAL,SUP-001,2025-01-15,2025-01-22,2025-01-21,120,120,7,6,-1,1,31.0,3720.0,Delivered
PO-14689,SKU-048,WH-CENTRAL,SUP-001,2025-02-02,2025-02-09,2025-02-08,60,60,7,6,-1,1,31.0,1860.0,Delivered
PO-14690,SKU-048,WH-CENTRAL,SUP-001,2025-02-23,2025-03-02,2025-03-02,120,120,7,7,0,1,31.0,3720.0,Delivered
PO-14691,SKU-048,WH-CENTRAL,SUP-001,2025-03-18,2025-03-25,2025-03-25,60,60,7,7,0,1,31.0,1860.0,Delivered
PO-14692,SKU-048,WH-CENTRAL,SUP-001,2025-04-09,2025-04-16,2025-04-16,120,120,7,7,0,1,31.0,3720.0,Delivered
PO-14693,SKU-048,WH-CENTRAL,SUP-001,2025-04-23,2025-04-30,2025-04-30,120,120,7,7,0,1,31.0,3720.0,Delivered
PO-14694,SKU-048,WH-CENTRAL,SUP-001,2025-05-14,2025-05-21,2025-05-21,120,120,7,7,0,1,31.0,3720.0,Delivered
PO-14695,SKU-048,WH-CENTRAL,SUP-001,2025-06-01,2025-06-08,2025-06-08,150,150,7,7,0,1,31.0,4650.0,Delivered
PO-14696,SKU-048,WH-CENTRAL,SUP-001,2025-06-21,2025-06-28,2025-06-27,120,120,7,6,-1,1,31.0,3720.0,Delivered
PO-14697,SKU-048,WH-CENTRAL,SUP-001,2025-07-16,2025-07-23,2025-07-23,60,60,7,7,0,1,31.0,1860.0,Delivered
PO-14698,SKU-048,WH-CENTRAL,SUP-001,2025-08-10,2025-08-17,2025-08-17,90,90,7,7,0,1,31.0,2790.0,Delivered
PO-14699,SKU-048,WH-CENTRAL,SUP-001,2025-08-28,2025-09-04,2025-09-04,120,120,7,7,0,1,31.0,3720.0,Delivered
PO-14700,SKU-048,WH-CENTRAL,SUP-001,2025-09-19,2025-09-26,2025-09-26,120,120,7,7,0,1,31.0,3720.0,Delivered
PO-14701,SKU-048,WH-CENTRAL,SUP-001,2025-10-18,2025-10-25,2025-10-25,60,60,7,7,0,1,31.0,1860.0,Delivered
PO-14702,SKU-048,WH-CENTRAL,SUP-001,2025-11-04,2025-11-11,2025-11-11,180,180,7,7,0,1,31.0,5580.0,Delivered
PO-14703,SKU-048,WH-CENTRAL,SUP-001,2025-11-30,2025-12-07,2025-12-07,120,120,7,7,0,1,31.0,3720.0,Delivered
PO-14704,SKU-048,WH-WEST,SUP-001,2024-01-09,2024-01-16,2024-01-16,150,150,7,7,0,1,31.0,4650.0,Delivered
PO-14705,SKU-048,WH-WEST,SUP-001,2024-01-28,2024-02-04,2024-02-04,180,180,7,7,0,1,31.0,5580.0,Delivered
PO-14706,SKU-048,WH-WEST,SUP-001,2024-02-17,2024-02-24,2024-02-24,90,90,7,7,0,1,31.0,2790.0,Delivered
PO-14707,SKU-048,WH-WEST,SUP-001,2024-03-17,2024-03-24,2024-03-24,90,90,7,7,0,1,31.0,2790.0,Delivered
PO-14708,SKU-048,WH-WEST,SUP-001,2024-04-13,2024-04-20,2024-04-20,180,180,7,7,0,1,31.0,5580.0,Delivered
PO-14709,SKU-048,WH-WEST,SUP-001,2024-05-08,2024-05-15,2024-05-15,120,120,7,7,0,1,31.0,3720.0,Delivered
PO-14710,SKU-048,WH-WEST,SUP-001,2024-05-30,2024-06-06,2024-06-05,120,120,7,6,-1,1,31.0,3720.0,Delivered
PO-14711,SKU-048,WH-WEST,SUP-001,2024-06-25,2024-07-02,2024-07-02,60,60,7,7,0,1,31.0,1860.0,Delivered
PO-14712,SKU-048,WH-WEST,SUP-001,2024-07-24,2024-07-31,2024-07-31,180,180,7,7,0,1,31.0,5580.0,Delivered
PO-14713,SKU-048,WH-WEST,SUP-001,2024-08-12,2024-08-19,2024-08-19,60,60,7,7,0,1,31.0,1860.0,Delivered
PO-14714,SKU-048,WH-WEST,SUP-001,2024-09-07,2024-09-14,2024-09-14,60,60,7,7,0,1,31.0,1860.0,Delivered
PO-14715,SKU-048,WH-WEST,SUP-001,2024-10-04,2024-10-11,2024-10-10,180,180,7,6,-1,1,31.0,5580.0,Delivered
PO-14716,SKU-048,WH-WEST,SUP-001,2024-10-31,2024-11-07,2024-11-07,180,180,7,7,0,1,31.0,5580.0,Delivered
PO-14717,SKU-048,WH-WEST,SUP-001,2024-11-28,2024-12-05,2024-12-05,150,150,7,7,0,1,31.0,4650.0,Delivered
PO-14718,SKU-048,WH-WEST,SUP-001,2024-12-16,2024-12-23,2024-12-23,90,90,7,7,0,1,31.0,2790.0,Delivered
PO-14719,SKU-048,WH-WEST,SUP-001,2025-01-13,2025-01-20,2025-01-20,90,90,7,7,0,1,31.0,2790.0,Delivered
PO-14720,SKU-048,WH-WEST,SUP-001,2025-02-04,2025-02-11,2025-02-11,120,120,7,7,0,1,31.0,3720.0,Delivered
PO-14721,SKU-048,WH-WEST,SUP-001,2025-02-19,2025-02-26,2025-02-25,90,90,7,6,-1,1,31.0,2790.0,Delivered
PO-14722,SKU-048,WH-WEST,SUP-001,2025-03-20,2025-03-27,2025-03-25,150,150,7,5,-2,1,31.0,4650.0,Delivered
PO-14723,SKU-048,WH-WEST,SUP-001,2025-04-13,2025-04-20,2025-04-19,60,60,7,6,-1,1,31.0,1860.0,Delivered
PO-14724,SKU-048,WH-WEST,SUP-001,2025-05-04,2025-05-11,2025-05-11,90,90,7,7,0,1,31.0,2790.0,Delivered
PO-14725,SKU-048,WH-WEST,SUP-001,2025-06-01,2025-06-08,2025-06-10,120,120,7,9,2,0,31.0,3720.0,Delivered
PO-14726,SKU-048,WH-WEST,SUP-001,2025-06-20,2025-06-27,2025-06-27,180,180,7,7,0,1,31.0,5580.0,Delivered
PO-14727,SKU-048,WH-WEST,SUP-001,2025-07-15,2025-07-22,2025-07-22,120,120,7,7,0,1,31.0,3720.0,Delivered
PO-14728,SKU-048,WH-WEST,SUP-001,2025-08-11,2025-08-18,2025-08-18,90,90,7,7,0,1,31.0,2790.0,Delivered
PO-14729,SKU-048,WH-WEST,SUP-001,2025-09-08,2025-09-15,2025-09-15,60,60,7,7,0,1,31.0,1860.0,Delivered
PO-14730,SKU-048,WH-WEST,SUP-001,2025-10-07,2025-10-14,2025-10-13,120,120,7,6,-1,1,31.0,3720.0,Delivered
PO-14731,SKU-048,WH-WEST,SUP-001,2025-10-24,2025-10-31,2025-10-31,90,90,7,7,0,1,31.0,2790.0,Delivered
PO-14732,SKU-048,WH-WEST,SUP-001,2025-11-21,2025-11-28,2025-11-27,120,120,7,6,-1,1,31.0,3720.0,Delivered
PO-14733,SKU-049,WH-EAST,SUP-007,2024-01-06,2024-01-16,2024-01-15,75,75,10,9,-1,1,42.0,3150.0,Delivered
PO-14734,SKU-049,WH-EAST,SUP-007,2024-01-28,2024-02-07,2024-02-07,125,125,10,10,0,1,42.0,5250.0,Delivered
PO-14735,SKU-049,WH-EAST,SUP-007,2024-02-12,2024-02-22,2024-02-22,125,125,10,10,0,1,42.0,5250.0,Delivered
PO-14736,SKU-049,WH-EAST,SUP-007,2024-02-27,2024-03-08,2024-03-07,75,75,10,9,-1,1,42.0,3150.0,Delivered
PO-14737,SKU-049,WH-EAST,SUP-007,2024-03-20,2024-03-30,2024-03-30,150,150,10,10,0,1,42.0,6300.0,Delivered
PO-14738,SKU-049,WH-EAST,SUP-007,2024-04-10,2024-04-20,2024-04-20,75,75,10,10,0,1,42.0,3150.0,Delivered
PO-14739,SKU-049,WH-EAST,SUP-007,2024-05-03,2024-05-13,2024-05-12,50,50,10,9,-1,1,42.0,2100.0,Delivered
PO-14740,SKU-049,WH-EAST,SUP-007,2024-06-01,2024-06-11,2024-06-11,100,100,10,10,0,1,42.0,4200.0,Delivered
PO-14741,SKU-049,WH-EAST,SUP-007,2024-06-19,2024-06-29,2024-06-29,150,150,10,10,0,1,42.0,6300.0,Delivered
PO-14742,SKU-049,WH-EAST,SUP-007,2024-07-14,2024-07-24,2024-07-24,125,125,10,10,0,1,42.0,5250.0,Delivered
PO-14743,SKU-049,WH-EAST,SUP-007,2024-07-28,2024-08-07,2024-08-07,100,100,10,10,0,1,42.0,4200.0,Delivered
PO-14744,SKU-049,WH-EAST,SUP-007,2024-08-17,2024-08-27,2024-08-27,125,125,10,10,0,1,42.0,5250.0,Delivered
PO-14745,SKU-049,WH-EAST,SUP-007,2024-09-12,2024-09-22,2024-09-22,125,125,10,10,0,1,42.0,5250.0,Delivered
PO-14746,SKU-049,WH-EAST,SUP-007,2024-09-29,2024-10-09,2024-10-07,150,150,10,8,-2,1,42.0,6300.0,Delivered
PO-14747,SKU-049,WH-EAST,SUP-007,2024-10-19,2024-10-29,2024-10-29,50,50,10,10,0,1,42.0,2100.0,Delivered
PO-14748,SKU-049,WH-EAST,SUP-007,2024-11-04,2024-11-14,2024-11-14,150,150,10,10,0,1,42.0,6300.0,Delivered
PO-14749,SKU-049,WH-EAST,SUP-007,2024-11-18,2024-11-28,2024-11-28,50,50,10,10,0,1,42.0,2100.0,Delivered
PO-14750,SKU-049,WH-EAST,SUP-007,2024-12-03,2024-12-13,2024-12-13,50,50,10,10,0,1,42.0,2100.0,Delivered
PO-14751,SKU-049,WH-EAST,SUP-007,2024-12-29,2025-01-08,2025-01-07,50,50,10,9,-1,1,42.0,2100.0,Delivered
PO-14752,SKU-049,WH-EAST,SUP-007,2025-01-18,2025-01-28,2025-01-27,150,150,10,9,-1,1,42.0,6300.0,Delivered
PO-14753,SKU-049,WH-EAST,SUP-007,2025-02-04,2025-02-14,2025-02-14,75,75,10,10,0,1,42.0,3150.0,Delivered
PO-14754,SKU-049,WH-EAST,SUP-007,2025-02-25,2025-03-07,2025-03-07,50,50,10,10,0,1,42.0,2100.0,Delivered
PO-14755,SKU-049,WH-EAST,SUP-007,2025-03-25,2025-04-04,2025-04-04,50,50,10,10,0,1,42.0,2100.0,Delivered
PO-14756,SKU-049,WH-EAST,SUP-007,2025-04-22,2025-05-02,2025-05-02,75,75,10,10,0,1,42.0,3150.0,Delivered
PO-14757,SKU-049,WH-EAST,SUP-007,2025-05-19,2025-05-29,2025-05-29,150,150,10,10,0,1,42.0,6300.0,Delivered
PO-14758,SKU-049,WH-EAST,SUP-007,2025-06-16,2025-06-26,2025-06-26,75,75,10,10,0,1,42.0,3150.0,Delivered
PO-14759,SKU-049,WH-EAST,SUP-007,2025-07-02,2025-07-12,2025-07-12,100,100,10,10,0,1,42.0,4200.0,Delivered
PO-14760,SKU-049,WH-EAST,SUP-007,2025-07-19,2025-07-29,2025-07-29,125,125,10,10,0,1,42.0,5250.0,Delivered
PO-14761,SKU-049,WH-EAST,SUP-007,2025-08-15,2025-08-25,2025-08-25,75,75,10,10,0,1,42.0,3150.0,Delivered
PO-14762,SKU-049,WH-EAST,SUP-007,2025-09-07,2025-09-17,2025-09-17,75,75,10,10,0,1,42.0,3150.0,Delivered
PO-14763,SKU-049,WH-EAST,SUP-007,2025-09-22,2025-10-02,2025-09-30,150,150,10,8,-2,1,42.0,6300.0,Delivered
PO-14764,SKU-049,WH-EAST,SUP-007,2025-10-21,2025-10-31,2025-10-29,75,75,10,8,-2,1,42.0,3150.0,Delivered
PO-14765,SKU-049,WH-EAST,SUP-007,2025-11-07,2025-11-17,2025-11-17,50,50,10,10,0,1,42.0,2100.0,Delivered
PO-14766,SKU-049,WH-EAST,SUP-007,2025-11-30,2025-12-10,2025-12-08,50,50,10,8,-2,1,42.0,2100.0,Delivered
PO-14767,SKU-049,WH-CENTRAL,SUP-007,2024-01-04,2024-01-14,2024-01-12,100,100,10,8,-2,1,42.0,4200.0,Delivered
PO-14768,SKU-049,WH-CENTRAL,SUP-007,2024-01-25,2024-02-04,2024-02-04,125,125,10,10,0,1,42.0,5250.0,Delivered
PO-14769,SKU-049,WH-CENTRAL,SUP-007,2024-02-19,2024-02-29,2024-02-26,100,100,10,7,-3,1,42.0,4200.0,Delivered
PO-14770,SKU-049,WH-CENTRAL,SUP-007,2024-03-17,2024-03-27,2024-03-27,100,100,10,10,0,1,42.0,4200.0,Delivered
PO-14771,SKU-049,WH-CENTRAL,SUP-007,2024-04-03,2024-04-13,2024-04-12,150,150,10,9,-1,1,42.0,6300.0,Delivered
PO-14772,SKU-049,WH-CENTRAL,SUP-007,2024-05-02,2024-05-12,2024-05-12,150,150,10,10,0,1,42.0,6300.0,Delivered
PO-14773,SKU-049,WH-CENTRAL,SUP-007,2024-05-25,2024-06-04,2024-06-03,50,50,10,9,-1,1,42.0,2100.0,Delivered
PO-14774,SKU-049,WH-CENTRAL,SUP-007,2024-06-13,2024-06-23,2024-06-23,150,150,10,10,0,1,42.0,6300.0,Delivered
PO-14775,SKU-049,WH-CENTRAL,SUP-007,2024-07-08,2024-07-18,2024-07-21,75,75,10,13,3,0,42.0,3150.0,Delivered
PO-14776,SKU-049,WH-CENTRAL,SUP-007,2024-07-22,2024-08-01,2024-08-01,75,75,10,10,0,1,42.0,3150.0,Delivered
PO-14777,SKU-049,WH-CENTRAL,SUP-007,2024-08-18,2024-08-28,2024-08-28,75,75,10,10,0,1,42.0,3150.0,Delivered
PO-14778,SKU-049,WH-CENTRAL,SUP-007,2024-09-12,2024-09-22,2024-09-22,125,125,10,10,0,1,42.0,5250.0,Delivered
PO-14779,SKU-049,WH-CENTRAL,SUP-007,2024-10-05,2024-10-15,2024-10-14,150,150,10,9,-1,1,42.0,6300.0,Delivered
PO-14780,SKU-049,WH-CENTRAL,SUP-007,2024-10-19,2024-10-29,2024-10-29,50,50,10,10,0,1,42.0,2100.0,Delivered
PO-14781,SKU-049,WH-CENTRAL,SUP-007,2024-11-17,2024-11-27,2024-11-25,150,150,10,8,-2,1,42.0,6300.0,Delivered
PO-14782,SKU-049,WH-CENTRAL,SUP-007,2024-12-13,2024-12-23,2024-12-23,100,100,10,10,0,1,42.0,4200.0,Delivered
PO-14783,SKU-049,WH-CENTRAL,SUP-007,2024-12-31,2025-01-10,2025-01-09,150,150,10,9,-1,1,42.0,6300.0,Delivered
PO-14784,SKU-049,WH-CENTRAL,SUP-007,2025-01-29,2025-02-08,2025-02-08,50,50,10,10,0,1,42.0,2100.0,Delivered
PO-14785,SKU-049,WH-CENTRAL,SUP-007,2025-02-18,2025-02-28,2025-02-28,100,100,10,10,0,1,42.0,4200.0,Delivered
PO-14786,SKU-049,WH-CENTRAL,SUP-007,2025-03-16,2025-03-26,2025-03-26,100,100,10,10,0,1,42.0,4200.0,Delivered
PO-14787,SKU-049,WH-CENTRAL,SUP-007,2025-03-30,2025-04-09,2025-04-09,125,125,10,10,0,1,42.0,5250.0,Delivered
PO-14788,SKU-049,WH-CENTRAL,SUP-007,2025-04-18,2025-04-28,2025-04-28,100,100,10,10,0,1,42.0,4200.0,Delivered
PO-14789,SKU-049,WH-CENTRAL,SUP-007,2025-05-13,2025-05-23,2025-05-20,100,100,10,7,-3,1,42.0,4200.0,Delivered
PO-14790,SKU-049,WH-CENTRAL,SUP-007,2025-06-01,2025-06-11,2025-06-11,50,50,10,10,0,1,42.0,2100.0,Delivered
PO-14791,SKU-049,WH-CENTRAL,SUP-007,2025-06-29,2025-07-09,2025-07-08,75,75,10,9,-1,1,42.0,3150.0,Delivered
PO-14792,SKU-049,WH-CENTRAL,SUP-007,2025-07-24,2025-08-03,2025-08-03,50,50,10,10,0,1,42.0,2100.0,Delivered
PO-14793,SKU-049,WH-CENTRAL,SUP-007,2025-08-17,2025-08-27,2025-08-27,150,150,10,10,0,1,42.0,6300.0,Delivered
PO-14794,SKU-049,WH-CENTRAL,SUP-007,2025-09-06,2025-09-16,2025-09-29,125,125,10,23,13,0,42.0,5250.0,Delivered
PO-14795,SKU-049,WH-CENTRAL,SUP-007,2025-09-20,2025-09-30,2025-09-30,75,75,10,10,0,1,42.0,3150.0,Delivered
PO-14796,SKU-049,WH-CENTRAL,SUP-007,2025-10-13,2025-10-23,2025-10-22,125,125,10,9,-1,1,42.0,5250.0,Delivered
PO-14797,SKU-049,WH-CENTRAL,SUP-007,2025-10-29,2025-11-08,2025-11-08,125,125,10,10,0,1,42.0,5250.0,Delivered
PO-14798,SKU-049,WH-CENTRAL,SUP-007,2025-11-15,2025-11-25,2025-11-25,125,125,10,10,0,1,42.0,5250.0,Delivered
PO-14799,SKU-049,WH-WEST,SUP-007,2024-01-08,2024-01-18,2024-01-18,100,100,10,10,0,1,42.0,4200.0,Delivered
PO-14800,SKU-049,WH-WEST,SUP-007,2024-02-01,2024-02-11,2024-02-10,100,100,10,9,-1,1,42.0,4200.0,Delivered
PO-14801,SKU-049,WH-WEST,SUP-007,2024-02-21,2024-03-02,2024-03-01,100,100,10,9,-1,1,42.0,4200.0,Delivered
PO-14802,SKU-049,WH-WEST,SUP-007,2024-03-11,2024-03-21,2024-03-20,150,150,10,9,-1,1,42.0,6300.0,Delivered
PO-14803,SKU-049,WH-WEST,SUP-007,2024-04-03,2024-04-13,2024-04-13,50,50,10,10,0,1,42.0,2100.0,Delivered
PO-14804,SKU-049,WH-WEST,SUP-007,2024-04-28,2024-05-08,2024-05-14,50,50,10,16,6,0,42.0,2100.0,Delivered
PO-14805,SKU-049,WH-WEST,SUP-007,2024-05-16,2024-05-26,2024-05-26,125,125,10,10,0,1,42.0,5250.0,Delivered
PO-14806,SKU-049,WH-WEST,SUP-007,2024-06-01,2024-06-11,2024-06-11,100,100,10,10,0,1,42.0,4200.0,Delivered
PO-14807,SKU-049,WH-WEST,SUP-007,2024-06-30,2024-07-10,2024-07-09,125,125,10,9,-1,1,42.0,5250.0,Delivered
PO-14808,SKU-049,WH-WEST,SUP-007,2024-07-23,2024-08-02,2024-08-01,100,100,10,9,-1,1,42.0,4200.0,Delivered
PO-14809,SKU-049,WH-WEST,SUP-007,2024-08-16,2024-08-26,2024-08-24,50,50,10,8,-2,1,42.0,2100.0,Delivered
PO-14810,SKU-049,WH-WEST,SUP-007,2024-09-12,2024-09-22,2024-09-20,50,50,10,8,-2,1,42.0,2100.0,Delivered
PO-14811,SKU-049,WH-WEST,SUP-007,2024-10-08,2024-10-18,2024-10-18,150,150,10,10,0,1,42.0,6300.0,Delivered
PO-14812,SKU-049,WH-WEST,SUP-007,2024-10-30,2024-11-09,2024-11-07,75,75,10,8,-2,1,42.0,3150.0,Delivered
PO-14813,SKU-049,WH-WEST,SUP-007,2024-11-19,2024-11-29,2024-11-29,75,75,10,10,0,1,42.0,3150.0,Delivered
PO-14814,SKU-049,WH-WEST,SUP-007,2024-12-10,2024-12-20,2024-12-20,75,75,10,10,0,1,42.0,3150.0,Delivered
PO-14815,SKU-049,WH-WEST,SUP-007,2024-12-31,2025-01-10,2025-01-09,100,100,10,9,-1,1,42.0,4200.0,Delivered
PO-14816,SKU-049,WH-WEST,SUP-007,2025-01-21,2025-01-31,2025-01-30,100,100,10,9,-1,1,42.0,4200.0,Delivered
PO-14817,SKU-049,WH-WEST,SUP-007,2025-02-18,2025-02-28,2025-02-26,50,50,10,8,-2,1,42.0,2100.0,Delivered
PO-14818,SKU-049,WH-WEST,SUP-007,2025-03-06,2025-03-16,2025-03-15,75,75,10,9,-1,1,42.0,3150.0,Delivered
PO-14819,SKU-049,WH-WEST,SUP-007,2025-03-29,2025-04-08,2025-04-06,100,100,10,8,-2,1,42.0,4200.0,Delivered
PO-14820,SKU-049,WH-WEST,SUP-007,2025-04-21,2025-05-01,2025-05-01,50,50,10,10,0,1,42.0,2100.0,Delivered
PO-14821,SKU-049,WH-WEST,SUP-007,2025-05-11,2025-05-21,2025-05-21,125,125,10,10,0,1,42.0,5250.0,Delivered
PO-14822,SKU-049,WH-WEST,SUP-007,2025-05-29,2025-06-08,2025-06-08,125,125,10,10,0,1,42.0,5250.0,Delivered
PO-14823,SKU-049,WH-WEST,SUP-007,2025-06-14,2025-06-24,2025-06-24,75,75,10,10,0,1,42.0,3150.0,Delivered
PO-14824,SKU-049,WH-WEST,SUP-007,2025-07-09,2025-07-19,2025-07-19,125,125,10,10,0,1,42.0,5250.0,Delivered
PO-14825,SKU-049,WH-WEST,SUP-007,2025-07-31,2025-08-10,2025-08-09,75,75,10,9,-1,1,42.0,3150.0,Delivered
PO-14826,SKU-049,WH-WEST,SUP-007,2025-08-21,2025-08-31,2025-08-31,50,50,10,10,0,1,42.0,2100.0,Delivered
PO-14827,SKU-049,WH-WEST,SUP-007,2025-09-10,2025-09-20,2025-09-20,125,125,10,10,0,1,42.0,5250.0,Delivered
PO-14828,SKU-049,WH-WEST,SUP-007,2025-10-03,2025-10-13,2025-10-13,50,50,10,10,0,1,42.0,2100.0,Delivered
PO-14829,SKU-049,WH-WEST,SUP-007,2025-10-19,2025-10-29,2025-10-29,125,125,10,10,0,1,42.0,5250.0,Delivered
PO-14830,SKU-049,WH-WEST,SUP-007,2025-11-02,2025-11-12,2025-11-12,150,150,10,10,0,1,42.0,6300.0,Delivered
PO-14831,SKU-049,WH-WEST,SUP-007,2025-11-30,2025-12-10,2025-12-09,50,50,10,9,-1,1,42.0,2100.0,Delivered
PO-14832,SKU-050,WH-EAST,SUP-005,2024-01-08,2024-01-22,2024-01-18,20,20,14,10,-4,1,365.0,7300.0,Delivered
PO-14833,SKU-050,WH-EAST,SUP-005,2024-02-04,2024-02-18,2024-02-17,12,12,14,13,-1,1,365.0,4380.0,Delivered
PO-14834,SKU-050,WH-EAST,SUP-005,2024-02-22,2024-03-07,2024-03-16,20,20,14,23,9,0,365.0,7300.0,Delivered
PO-14835,SKU-050,WH-EAST,SUP-005,2024-03-09,2024-03-23,2024-04-02,12,12,14,24,10,0,365.0,4380.0,Delivered
PO-14836,SKU-050,WH-EAST,SUP-005,2024-03-23,2024-04-06,2024-04-04,24,24,14,12,-2,1,365.0,8760.0,Delivered
PO-14837,SKU-050,WH-EAST,SUP-005,2024-04-20,2024-05-04,2024-05-04,16,16,14,14,0,1,365.0,5840.0,Delivered
PO-14838,SKU-050,WH-EAST,SUP-005,2024-05-08,2024-05-22,2024-05-21,20,20,14,13,-1,1,365.0,7300.0,Delivered
PO-14839,SKU-050,WH-EAST,SUP-005,2024-05-28,2024-06-11,2024-06-11,16,16,14,14,0,1,365.0,5840.0,Delivered
PO-14840,SKU-050,WH-EAST,SUP-005,2024-06-15,2024-06-29,2024-06-29,8,8,14,14,0,1,365.0,2920.0,Delivered
PO-14841,SKU-050,WH-EAST,SUP-005,2024-07-01,2024-07-15,2024-07-15,12,12,14,14,0,1,365.0,4380.0,Delivered
PO-14842,SKU-050,WH-EAST,SUP-005,2024-07-26,2024-08-09,2024-08-08,16,16,14,13,-1,1,365.0,5840.0,Delivered
PO-14843,SKU-050,WH-EAST,SUP-005,2024-08-12,2024-08-26,2024-08-26,8,8,14,14,0,1,365.0,2920.0,Delivered
PO-14844,SKU-050,WH-EAST,SUP-005,2024-08-28,2024-09-11,2024-09-11,24,24,14,14,0,1,365.0,8760.0,Delivered
PO-14845,SKU-050,WH-EAST,SUP-005,2024-09-20,2024-10-04,2024-10-04,24,24,14,14,0,1,365.0,8760.0,Delivered
PO-14846,SKU-050,WH-EAST,SUP-005,2024-10-14,2024-10-28,2024-10-26,24,24,14,12,-2,1,365.0,8760.0,Delivered
PO-14847,SKU-050,WH-EAST,SUP-005,2024-10-29,2024-11-12,2024-11-12,12,12,14,14,0,1,365.0,4380.0,Delivered
PO-14848,SKU-050,WH-EAST,SUP-005,2024-11-24,2024-12-08,2024-12-08,16,16,14,14,0,1,365.0,5840.0,Delivered
PO-14849,SKU-050,WH-EAST,SUP-005,2024-12-10,2024-12-24,2024-12-24,20,20,14,14,0,1,365.0,7300.0,Delivered
PO-14850,SKU-050,WH-EAST,SUP-005,2024-12-25,2025-01-08,2025-01-08,24,24,14,14,0,1,365.0,8760.0,Delivered
PO-14851,SKU-050,WH-EAST,SUP-005,2025-01-17,2025-01-31,2025-01-31,24,24,14,14,0,1,365.0,8760.0,Delivered
PO-14852,SKU-050,WH-EAST,SUP-005,2025-02-02,2025-02-16,2025-02-24,8,8,14,22,8,0,365.0,2920.0,Delivered
PO-14853,SKU-050,WH-EAST,SUP-005,2025-03-01,2025-03-15,2025-03-15,16,16,14,14,0,1,365.0,5840.0,Delivered
PO-14854,SKU-050,WH-EAST,SUP-005,2025-03-22,2025-04-05,2025-04-05,16,16,14,14,0,1,365.0,5840.0,Delivered
PO-14855,SKU-050,WH-EAST,SUP-005,2025-04-19,2025-05-03,2025-05-03,24,24,14,14,0,1,365.0,8760.0,Delivered
PO-14856,SKU-050,WH-EAST,SUP-005,2025-05-08,2025-05-22,2025-05-18,16,16,14,10,-4,1,365.0,5840.0,Delivered
PO-14857,SKU-050,WH-EAST,SUP-005,2025-06-03,2025-06-17,2025-06-17,12,12,14,14,0,1,365.0,4380.0,Delivered
PO-14858,SKU-050,WH-EAST,SUP-005,2025-06-22,2025-07-06,2025-07-05,8,8,14,13,-1,1,365.0,2920.0,Delivered
PO-14859,SKU-050,WH-EAST,SUP-005,2025-07-19,2025-08-02,2025-08-02,16,16,14,14,0,1,365.0,5840.0,Delivered
PO-14860,SKU-050,WH-EAST,SUP-005,2025-08-04,2025-08-18,2025-08-18,20,20,14,14,0,1,365.0,7300.0,Delivered
PO-14861,SKU-050,WH-EAST,SUP-005,2025-08-18,2025-09-01,2025-09-01,12,12,14,14,0,1,365.0,4380.0,Delivered
PO-14862,SKU-050,WH-EAST,SUP-005,2025-09-02,2025-09-16,2025-09-16,24,24,14,14,0,1,365.0,8760.0,Delivered
PO-14863,SKU-050,WH-EAST,SUP-005,2025-09-25,2025-10-09,2025-10-08,12,12,14,13,-1,1,365.0,4380.0,Delivered
PO-14864,SKU-050,WH-EAST,SUP-005,2025-10-14,2025-10-28,2025-10-28,24,24,14,14,0,1,365.0,8760.0,Delivered
PO-14865,SKU-050,WH-EAST,SUP-005,2025-11-03,2025-11-17,2025-11-17,20,20,14,14,0,1,365.0,7300.0,Delivered
PO-14866,SKU-050,WH-EAST,SUP-005,2025-11-27,2025-12-11,2025-12-11,20,20,14,14,0,1,365.0,7300.0,Delivered
PO-14867,SKU-050,WH-CENTRAL,SUP-005,2024-01-15,2024-01-29,2024-01-29,16,16,14,14,0,1,365.0,5840.0,Delivered
PO-14868,SKU-050,WH-CENTRAL,SUP-005,2024-02-02,2024-02-16,2024-02-16,24,24,14,14,0,1,365.0,8760.0,Delivered
PO-14869,SKU-050,WH-CENTRAL,SUP-005,2024-02-22,2024-03-07,2024-03-05,8,8,14,12,-2,1,365.0,2920.0,Delivered
PO-14870,SKU-050,WH-CENTRAL,SUP-005,2024-03-13,2024-03-27,2024-03-24,20,20,14,11,-3,1,365.0,7300.0,Delivered
PO-14871,SKU-050,WH-CENTRAL,SUP-005,2024-04-10,2024-04-24,2024-04-24,12,12,14,14,0,1,365.0,4380.0,Delivered
PO-14872,SKU-050,WH-CENTRAL,SUP-005,2024-04-24,2024-05-08,2024-05-08,20,20,14,14,0,1,365.0,7300.0,Delivered
PO-14873,SKU-050,WH-CENTRAL,SUP-005,2024-05-09,2024-05-23,2024-05-22,8,8,14,13,-1,1,365.0,2920.0,Delivered
PO-14874,SKU-050,WH-CENTRAL,SUP-005,2024-05-29,2024-06-12,2024-06-12,16,16,14,14,0,1,365.0,5840.0,Delivered
PO-14875,SKU-050,WH-CENTRAL,SUP-005,2024-06-26,2024-07-10,2024-07-10,16,16,14,14,0,1,365.0,5840.0,Delivered
PO-14876,SKU-050,WH-CENTRAL,SUP-005,2024-07-15,2024-07-29,2024-07-29,12,12,14,14,0,1,365.0,4380.0,Delivered
PO-14877,SKU-050,WH-CENTRAL,SUP-005,2024-08-08,2024-08-22,2024-08-22,8,8,14,14,0,1,365.0,2920.0,Delivered
PO-14878,SKU-050,WH-CENTRAL,SUP-005,2024-08-29,2024-09-12,2024-09-12,24,24,14,14,0,1,365.0,8760.0,Delivered
PO-14879,SKU-050,WH-CENTRAL,SUP-005,2024-09-12,2024-09-26,2024-09-26,16,16,14,14,0,1,365.0,5840.0,Delivered
PO-14880,SKU-050,WH-CENTRAL,SUP-005,2024-10-07,2024-10-21,2024-10-20,24,24,14,13,-1,1,365.0,8760.0,Delivered
PO-14881,SKU-050,WH-CENTRAL,SUP-005,2024-10-29,2024-11-12,2024-11-12,24,24,14,14,0,1,365.0,8760.0,Delivered
PO-14882,SKU-050,WH-CENTRAL,SUP-005,2024-11-16,2024-11-30,2024-11-29,20,20,14,13,-1,1,365.0,7300.0,Delivered
PO-14883,SKU-050,WH-CENTRAL,SUP-005,2024-12-13,2024-12-27,2024-12-26,8,8,14,13,-1,1,365.0,2920.0,Delivered
PO-14884,SKU-050,WH-CENTRAL,SUP-005,2025-01-05,2025-01-19,2025-01-19,16,16,14,14,0,1,365.0,5840.0,Delivered
PO-14885,SKU-050,WH-CENTRAL,SUP-005,2025-02-01,2025-02-15,2025-02-15,20,20,14,14,0,1,365.0,7300.0,Delivered
PO-14886,SKU-050,WH-CENTRAL,SUP-005,2025-02-19,2025-03-05,2025-03-02,24,24,14,11,-3,1,365.0,8760.0,Delivered
PO-14887,SKU-050,WH-CENTRAL,SUP-005,2025-03-17,2025-03-31,2025-03-29,16,16,14,12,-2,1,365.0,5840.0,Delivered
PO-14888,SKU-050,WH-CENTRAL,SUP-005,2025-04-11,2025-04-25,2025-04-25,8,8,14,14,0,1,365.0,2920.0,Delivered
PO-14889,SKU-050,WH-CENTRAL,SUP-005,2025-05-02,2025-05-16,2025-05-16,8,8,14,14,0,1,365.0,2920.0,Delivered
PO-14890,SKU-050,WH-CENTRAL,SUP-005,2025-05-24,2025-06-07,2025-06-07,16,16,14,14,0,1,365.0,5840.0,Delivered
PO-14891,SKU-050,WH-CENTRAL,SUP-005,2025-06-20,2025-07-04,2025-07-03,8,8,14,13,-1,1,365.0,2920.0,Delivered
PO-14892,SKU-050,WH-CENTRAL,SUP-005,2025-07-19,2025-08-02,2025-08-02,16,16,14,14,0,1,365.0,5840.0,Delivered
PO-14893,SKU-050,WH-CENTRAL,SUP-005,2025-08-08,2025-08-22,2025-08-22,8,8,14,14,0,1,365.0,2920.0,Delivered
PO-14894,SKU-050,WH-CENTRAL,SUP-005,2025-09-03,2025-09-17,2025-09-17,16,16,14,14,0,1,365.0,5840.0,Delivered
PO-14895,SKU-050,WH-CENTRAL,SUP-005,2025-09-25,2025-10-09,2025-10-09,16,16,14,14,0,1,365.0,5840.0,Delivered
PO-14896,SKU-050,WH-CENTRAL,SUP-005,2025-10-12,2025-10-26,2025-10-26,16,16,14,14,0,1,365.0,5840.0,Delivered
PO-14897,SKU-050,WH-CENTRAL,SUP-005,2025-10-31,2025-11-14,2025-11-13,16,16,14,13,-1,1,365.0,5840.0,Delivered
PO-14898,SKU-050,WH-CENTRAL,SUP-005,2025-11-22,2025-12-06,2025-12-06,24,24,14,14,0,1,365.0,8760.0,Delivered
PO-14899,SKU-050,WH-WEST,SUP-005,2024-01-11,2024-01-25,2024-01-25,20,20,14,14,0,1,365.0,7300.0,Delivered
PO-14900,SKU-050,WH-WEST,SUP-005,2024-01-28,2024-02-11,2024-02-11,16,16,14,14,0,1,365.0,5840.0,Delivered
PO-14901,SKU-050,WH-WEST,SUP-005,2024-02-19,2024-03-04,2024-03-04,8,8,14,14,0,1,365.0,2920.0,Delivered
PO-14902,SKU-050,WH-WEST,SUP-005,2024-03-18,2024-04-01,2024-04-01,12,12,14,14,0,1,365.0,4380.0,Delivered
PO-14903,SKU-050,WH-WEST,SUP-005,2024-04-02,2024-04-16,2024-04-14,16,16,14,12,-2,1,365.0,5840.0,Delivered
PO-14904,SKU-050,WH-WEST,SUP-005,2024-04-25,2024-05-09,2024-05-08,8,8,14,13,-1,1,365.0,2920.0,Delivered
PO-14905,SKU-050,WH-WEST,SUP-005,2024-05-18,2024-06-01,2024-06-01,24,24,14,14,0,1,365.0,8760.0,Delivered
PO-14906,SKU-050,WH-WEST,SUP-005,2024-06-16,2024-06-30,2024-06-29,12,12,14,13,-1,1,365.0,4380.0,Delivered
PO-14907,SKU-050,WH-WEST,SUP-005,2024-07-02,2024-07-16,2024-07-14,20,20,14,12,-2,1,365.0,7300.0,Delivered
PO-14908,SKU-050,WH-WEST,SUP-005,2024-07-24,2024-08-07,2024-08-04,24,24,14,11,-3,1,365.0,8760.0,Delivered
PO-14909,SKU-050,WH-WEST,SUP-005,2024-08-13,2024-08-27,2024-08-27,12,12,14,14,0,1,365.0,4380.0,Delivered
PO-14910,SKU-050,WH-WEST,SUP-005,2024-09-04,2024-09-18,2024-09-19,20,20,14,15,1,0,365.0,7300.0,Delivered
PO-14911,SKU-050,WH-WEST,SUP-005,2024-10-03,2024-10-17,2024-10-16,20,20,14,13,-1,1,365.0,7300.0,Delivered
PO-14912,SKU-050,WH-WEST,SUP-005,2024-10-23,2024-11-06,2024-11-06,8,8,14,14,0,1,365.0,2920.0,Delivered
PO-14913,SKU-050,WH-WEST,SUP-005,2024-11-08,2024-11-22,2024-11-21,8,8,14,13,-1,1,365.0,2920.0,Delivered
PO-14914,SKU-050,WH-WEST,SUP-005,2024-11-27,2024-12-11,2024-12-11,20,20,14,14,0,1,365.0,7300.0,Delivered
PO-14915,SKU-050,WH-WEST,SUP-005,2024-12-16,2024-12-30,2024-12-29,12,12,14,13,-1,1,365.0,4380.0,Delivered
PO-14916,SKU-050,WH-WEST,SUP-005,2025-01-04,2025-01-18,2025-01-18,12,12,14,14,0,1,365.0,4380.0,Delivered
PO-14917,SKU-050,WH-WEST,SUP-005,2025-01-26,2025-02-09,2025-02-08,20,20,14,13,-1,1,365.0,7300.0,Delivered
PO-14918,SKU-050,WH-WEST,SUP-005,2025-02-24,2025-03-10,2025-03-10,20,20,14,14,0,1,365.0,7300.0,Delivered
PO-14919,SKU-050,WH-WEST,SUP-005,2025-03-17,2025-03-31,2025-03-31,12,12,14,14,0,1,365.0,4380.0,Delivered
PO-14920,SKU-050,WH-WEST,SUP-005,2025-04-14,2025-04-28,2025-04-28,20,20,14,14,0,1,365.0,7300.0,Delivered
PO-14921,SKU-050,WH-WEST,SUP-005,2025-04-28,2025-05-12,2025-05-12,12,12,14,14,0,1,365.0,4380.0,Delivered
PO-14922,SKU-050,WH-WEST,SUP-005,2025-05-25,2025-06-08,2025-06-07,16,16,14,13,-1,1,365.0,5840.0,Delivered
PO-14923,SKU-050,WH-WEST,SUP-005,2025-06-15,2025-06-29,2025-06-29,20,20,14,14,0,1,365.0,7300.0,Delivered
PO-14924,SKU-050,WH-WEST,SUP-005,2025-07-10,2025-07-24,2025-07-24,12,12,14,14,0,1,365.0,4380.0,Delivered
PO-14925,SKU-050,WH-WEST,SUP-005,2025-08-07,2025-08-21,2025-08-21,8,8,14,14,0,1,365.0,2920.0,Delivered
PO-14926,SKU-050,WH-WEST,SUP-005,2025-08-22,2025-09-05,2025-09-05,12,12,14,14,0,1,365.0,4380.0,Delivered
PO-14927,SKU-050,WH-WEST,SUP-005,2025-09-13,2025-09-27,2025-09-25,8,8,14,12,-2,1,365.0,2920.0,Delivered
PO-14928,SKU-050,WH-WEST,SUP-005,2025-10-05,2025-10-19,2025-10-19,16,16,14,14,0,1,365.0,5840.0,Delivered
PO-14929,SKU-050,WH-WEST,SUP-005,2025-10-31,2025-11-14,2025-11-14,8,8,14,14,0,1,365.0,2920.0,Delivered
PO-14930,SKU-050,WH-WEST,SUP-005,2025-11-24,2025-12-08,2025-12-06,24,24,14,12,-2,1,365.0,8760.0,Delivered
